###############################################################
#  Generated by:      Cadence Tempus 20.10-p003_1
#  OS:                Linux x86_64(Host ID edatools-server2.iiitd.edu.in)
#  Generated on:      Sun Nov 16 17:26:51 2025
#  Design:            toll_gate
#  Command:           report_timing -retime path_slew_propagation -max_path 50 -nworst 50 -path_type full_clock > $report_dir/pba_area.rpt
###############################################################
Path 1: MET Setup Check with Pin u_account_balance/balance_db_reg[7][15]/CK 
Endpoint:   u_account_balance/balance_db_reg[7][15]/SE (v) checked with  leading edge of 'clk'
Beginpoint: u_vehicle_interface/id_to_check_reg[3]/Q   (^) triggered by  leading edge of 'clk'
Path Groups: {clk}
Retime Analysis { Data Path-Slew }
Other End Arrival Time          0.010
- Setup                         0.418
+ Phase Shift                  12.000
= Required Time                11.592
- Arrival Time                  4.554
= Slack Time                    7.038
= Slack Time(original)          6.942
     Clock Rise Edge                      0.000
     + Source Insertion Delay             0.010
     = Beginpoint Arrival Time            0.010
     Timing Path:
      -----------------------------------------------------------------------------------------
      Instance                                 Arc          Cell      Retime  Arrival  Required  
                                                                      Delay   Time     Time  
      -----------------------------------------------------------------------------------------
      -                                        clk ^        -         -       0.010    7.048  
      u_vehicle_interface/id_to_check_reg[3]   -            DFFQX1    0.000   0.010    7.048  
      u_vehicle_interface/id_to_check_reg[3]   CK ^ -> Q ^  DFFQX1    0.531   0.542    7.580  
      u_account_balance/g17076                 -            CLKINVX1  0.000   0.542    7.580  
      u_account_balance/g17076                 A ^ -> Y v   CLKINVX1  0.445   0.986    8.025  
      u_account_balance/g17074                 -            NOR2XL    0.000   0.986    8.025  
      u_account_balance/g17074                 A v -> Y ^   NOR2XL    0.752   1.738    8.777  
      u_account_balance/g17070                 -            CLKINVX1  0.000   1.738    8.777  
      u_account_balance/g17070                 A ^ -> Y v   CLKINVX1  0.136   1.874    8.913  
      u_account_balance/g17044                 -            NOR2XL    0.000   1.874    8.913  
      u_account_balance/g17044                 B v -> Y ^   NOR2XL    0.542   2.417    9.455  
      u_account_balance/g16923                 -            AOI221X1  0.000   2.417    9.455  
      u_account_balance/g16923                 B1 ^ -> Y v  AOI221X1  0.166   2.583    9.621  
      u_account_balance/g16910                 -            OAI21X1   0.000   2.583    9.621  
      u_account_balance/g16910                 B0 v -> Y ^  OAI21X1   0.090   2.673    9.711  
      u_account_balance/g16904                 -            AOI211X1  0.000   2.673    9.711  
      u_account_balance/g16904                 C0 ^ -> Y v  AOI211X1  0.047   2.720    9.759  
      u_account_balance/g16896                 -            NAND2XL   0.000   2.720    9.759  
      u_account_balance/g16896                 B v -> Y ^   NAND2XL   0.071   2.791    9.829  
      u_account_balance/g16891                 -            NOR2XL    0.000   2.791    9.829  
      u_account_balance/g16891                 B ^ -> Y v   NOR2XL    0.079   2.870    9.908  
      u_account_balance/g16890                 -            INVX1     0.000   2.870    9.908  
      u_account_balance/g16890                 A v -> Y ^   INVX1     0.044   2.914    9.953  
      u_account_balance/g16888                 -            OR4X1     0.000   2.914    9.953  
      u_account_balance/g16888                 C ^ -> Y ^   OR4X1     0.138   3.052    10.090  
      u_account_balance/g16887                 -            NAND3BX1  0.000   3.052    10.090  
      u_account_balance/g16887                 AN ^ -> Y ^  NAND3BX1  0.116   3.168    10.206  
      u_account_balance/g16886                 -            OAI31X1   0.000   3.168    10.206  
      u_account_balance/g16886                 A2 ^ -> Y v  OAI31X1   0.114   3.281    10.320  
      u_account_balance/g16885                 -            NOR2BX1   0.000   3.281    10.320  
      u_account_balance/g16885                 B v -> Y ^   NOR2BX1   0.116   3.397    10.436  
      u_account_balance/g3679                  -            NOR2BX1   0.000   3.397    10.436  
      u_account_balance/g3679                  AN ^ -> Y ^  NOR2BX1   0.145   3.542    10.581  
      u_account_balance/g3668                  -            AND2X1    0.000   3.542    10.581  
      u_account_balance/g3668                  B ^ -> Y ^   AND2X1    0.190   3.732    10.771  
      u_account_balance/g3644                  -            NAND3X1   0.000   3.732    10.771  
      u_account_balance/g3644                  C ^ -> Y v   NAND3X1   0.821   4.554    11.592  
      u_account_balance/balance_db_reg[7][15]  -            SDFFQX1   0.000   4.554    11.592  
      -----------------------------------------------------------------------------------------
     Clock Rise Edge                      0.000
     + Source Insertion Delay             0.010
     = Beginpoint Arrival Time            0.010
     Other End Path:
      ----------------------------------------------------------------------------------
      Instance                                 Arc    Cell     Retime  Arrival  Required  
                                                               Delay   Time     Time  
      ----------------------------------------------------------------------------------
      -                                        clk ^  -        -       0.010    -7.028  
      u_account_balance/balance_db_reg[7][15]  -      SDFFQX1  0.000   0.010    -7.028  
      ----------------------------------------------------------------------------------
Path 2: MET Setup Check with Pin u_account_balance/balance_db_reg[7][14]/CK 
Endpoint:   u_account_balance/balance_db_reg[7][14]/SE (v) checked with  leading edge of 'clk'
Beginpoint: u_vehicle_interface/id_to_check_reg[3]/Q   (^) triggered by  leading edge of 'clk'
Path Groups: {clk}
Retime Analysis { Data Path-Slew }
Other End Arrival Time          0.010
- Setup                         0.418
+ Phase Shift                  12.000
= Required Time                11.592
- Arrival Time                  4.554
= Slack Time                    7.038
= Slack Time(original)          6.942
     Clock Rise Edge                      0.000
     + Source Insertion Delay             0.010
     = Beginpoint Arrival Time            0.010
     Timing Path:
      -----------------------------------------------------------------------------------------
      Instance                                 Arc          Cell      Retime  Arrival  Required  
                                                                      Delay   Time     Time  
      -----------------------------------------------------------------------------------------
      -                                        clk ^        -         -       0.010    7.048  
      u_vehicle_interface/id_to_check_reg[3]   -            DFFQX1    0.000   0.010    7.048  
      u_vehicle_interface/id_to_check_reg[3]   CK ^ -> Q ^  DFFQX1    0.531   0.542    7.580  
      u_account_balance/g17076                 -            CLKINVX1  0.000   0.542    7.580  
      u_account_balance/g17076                 A ^ -> Y v   CLKINVX1  0.445   0.986    8.025  
      u_account_balance/g17074                 -            NOR2XL    0.000   0.986    8.025  
      u_account_balance/g17074                 A v -> Y ^   NOR2XL    0.752   1.738    8.777  
      u_account_balance/g17070                 -            CLKINVX1  0.000   1.738    8.777  
      u_account_balance/g17070                 A ^ -> Y v   CLKINVX1  0.136   1.874    8.913  
      u_account_balance/g17044                 -            NOR2XL    0.000   1.874    8.913  
      u_account_balance/g17044                 B v -> Y ^   NOR2XL    0.542   2.417    9.455  
      u_account_balance/g16923                 -            AOI221X1  0.000   2.417    9.455  
      u_account_balance/g16923                 B1 ^ -> Y v  AOI221X1  0.166   2.583    9.621  
      u_account_balance/g16910                 -            OAI21X1   0.000   2.583    9.621  
      u_account_balance/g16910                 B0 v -> Y ^  OAI21X1   0.090   2.673    9.711  
      u_account_balance/g16904                 -            AOI211X1  0.000   2.673    9.711  
      u_account_balance/g16904                 C0 ^ -> Y v  AOI211X1  0.047   2.720    9.759  
      u_account_balance/g16896                 -            NAND2XL   0.000   2.720    9.759  
      u_account_balance/g16896                 B v -> Y ^   NAND2XL   0.071   2.791    9.829  
      u_account_balance/g16891                 -            NOR2XL    0.000   2.791    9.829  
      u_account_balance/g16891                 B ^ -> Y v   NOR2XL    0.079   2.870    9.908  
      u_account_balance/g16890                 -            INVX1     0.000   2.870    9.908  
      u_account_balance/g16890                 A v -> Y ^   INVX1     0.044   2.914    9.953  
      u_account_balance/g16888                 -            OR4X1     0.000   2.914    9.953  
      u_account_balance/g16888                 C ^ -> Y ^   OR4X1     0.138   3.052    10.090  
      u_account_balance/g16887                 -            NAND3BX1  0.000   3.052    10.090  
      u_account_balance/g16887                 AN ^ -> Y ^  NAND3BX1  0.116   3.168    10.206  
      u_account_balance/g16886                 -            OAI31X1   0.000   3.168    10.206  
      u_account_balance/g16886                 A2 ^ -> Y v  OAI31X1   0.114   3.281    10.320  
      u_account_balance/g16885                 -            NOR2BX1   0.000   3.281    10.320  
      u_account_balance/g16885                 B v -> Y ^   NOR2BX1   0.116   3.397    10.436  
      u_account_balance/g3679                  -            NOR2BX1   0.000   3.397    10.436  
      u_account_balance/g3679                  AN ^ -> Y ^  NOR2BX1   0.145   3.542    10.581  
      u_account_balance/g3668                  -            AND2X1    0.000   3.542    10.581  
      u_account_balance/g3668                  B ^ -> Y ^   AND2X1    0.190   3.732    10.771  
      u_account_balance/g3644                  -            NAND3X1   0.000   3.732    10.771  
      u_account_balance/g3644                  C ^ -> Y v   NAND3X1   0.821   4.554    11.592  
      u_account_balance/balance_db_reg[7][14]  -            SDFFQX1   0.000   4.554    11.592  
      -----------------------------------------------------------------------------------------
     Clock Rise Edge                      0.000
     + Source Insertion Delay             0.010
     = Beginpoint Arrival Time            0.010
     Other End Path:
      ----------------------------------------------------------------------------------
      Instance                                 Arc    Cell     Retime  Arrival  Required  
                                                               Delay   Time     Time  
      ----------------------------------------------------------------------------------
      -                                        clk ^  -        -       0.010    -7.028  
      u_account_balance/balance_db_reg[7][14]  -      SDFFQX1  0.000   0.010    -7.028  
      ----------------------------------------------------------------------------------
Path 3: MET Setup Check with Pin u_account_balance/balance_db_reg[7][13]/CK 
Endpoint:   u_account_balance/balance_db_reg[7][13]/SE (v) checked with  leading edge of 'clk'
Beginpoint: u_vehicle_interface/id_to_check_reg[3]/Q   (^) triggered by  leading edge of 'clk'
Path Groups: {clk}
Retime Analysis { Data Path-Slew }
Other End Arrival Time          0.010
- Setup                         0.418
+ Phase Shift                  12.000
= Required Time                11.592
- Arrival Time                  4.554
= Slack Time                    7.038
= Slack Time(original)          6.942
     Clock Rise Edge                      0.000
     + Source Insertion Delay             0.010
     = Beginpoint Arrival Time            0.010
     Timing Path:
      -----------------------------------------------------------------------------------------
      Instance                                 Arc          Cell      Retime  Arrival  Required  
                                                                      Delay   Time     Time  
      -----------------------------------------------------------------------------------------
      -                                        clk ^        -         -       0.010    7.048  
      u_vehicle_interface/id_to_check_reg[3]   -            DFFQX1    0.000   0.010    7.048  
      u_vehicle_interface/id_to_check_reg[3]   CK ^ -> Q ^  DFFQX1    0.531   0.542    7.580  
      u_account_balance/g17076                 -            CLKINVX1  0.000   0.542    7.580  
      u_account_balance/g17076                 A ^ -> Y v   CLKINVX1  0.445   0.986    8.025  
      u_account_balance/g17074                 -            NOR2XL    0.000   0.986    8.025  
      u_account_balance/g17074                 A v -> Y ^   NOR2XL    0.752   1.738    8.777  
      u_account_balance/g17070                 -            CLKINVX1  0.000   1.738    8.777  
      u_account_balance/g17070                 A ^ -> Y v   CLKINVX1  0.136   1.874    8.913  
      u_account_balance/g17044                 -            NOR2XL    0.000   1.874    8.913  
      u_account_balance/g17044                 B v -> Y ^   NOR2XL    0.542   2.417    9.455  
      u_account_balance/g16923                 -            AOI221X1  0.000   2.417    9.455  
      u_account_balance/g16923                 B1 ^ -> Y v  AOI221X1  0.166   2.583    9.621  
      u_account_balance/g16910                 -            OAI21X1   0.000   2.583    9.621  
      u_account_balance/g16910                 B0 v -> Y ^  OAI21X1   0.090   2.673    9.711  
      u_account_balance/g16904                 -            AOI211X1  0.000   2.673    9.711  
      u_account_balance/g16904                 C0 ^ -> Y v  AOI211X1  0.047   2.720    9.759  
      u_account_balance/g16896                 -            NAND2XL   0.000   2.720    9.759  
      u_account_balance/g16896                 B v -> Y ^   NAND2XL   0.071   2.791    9.829  
      u_account_balance/g16891                 -            NOR2XL    0.000   2.791    9.829  
      u_account_balance/g16891                 B ^ -> Y v   NOR2XL    0.079   2.870    9.908  
      u_account_balance/g16890                 -            INVX1     0.000   2.870    9.908  
      u_account_balance/g16890                 A v -> Y ^   INVX1     0.044   2.914    9.953  
      u_account_balance/g16888                 -            OR4X1     0.000   2.914    9.953  
      u_account_balance/g16888                 C ^ -> Y ^   OR4X1     0.138   3.052    10.090  
      u_account_balance/g16887                 -            NAND3BX1  0.000   3.052    10.090  
      u_account_balance/g16887                 AN ^ -> Y ^  NAND3BX1  0.116   3.168    10.206  
      u_account_balance/g16886                 -            OAI31X1   0.000   3.168    10.206  
      u_account_balance/g16886                 A2 ^ -> Y v  OAI31X1   0.114   3.281    10.320  
      u_account_balance/g16885                 -            NOR2BX1   0.000   3.281    10.320  
      u_account_balance/g16885                 B v -> Y ^   NOR2BX1   0.116   3.397    10.436  
      u_account_balance/g3679                  -            NOR2BX1   0.000   3.397    10.436  
      u_account_balance/g3679                  AN ^ -> Y ^  NOR2BX1   0.145   3.542    10.581  
      u_account_balance/g3668                  -            AND2X1    0.000   3.542    10.581  
      u_account_balance/g3668                  B ^ -> Y ^   AND2X1    0.190   3.732    10.771  
      u_account_balance/g3644                  -            NAND3X1   0.000   3.732    10.771  
      u_account_balance/g3644                  C ^ -> Y v   NAND3X1   0.821   4.554    11.592  
      u_account_balance/balance_db_reg[7][13]  -            SDFFQX1   0.000   4.554    11.592  
      -----------------------------------------------------------------------------------------
     Clock Rise Edge                      0.000
     + Source Insertion Delay             0.010
     = Beginpoint Arrival Time            0.010
     Other End Path:
      ----------------------------------------------------------------------------------
      Instance                                 Arc    Cell     Retime  Arrival  Required  
                                                               Delay   Time     Time  
      ----------------------------------------------------------------------------------
      -                                        clk ^  -        -       0.010    -7.028  
      u_account_balance/balance_db_reg[7][13]  -      SDFFQX1  0.000   0.010    -7.028  
      ----------------------------------------------------------------------------------
Path 4: MET Setup Check with Pin u_account_balance/balance_db_reg[7][12]/CK 
Endpoint:   u_account_balance/balance_db_reg[7][12]/SE (v) checked with  leading edge of 'clk'
Beginpoint: u_vehicle_interface/id_to_check_reg[3]/Q   (^) triggered by  leading edge of 'clk'
Path Groups: {clk}
Retime Analysis { Data Path-Slew }
Other End Arrival Time          0.010
- Setup                         0.418
+ Phase Shift                  12.000
= Required Time                11.592
- Arrival Time                  4.554
= Slack Time                    7.038
= Slack Time(original)          6.942
     Clock Rise Edge                      0.000
     + Source Insertion Delay             0.010
     = Beginpoint Arrival Time            0.010
     Timing Path:
      -----------------------------------------------------------------------------------------
      Instance                                 Arc          Cell      Retime  Arrival  Required  
                                                                      Delay   Time     Time  
      -----------------------------------------------------------------------------------------
      -                                        clk ^        -         -       0.010    7.048  
      u_vehicle_interface/id_to_check_reg[3]   -            DFFQX1    0.000   0.010    7.048  
      u_vehicle_interface/id_to_check_reg[3]   CK ^ -> Q ^  DFFQX1    0.531   0.542    7.580  
      u_account_balance/g17076                 -            CLKINVX1  0.000   0.542    7.580  
      u_account_balance/g17076                 A ^ -> Y v   CLKINVX1  0.445   0.986    8.025  
      u_account_balance/g17074                 -            NOR2XL    0.000   0.986    8.025  
      u_account_balance/g17074                 A v -> Y ^   NOR2XL    0.752   1.738    8.777  
      u_account_balance/g17070                 -            CLKINVX1  0.000   1.738    8.777  
      u_account_balance/g17070                 A ^ -> Y v   CLKINVX1  0.136   1.874    8.913  
      u_account_balance/g17044                 -            NOR2XL    0.000   1.874    8.913  
      u_account_balance/g17044                 B v -> Y ^   NOR2XL    0.542   2.417    9.455  
      u_account_balance/g16923                 -            AOI221X1  0.000   2.417    9.455  
      u_account_balance/g16923                 B1 ^ -> Y v  AOI221X1  0.166   2.583    9.621  
      u_account_balance/g16910                 -            OAI21X1   0.000   2.583    9.621  
      u_account_balance/g16910                 B0 v -> Y ^  OAI21X1   0.090   2.673    9.711  
      u_account_balance/g16904                 -            AOI211X1  0.000   2.673    9.711  
      u_account_balance/g16904                 C0 ^ -> Y v  AOI211X1  0.047   2.720    9.759  
      u_account_balance/g16896                 -            NAND2XL   0.000   2.720    9.759  
      u_account_balance/g16896                 B v -> Y ^   NAND2XL   0.071   2.791    9.829  
      u_account_balance/g16891                 -            NOR2XL    0.000   2.791    9.829  
      u_account_balance/g16891                 B ^ -> Y v   NOR2XL    0.079   2.870    9.908  
      u_account_balance/g16890                 -            INVX1     0.000   2.870    9.908  
      u_account_balance/g16890                 A v -> Y ^   INVX1     0.044   2.914    9.953  
      u_account_balance/g16888                 -            OR4X1     0.000   2.914    9.953  
      u_account_balance/g16888                 C ^ -> Y ^   OR4X1     0.138   3.052    10.090  
      u_account_balance/g16887                 -            NAND3BX1  0.000   3.052    10.090  
      u_account_balance/g16887                 AN ^ -> Y ^  NAND3BX1  0.116   3.168    10.206  
      u_account_balance/g16886                 -            OAI31X1   0.000   3.168    10.206  
      u_account_balance/g16886                 A2 ^ -> Y v  OAI31X1   0.114   3.281    10.320  
      u_account_balance/g16885                 -            NOR2BX1   0.000   3.281    10.320  
      u_account_balance/g16885                 B v -> Y ^   NOR2BX1   0.116   3.397    10.436  
      u_account_balance/g3679                  -            NOR2BX1   0.000   3.397    10.436  
      u_account_balance/g3679                  AN ^ -> Y ^  NOR2BX1   0.145   3.542    10.581  
      u_account_balance/g3668                  -            AND2X1    0.000   3.542    10.581  
      u_account_balance/g3668                  B ^ -> Y ^   AND2X1    0.190   3.732    10.771  
      u_account_balance/g3644                  -            NAND3X1   0.000   3.732    10.771  
      u_account_balance/g3644                  C ^ -> Y v   NAND3X1   0.821   4.554    11.592  
      u_account_balance/balance_db_reg[7][12]  -            SDFFQX1   0.000   4.554    11.592  
      -----------------------------------------------------------------------------------------
     Clock Rise Edge                      0.000
     + Source Insertion Delay             0.010
     = Beginpoint Arrival Time            0.010
     Other End Path:
      ----------------------------------------------------------------------------------
      Instance                                 Arc    Cell     Retime  Arrival  Required  
                                                               Delay   Time     Time  
      ----------------------------------------------------------------------------------
      -                                        clk ^  -        -       0.010    -7.028  
      u_account_balance/balance_db_reg[7][12]  -      SDFFQX1  0.000   0.010    -7.028  
      ----------------------------------------------------------------------------------
Path 5: MET Setup Check with Pin u_account_balance/balance_db_reg[7][11]/CK 
Endpoint:   u_account_balance/balance_db_reg[7][11]/SE (v) checked with  leading edge of 'clk'
Beginpoint: u_vehicle_interface/id_to_check_reg[3]/Q   (^) triggered by  leading edge of 'clk'
Path Groups: {clk}
Retime Analysis { Data Path-Slew }
Other End Arrival Time          0.010
- Setup                         0.418
+ Phase Shift                  12.000
= Required Time                11.592
- Arrival Time                  4.554
= Slack Time                    7.038
= Slack Time(original)          6.942
     Clock Rise Edge                      0.000
     + Source Insertion Delay             0.010
     = Beginpoint Arrival Time            0.010
     Timing Path:
      -----------------------------------------------------------------------------------------
      Instance                                 Arc          Cell      Retime  Arrival  Required  
                                                                      Delay   Time     Time  
      -----------------------------------------------------------------------------------------
      -                                        clk ^        -         -       0.010    7.048  
      u_vehicle_interface/id_to_check_reg[3]   -            DFFQX1    0.000   0.010    7.048  
      u_vehicle_interface/id_to_check_reg[3]   CK ^ -> Q ^  DFFQX1    0.531   0.542    7.580  
      u_account_balance/g17076                 -            CLKINVX1  0.000   0.542    7.580  
      u_account_balance/g17076                 A ^ -> Y v   CLKINVX1  0.445   0.986    8.025  
      u_account_balance/g17074                 -            NOR2XL    0.000   0.986    8.025  
      u_account_balance/g17074                 A v -> Y ^   NOR2XL    0.752   1.738    8.777  
      u_account_balance/g17070                 -            CLKINVX1  0.000   1.738    8.777  
      u_account_balance/g17070                 A ^ -> Y v   CLKINVX1  0.136   1.874    8.913  
      u_account_balance/g17044                 -            NOR2XL    0.000   1.874    8.913  
      u_account_balance/g17044                 B v -> Y ^   NOR2XL    0.542   2.417    9.455  
      u_account_balance/g16923                 -            AOI221X1  0.000   2.417    9.455  
      u_account_balance/g16923                 B1 ^ -> Y v  AOI221X1  0.166   2.583    9.621  
      u_account_balance/g16910                 -            OAI21X1   0.000   2.583    9.621  
      u_account_balance/g16910                 B0 v -> Y ^  OAI21X1   0.090   2.673    9.711  
      u_account_balance/g16904                 -            AOI211X1  0.000   2.673    9.711  
      u_account_balance/g16904                 C0 ^ -> Y v  AOI211X1  0.047   2.720    9.759  
      u_account_balance/g16896                 -            NAND2XL   0.000   2.720    9.759  
      u_account_balance/g16896                 B v -> Y ^   NAND2XL   0.071   2.791    9.829  
      u_account_balance/g16891                 -            NOR2XL    0.000   2.791    9.829  
      u_account_balance/g16891                 B ^ -> Y v   NOR2XL    0.079   2.870    9.908  
      u_account_balance/g16890                 -            INVX1     0.000   2.870    9.908  
      u_account_balance/g16890                 A v -> Y ^   INVX1     0.044   2.914    9.953  
      u_account_balance/g16888                 -            OR4X1     0.000   2.914    9.953  
      u_account_balance/g16888                 C ^ -> Y ^   OR4X1     0.138   3.052    10.090  
      u_account_balance/g16887                 -            NAND3BX1  0.000   3.052    10.090  
      u_account_balance/g16887                 AN ^ -> Y ^  NAND3BX1  0.116   3.168    10.206  
      u_account_balance/g16886                 -            OAI31X1   0.000   3.168    10.206  
      u_account_balance/g16886                 A2 ^ -> Y v  OAI31X1   0.114   3.281    10.320  
      u_account_balance/g16885                 -            NOR2BX1   0.000   3.281    10.320  
      u_account_balance/g16885                 B v -> Y ^   NOR2BX1   0.116   3.397    10.436  
      u_account_balance/g3679                  -            NOR2BX1   0.000   3.397    10.436  
      u_account_balance/g3679                  AN ^ -> Y ^  NOR2BX1   0.145   3.542    10.581  
      u_account_balance/g3668                  -            AND2X1    0.000   3.542    10.581  
      u_account_balance/g3668                  B ^ -> Y ^   AND2X1    0.190   3.732    10.771  
      u_account_balance/g3644                  -            NAND3X1   0.000   3.732    10.771  
      u_account_balance/g3644                  C ^ -> Y v   NAND3X1   0.821   4.554    11.592  
      u_account_balance/balance_db_reg[7][11]  -            SDFFQX1   0.000   4.554    11.592  
      -----------------------------------------------------------------------------------------
     Clock Rise Edge                      0.000
     + Source Insertion Delay             0.010
     = Beginpoint Arrival Time            0.010
     Other End Path:
      ----------------------------------------------------------------------------------
      Instance                                 Arc    Cell     Retime  Arrival  Required  
                                                               Delay   Time     Time  
      ----------------------------------------------------------------------------------
      -                                        clk ^  -        -       0.010    -7.028  
      u_account_balance/balance_db_reg[7][11]  -      SDFFQX1  0.000   0.010    -7.028  
      ----------------------------------------------------------------------------------
Path 6: MET Setup Check with Pin u_account_balance/balance_db_reg[7][10]/CK 
Endpoint:   u_account_balance/balance_db_reg[7][10]/SE (v) checked with  leading edge of 'clk'
Beginpoint: u_vehicle_interface/id_to_check_reg[3]/Q   (^) triggered by  leading edge of 'clk'
Path Groups: {clk}
Retime Analysis { Data Path-Slew }
Other End Arrival Time          0.010
- Setup                         0.418
+ Phase Shift                  12.000
= Required Time                11.592
- Arrival Time                  4.554
= Slack Time                    7.038
= Slack Time(original)          6.942
     Clock Rise Edge                      0.000
     + Source Insertion Delay             0.010
     = Beginpoint Arrival Time            0.010
     Timing Path:
      -----------------------------------------------------------------------------------------
      Instance                                 Arc          Cell      Retime  Arrival  Required  
                                                                      Delay   Time     Time  
      -----------------------------------------------------------------------------------------
      -                                        clk ^        -         -       0.010    7.048  
      u_vehicle_interface/id_to_check_reg[3]   -            DFFQX1    0.000   0.010    7.048  
      u_vehicle_interface/id_to_check_reg[3]   CK ^ -> Q ^  DFFQX1    0.531   0.542    7.580  
      u_account_balance/g17076                 -            CLKINVX1  0.000   0.542    7.580  
      u_account_balance/g17076                 A ^ -> Y v   CLKINVX1  0.445   0.986    8.025  
      u_account_balance/g17074                 -            NOR2XL    0.000   0.986    8.025  
      u_account_balance/g17074                 A v -> Y ^   NOR2XL    0.752   1.738    8.777  
      u_account_balance/g17070                 -            CLKINVX1  0.000   1.738    8.777  
      u_account_balance/g17070                 A ^ -> Y v   CLKINVX1  0.136   1.874    8.913  
      u_account_balance/g17044                 -            NOR2XL    0.000   1.874    8.913  
      u_account_balance/g17044                 B v -> Y ^   NOR2XL    0.542   2.417    9.455  
      u_account_balance/g16923                 -            AOI221X1  0.000   2.417    9.455  
      u_account_balance/g16923                 B1 ^ -> Y v  AOI221X1  0.166   2.583    9.621  
      u_account_balance/g16910                 -            OAI21X1   0.000   2.583    9.621  
      u_account_balance/g16910                 B0 v -> Y ^  OAI21X1   0.090   2.673    9.711  
      u_account_balance/g16904                 -            AOI211X1  0.000   2.673    9.711  
      u_account_balance/g16904                 C0 ^ -> Y v  AOI211X1  0.047   2.720    9.759  
      u_account_balance/g16896                 -            NAND2XL   0.000   2.720    9.759  
      u_account_balance/g16896                 B v -> Y ^   NAND2XL   0.071   2.791    9.829  
      u_account_balance/g16891                 -            NOR2XL    0.000   2.791    9.829  
      u_account_balance/g16891                 B ^ -> Y v   NOR2XL    0.079   2.870    9.908  
      u_account_balance/g16890                 -            INVX1     0.000   2.870    9.908  
      u_account_balance/g16890                 A v -> Y ^   INVX1     0.044   2.914    9.953  
      u_account_balance/g16888                 -            OR4X1     0.000   2.914    9.953  
      u_account_balance/g16888                 C ^ -> Y ^   OR4X1     0.138   3.052    10.090  
      u_account_balance/g16887                 -            NAND3BX1  0.000   3.052    10.090  
      u_account_balance/g16887                 AN ^ -> Y ^  NAND3BX1  0.116   3.168    10.206  
      u_account_balance/g16886                 -            OAI31X1   0.000   3.168    10.206  
      u_account_balance/g16886                 A2 ^ -> Y v  OAI31X1   0.114   3.281    10.320  
      u_account_balance/g16885                 -            NOR2BX1   0.000   3.281    10.320  
      u_account_balance/g16885                 B v -> Y ^   NOR2BX1   0.116   3.397    10.436  
      u_account_balance/g3679                  -            NOR2BX1   0.000   3.397    10.436  
      u_account_balance/g3679                  AN ^ -> Y ^  NOR2BX1   0.145   3.542    10.581  
      u_account_balance/g3668                  -            AND2X1    0.000   3.542    10.581  
      u_account_balance/g3668                  B ^ -> Y ^   AND2X1    0.190   3.732    10.771  
      u_account_balance/g3644                  -            NAND3X1   0.000   3.732    10.771  
      u_account_balance/g3644                  C ^ -> Y v   NAND3X1   0.821   4.554    11.592  
      u_account_balance/balance_db_reg[7][10]  -            SDFFQX1   0.000   4.554    11.592  
      -----------------------------------------------------------------------------------------
     Clock Rise Edge                      0.000
     + Source Insertion Delay             0.010
     = Beginpoint Arrival Time            0.010
     Other End Path:
      ----------------------------------------------------------------------------------
      Instance                                 Arc    Cell     Retime  Arrival  Required  
                                                               Delay   Time     Time  
      ----------------------------------------------------------------------------------
      -                                        clk ^  -        -       0.010    -7.028  
      u_account_balance/balance_db_reg[7][10]  -      SDFFQX1  0.000   0.010    -7.028  
      ----------------------------------------------------------------------------------
Path 7: MET Setup Check with Pin u_account_balance/balance_db_reg[7][9]/CK 
Endpoint:   u_account_balance/balance_db_reg[7][9]/SE (v) checked with  leading edge of 'clk'
Beginpoint: u_vehicle_interface/id_to_check_reg[3]/Q  (^) triggered by  leading edge of 'clk'
Path Groups: {clk}
Retime Analysis { Data Path-Slew }
Other End Arrival Time          0.010
- Setup                         0.418
+ Phase Shift                  12.000
= Required Time                11.592
- Arrival Time                  4.554
= Slack Time                    7.038
= Slack Time(original)          6.942
     Clock Rise Edge                      0.000
     + Source Insertion Delay             0.010
     = Beginpoint Arrival Time            0.010
     Timing Path:
      ----------------------------------------------------------------------------------------
      Instance                                Arc          Cell      Retime  Arrival  Required  
                                                                     Delay   Time     Time  
      ----------------------------------------------------------------------------------------
      -                                       clk ^        -         -       0.010    7.048  
      u_vehicle_interface/id_to_check_reg[3]  -            DFFQX1    0.000   0.010    7.048  
      u_vehicle_interface/id_to_check_reg[3]  CK ^ -> Q ^  DFFQX1    0.531   0.542    7.580  
      u_account_balance/g17076                -            CLKINVX1  0.000   0.542    7.580  
      u_account_balance/g17076                A ^ -> Y v   CLKINVX1  0.445   0.986    8.025  
      u_account_balance/g17074                -            NOR2XL    0.000   0.986    8.025  
      u_account_balance/g17074                A v -> Y ^   NOR2XL    0.752   1.738    8.777  
      u_account_balance/g17070                -            CLKINVX1  0.000   1.738    8.777  
      u_account_balance/g17070                A ^ -> Y v   CLKINVX1  0.136   1.874    8.913  
      u_account_balance/g17044                -            NOR2XL    0.000   1.874    8.913  
      u_account_balance/g17044                B v -> Y ^   NOR2XL    0.542   2.417    9.455  
      u_account_balance/g16923                -            AOI221X1  0.000   2.417    9.455  
      u_account_balance/g16923                B1 ^ -> Y v  AOI221X1  0.166   2.583    9.621  
      u_account_balance/g16910                -            OAI21X1   0.000   2.583    9.621  
      u_account_balance/g16910                B0 v -> Y ^  OAI21X1   0.090   2.673    9.711  
      u_account_balance/g16904                -            AOI211X1  0.000   2.673    9.711  
      u_account_balance/g16904                C0 ^ -> Y v  AOI211X1  0.047   2.720    9.759  
      u_account_balance/g16896                -            NAND2XL   0.000   2.720    9.759  
      u_account_balance/g16896                B v -> Y ^   NAND2XL   0.071   2.791    9.829  
      u_account_balance/g16891                -            NOR2XL    0.000   2.791    9.829  
      u_account_balance/g16891                B ^ -> Y v   NOR2XL    0.079   2.870    9.908  
      u_account_balance/g16890                -            INVX1     0.000   2.870    9.908  
      u_account_balance/g16890                A v -> Y ^   INVX1     0.044   2.914    9.953  
      u_account_balance/g16888                -            OR4X1     0.000   2.914    9.953  
      u_account_balance/g16888                C ^ -> Y ^   OR4X1     0.138   3.052    10.090  
      u_account_balance/g16887                -            NAND3BX1  0.000   3.052    10.090  
      u_account_balance/g16887                AN ^ -> Y ^  NAND3BX1  0.116   3.168    10.206  
      u_account_balance/g16886                -            OAI31X1   0.000   3.168    10.206  
      u_account_balance/g16886                A2 ^ -> Y v  OAI31X1   0.114   3.281    10.320  
      u_account_balance/g16885                -            NOR2BX1   0.000   3.281    10.320  
      u_account_balance/g16885                B v -> Y ^   NOR2BX1   0.116   3.397    10.436  
      u_account_balance/g3679                 -            NOR2BX1   0.000   3.397    10.436  
      u_account_balance/g3679                 AN ^ -> Y ^  NOR2BX1   0.145   3.542    10.581  
      u_account_balance/g3668                 -            AND2X1    0.000   3.542    10.581  
      u_account_balance/g3668                 B ^ -> Y ^   AND2X1    0.190   3.732    10.771  
      u_account_balance/g3644                 -            NAND3X1   0.000   3.732    10.771  
      u_account_balance/g3644                 C ^ -> Y v   NAND3X1   0.821   4.554    11.592  
      u_account_balance/balance_db_reg[7][9]  -            SDFFQX1   0.000   4.554    11.592  
      ----------------------------------------------------------------------------------------
     Clock Rise Edge                      0.000
     + Source Insertion Delay             0.010
     = Beginpoint Arrival Time            0.010
     Other End Path:
      ---------------------------------------------------------------------------------
      Instance                                Arc    Cell     Retime  Arrival  Required  
                                                              Delay   Time     Time  
      ---------------------------------------------------------------------------------
      -                                       clk ^  -        -       0.010    -7.028  
      u_account_balance/balance_db_reg[7][9]  -      SDFFQX1  0.000   0.010    -7.028  
      ---------------------------------------------------------------------------------
Path 8: MET Setup Check with Pin u_account_balance/balance_db_reg[7][8]/CK 
Endpoint:   u_account_balance/balance_db_reg[7][8]/SE (v) checked with  leading edge of 'clk'
Beginpoint: u_vehicle_interface/id_to_check_reg[3]/Q  (^) triggered by  leading edge of 'clk'
Path Groups: {clk}
Retime Analysis { Data Path-Slew }
Other End Arrival Time          0.010
- Setup                         0.418
+ Phase Shift                  12.000
= Required Time                11.592
- Arrival Time                  4.554
= Slack Time                    7.038
= Slack Time(original)          6.942
     Clock Rise Edge                      0.000
     + Source Insertion Delay             0.010
     = Beginpoint Arrival Time            0.010
     Timing Path:
      ----------------------------------------------------------------------------------------
      Instance                                Arc          Cell      Retime  Arrival  Required  
                                                                     Delay   Time     Time  
      ----------------------------------------------------------------------------------------
      -                                       clk ^        -         -       0.010    7.048  
      u_vehicle_interface/id_to_check_reg[3]  -            DFFQX1    0.000   0.010    7.048  
      u_vehicle_interface/id_to_check_reg[3]  CK ^ -> Q ^  DFFQX1    0.531   0.542    7.580  
      u_account_balance/g17076                -            CLKINVX1  0.000   0.542    7.580  
      u_account_balance/g17076                A ^ -> Y v   CLKINVX1  0.445   0.986    8.025  
      u_account_balance/g17074                -            NOR2XL    0.000   0.986    8.025  
      u_account_balance/g17074                A v -> Y ^   NOR2XL    0.752   1.738    8.777  
      u_account_balance/g17070                -            CLKINVX1  0.000   1.738    8.777  
      u_account_balance/g17070                A ^ -> Y v   CLKINVX1  0.136   1.874    8.913  
      u_account_balance/g17044                -            NOR2XL    0.000   1.874    8.913  
      u_account_balance/g17044                B v -> Y ^   NOR2XL    0.542   2.417    9.455  
      u_account_balance/g16923                -            AOI221X1  0.000   2.417    9.455  
      u_account_balance/g16923                B1 ^ -> Y v  AOI221X1  0.166   2.583    9.621  
      u_account_balance/g16910                -            OAI21X1   0.000   2.583    9.621  
      u_account_balance/g16910                B0 v -> Y ^  OAI21X1   0.090   2.673    9.711  
      u_account_balance/g16904                -            AOI211X1  0.000   2.673    9.711  
      u_account_balance/g16904                C0 ^ -> Y v  AOI211X1  0.047   2.720    9.759  
      u_account_balance/g16896                -            NAND2XL   0.000   2.720    9.759  
      u_account_balance/g16896                B v -> Y ^   NAND2XL   0.071   2.791    9.829  
      u_account_balance/g16891                -            NOR2XL    0.000   2.791    9.829  
      u_account_balance/g16891                B ^ -> Y v   NOR2XL    0.079   2.870    9.908  
      u_account_balance/g16890                -            INVX1     0.000   2.870    9.908  
      u_account_balance/g16890                A v -> Y ^   INVX1     0.044   2.914    9.953  
      u_account_balance/g16888                -            OR4X1     0.000   2.914    9.953  
      u_account_balance/g16888                C ^ -> Y ^   OR4X1     0.138   3.052    10.090  
      u_account_balance/g16887                -            NAND3BX1  0.000   3.052    10.090  
      u_account_balance/g16887                AN ^ -> Y ^  NAND3BX1  0.116   3.168    10.206  
      u_account_balance/g16886                -            OAI31X1   0.000   3.168    10.206  
      u_account_balance/g16886                A2 ^ -> Y v  OAI31X1   0.114   3.281    10.320  
      u_account_balance/g16885                -            NOR2BX1   0.000   3.281    10.320  
      u_account_balance/g16885                B v -> Y ^   NOR2BX1   0.116   3.397    10.436  
      u_account_balance/g3679                 -            NOR2BX1   0.000   3.397    10.436  
      u_account_balance/g3679                 AN ^ -> Y ^  NOR2BX1   0.145   3.542    10.581  
      u_account_balance/g3668                 -            AND2X1    0.000   3.542    10.581  
      u_account_balance/g3668                 B ^ -> Y ^   AND2X1    0.190   3.732    10.771  
      u_account_balance/g3644                 -            NAND3X1   0.000   3.732    10.771  
      u_account_balance/g3644                 C ^ -> Y v   NAND3X1   0.821   4.554    11.592  
      u_account_balance/balance_db_reg[7][8]  -            SDFFQX1   0.000   4.554    11.592  
      ----------------------------------------------------------------------------------------
     Clock Rise Edge                      0.000
     + Source Insertion Delay             0.010
     = Beginpoint Arrival Time            0.010
     Other End Path:
      ---------------------------------------------------------------------------------
      Instance                                Arc    Cell     Retime  Arrival  Required  
                                                              Delay   Time     Time  
      ---------------------------------------------------------------------------------
      -                                       clk ^  -        -       0.010    -7.028  
      u_account_balance/balance_db_reg[7][8]  -      SDFFQX1  0.000   0.010    -7.028  
      ---------------------------------------------------------------------------------
Path 9: MET Setup Check with Pin u_account_balance/balance_db_reg[7][7]/CK 
Endpoint:   u_account_balance/balance_db_reg[7][7]/SE (v) checked with  leading edge of 'clk'
Beginpoint: u_vehicle_interface/id_to_check_reg[3]/Q  (^) triggered by  leading edge of 'clk'
Path Groups: {clk}
Retime Analysis { Data Path-Slew }
Other End Arrival Time          0.010
- Setup                         0.418
+ Phase Shift                  12.000
= Required Time                11.592
- Arrival Time                  4.554
= Slack Time                    7.038
= Slack Time(original)          6.942
     Clock Rise Edge                      0.000
     + Source Insertion Delay             0.010
     = Beginpoint Arrival Time            0.010
     Timing Path:
      ----------------------------------------------------------------------------------------
      Instance                                Arc          Cell      Retime  Arrival  Required  
                                                                     Delay   Time     Time  
      ----------------------------------------------------------------------------------------
      -                                       clk ^        -         -       0.010    7.048  
      u_vehicle_interface/id_to_check_reg[3]  -            DFFQX1    0.000   0.010    7.048  
      u_vehicle_interface/id_to_check_reg[3]  CK ^ -> Q ^  DFFQX1    0.531   0.542    7.580  
      u_account_balance/g17076                -            CLKINVX1  0.000   0.542    7.580  
      u_account_balance/g17076                A ^ -> Y v   CLKINVX1  0.445   0.986    8.025  
      u_account_balance/g17074                -            NOR2XL    0.000   0.986    8.025  
      u_account_balance/g17074                A v -> Y ^   NOR2XL    0.752   1.738    8.777  
      u_account_balance/g17070                -            CLKINVX1  0.000   1.738    8.777  
      u_account_balance/g17070                A ^ -> Y v   CLKINVX1  0.136   1.874    8.913  
      u_account_balance/g17044                -            NOR2XL    0.000   1.874    8.913  
      u_account_balance/g17044                B v -> Y ^   NOR2XL    0.542   2.417    9.455  
      u_account_balance/g16923                -            AOI221X1  0.000   2.417    9.455  
      u_account_balance/g16923                B1 ^ -> Y v  AOI221X1  0.166   2.583    9.621  
      u_account_balance/g16910                -            OAI21X1   0.000   2.583    9.621  
      u_account_balance/g16910                B0 v -> Y ^  OAI21X1   0.090   2.673    9.711  
      u_account_balance/g16904                -            AOI211X1  0.000   2.673    9.711  
      u_account_balance/g16904                C0 ^ -> Y v  AOI211X1  0.047   2.720    9.759  
      u_account_balance/g16896                -            NAND2XL   0.000   2.720    9.759  
      u_account_balance/g16896                B v -> Y ^   NAND2XL   0.071   2.791    9.829  
      u_account_balance/g16891                -            NOR2XL    0.000   2.791    9.829  
      u_account_balance/g16891                B ^ -> Y v   NOR2XL    0.079   2.870    9.908  
      u_account_balance/g16890                -            INVX1     0.000   2.870    9.908  
      u_account_balance/g16890                A v -> Y ^   INVX1     0.044   2.914    9.953  
      u_account_balance/g16888                -            OR4X1     0.000   2.914    9.953  
      u_account_balance/g16888                C ^ -> Y ^   OR4X1     0.138   3.052    10.090  
      u_account_balance/g16887                -            NAND3BX1  0.000   3.052    10.090  
      u_account_balance/g16887                AN ^ -> Y ^  NAND3BX1  0.116   3.168    10.206  
      u_account_balance/g16886                -            OAI31X1   0.000   3.168    10.206  
      u_account_balance/g16886                A2 ^ -> Y v  OAI31X1   0.114   3.281    10.320  
      u_account_balance/g16885                -            NOR2BX1   0.000   3.281    10.320  
      u_account_balance/g16885                B v -> Y ^   NOR2BX1   0.116   3.397    10.436  
      u_account_balance/g3679                 -            NOR2BX1   0.000   3.397    10.436  
      u_account_balance/g3679                 AN ^ -> Y ^  NOR2BX1   0.145   3.542    10.581  
      u_account_balance/g3668                 -            AND2X1    0.000   3.542    10.581  
      u_account_balance/g3668                 B ^ -> Y ^   AND2X1    0.190   3.732    10.771  
      u_account_balance/g3644                 -            NAND3X1   0.000   3.732    10.771  
      u_account_balance/g3644                 C ^ -> Y v   NAND3X1   0.821   4.554    11.592  
      u_account_balance/balance_db_reg[7][7]  -            SDFFQX1   0.000   4.554    11.592  
      ----------------------------------------------------------------------------------------
     Clock Rise Edge                      0.000
     + Source Insertion Delay             0.010
     = Beginpoint Arrival Time            0.010
     Other End Path:
      ---------------------------------------------------------------------------------
      Instance                                Arc    Cell     Retime  Arrival  Required  
                                                              Delay   Time     Time  
      ---------------------------------------------------------------------------------
      -                                       clk ^  -        -       0.010    -7.028  
      u_account_balance/balance_db_reg[7][7]  -      SDFFQX1  0.000   0.010    -7.028  
      ---------------------------------------------------------------------------------
Path 10: MET Setup Check with Pin u_account_balance/balance_db_reg[7][6]/CK 
Endpoint:   u_account_balance/balance_db_reg[7][6]/SE (v) checked with  leading edge of 'clk'
Beginpoint: u_vehicle_interface/id_to_check_reg[3]/Q  (^) triggered by  leading edge of 'clk'
Path Groups: {clk}
Retime Analysis { Data Path-Slew }
Other End Arrival Time          0.010
- Setup                         0.418
+ Phase Shift                  12.000
= Required Time                11.592
- Arrival Time                  4.554
= Slack Time                    7.038
= Slack Time(original)          6.942
     Clock Rise Edge                      0.000
     + Source Insertion Delay             0.010
     = Beginpoint Arrival Time            0.010
     Timing Path:
      ----------------------------------------------------------------------------------------
      Instance                                Arc          Cell      Retime  Arrival  Required  
                                                                     Delay   Time     Time  
      ----------------------------------------------------------------------------------------
      -                                       clk ^        -         -       0.010    7.048  
      u_vehicle_interface/id_to_check_reg[3]  -            DFFQX1    0.000   0.010    7.048  
      u_vehicle_interface/id_to_check_reg[3]  CK ^ -> Q ^  DFFQX1    0.531   0.542    7.580  
      u_account_balance/g17076                -            CLKINVX1  0.000   0.542    7.580  
      u_account_balance/g17076                A ^ -> Y v   CLKINVX1  0.445   0.986    8.025  
      u_account_balance/g17074                -            NOR2XL    0.000   0.986    8.025  
      u_account_balance/g17074                A v -> Y ^   NOR2XL    0.752   1.738    8.777  
      u_account_balance/g17070                -            CLKINVX1  0.000   1.738    8.777  
      u_account_balance/g17070                A ^ -> Y v   CLKINVX1  0.136   1.874    8.913  
      u_account_balance/g17044                -            NOR2XL    0.000   1.874    8.913  
      u_account_balance/g17044                B v -> Y ^   NOR2XL    0.542   2.417    9.455  
      u_account_balance/g16923                -            AOI221X1  0.000   2.417    9.455  
      u_account_balance/g16923                B1 ^ -> Y v  AOI221X1  0.166   2.583    9.621  
      u_account_balance/g16910                -            OAI21X1   0.000   2.583    9.621  
      u_account_balance/g16910                B0 v -> Y ^  OAI21X1   0.090   2.673    9.711  
      u_account_balance/g16904                -            AOI211X1  0.000   2.673    9.711  
      u_account_balance/g16904                C0 ^ -> Y v  AOI211X1  0.047   2.720    9.759  
      u_account_balance/g16896                -            NAND2XL   0.000   2.720    9.759  
      u_account_balance/g16896                B v -> Y ^   NAND2XL   0.071   2.791    9.829  
      u_account_balance/g16891                -            NOR2XL    0.000   2.791    9.829  
      u_account_balance/g16891                B ^ -> Y v   NOR2XL    0.079   2.870    9.908  
      u_account_balance/g16890                -            INVX1     0.000   2.870    9.908  
      u_account_balance/g16890                A v -> Y ^   INVX1     0.044   2.914    9.953  
      u_account_balance/g16888                -            OR4X1     0.000   2.914    9.953  
      u_account_balance/g16888                C ^ -> Y ^   OR4X1     0.138   3.052    10.090  
      u_account_balance/g16887                -            NAND3BX1  0.000   3.052    10.090  
      u_account_balance/g16887                AN ^ -> Y ^  NAND3BX1  0.116   3.168    10.206  
      u_account_balance/g16886                -            OAI31X1   0.000   3.168    10.206  
      u_account_balance/g16886                A2 ^ -> Y v  OAI31X1   0.114   3.281    10.320  
      u_account_balance/g16885                -            NOR2BX1   0.000   3.281    10.320  
      u_account_balance/g16885                B v -> Y ^   NOR2BX1   0.116   3.397    10.436  
      u_account_balance/g3679                 -            NOR2BX1   0.000   3.397    10.436  
      u_account_balance/g3679                 AN ^ -> Y ^  NOR2BX1   0.145   3.542    10.581  
      u_account_balance/g3668                 -            AND2X1    0.000   3.542    10.581  
      u_account_balance/g3668                 B ^ -> Y ^   AND2X1    0.190   3.732    10.771  
      u_account_balance/g3644                 -            NAND3X1   0.000   3.732    10.771  
      u_account_balance/g3644                 C ^ -> Y v   NAND3X1   0.821   4.554    11.592  
      u_account_balance/balance_db_reg[7][6]  -            SDFFQX1   0.000   4.554    11.592  
      ----------------------------------------------------------------------------------------
     Clock Rise Edge                      0.000
     + Source Insertion Delay             0.010
     = Beginpoint Arrival Time            0.010
     Other End Path:
      ---------------------------------------------------------------------------------
      Instance                                Arc    Cell     Retime  Arrival  Required  
                                                              Delay   Time     Time  
      ---------------------------------------------------------------------------------
      -                                       clk ^  -        -       0.010    -7.028  
      u_account_balance/balance_db_reg[7][6]  -      SDFFQX1  0.000   0.010    -7.028  
      ---------------------------------------------------------------------------------
Path 11: MET Setup Check with Pin u_account_balance/balance_db_reg[7][5]/CK 
Endpoint:   u_account_balance/balance_db_reg[7][5]/SE (v) checked with  leading edge of 'clk'
Beginpoint: u_vehicle_interface/id_to_check_reg[3]/Q  (^) triggered by  leading edge of 'clk'
Path Groups: {clk}
Retime Analysis { Data Path-Slew }
Other End Arrival Time          0.010
- Setup                         0.418
+ Phase Shift                  12.000
= Required Time                11.592
- Arrival Time                  4.554
= Slack Time                    7.038
= Slack Time(original)          6.942
     Clock Rise Edge                      0.000
     + Source Insertion Delay             0.010
     = Beginpoint Arrival Time            0.010
     Timing Path:
      ----------------------------------------------------------------------------------------
      Instance                                Arc          Cell      Retime  Arrival  Required  
                                                                     Delay   Time     Time  
      ----------------------------------------------------------------------------------------
      -                                       clk ^        -         -       0.010    7.048  
      u_vehicle_interface/id_to_check_reg[3]  -            DFFQX1    0.000   0.010    7.048  
      u_vehicle_interface/id_to_check_reg[3]  CK ^ -> Q ^  DFFQX1    0.531   0.542    7.580  
      u_account_balance/g17076                -            CLKINVX1  0.000   0.542    7.580  
      u_account_balance/g17076                A ^ -> Y v   CLKINVX1  0.445   0.986    8.025  
      u_account_balance/g17074                -            NOR2XL    0.000   0.986    8.025  
      u_account_balance/g17074                A v -> Y ^   NOR2XL    0.752   1.738    8.777  
      u_account_balance/g17070                -            CLKINVX1  0.000   1.738    8.777  
      u_account_balance/g17070                A ^ -> Y v   CLKINVX1  0.136   1.874    8.913  
      u_account_balance/g17044                -            NOR2XL    0.000   1.874    8.913  
      u_account_balance/g17044                B v -> Y ^   NOR2XL    0.542   2.417    9.455  
      u_account_balance/g16923                -            AOI221X1  0.000   2.417    9.455  
      u_account_balance/g16923                B1 ^ -> Y v  AOI221X1  0.166   2.583    9.621  
      u_account_balance/g16910                -            OAI21X1   0.000   2.583    9.621  
      u_account_balance/g16910                B0 v -> Y ^  OAI21X1   0.090   2.673    9.711  
      u_account_balance/g16904                -            AOI211X1  0.000   2.673    9.711  
      u_account_balance/g16904                C0 ^ -> Y v  AOI211X1  0.047   2.720    9.759  
      u_account_balance/g16896                -            NAND2XL   0.000   2.720    9.759  
      u_account_balance/g16896                B v -> Y ^   NAND2XL   0.071   2.791    9.829  
      u_account_balance/g16891                -            NOR2XL    0.000   2.791    9.829  
      u_account_balance/g16891                B ^ -> Y v   NOR2XL    0.079   2.870    9.908  
      u_account_balance/g16890                -            INVX1     0.000   2.870    9.908  
      u_account_balance/g16890                A v -> Y ^   INVX1     0.044   2.914    9.953  
      u_account_balance/g16888                -            OR4X1     0.000   2.914    9.953  
      u_account_balance/g16888                C ^ -> Y ^   OR4X1     0.138   3.052    10.090  
      u_account_balance/g16887                -            NAND3BX1  0.000   3.052    10.090  
      u_account_balance/g16887                AN ^ -> Y ^  NAND3BX1  0.116   3.168    10.206  
      u_account_balance/g16886                -            OAI31X1   0.000   3.168    10.206  
      u_account_balance/g16886                A2 ^ -> Y v  OAI31X1   0.114   3.281    10.320  
      u_account_balance/g16885                -            NOR2BX1   0.000   3.281    10.320  
      u_account_balance/g16885                B v -> Y ^   NOR2BX1   0.116   3.397    10.436  
      u_account_balance/g3679                 -            NOR2BX1   0.000   3.397    10.436  
      u_account_balance/g3679                 AN ^ -> Y ^  NOR2BX1   0.145   3.542    10.581  
      u_account_balance/g3668                 -            AND2X1    0.000   3.542    10.581  
      u_account_balance/g3668                 B ^ -> Y ^   AND2X1    0.190   3.732    10.771  
      u_account_balance/g3644                 -            NAND3X1   0.000   3.732    10.771  
      u_account_balance/g3644                 C ^ -> Y v   NAND3X1   0.821   4.554    11.592  
      u_account_balance/balance_db_reg[7][5]  -            SDFFQX1   0.000   4.554    11.592  
      ----------------------------------------------------------------------------------------
     Clock Rise Edge                      0.000
     + Source Insertion Delay             0.010
     = Beginpoint Arrival Time            0.010
     Other End Path:
      ---------------------------------------------------------------------------------
      Instance                                Arc    Cell     Retime  Arrival  Required  
                                                              Delay   Time     Time  
      ---------------------------------------------------------------------------------
      -                                       clk ^  -        -       0.010    -7.028  
      u_account_balance/balance_db_reg[7][5]  -      SDFFQX1  0.000   0.010    -7.028  
      ---------------------------------------------------------------------------------
Path 12: MET Setup Check with Pin u_account_balance/balance_db_reg[7][4]/CK 
Endpoint:   u_account_balance/balance_db_reg[7][4]/SE (v) checked with  leading edge of 'clk'
Beginpoint: u_vehicle_interface/id_to_check_reg[3]/Q  (^) triggered by  leading edge of 'clk'
Path Groups: {clk}
Retime Analysis { Data Path-Slew }
Other End Arrival Time          0.010
- Setup                         0.418
+ Phase Shift                  12.000
= Required Time                11.592
- Arrival Time                  4.554
= Slack Time                    7.038
= Slack Time(original)          6.942
     Clock Rise Edge                      0.000
     + Source Insertion Delay             0.010
     = Beginpoint Arrival Time            0.010
     Timing Path:
      ----------------------------------------------------------------------------------------
      Instance                                Arc          Cell      Retime  Arrival  Required  
                                                                     Delay   Time     Time  
      ----------------------------------------------------------------------------------------
      -                                       clk ^        -         -       0.010    7.048  
      u_vehicle_interface/id_to_check_reg[3]  -            DFFQX1    0.000   0.010    7.048  
      u_vehicle_interface/id_to_check_reg[3]  CK ^ -> Q ^  DFFQX1    0.531   0.542    7.580  
      u_account_balance/g17076                -            CLKINVX1  0.000   0.542    7.580  
      u_account_balance/g17076                A ^ -> Y v   CLKINVX1  0.445   0.986    8.025  
      u_account_balance/g17074                -            NOR2XL    0.000   0.986    8.025  
      u_account_balance/g17074                A v -> Y ^   NOR2XL    0.752   1.738    8.777  
      u_account_balance/g17070                -            CLKINVX1  0.000   1.738    8.777  
      u_account_balance/g17070                A ^ -> Y v   CLKINVX1  0.136   1.874    8.913  
      u_account_balance/g17044                -            NOR2XL    0.000   1.874    8.913  
      u_account_balance/g17044                B v -> Y ^   NOR2XL    0.542   2.417    9.455  
      u_account_balance/g16923                -            AOI221X1  0.000   2.417    9.455  
      u_account_balance/g16923                B1 ^ -> Y v  AOI221X1  0.166   2.583    9.621  
      u_account_balance/g16910                -            OAI21X1   0.000   2.583    9.621  
      u_account_balance/g16910                B0 v -> Y ^  OAI21X1   0.090   2.673    9.711  
      u_account_balance/g16904                -            AOI211X1  0.000   2.673    9.711  
      u_account_balance/g16904                C0 ^ -> Y v  AOI211X1  0.047   2.720    9.759  
      u_account_balance/g16896                -            NAND2XL   0.000   2.720    9.759  
      u_account_balance/g16896                B v -> Y ^   NAND2XL   0.071   2.791    9.829  
      u_account_balance/g16891                -            NOR2XL    0.000   2.791    9.829  
      u_account_balance/g16891                B ^ -> Y v   NOR2XL    0.079   2.870    9.908  
      u_account_balance/g16890                -            INVX1     0.000   2.870    9.908  
      u_account_balance/g16890                A v -> Y ^   INVX1     0.044   2.914    9.953  
      u_account_balance/g16888                -            OR4X1     0.000   2.914    9.953  
      u_account_balance/g16888                C ^ -> Y ^   OR4X1     0.138   3.052    10.090  
      u_account_balance/g16887                -            NAND3BX1  0.000   3.052    10.090  
      u_account_balance/g16887                AN ^ -> Y ^  NAND3BX1  0.116   3.168    10.206  
      u_account_balance/g16886                -            OAI31X1   0.000   3.168    10.206  
      u_account_balance/g16886                A2 ^ -> Y v  OAI31X1   0.114   3.281    10.320  
      u_account_balance/g16885                -            NOR2BX1   0.000   3.281    10.320  
      u_account_balance/g16885                B v -> Y ^   NOR2BX1   0.116   3.397    10.436  
      u_account_balance/g3679                 -            NOR2BX1   0.000   3.397    10.436  
      u_account_balance/g3679                 AN ^ -> Y ^  NOR2BX1   0.145   3.542    10.581  
      u_account_balance/g3668                 -            AND2X1    0.000   3.542    10.581  
      u_account_balance/g3668                 B ^ -> Y ^   AND2X1    0.190   3.732    10.771  
      u_account_balance/g3644                 -            NAND3X1   0.000   3.732    10.771  
      u_account_balance/g3644                 C ^ -> Y v   NAND3X1   0.821   4.554    11.592  
      u_account_balance/balance_db_reg[7][4]  -            SDFFQX1   0.000   4.554    11.592  
      ----------------------------------------------------------------------------------------
     Clock Rise Edge                      0.000
     + Source Insertion Delay             0.010
     = Beginpoint Arrival Time            0.010
     Other End Path:
      ---------------------------------------------------------------------------------
      Instance                                Arc    Cell     Retime  Arrival  Required  
                                                              Delay   Time     Time  
      ---------------------------------------------------------------------------------
      -                                       clk ^  -        -       0.010    -7.028  
      u_account_balance/balance_db_reg[7][4]  -      SDFFQX1  0.000   0.010    -7.028  
      ---------------------------------------------------------------------------------
Path 13: MET Setup Check with Pin u_account_balance/balance_db_reg[7][3]/CK 
Endpoint:   u_account_balance/balance_db_reg[7][3]/SE (v) checked with  leading edge of 'clk'
Beginpoint: u_vehicle_interface/id_to_check_reg[3]/Q  (^) triggered by  leading edge of 'clk'
Path Groups: {clk}
Retime Analysis { Data Path-Slew }
Other End Arrival Time          0.010
- Setup                         0.418
+ Phase Shift                  12.000
= Required Time                11.592
- Arrival Time                  4.554
= Slack Time                    7.038
= Slack Time(original)          6.942
     Clock Rise Edge                      0.000
     + Source Insertion Delay             0.010
     = Beginpoint Arrival Time            0.010
     Timing Path:
      ----------------------------------------------------------------------------------------
      Instance                                Arc          Cell      Retime  Arrival  Required  
                                                                     Delay   Time     Time  
      ----------------------------------------------------------------------------------------
      -                                       clk ^        -         -       0.010    7.048  
      u_vehicle_interface/id_to_check_reg[3]  -            DFFQX1    0.000   0.010    7.048  
      u_vehicle_interface/id_to_check_reg[3]  CK ^ -> Q ^  DFFQX1    0.531   0.542    7.580  
      u_account_balance/g17076                -            CLKINVX1  0.000   0.542    7.580  
      u_account_balance/g17076                A ^ -> Y v   CLKINVX1  0.445   0.986    8.025  
      u_account_balance/g17074                -            NOR2XL    0.000   0.986    8.025  
      u_account_balance/g17074                A v -> Y ^   NOR2XL    0.752   1.738    8.777  
      u_account_balance/g17070                -            CLKINVX1  0.000   1.738    8.777  
      u_account_balance/g17070                A ^ -> Y v   CLKINVX1  0.136   1.874    8.913  
      u_account_balance/g17044                -            NOR2XL    0.000   1.874    8.913  
      u_account_balance/g17044                B v -> Y ^   NOR2XL    0.542   2.417    9.455  
      u_account_balance/g16923                -            AOI221X1  0.000   2.417    9.455  
      u_account_balance/g16923                B1 ^ -> Y v  AOI221X1  0.166   2.583    9.621  
      u_account_balance/g16910                -            OAI21X1   0.000   2.583    9.621  
      u_account_balance/g16910                B0 v -> Y ^  OAI21X1   0.090   2.673    9.711  
      u_account_balance/g16904                -            AOI211X1  0.000   2.673    9.711  
      u_account_balance/g16904                C0 ^ -> Y v  AOI211X1  0.047   2.720    9.759  
      u_account_balance/g16896                -            NAND2XL   0.000   2.720    9.759  
      u_account_balance/g16896                B v -> Y ^   NAND2XL   0.071   2.791    9.829  
      u_account_balance/g16891                -            NOR2XL    0.000   2.791    9.829  
      u_account_balance/g16891                B ^ -> Y v   NOR2XL    0.079   2.870    9.908  
      u_account_balance/g16890                -            INVX1     0.000   2.870    9.908  
      u_account_balance/g16890                A v -> Y ^   INVX1     0.044   2.914    9.953  
      u_account_balance/g16888                -            OR4X1     0.000   2.914    9.953  
      u_account_balance/g16888                C ^ -> Y ^   OR4X1     0.138   3.052    10.090  
      u_account_balance/g16887                -            NAND3BX1  0.000   3.052    10.090  
      u_account_balance/g16887                AN ^ -> Y ^  NAND3BX1  0.116   3.168    10.206  
      u_account_balance/g16886                -            OAI31X1   0.000   3.168    10.206  
      u_account_balance/g16886                A2 ^ -> Y v  OAI31X1   0.114   3.281    10.320  
      u_account_balance/g16885                -            NOR2BX1   0.000   3.281    10.320  
      u_account_balance/g16885                B v -> Y ^   NOR2BX1   0.116   3.397    10.436  
      u_account_balance/g3679                 -            NOR2BX1   0.000   3.397    10.436  
      u_account_balance/g3679                 AN ^ -> Y ^  NOR2BX1   0.145   3.542    10.581  
      u_account_balance/g3668                 -            AND2X1    0.000   3.542    10.581  
      u_account_balance/g3668                 B ^ -> Y ^   AND2X1    0.190   3.732    10.771  
      u_account_balance/g3644                 -            NAND3X1   0.000   3.732    10.771  
      u_account_balance/g3644                 C ^ -> Y v   NAND3X1   0.821   4.554    11.592  
      u_account_balance/balance_db_reg[7][3]  -            SDFFQX1   0.000   4.554    11.592  
      ----------------------------------------------------------------------------------------
     Clock Rise Edge                      0.000
     + Source Insertion Delay             0.010
     = Beginpoint Arrival Time            0.010
     Other End Path:
      ---------------------------------------------------------------------------------
      Instance                                Arc    Cell     Retime  Arrival  Required  
                                                              Delay   Time     Time  
      ---------------------------------------------------------------------------------
      -                                       clk ^  -        -       0.010    -7.028  
      u_account_balance/balance_db_reg[7][3]  -      SDFFQX1  0.000   0.010    -7.028  
      ---------------------------------------------------------------------------------
Path 14: MET Setup Check with Pin u_account_balance/balance_db_reg[7][2]/CK 
Endpoint:   u_account_balance/balance_db_reg[7][2]/SE (v) checked with  leading edge of 'clk'
Beginpoint: u_vehicle_interface/id_to_check_reg[3]/Q  (^) triggered by  leading edge of 'clk'
Path Groups: {clk}
Retime Analysis { Data Path-Slew }
Other End Arrival Time          0.010
- Setup                         0.418
+ Phase Shift                  12.000
= Required Time                11.592
- Arrival Time                  4.554
= Slack Time                    7.038
= Slack Time(original)          6.942
     Clock Rise Edge                      0.000
     + Source Insertion Delay             0.010
     = Beginpoint Arrival Time            0.010
     Timing Path:
      ----------------------------------------------------------------------------------------
      Instance                                Arc          Cell      Retime  Arrival  Required  
                                                                     Delay   Time     Time  
      ----------------------------------------------------------------------------------------
      -                                       clk ^        -         -       0.010    7.048  
      u_vehicle_interface/id_to_check_reg[3]  -            DFFQX1    0.000   0.010    7.048  
      u_vehicle_interface/id_to_check_reg[3]  CK ^ -> Q ^  DFFQX1    0.531   0.542    7.580  
      u_account_balance/g17076                -            CLKINVX1  0.000   0.542    7.580  
      u_account_balance/g17076                A ^ -> Y v   CLKINVX1  0.445   0.986    8.025  
      u_account_balance/g17074                -            NOR2XL    0.000   0.986    8.025  
      u_account_balance/g17074                A v -> Y ^   NOR2XL    0.752   1.738    8.777  
      u_account_balance/g17070                -            CLKINVX1  0.000   1.738    8.777  
      u_account_balance/g17070                A ^ -> Y v   CLKINVX1  0.136   1.874    8.913  
      u_account_balance/g17044                -            NOR2XL    0.000   1.874    8.913  
      u_account_balance/g17044                B v -> Y ^   NOR2XL    0.542   2.417    9.455  
      u_account_balance/g16923                -            AOI221X1  0.000   2.417    9.455  
      u_account_balance/g16923                B1 ^ -> Y v  AOI221X1  0.166   2.583    9.621  
      u_account_balance/g16910                -            OAI21X1   0.000   2.583    9.621  
      u_account_balance/g16910                B0 v -> Y ^  OAI21X1   0.090   2.673    9.711  
      u_account_balance/g16904                -            AOI211X1  0.000   2.673    9.711  
      u_account_balance/g16904                C0 ^ -> Y v  AOI211X1  0.047   2.720    9.759  
      u_account_balance/g16896                -            NAND2XL   0.000   2.720    9.759  
      u_account_balance/g16896                B v -> Y ^   NAND2XL   0.071   2.791    9.829  
      u_account_balance/g16891                -            NOR2XL    0.000   2.791    9.829  
      u_account_balance/g16891                B ^ -> Y v   NOR2XL    0.079   2.870    9.908  
      u_account_balance/g16890                -            INVX1     0.000   2.870    9.908  
      u_account_balance/g16890                A v -> Y ^   INVX1     0.044   2.914    9.953  
      u_account_balance/g16888                -            OR4X1     0.000   2.914    9.953  
      u_account_balance/g16888                C ^ -> Y ^   OR4X1     0.138   3.052    10.090  
      u_account_balance/g16887                -            NAND3BX1  0.000   3.052    10.090  
      u_account_balance/g16887                AN ^ -> Y ^  NAND3BX1  0.116   3.168    10.206  
      u_account_balance/g16886                -            OAI31X1   0.000   3.168    10.206  
      u_account_balance/g16886                A2 ^ -> Y v  OAI31X1   0.114   3.281    10.320  
      u_account_balance/g16885                -            NOR2BX1   0.000   3.281    10.320  
      u_account_balance/g16885                B v -> Y ^   NOR2BX1   0.116   3.397    10.436  
      u_account_balance/g3679                 -            NOR2BX1   0.000   3.397    10.436  
      u_account_balance/g3679                 AN ^ -> Y ^  NOR2BX1   0.145   3.542    10.581  
      u_account_balance/g3668                 -            AND2X1    0.000   3.542    10.581  
      u_account_balance/g3668                 B ^ -> Y ^   AND2X1    0.190   3.732    10.771  
      u_account_balance/g3644                 -            NAND3X1   0.000   3.732    10.771  
      u_account_balance/g3644                 C ^ -> Y v   NAND3X1   0.821   4.554    11.592  
      u_account_balance/balance_db_reg[7][2]  -            SDFFQX1   0.000   4.554    11.592  
      ----------------------------------------------------------------------------------------
     Clock Rise Edge                      0.000
     + Source Insertion Delay             0.010
     = Beginpoint Arrival Time            0.010
     Other End Path:
      ---------------------------------------------------------------------------------
      Instance                                Arc    Cell     Retime  Arrival  Required  
                                                              Delay   Time     Time  
      ---------------------------------------------------------------------------------
      -                                       clk ^  -        -       0.010    -7.028  
      u_account_balance/balance_db_reg[7][2]  -      SDFFQX1  0.000   0.010    -7.028  
      ---------------------------------------------------------------------------------
Path 15: MET Setup Check with Pin u_account_balance/balance_db_reg[7][1]/CK 
Endpoint:   u_account_balance/balance_db_reg[7][1]/SE (v) checked with  leading edge of 'clk'
Beginpoint: u_vehicle_interface/id_to_check_reg[3]/Q  (^) triggered by  leading edge of 'clk'
Path Groups: {clk}
Retime Analysis { Data Path-Slew }
Other End Arrival Time          0.010
- Setup                         0.418
+ Phase Shift                  12.000
= Required Time                11.592
- Arrival Time                  4.554
= Slack Time                    7.038
= Slack Time(original)          6.942
     Clock Rise Edge                      0.000
     + Source Insertion Delay             0.010
     = Beginpoint Arrival Time            0.010
     Timing Path:
      ----------------------------------------------------------------------------------------
      Instance                                Arc          Cell      Retime  Arrival  Required  
                                                                     Delay   Time     Time  
      ----------------------------------------------------------------------------------------
      -                                       clk ^        -         -       0.010    7.048  
      u_vehicle_interface/id_to_check_reg[3]  -            DFFQX1    0.000   0.010    7.048  
      u_vehicle_interface/id_to_check_reg[3]  CK ^ -> Q ^  DFFQX1    0.531   0.542    7.580  
      u_account_balance/g17076                -            CLKINVX1  0.000   0.542    7.580  
      u_account_balance/g17076                A ^ -> Y v   CLKINVX1  0.445   0.986    8.025  
      u_account_balance/g17074                -            NOR2XL    0.000   0.986    8.025  
      u_account_balance/g17074                A v -> Y ^   NOR2XL    0.752   1.738    8.777  
      u_account_balance/g17070                -            CLKINVX1  0.000   1.738    8.777  
      u_account_balance/g17070                A ^ -> Y v   CLKINVX1  0.136   1.874    8.913  
      u_account_balance/g17044                -            NOR2XL    0.000   1.874    8.913  
      u_account_balance/g17044                B v -> Y ^   NOR2XL    0.542   2.417    9.455  
      u_account_balance/g16923                -            AOI221X1  0.000   2.417    9.455  
      u_account_balance/g16923                B1 ^ -> Y v  AOI221X1  0.166   2.583    9.621  
      u_account_balance/g16910                -            OAI21X1   0.000   2.583    9.621  
      u_account_balance/g16910                B0 v -> Y ^  OAI21X1   0.090   2.673    9.711  
      u_account_balance/g16904                -            AOI211X1  0.000   2.673    9.711  
      u_account_balance/g16904                C0 ^ -> Y v  AOI211X1  0.047   2.720    9.759  
      u_account_balance/g16896                -            NAND2XL   0.000   2.720    9.759  
      u_account_balance/g16896                B v -> Y ^   NAND2XL   0.071   2.791    9.829  
      u_account_balance/g16891                -            NOR2XL    0.000   2.791    9.829  
      u_account_balance/g16891                B ^ -> Y v   NOR2XL    0.079   2.870    9.908  
      u_account_balance/g16890                -            INVX1     0.000   2.870    9.908  
      u_account_balance/g16890                A v -> Y ^   INVX1     0.044   2.914    9.953  
      u_account_balance/g16888                -            OR4X1     0.000   2.914    9.953  
      u_account_balance/g16888                C ^ -> Y ^   OR4X1     0.138   3.052    10.090  
      u_account_balance/g16887                -            NAND3BX1  0.000   3.052    10.090  
      u_account_balance/g16887                AN ^ -> Y ^  NAND3BX1  0.116   3.168    10.206  
      u_account_balance/g16886                -            OAI31X1   0.000   3.168    10.206  
      u_account_balance/g16886                A2 ^ -> Y v  OAI31X1   0.114   3.281    10.320  
      u_account_balance/g16885                -            NOR2BX1   0.000   3.281    10.320  
      u_account_balance/g16885                B v -> Y ^   NOR2BX1   0.116   3.397    10.436  
      u_account_balance/g3679                 -            NOR2BX1   0.000   3.397    10.436  
      u_account_balance/g3679                 AN ^ -> Y ^  NOR2BX1   0.145   3.542    10.581  
      u_account_balance/g3668                 -            AND2X1    0.000   3.542    10.581  
      u_account_balance/g3668                 B ^ -> Y ^   AND2X1    0.190   3.732    10.771  
      u_account_balance/g3644                 -            NAND3X1   0.000   3.732    10.771  
      u_account_balance/g3644                 C ^ -> Y v   NAND3X1   0.821   4.554    11.592  
      u_account_balance/balance_db_reg[7][1]  -            SDFFQX1   0.000   4.554    11.592  
      ----------------------------------------------------------------------------------------
     Clock Rise Edge                      0.000
     + Source Insertion Delay             0.010
     = Beginpoint Arrival Time            0.010
     Other End Path:
      ---------------------------------------------------------------------------------
      Instance                                Arc    Cell     Retime  Arrival  Required  
                                                              Delay   Time     Time  
      ---------------------------------------------------------------------------------
      -                                       clk ^  -        -       0.010    -7.028  
      u_account_balance/balance_db_reg[7][1]  -      SDFFQX1  0.000   0.010    -7.028  
      ---------------------------------------------------------------------------------
Path 16: MET Setup Check with Pin u_account_balance/balance_db_reg[6][15]/CK 
Endpoint:   u_account_balance/balance_db_reg[6][15]/SE (v) checked with  leading edge of 'clk'
Beginpoint: u_vehicle_interface/id_to_check_reg[3]/Q   (^) triggered by  leading edge of 'clk'
Path Groups: {clk}
Retime Analysis { Data Path-Slew }
Other End Arrival Time          0.010
- Setup                         0.418
+ Phase Shift                  12.000
= Required Time                11.592
- Arrival Time                  4.554
= Slack Time                    7.038
= Slack Time(original)          6.942
     Clock Rise Edge                      0.000
     + Source Insertion Delay             0.010
     = Beginpoint Arrival Time            0.010
     Timing Path:
      -----------------------------------------------------------------------------------------
      Instance                                 Arc          Cell      Retime  Arrival  Required  
                                                                      Delay   Time     Time  
      -----------------------------------------------------------------------------------------
      -                                        clk ^        -         -       0.010    7.048  
      u_vehicle_interface/id_to_check_reg[3]   -            DFFQX1    0.000   0.010    7.048  
      u_vehicle_interface/id_to_check_reg[3]   CK ^ -> Q ^  DFFQX1    0.531   0.542    7.580  
      u_account_balance/g17076                 -            CLKINVX1  0.000   0.542    7.580  
      u_account_balance/g17076                 A ^ -> Y v   CLKINVX1  0.445   0.986    8.025  
      u_account_balance/g17074                 -            NOR2XL    0.000   0.986    8.025  
      u_account_balance/g17074                 A v -> Y ^   NOR2XL    0.752   1.738    8.777  
      u_account_balance/g17070                 -            CLKINVX1  0.000   1.738    8.777  
      u_account_balance/g17070                 A ^ -> Y v   CLKINVX1  0.136   1.874    8.913  
      u_account_balance/g17044                 -            NOR2XL    0.000   1.874    8.913  
      u_account_balance/g17044                 B v -> Y ^   NOR2XL    0.542   2.417    9.455  
      u_account_balance/g16923                 -            AOI221X1  0.000   2.417    9.455  
      u_account_balance/g16923                 B1 ^ -> Y v  AOI221X1  0.166   2.583    9.621  
      u_account_balance/g16910                 -            OAI21X1   0.000   2.583    9.621  
      u_account_balance/g16910                 B0 v -> Y ^  OAI21X1   0.090   2.673    9.711  
      u_account_balance/g16904                 -            AOI211X1  0.000   2.673    9.711  
      u_account_balance/g16904                 C0 ^ -> Y v  AOI211X1  0.047   2.720    9.759  
      u_account_balance/g16896                 -            NAND2XL   0.000   2.720    9.759  
      u_account_balance/g16896                 B v -> Y ^   NAND2XL   0.071   2.791    9.829  
      u_account_balance/g16891                 -            NOR2XL    0.000   2.791    9.829  
      u_account_balance/g16891                 B ^ -> Y v   NOR2XL    0.079   2.870    9.908  
      u_account_balance/g16890                 -            INVX1     0.000   2.870    9.908  
      u_account_balance/g16890                 A v -> Y ^   INVX1     0.044   2.914    9.953  
      u_account_balance/g16888                 -            OR4X1     0.000   2.914    9.953  
      u_account_balance/g16888                 C ^ -> Y ^   OR4X1     0.138   3.052    10.090  
      u_account_balance/g16887                 -            NAND3BX1  0.000   3.052    10.090  
      u_account_balance/g16887                 AN ^ -> Y ^  NAND3BX1  0.116   3.168    10.206  
      u_account_balance/g16886                 -            OAI31X1   0.000   3.168    10.206  
      u_account_balance/g16886                 A2 ^ -> Y v  OAI31X1   0.114   3.281    10.320  
      u_account_balance/g16885                 -            NOR2BX1   0.000   3.281    10.320  
      u_account_balance/g16885                 B v -> Y ^   NOR2BX1   0.116   3.397    10.436  
      u_account_balance/g3679                  -            NOR2BX1   0.000   3.397    10.436  
      u_account_balance/g3679                  AN ^ -> Y ^  NOR2BX1   0.145   3.542    10.581  
      u_account_balance/g3668                  -            AND2X1    0.000   3.542    10.581  
      u_account_balance/g3668                  B ^ -> Y ^   AND2X1    0.190   3.732    10.771  
      u_account_balance/g3643                  -            NAND3X1   0.000   3.732    10.771  
      u_account_balance/g3643                  C ^ -> Y v   NAND3X1   0.821   4.554    11.592  
      u_account_balance/balance_db_reg[6][15]  -            SDFFQX1   0.000   4.554    11.592  
      -----------------------------------------------------------------------------------------
     Clock Rise Edge                      0.000
     + Source Insertion Delay             0.010
     = Beginpoint Arrival Time            0.010
     Other End Path:
      ----------------------------------------------------------------------------------
      Instance                                 Arc    Cell     Retime  Arrival  Required  
                                                               Delay   Time     Time  
      ----------------------------------------------------------------------------------
      -                                        clk ^  -        -       0.010    -7.028  
      u_account_balance/balance_db_reg[6][15]  -      SDFFQX1  0.000   0.010    -7.028  
      ----------------------------------------------------------------------------------
Path 17: MET Setup Check with Pin u_account_balance/balance_db_reg[6][14]/CK 
Endpoint:   u_account_balance/balance_db_reg[6][14]/SE (v) checked with  leading edge of 'clk'
Beginpoint: u_vehicle_interface/id_to_check_reg[3]/Q   (^) triggered by  leading edge of 'clk'
Path Groups: {clk}
Retime Analysis { Data Path-Slew }
Other End Arrival Time          0.010
- Setup                         0.418
+ Phase Shift                  12.000
= Required Time                11.592
- Arrival Time                  4.554
= Slack Time                    7.038
= Slack Time(original)          6.942
     Clock Rise Edge                      0.000
     + Source Insertion Delay             0.010
     = Beginpoint Arrival Time            0.010
     Timing Path:
      -----------------------------------------------------------------------------------------
      Instance                                 Arc          Cell      Retime  Arrival  Required  
                                                                      Delay   Time     Time  
      -----------------------------------------------------------------------------------------
      -                                        clk ^        -         -       0.010    7.048  
      u_vehicle_interface/id_to_check_reg[3]   -            DFFQX1    0.000   0.010    7.048  
      u_vehicle_interface/id_to_check_reg[3]   CK ^ -> Q ^  DFFQX1    0.531   0.542    7.580  
      u_account_balance/g17076                 -            CLKINVX1  0.000   0.542    7.580  
      u_account_balance/g17076                 A ^ -> Y v   CLKINVX1  0.445   0.986    8.025  
      u_account_balance/g17074                 -            NOR2XL    0.000   0.986    8.025  
      u_account_balance/g17074                 A v -> Y ^   NOR2XL    0.752   1.738    8.777  
      u_account_balance/g17070                 -            CLKINVX1  0.000   1.738    8.777  
      u_account_balance/g17070                 A ^ -> Y v   CLKINVX1  0.136   1.874    8.913  
      u_account_balance/g17044                 -            NOR2XL    0.000   1.874    8.913  
      u_account_balance/g17044                 B v -> Y ^   NOR2XL    0.542   2.417    9.455  
      u_account_balance/g16923                 -            AOI221X1  0.000   2.417    9.455  
      u_account_balance/g16923                 B1 ^ -> Y v  AOI221X1  0.166   2.583    9.621  
      u_account_balance/g16910                 -            OAI21X1   0.000   2.583    9.621  
      u_account_balance/g16910                 B0 v -> Y ^  OAI21X1   0.090   2.673    9.711  
      u_account_balance/g16904                 -            AOI211X1  0.000   2.673    9.711  
      u_account_balance/g16904                 C0 ^ -> Y v  AOI211X1  0.047   2.720    9.759  
      u_account_balance/g16896                 -            NAND2XL   0.000   2.720    9.759  
      u_account_balance/g16896                 B v -> Y ^   NAND2XL   0.071   2.791    9.829  
      u_account_balance/g16891                 -            NOR2XL    0.000   2.791    9.829  
      u_account_balance/g16891                 B ^ -> Y v   NOR2XL    0.079   2.870    9.908  
      u_account_balance/g16890                 -            INVX1     0.000   2.870    9.908  
      u_account_balance/g16890                 A v -> Y ^   INVX1     0.044   2.914    9.953  
      u_account_balance/g16888                 -            OR4X1     0.000   2.914    9.953  
      u_account_balance/g16888                 C ^ -> Y ^   OR4X1     0.138   3.052    10.090  
      u_account_balance/g16887                 -            NAND3BX1  0.000   3.052    10.090  
      u_account_balance/g16887                 AN ^ -> Y ^  NAND3BX1  0.116   3.168    10.206  
      u_account_balance/g16886                 -            OAI31X1   0.000   3.168    10.206  
      u_account_balance/g16886                 A2 ^ -> Y v  OAI31X1   0.114   3.281    10.320  
      u_account_balance/g16885                 -            NOR2BX1   0.000   3.281    10.320  
      u_account_balance/g16885                 B v -> Y ^   NOR2BX1   0.116   3.397    10.436  
      u_account_balance/g3679                  -            NOR2BX1   0.000   3.397    10.436  
      u_account_balance/g3679                  AN ^ -> Y ^  NOR2BX1   0.145   3.542    10.581  
      u_account_balance/g3668                  -            AND2X1    0.000   3.542    10.581  
      u_account_balance/g3668                  B ^ -> Y ^   AND2X1    0.190   3.732    10.771  
      u_account_balance/g3643                  -            NAND3X1   0.000   3.732    10.771  
      u_account_balance/g3643                  C ^ -> Y v   NAND3X1   0.821   4.554    11.592  
      u_account_balance/balance_db_reg[6][14]  -            SDFFQX1   0.000   4.554    11.592  
      -----------------------------------------------------------------------------------------
     Clock Rise Edge                      0.000
     + Source Insertion Delay             0.010
     = Beginpoint Arrival Time            0.010
     Other End Path:
      ----------------------------------------------------------------------------------
      Instance                                 Arc    Cell     Retime  Arrival  Required  
                                                               Delay   Time     Time  
      ----------------------------------------------------------------------------------
      -                                        clk ^  -        -       0.010    -7.028  
      u_account_balance/balance_db_reg[6][14]  -      SDFFQX1  0.000   0.010    -7.028  
      ----------------------------------------------------------------------------------
Path 18: MET Setup Check with Pin u_account_balance/balance_db_reg[6][13]/CK 
Endpoint:   u_account_balance/balance_db_reg[6][13]/SE (v) checked with  leading edge of 'clk'
Beginpoint: u_vehicle_interface/id_to_check_reg[3]/Q   (^) triggered by  leading edge of 'clk'
Path Groups: {clk}
Retime Analysis { Data Path-Slew }
Other End Arrival Time          0.010
- Setup                         0.418
+ Phase Shift                  12.000
= Required Time                11.592
- Arrival Time                  4.554
= Slack Time                    7.038
= Slack Time(original)          6.942
     Clock Rise Edge                      0.000
     + Source Insertion Delay             0.010
     = Beginpoint Arrival Time            0.010
     Timing Path:
      -----------------------------------------------------------------------------------------
      Instance                                 Arc          Cell      Retime  Arrival  Required  
                                                                      Delay   Time     Time  
      -----------------------------------------------------------------------------------------
      -                                        clk ^        -         -       0.010    7.048  
      u_vehicle_interface/id_to_check_reg[3]   -            DFFQX1    0.000   0.010    7.048  
      u_vehicle_interface/id_to_check_reg[3]   CK ^ -> Q ^  DFFQX1    0.531   0.542    7.580  
      u_account_balance/g17076                 -            CLKINVX1  0.000   0.542    7.580  
      u_account_balance/g17076                 A ^ -> Y v   CLKINVX1  0.445   0.986    8.025  
      u_account_balance/g17074                 -            NOR2XL    0.000   0.986    8.025  
      u_account_balance/g17074                 A v -> Y ^   NOR2XL    0.752   1.738    8.777  
      u_account_balance/g17070                 -            CLKINVX1  0.000   1.738    8.777  
      u_account_balance/g17070                 A ^ -> Y v   CLKINVX1  0.136   1.874    8.913  
      u_account_balance/g17044                 -            NOR2XL    0.000   1.874    8.913  
      u_account_balance/g17044                 B v -> Y ^   NOR2XL    0.542   2.417    9.455  
      u_account_balance/g16923                 -            AOI221X1  0.000   2.417    9.455  
      u_account_balance/g16923                 B1 ^ -> Y v  AOI221X1  0.166   2.583    9.621  
      u_account_balance/g16910                 -            OAI21X1   0.000   2.583    9.621  
      u_account_balance/g16910                 B0 v -> Y ^  OAI21X1   0.090   2.673    9.711  
      u_account_balance/g16904                 -            AOI211X1  0.000   2.673    9.711  
      u_account_balance/g16904                 C0 ^ -> Y v  AOI211X1  0.047   2.720    9.759  
      u_account_balance/g16896                 -            NAND2XL   0.000   2.720    9.759  
      u_account_balance/g16896                 B v -> Y ^   NAND2XL   0.071   2.791    9.829  
      u_account_balance/g16891                 -            NOR2XL    0.000   2.791    9.829  
      u_account_balance/g16891                 B ^ -> Y v   NOR2XL    0.079   2.870    9.908  
      u_account_balance/g16890                 -            INVX1     0.000   2.870    9.908  
      u_account_balance/g16890                 A v -> Y ^   INVX1     0.044   2.914    9.953  
      u_account_balance/g16888                 -            OR4X1     0.000   2.914    9.953  
      u_account_balance/g16888                 C ^ -> Y ^   OR4X1     0.138   3.052    10.090  
      u_account_balance/g16887                 -            NAND3BX1  0.000   3.052    10.090  
      u_account_balance/g16887                 AN ^ -> Y ^  NAND3BX1  0.116   3.168    10.206  
      u_account_balance/g16886                 -            OAI31X1   0.000   3.168    10.206  
      u_account_balance/g16886                 A2 ^ -> Y v  OAI31X1   0.114   3.281    10.320  
      u_account_balance/g16885                 -            NOR2BX1   0.000   3.281    10.320  
      u_account_balance/g16885                 B v -> Y ^   NOR2BX1   0.116   3.397    10.436  
      u_account_balance/g3679                  -            NOR2BX1   0.000   3.397    10.436  
      u_account_balance/g3679                  AN ^ -> Y ^  NOR2BX1   0.145   3.542    10.581  
      u_account_balance/g3668                  -            AND2X1    0.000   3.542    10.581  
      u_account_balance/g3668                  B ^ -> Y ^   AND2X1    0.190   3.732    10.771  
      u_account_balance/g3643                  -            NAND3X1   0.000   3.732    10.771  
      u_account_balance/g3643                  C ^ -> Y v   NAND3X1   0.821   4.554    11.592  
      u_account_balance/balance_db_reg[6][13]  -            SDFFQX1   0.000   4.554    11.592  
      -----------------------------------------------------------------------------------------
     Clock Rise Edge                      0.000
     + Source Insertion Delay             0.010
     = Beginpoint Arrival Time            0.010
     Other End Path:
      ----------------------------------------------------------------------------------
      Instance                                 Arc    Cell     Retime  Arrival  Required  
                                                               Delay   Time     Time  
      ----------------------------------------------------------------------------------
      -                                        clk ^  -        -       0.010    -7.028  
      u_account_balance/balance_db_reg[6][13]  -      SDFFQX1  0.000   0.010    -7.028  
      ----------------------------------------------------------------------------------
Path 19: MET Setup Check with Pin u_account_balance/balance_db_reg[6][12]/CK 
Endpoint:   u_account_balance/balance_db_reg[6][12]/SE (v) checked with  leading edge of 'clk'
Beginpoint: u_vehicle_interface/id_to_check_reg[3]/Q   (^) triggered by  leading edge of 'clk'
Path Groups: {clk}
Retime Analysis { Data Path-Slew }
Other End Arrival Time          0.010
- Setup                         0.418
+ Phase Shift                  12.000
= Required Time                11.592
- Arrival Time                  4.554
= Slack Time                    7.038
= Slack Time(original)          6.942
     Clock Rise Edge                      0.000
     + Source Insertion Delay             0.010
     = Beginpoint Arrival Time            0.010
     Timing Path:
      -----------------------------------------------------------------------------------------
      Instance                                 Arc          Cell      Retime  Arrival  Required  
                                                                      Delay   Time     Time  
      -----------------------------------------------------------------------------------------
      -                                        clk ^        -         -       0.010    7.048  
      u_vehicle_interface/id_to_check_reg[3]   -            DFFQX1    0.000   0.010    7.048  
      u_vehicle_interface/id_to_check_reg[3]   CK ^ -> Q ^  DFFQX1    0.531   0.542    7.580  
      u_account_balance/g17076                 -            CLKINVX1  0.000   0.542    7.580  
      u_account_balance/g17076                 A ^ -> Y v   CLKINVX1  0.445   0.986    8.025  
      u_account_balance/g17074                 -            NOR2XL    0.000   0.986    8.025  
      u_account_balance/g17074                 A v -> Y ^   NOR2XL    0.752   1.738    8.777  
      u_account_balance/g17070                 -            CLKINVX1  0.000   1.738    8.777  
      u_account_balance/g17070                 A ^ -> Y v   CLKINVX1  0.136   1.874    8.913  
      u_account_balance/g17044                 -            NOR2XL    0.000   1.874    8.913  
      u_account_balance/g17044                 B v -> Y ^   NOR2XL    0.542   2.417    9.455  
      u_account_balance/g16923                 -            AOI221X1  0.000   2.417    9.455  
      u_account_balance/g16923                 B1 ^ -> Y v  AOI221X1  0.166   2.583    9.621  
      u_account_balance/g16910                 -            OAI21X1   0.000   2.583    9.621  
      u_account_balance/g16910                 B0 v -> Y ^  OAI21X1   0.090   2.673    9.711  
      u_account_balance/g16904                 -            AOI211X1  0.000   2.673    9.711  
      u_account_balance/g16904                 C0 ^ -> Y v  AOI211X1  0.047   2.720    9.759  
      u_account_balance/g16896                 -            NAND2XL   0.000   2.720    9.759  
      u_account_balance/g16896                 B v -> Y ^   NAND2XL   0.071   2.791    9.829  
      u_account_balance/g16891                 -            NOR2XL    0.000   2.791    9.829  
      u_account_balance/g16891                 B ^ -> Y v   NOR2XL    0.079   2.870    9.908  
      u_account_balance/g16890                 -            INVX1     0.000   2.870    9.908  
      u_account_balance/g16890                 A v -> Y ^   INVX1     0.044   2.914    9.953  
      u_account_balance/g16888                 -            OR4X1     0.000   2.914    9.953  
      u_account_balance/g16888                 C ^ -> Y ^   OR4X1     0.138   3.052    10.090  
      u_account_balance/g16887                 -            NAND3BX1  0.000   3.052    10.090  
      u_account_balance/g16887                 AN ^ -> Y ^  NAND3BX1  0.116   3.168    10.206  
      u_account_balance/g16886                 -            OAI31X1   0.000   3.168    10.206  
      u_account_balance/g16886                 A2 ^ -> Y v  OAI31X1   0.114   3.281    10.320  
      u_account_balance/g16885                 -            NOR2BX1   0.000   3.281    10.320  
      u_account_balance/g16885                 B v -> Y ^   NOR2BX1   0.116   3.397    10.436  
      u_account_balance/g3679                  -            NOR2BX1   0.000   3.397    10.436  
      u_account_balance/g3679                  AN ^ -> Y ^  NOR2BX1   0.145   3.542    10.581  
      u_account_balance/g3668                  -            AND2X1    0.000   3.542    10.581  
      u_account_balance/g3668                  B ^ -> Y ^   AND2X1    0.190   3.732    10.771  
      u_account_balance/g3643                  -            NAND3X1   0.000   3.732    10.771  
      u_account_balance/g3643                  C ^ -> Y v   NAND3X1   0.821   4.554    11.592  
      u_account_balance/balance_db_reg[6][12]  -            SDFFQX1   0.000   4.554    11.592  
      -----------------------------------------------------------------------------------------
     Clock Rise Edge                      0.000
     + Source Insertion Delay             0.010
     = Beginpoint Arrival Time            0.010
     Other End Path:
      ----------------------------------------------------------------------------------
      Instance                                 Arc    Cell     Retime  Arrival  Required  
                                                               Delay   Time     Time  
      ----------------------------------------------------------------------------------
      -                                        clk ^  -        -       0.010    -7.028  
      u_account_balance/balance_db_reg[6][12]  -      SDFFQX1  0.000   0.010    -7.028  
      ----------------------------------------------------------------------------------
Path 20: MET Setup Check with Pin u_account_balance/balance_db_reg[6][11]/CK 
Endpoint:   u_account_balance/balance_db_reg[6][11]/SE (v) checked with  leading edge of 'clk'
Beginpoint: u_vehicle_interface/id_to_check_reg[3]/Q   (^) triggered by  leading edge of 'clk'
Path Groups: {clk}
Retime Analysis { Data Path-Slew }
Other End Arrival Time          0.010
- Setup                         0.418
+ Phase Shift                  12.000
= Required Time                11.592
- Arrival Time                  4.554
= Slack Time                    7.038
= Slack Time(original)          6.942
     Clock Rise Edge                      0.000
     + Source Insertion Delay             0.010
     = Beginpoint Arrival Time            0.010
     Timing Path:
      -----------------------------------------------------------------------------------------
      Instance                                 Arc          Cell      Retime  Arrival  Required  
                                                                      Delay   Time     Time  
      -----------------------------------------------------------------------------------------
      -                                        clk ^        -         -       0.010    7.048  
      u_vehicle_interface/id_to_check_reg[3]   -            DFFQX1    0.000   0.010    7.048  
      u_vehicle_interface/id_to_check_reg[3]   CK ^ -> Q ^  DFFQX1    0.531   0.542    7.580  
      u_account_balance/g17076                 -            CLKINVX1  0.000   0.542    7.580  
      u_account_balance/g17076                 A ^ -> Y v   CLKINVX1  0.445   0.986    8.025  
      u_account_balance/g17074                 -            NOR2XL    0.000   0.986    8.025  
      u_account_balance/g17074                 A v -> Y ^   NOR2XL    0.752   1.738    8.777  
      u_account_balance/g17070                 -            CLKINVX1  0.000   1.738    8.777  
      u_account_balance/g17070                 A ^ -> Y v   CLKINVX1  0.136   1.874    8.913  
      u_account_balance/g17044                 -            NOR2XL    0.000   1.874    8.913  
      u_account_balance/g17044                 B v -> Y ^   NOR2XL    0.542   2.417    9.455  
      u_account_balance/g16923                 -            AOI221X1  0.000   2.417    9.455  
      u_account_balance/g16923                 B1 ^ -> Y v  AOI221X1  0.166   2.583    9.621  
      u_account_balance/g16910                 -            OAI21X1   0.000   2.583    9.621  
      u_account_balance/g16910                 B0 v -> Y ^  OAI21X1   0.090   2.673    9.711  
      u_account_balance/g16904                 -            AOI211X1  0.000   2.673    9.711  
      u_account_balance/g16904                 C0 ^ -> Y v  AOI211X1  0.047   2.720    9.759  
      u_account_balance/g16896                 -            NAND2XL   0.000   2.720    9.759  
      u_account_balance/g16896                 B v -> Y ^   NAND2XL   0.071   2.791    9.829  
      u_account_balance/g16891                 -            NOR2XL    0.000   2.791    9.829  
      u_account_balance/g16891                 B ^ -> Y v   NOR2XL    0.079   2.870    9.908  
      u_account_balance/g16890                 -            INVX1     0.000   2.870    9.908  
      u_account_balance/g16890                 A v -> Y ^   INVX1     0.044   2.914    9.953  
      u_account_balance/g16888                 -            OR4X1     0.000   2.914    9.953  
      u_account_balance/g16888                 C ^ -> Y ^   OR4X1     0.138   3.052    10.090  
      u_account_balance/g16887                 -            NAND3BX1  0.000   3.052    10.090  
      u_account_balance/g16887                 AN ^ -> Y ^  NAND3BX1  0.116   3.168    10.206  
      u_account_balance/g16886                 -            OAI31X1   0.000   3.168    10.206  
      u_account_balance/g16886                 A2 ^ -> Y v  OAI31X1   0.114   3.281    10.320  
      u_account_balance/g16885                 -            NOR2BX1   0.000   3.281    10.320  
      u_account_balance/g16885                 B v -> Y ^   NOR2BX1   0.116   3.397    10.436  
      u_account_balance/g3679                  -            NOR2BX1   0.000   3.397    10.436  
      u_account_balance/g3679                  AN ^ -> Y ^  NOR2BX1   0.145   3.542    10.581  
      u_account_balance/g3668                  -            AND2X1    0.000   3.542    10.581  
      u_account_balance/g3668                  B ^ -> Y ^   AND2X1    0.190   3.732    10.771  
      u_account_balance/g3643                  -            NAND3X1   0.000   3.732    10.771  
      u_account_balance/g3643                  C ^ -> Y v   NAND3X1   0.821   4.554    11.592  
      u_account_balance/balance_db_reg[6][11]  -            SDFFQX1   0.000   4.554    11.592  
      -----------------------------------------------------------------------------------------
     Clock Rise Edge                      0.000
     + Source Insertion Delay             0.010
     = Beginpoint Arrival Time            0.010
     Other End Path:
      ----------------------------------------------------------------------------------
      Instance                                 Arc    Cell     Retime  Arrival  Required  
                                                               Delay   Time     Time  
      ----------------------------------------------------------------------------------
      -                                        clk ^  -        -       0.010    -7.028  
      u_account_balance/balance_db_reg[6][11]  -      SDFFQX1  0.000   0.010    -7.028  
      ----------------------------------------------------------------------------------
Path 21: MET Setup Check with Pin u_account_balance/balance_db_reg[6][10]/CK 
Endpoint:   u_account_balance/balance_db_reg[6][10]/SE (v) checked with  leading edge of 'clk'
Beginpoint: u_vehicle_interface/id_to_check_reg[3]/Q   (^) triggered by  leading edge of 'clk'
Path Groups: {clk}
Retime Analysis { Data Path-Slew }
Other End Arrival Time          0.010
- Setup                         0.418
+ Phase Shift                  12.000
= Required Time                11.592
- Arrival Time                  4.554
= Slack Time                    7.038
= Slack Time(original)          6.942
     Clock Rise Edge                      0.000
     + Source Insertion Delay             0.010
     = Beginpoint Arrival Time            0.010
     Timing Path:
      -----------------------------------------------------------------------------------------
      Instance                                 Arc          Cell      Retime  Arrival  Required  
                                                                      Delay   Time     Time  
      -----------------------------------------------------------------------------------------
      -                                        clk ^        -         -       0.010    7.048  
      u_vehicle_interface/id_to_check_reg[3]   -            DFFQX1    0.000   0.010    7.048  
      u_vehicle_interface/id_to_check_reg[3]   CK ^ -> Q ^  DFFQX1    0.531   0.542    7.580  
      u_account_balance/g17076                 -            CLKINVX1  0.000   0.542    7.580  
      u_account_balance/g17076                 A ^ -> Y v   CLKINVX1  0.445   0.986    8.025  
      u_account_balance/g17074                 -            NOR2XL    0.000   0.986    8.025  
      u_account_balance/g17074                 A v -> Y ^   NOR2XL    0.752   1.738    8.777  
      u_account_balance/g17070                 -            CLKINVX1  0.000   1.738    8.777  
      u_account_balance/g17070                 A ^ -> Y v   CLKINVX1  0.136   1.874    8.913  
      u_account_balance/g17044                 -            NOR2XL    0.000   1.874    8.913  
      u_account_balance/g17044                 B v -> Y ^   NOR2XL    0.542   2.417    9.455  
      u_account_balance/g16923                 -            AOI221X1  0.000   2.417    9.455  
      u_account_balance/g16923                 B1 ^ -> Y v  AOI221X1  0.166   2.583    9.621  
      u_account_balance/g16910                 -            OAI21X1   0.000   2.583    9.621  
      u_account_balance/g16910                 B0 v -> Y ^  OAI21X1   0.090   2.673    9.711  
      u_account_balance/g16904                 -            AOI211X1  0.000   2.673    9.711  
      u_account_balance/g16904                 C0 ^ -> Y v  AOI211X1  0.047   2.720    9.759  
      u_account_balance/g16896                 -            NAND2XL   0.000   2.720    9.759  
      u_account_balance/g16896                 B v -> Y ^   NAND2XL   0.071   2.791    9.829  
      u_account_balance/g16891                 -            NOR2XL    0.000   2.791    9.829  
      u_account_balance/g16891                 B ^ -> Y v   NOR2XL    0.079   2.870    9.908  
      u_account_balance/g16890                 -            INVX1     0.000   2.870    9.908  
      u_account_balance/g16890                 A v -> Y ^   INVX1     0.044   2.914    9.953  
      u_account_balance/g16888                 -            OR4X1     0.000   2.914    9.953  
      u_account_balance/g16888                 C ^ -> Y ^   OR4X1     0.138   3.052    10.090  
      u_account_balance/g16887                 -            NAND3BX1  0.000   3.052    10.090  
      u_account_balance/g16887                 AN ^ -> Y ^  NAND3BX1  0.116   3.168    10.206  
      u_account_balance/g16886                 -            OAI31X1   0.000   3.168    10.206  
      u_account_balance/g16886                 A2 ^ -> Y v  OAI31X1   0.114   3.281    10.320  
      u_account_balance/g16885                 -            NOR2BX1   0.000   3.281    10.320  
      u_account_balance/g16885                 B v -> Y ^   NOR2BX1   0.116   3.397    10.436  
      u_account_balance/g3679                  -            NOR2BX1   0.000   3.397    10.436  
      u_account_balance/g3679                  AN ^ -> Y ^  NOR2BX1   0.145   3.542    10.581  
      u_account_balance/g3668                  -            AND2X1    0.000   3.542    10.581  
      u_account_balance/g3668                  B ^ -> Y ^   AND2X1    0.190   3.732    10.771  
      u_account_balance/g3643                  -            NAND3X1   0.000   3.732    10.771  
      u_account_balance/g3643                  C ^ -> Y v   NAND3X1   0.821   4.554    11.592  
      u_account_balance/balance_db_reg[6][10]  -            SDFFQX1   0.000   4.554    11.592  
      -----------------------------------------------------------------------------------------
     Clock Rise Edge                      0.000
     + Source Insertion Delay             0.010
     = Beginpoint Arrival Time            0.010
     Other End Path:
      ----------------------------------------------------------------------------------
      Instance                                 Arc    Cell     Retime  Arrival  Required  
                                                               Delay   Time     Time  
      ----------------------------------------------------------------------------------
      -                                        clk ^  -        -       0.010    -7.028  
      u_account_balance/balance_db_reg[6][10]  -      SDFFQX1  0.000   0.010    -7.028  
      ----------------------------------------------------------------------------------
Path 22: MET Setup Check with Pin u_account_balance/balance_db_reg[6][9]/CK 
Endpoint:   u_account_balance/balance_db_reg[6][9]/SE (v) checked with  leading edge of 'clk'
Beginpoint: u_vehicle_interface/id_to_check_reg[3]/Q  (^) triggered by  leading edge of 'clk'
Path Groups: {clk}
Retime Analysis { Data Path-Slew }
Other End Arrival Time          0.010
- Setup                         0.418
+ Phase Shift                  12.000
= Required Time                11.592
- Arrival Time                  4.554
= Slack Time                    7.038
= Slack Time(original)          6.942
     Clock Rise Edge                      0.000
     + Source Insertion Delay             0.010
     = Beginpoint Arrival Time            0.010
     Timing Path:
      ----------------------------------------------------------------------------------------
      Instance                                Arc          Cell      Retime  Arrival  Required  
                                                                     Delay   Time     Time  
      ----------------------------------------------------------------------------------------
      -                                       clk ^        -         -       0.010    7.048  
      u_vehicle_interface/id_to_check_reg[3]  -            DFFQX1    0.000   0.010    7.048  
      u_vehicle_interface/id_to_check_reg[3]  CK ^ -> Q ^  DFFQX1    0.531   0.542    7.580  
      u_account_balance/g17076                -            CLKINVX1  0.000   0.542    7.580  
      u_account_balance/g17076                A ^ -> Y v   CLKINVX1  0.445   0.986    8.025  
      u_account_balance/g17074                -            NOR2XL    0.000   0.986    8.025  
      u_account_balance/g17074                A v -> Y ^   NOR2XL    0.752   1.738    8.777  
      u_account_balance/g17070                -            CLKINVX1  0.000   1.738    8.777  
      u_account_balance/g17070                A ^ -> Y v   CLKINVX1  0.136   1.874    8.913  
      u_account_balance/g17044                -            NOR2XL    0.000   1.874    8.913  
      u_account_balance/g17044                B v -> Y ^   NOR2XL    0.542   2.417    9.455  
      u_account_balance/g16923                -            AOI221X1  0.000   2.417    9.455  
      u_account_balance/g16923                B1 ^ -> Y v  AOI221X1  0.166   2.583    9.621  
      u_account_balance/g16910                -            OAI21X1   0.000   2.583    9.621  
      u_account_balance/g16910                B0 v -> Y ^  OAI21X1   0.090   2.673    9.711  
      u_account_balance/g16904                -            AOI211X1  0.000   2.673    9.711  
      u_account_balance/g16904                C0 ^ -> Y v  AOI211X1  0.047   2.720    9.759  
      u_account_balance/g16896                -            NAND2XL   0.000   2.720    9.759  
      u_account_balance/g16896                B v -> Y ^   NAND2XL   0.071   2.791    9.829  
      u_account_balance/g16891                -            NOR2XL    0.000   2.791    9.829  
      u_account_balance/g16891                B ^ -> Y v   NOR2XL    0.079   2.870    9.908  
      u_account_balance/g16890                -            INVX1     0.000   2.870    9.908  
      u_account_balance/g16890                A v -> Y ^   INVX1     0.044   2.914    9.953  
      u_account_balance/g16888                -            OR4X1     0.000   2.914    9.953  
      u_account_balance/g16888                C ^ -> Y ^   OR4X1     0.138   3.052    10.090  
      u_account_balance/g16887                -            NAND3BX1  0.000   3.052    10.090  
      u_account_balance/g16887                AN ^ -> Y ^  NAND3BX1  0.116   3.168    10.206  
      u_account_balance/g16886                -            OAI31X1   0.000   3.168    10.206  
      u_account_balance/g16886                A2 ^ -> Y v  OAI31X1   0.114   3.281    10.320  
      u_account_balance/g16885                -            NOR2BX1   0.000   3.281    10.320  
      u_account_balance/g16885                B v -> Y ^   NOR2BX1   0.116   3.397    10.436  
      u_account_balance/g3679                 -            NOR2BX1   0.000   3.397    10.436  
      u_account_balance/g3679                 AN ^ -> Y ^  NOR2BX1   0.145   3.542    10.581  
      u_account_balance/g3668                 -            AND2X1    0.000   3.542    10.581  
      u_account_balance/g3668                 B ^ -> Y ^   AND2X1    0.190   3.732    10.771  
      u_account_balance/g3643                 -            NAND3X1   0.000   3.732    10.771  
      u_account_balance/g3643                 C ^ -> Y v   NAND3X1   0.821   4.554    11.592  
      u_account_balance/balance_db_reg[6][9]  -            SDFFQX1   0.000   4.554    11.592  
      ----------------------------------------------------------------------------------------
     Clock Rise Edge                      0.000
     + Source Insertion Delay             0.010
     = Beginpoint Arrival Time            0.010
     Other End Path:
      ---------------------------------------------------------------------------------
      Instance                                Arc    Cell     Retime  Arrival  Required  
                                                              Delay   Time     Time  
      ---------------------------------------------------------------------------------
      -                                       clk ^  -        -       0.010    -7.028  
      u_account_balance/balance_db_reg[6][9]  -      SDFFQX1  0.000   0.010    -7.028  
      ---------------------------------------------------------------------------------
Path 23: MET Setup Check with Pin u_account_balance/balance_db_reg[6][8]/CK 
Endpoint:   u_account_balance/balance_db_reg[6][8]/SE (v) checked with  leading edge of 'clk'
Beginpoint: u_vehicle_interface/id_to_check_reg[3]/Q  (^) triggered by  leading edge of 'clk'
Path Groups: {clk}
Retime Analysis { Data Path-Slew }
Other End Arrival Time          0.010
- Setup                         0.418
+ Phase Shift                  12.000
= Required Time                11.592
- Arrival Time                  4.554
= Slack Time                    7.038
= Slack Time(original)          6.942
     Clock Rise Edge                      0.000
     + Source Insertion Delay             0.010
     = Beginpoint Arrival Time            0.010
     Timing Path:
      ----------------------------------------------------------------------------------------
      Instance                                Arc          Cell      Retime  Arrival  Required  
                                                                     Delay   Time     Time  
      ----------------------------------------------------------------------------------------
      -                                       clk ^        -         -       0.010    7.048  
      u_vehicle_interface/id_to_check_reg[3]  -            DFFQX1    0.000   0.010    7.048  
      u_vehicle_interface/id_to_check_reg[3]  CK ^ -> Q ^  DFFQX1    0.531   0.542    7.580  
      u_account_balance/g17076                -            CLKINVX1  0.000   0.542    7.580  
      u_account_balance/g17076                A ^ -> Y v   CLKINVX1  0.445   0.986    8.025  
      u_account_balance/g17074                -            NOR2XL    0.000   0.986    8.025  
      u_account_balance/g17074                A v -> Y ^   NOR2XL    0.752   1.738    8.777  
      u_account_balance/g17070                -            CLKINVX1  0.000   1.738    8.777  
      u_account_balance/g17070                A ^ -> Y v   CLKINVX1  0.136   1.874    8.913  
      u_account_balance/g17044                -            NOR2XL    0.000   1.874    8.913  
      u_account_balance/g17044                B v -> Y ^   NOR2XL    0.542   2.417    9.455  
      u_account_balance/g16923                -            AOI221X1  0.000   2.417    9.455  
      u_account_balance/g16923                B1 ^ -> Y v  AOI221X1  0.166   2.583    9.621  
      u_account_balance/g16910                -            OAI21X1   0.000   2.583    9.621  
      u_account_balance/g16910                B0 v -> Y ^  OAI21X1   0.090   2.673    9.711  
      u_account_balance/g16904                -            AOI211X1  0.000   2.673    9.711  
      u_account_balance/g16904                C0 ^ -> Y v  AOI211X1  0.047   2.720    9.759  
      u_account_balance/g16896                -            NAND2XL   0.000   2.720    9.759  
      u_account_balance/g16896                B v -> Y ^   NAND2XL   0.071   2.791    9.829  
      u_account_balance/g16891                -            NOR2XL    0.000   2.791    9.829  
      u_account_balance/g16891                B ^ -> Y v   NOR2XL    0.079   2.870    9.908  
      u_account_balance/g16890                -            INVX1     0.000   2.870    9.908  
      u_account_balance/g16890                A v -> Y ^   INVX1     0.044   2.914    9.953  
      u_account_balance/g16888                -            OR4X1     0.000   2.914    9.953  
      u_account_balance/g16888                C ^ -> Y ^   OR4X1     0.138   3.052    10.090  
      u_account_balance/g16887                -            NAND3BX1  0.000   3.052    10.090  
      u_account_balance/g16887                AN ^ -> Y ^  NAND3BX1  0.116   3.168    10.206  
      u_account_balance/g16886                -            OAI31X1   0.000   3.168    10.206  
      u_account_balance/g16886                A2 ^ -> Y v  OAI31X1   0.114   3.281    10.320  
      u_account_balance/g16885                -            NOR2BX1   0.000   3.281    10.320  
      u_account_balance/g16885                B v -> Y ^   NOR2BX1   0.116   3.397    10.436  
      u_account_balance/g3679                 -            NOR2BX1   0.000   3.397    10.436  
      u_account_balance/g3679                 AN ^ -> Y ^  NOR2BX1   0.145   3.542    10.581  
      u_account_balance/g3668                 -            AND2X1    0.000   3.542    10.581  
      u_account_balance/g3668                 B ^ -> Y ^   AND2X1    0.190   3.732    10.771  
      u_account_balance/g3643                 -            NAND3X1   0.000   3.732    10.771  
      u_account_balance/g3643                 C ^ -> Y v   NAND3X1   0.821   4.554    11.592  
      u_account_balance/balance_db_reg[6][8]  -            SDFFQX1   0.000   4.554    11.592  
      ----------------------------------------------------------------------------------------
     Clock Rise Edge                      0.000
     + Source Insertion Delay             0.010
     = Beginpoint Arrival Time            0.010
     Other End Path:
      ---------------------------------------------------------------------------------
      Instance                                Arc    Cell     Retime  Arrival  Required  
                                                              Delay   Time     Time  
      ---------------------------------------------------------------------------------
      -                                       clk ^  -        -       0.010    -7.028  
      u_account_balance/balance_db_reg[6][8]  -      SDFFQX1  0.000   0.010    -7.028  
      ---------------------------------------------------------------------------------
Path 24: MET Setup Check with Pin u_account_balance/balance_db_reg[6][7]/CK 
Endpoint:   u_account_balance/balance_db_reg[6][7]/SE (v) checked with  leading edge of 'clk'
Beginpoint: u_vehicle_interface/id_to_check_reg[3]/Q  (^) triggered by  leading edge of 'clk'
Path Groups: {clk}
Retime Analysis { Data Path-Slew }
Other End Arrival Time          0.010
- Setup                         0.418
+ Phase Shift                  12.000
= Required Time                11.592
- Arrival Time                  4.554
= Slack Time                    7.038
= Slack Time(original)          6.942
     Clock Rise Edge                      0.000
     + Source Insertion Delay             0.010
     = Beginpoint Arrival Time            0.010
     Timing Path:
      ----------------------------------------------------------------------------------------
      Instance                                Arc          Cell      Retime  Arrival  Required  
                                                                     Delay   Time     Time  
      ----------------------------------------------------------------------------------------
      -                                       clk ^        -         -       0.010    7.048  
      u_vehicle_interface/id_to_check_reg[3]  -            DFFQX1    0.000   0.010    7.048  
      u_vehicle_interface/id_to_check_reg[3]  CK ^ -> Q ^  DFFQX1    0.531   0.542    7.580  
      u_account_balance/g17076                -            CLKINVX1  0.000   0.542    7.580  
      u_account_balance/g17076                A ^ -> Y v   CLKINVX1  0.445   0.986    8.025  
      u_account_balance/g17074                -            NOR2XL    0.000   0.986    8.025  
      u_account_balance/g17074                A v -> Y ^   NOR2XL    0.752   1.738    8.777  
      u_account_balance/g17070                -            CLKINVX1  0.000   1.738    8.777  
      u_account_balance/g17070                A ^ -> Y v   CLKINVX1  0.136   1.874    8.913  
      u_account_balance/g17044                -            NOR2XL    0.000   1.874    8.913  
      u_account_balance/g17044                B v -> Y ^   NOR2XL    0.542   2.417    9.455  
      u_account_balance/g16923                -            AOI221X1  0.000   2.417    9.455  
      u_account_balance/g16923                B1 ^ -> Y v  AOI221X1  0.166   2.583    9.621  
      u_account_balance/g16910                -            OAI21X1   0.000   2.583    9.621  
      u_account_balance/g16910                B0 v -> Y ^  OAI21X1   0.090   2.673    9.711  
      u_account_balance/g16904                -            AOI211X1  0.000   2.673    9.711  
      u_account_balance/g16904                C0 ^ -> Y v  AOI211X1  0.047   2.720    9.759  
      u_account_balance/g16896                -            NAND2XL   0.000   2.720    9.759  
      u_account_balance/g16896                B v -> Y ^   NAND2XL   0.071   2.791    9.829  
      u_account_balance/g16891                -            NOR2XL    0.000   2.791    9.829  
      u_account_balance/g16891                B ^ -> Y v   NOR2XL    0.079   2.870    9.908  
      u_account_balance/g16890                -            INVX1     0.000   2.870    9.908  
      u_account_balance/g16890                A v -> Y ^   INVX1     0.044   2.914    9.953  
      u_account_balance/g16888                -            OR4X1     0.000   2.914    9.953  
      u_account_balance/g16888                C ^ -> Y ^   OR4X1     0.138   3.052    10.090  
      u_account_balance/g16887                -            NAND3BX1  0.000   3.052    10.090  
      u_account_balance/g16887                AN ^ -> Y ^  NAND3BX1  0.116   3.168    10.206  
      u_account_balance/g16886                -            OAI31X1   0.000   3.168    10.206  
      u_account_balance/g16886                A2 ^ -> Y v  OAI31X1   0.114   3.281    10.320  
      u_account_balance/g16885                -            NOR2BX1   0.000   3.281    10.320  
      u_account_balance/g16885                B v -> Y ^   NOR2BX1   0.116   3.397    10.436  
      u_account_balance/g3679                 -            NOR2BX1   0.000   3.397    10.436  
      u_account_balance/g3679                 AN ^ -> Y ^  NOR2BX1   0.145   3.542    10.581  
      u_account_balance/g3668                 -            AND2X1    0.000   3.542    10.581  
      u_account_balance/g3668                 B ^ -> Y ^   AND2X1    0.190   3.732    10.771  
      u_account_balance/g3643                 -            NAND3X1   0.000   3.732    10.771  
      u_account_balance/g3643                 C ^ -> Y v   NAND3X1   0.821   4.554    11.592  
      u_account_balance/balance_db_reg[6][7]  -            SDFFQX1   0.000   4.554    11.592  
      ----------------------------------------------------------------------------------------
     Clock Rise Edge                      0.000
     + Source Insertion Delay             0.010
     = Beginpoint Arrival Time            0.010
     Other End Path:
      ---------------------------------------------------------------------------------
      Instance                                Arc    Cell     Retime  Arrival  Required  
                                                              Delay   Time     Time  
      ---------------------------------------------------------------------------------
      -                                       clk ^  -        -       0.010    -7.028  
      u_account_balance/balance_db_reg[6][7]  -      SDFFQX1  0.000   0.010    -7.028  
      ---------------------------------------------------------------------------------
Path 25: MET Setup Check with Pin u_account_balance/balance_db_reg[6][6]/CK 
Endpoint:   u_account_balance/balance_db_reg[6][6]/SE (v) checked with  leading edge of 'clk'
Beginpoint: u_vehicle_interface/id_to_check_reg[3]/Q  (^) triggered by  leading edge of 'clk'
Path Groups: {clk}
Retime Analysis { Data Path-Slew }
Other End Arrival Time          0.010
- Setup                         0.418
+ Phase Shift                  12.000
= Required Time                11.592
- Arrival Time                  4.554
= Slack Time                    7.038
= Slack Time(original)          6.942
     Clock Rise Edge                      0.000
     + Source Insertion Delay             0.010
     = Beginpoint Arrival Time            0.010
     Timing Path:
      ----------------------------------------------------------------------------------------
      Instance                                Arc          Cell      Retime  Arrival  Required  
                                                                     Delay   Time     Time  
      ----------------------------------------------------------------------------------------
      -                                       clk ^        -         -       0.010    7.048  
      u_vehicle_interface/id_to_check_reg[3]  -            DFFQX1    0.000   0.010    7.048  
      u_vehicle_interface/id_to_check_reg[3]  CK ^ -> Q ^  DFFQX1    0.531   0.542    7.580  
      u_account_balance/g17076                -            CLKINVX1  0.000   0.542    7.580  
      u_account_balance/g17076                A ^ -> Y v   CLKINVX1  0.445   0.986    8.025  
      u_account_balance/g17074                -            NOR2XL    0.000   0.986    8.025  
      u_account_balance/g17074                A v -> Y ^   NOR2XL    0.752   1.738    8.777  
      u_account_balance/g17070                -            CLKINVX1  0.000   1.738    8.777  
      u_account_balance/g17070                A ^ -> Y v   CLKINVX1  0.136   1.874    8.913  
      u_account_balance/g17044                -            NOR2XL    0.000   1.874    8.913  
      u_account_balance/g17044                B v -> Y ^   NOR2XL    0.542   2.417    9.455  
      u_account_balance/g16923                -            AOI221X1  0.000   2.417    9.455  
      u_account_balance/g16923                B1 ^ -> Y v  AOI221X1  0.166   2.583    9.621  
      u_account_balance/g16910                -            OAI21X1   0.000   2.583    9.621  
      u_account_balance/g16910                B0 v -> Y ^  OAI21X1   0.090   2.673    9.711  
      u_account_balance/g16904                -            AOI211X1  0.000   2.673    9.711  
      u_account_balance/g16904                C0 ^ -> Y v  AOI211X1  0.047   2.720    9.759  
      u_account_balance/g16896                -            NAND2XL   0.000   2.720    9.759  
      u_account_balance/g16896                B v -> Y ^   NAND2XL   0.071   2.791    9.829  
      u_account_balance/g16891                -            NOR2XL    0.000   2.791    9.829  
      u_account_balance/g16891                B ^ -> Y v   NOR2XL    0.079   2.870    9.908  
      u_account_balance/g16890                -            INVX1     0.000   2.870    9.908  
      u_account_balance/g16890                A v -> Y ^   INVX1     0.044   2.914    9.953  
      u_account_balance/g16888                -            OR4X1     0.000   2.914    9.953  
      u_account_balance/g16888                C ^ -> Y ^   OR4X1     0.138   3.052    10.090  
      u_account_balance/g16887                -            NAND3BX1  0.000   3.052    10.090  
      u_account_balance/g16887                AN ^ -> Y ^  NAND3BX1  0.116   3.168    10.206  
      u_account_balance/g16886                -            OAI31X1   0.000   3.168    10.206  
      u_account_balance/g16886                A2 ^ -> Y v  OAI31X1   0.114   3.281    10.320  
      u_account_balance/g16885                -            NOR2BX1   0.000   3.281    10.320  
      u_account_balance/g16885                B v -> Y ^   NOR2BX1   0.116   3.397    10.436  
      u_account_balance/g3679                 -            NOR2BX1   0.000   3.397    10.436  
      u_account_balance/g3679                 AN ^ -> Y ^  NOR2BX1   0.145   3.542    10.581  
      u_account_balance/g3668                 -            AND2X1    0.000   3.542    10.581  
      u_account_balance/g3668                 B ^ -> Y ^   AND2X1    0.190   3.732    10.771  
      u_account_balance/g3643                 -            NAND3X1   0.000   3.732    10.771  
      u_account_balance/g3643                 C ^ -> Y v   NAND3X1   0.821   4.554    11.592  
      u_account_balance/balance_db_reg[6][6]  -            SDFFQX1   0.000   4.554    11.592  
      ----------------------------------------------------------------------------------------
     Clock Rise Edge                      0.000
     + Source Insertion Delay             0.010
     = Beginpoint Arrival Time            0.010
     Other End Path:
      ---------------------------------------------------------------------------------
      Instance                                Arc    Cell     Retime  Arrival  Required  
                                                              Delay   Time     Time  
      ---------------------------------------------------------------------------------
      -                                       clk ^  -        -       0.010    -7.028  
      u_account_balance/balance_db_reg[6][6]  -      SDFFQX1  0.000   0.010    -7.028  
      ---------------------------------------------------------------------------------
Path 26: MET Setup Check with Pin u_account_balance/balance_db_reg[6][5]/CK 
Endpoint:   u_account_balance/balance_db_reg[6][5]/SE (v) checked with  leading edge of 'clk'
Beginpoint: u_vehicle_interface/id_to_check_reg[3]/Q  (^) triggered by  leading edge of 'clk'
Path Groups: {clk}
Retime Analysis { Data Path-Slew }
Other End Arrival Time          0.010
- Setup                         0.418
+ Phase Shift                  12.000
= Required Time                11.592
- Arrival Time                  4.554
= Slack Time                    7.038
= Slack Time(original)          6.942
     Clock Rise Edge                      0.000
     + Source Insertion Delay             0.010
     = Beginpoint Arrival Time            0.010
     Timing Path:
      ----------------------------------------------------------------------------------------
      Instance                                Arc          Cell      Retime  Arrival  Required  
                                                                     Delay   Time     Time  
      ----------------------------------------------------------------------------------------
      -                                       clk ^        -         -       0.010    7.048  
      u_vehicle_interface/id_to_check_reg[3]  -            DFFQX1    0.000   0.010    7.048  
      u_vehicle_interface/id_to_check_reg[3]  CK ^ -> Q ^  DFFQX1    0.531   0.542    7.580  
      u_account_balance/g17076                -            CLKINVX1  0.000   0.542    7.580  
      u_account_balance/g17076                A ^ -> Y v   CLKINVX1  0.445   0.986    8.025  
      u_account_balance/g17074                -            NOR2XL    0.000   0.986    8.025  
      u_account_balance/g17074                A v -> Y ^   NOR2XL    0.752   1.738    8.777  
      u_account_balance/g17070                -            CLKINVX1  0.000   1.738    8.777  
      u_account_balance/g17070                A ^ -> Y v   CLKINVX1  0.136   1.874    8.913  
      u_account_balance/g17044                -            NOR2XL    0.000   1.874    8.913  
      u_account_balance/g17044                B v -> Y ^   NOR2XL    0.542   2.417    9.455  
      u_account_balance/g16923                -            AOI221X1  0.000   2.417    9.455  
      u_account_balance/g16923                B1 ^ -> Y v  AOI221X1  0.166   2.583    9.621  
      u_account_balance/g16910                -            OAI21X1   0.000   2.583    9.621  
      u_account_balance/g16910                B0 v -> Y ^  OAI21X1   0.090   2.673    9.711  
      u_account_balance/g16904                -            AOI211X1  0.000   2.673    9.711  
      u_account_balance/g16904                C0 ^ -> Y v  AOI211X1  0.047   2.720    9.759  
      u_account_balance/g16896                -            NAND2XL   0.000   2.720    9.759  
      u_account_balance/g16896                B v -> Y ^   NAND2XL   0.071   2.791    9.829  
      u_account_balance/g16891                -            NOR2XL    0.000   2.791    9.829  
      u_account_balance/g16891                B ^ -> Y v   NOR2XL    0.079   2.870    9.908  
      u_account_balance/g16890                -            INVX1     0.000   2.870    9.908  
      u_account_balance/g16890                A v -> Y ^   INVX1     0.044   2.914    9.953  
      u_account_balance/g16888                -            OR4X1     0.000   2.914    9.953  
      u_account_balance/g16888                C ^ -> Y ^   OR4X1     0.138   3.052    10.090  
      u_account_balance/g16887                -            NAND3BX1  0.000   3.052    10.090  
      u_account_balance/g16887                AN ^ -> Y ^  NAND3BX1  0.116   3.168    10.206  
      u_account_balance/g16886                -            OAI31X1   0.000   3.168    10.206  
      u_account_balance/g16886                A2 ^ -> Y v  OAI31X1   0.114   3.281    10.320  
      u_account_balance/g16885                -            NOR2BX1   0.000   3.281    10.320  
      u_account_balance/g16885                B v -> Y ^   NOR2BX1   0.116   3.397    10.436  
      u_account_balance/g3679                 -            NOR2BX1   0.000   3.397    10.436  
      u_account_balance/g3679                 AN ^ -> Y ^  NOR2BX1   0.145   3.542    10.581  
      u_account_balance/g3668                 -            AND2X1    0.000   3.542    10.581  
      u_account_balance/g3668                 B ^ -> Y ^   AND2X1    0.190   3.732    10.771  
      u_account_balance/g3643                 -            NAND3X1   0.000   3.732    10.771  
      u_account_balance/g3643                 C ^ -> Y v   NAND3X1   0.821   4.554    11.592  
      u_account_balance/balance_db_reg[6][5]  -            SDFFQX1   0.000   4.554    11.592  
      ----------------------------------------------------------------------------------------
     Clock Rise Edge                      0.000
     + Source Insertion Delay             0.010
     = Beginpoint Arrival Time            0.010
     Other End Path:
      ---------------------------------------------------------------------------------
      Instance                                Arc    Cell     Retime  Arrival  Required  
                                                              Delay   Time     Time  
      ---------------------------------------------------------------------------------
      -                                       clk ^  -        -       0.010    -7.028  
      u_account_balance/balance_db_reg[6][5]  -      SDFFQX1  0.000   0.010    -7.028  
      ---------------------------------------------------------------------------------
Path 27: MET Setup Check with Pin u_account_balance/balance_db_reg[6][4]/CK 
Endpoint:   u_account_balance/balance_db_reg[6][4]/SE (v) checked with  leading edge of 'clk'
Beginpoint: u_vehicle_interface/id_to_check_reg[3]/Q  (^) triggered by  leading edge of 'clk'
Path Groups: {clk}
Retime Analysis { Data Path-Slew }
Other End Arrival Time          0.010
- Setup                         0.418
+ Phase Shift                  12.000
= Required Time                11.592
- Arrival Time                  4.554
= Slack Time                    7.038
= Slack Time(original)          6.942
     Clock Rise Edge                      0.000
     + Source Insertion Delay             0.010
     = Beginpoint Arrival Time            0.010
     Timing Path:
      ----------------------------------------------------------------------------------------
      Instance                                Arc          Cell      Retime  Arrival  Required  
                                                                     Delay   Time     Time  
      ----------------------------------------------------------------------------------------
      -                                       clk ^        -         -       0.010    7.048  
      u_vehicle_interface/id_to_check_reg[3]  -            DFFQX1    0.000   0.010    7.048  
      u_vehicle_interface/id_to_check_reg[3]  CK ^ -> Q ^  DFFQX1    0.531   0.542    7.580  
      u_account_balance/g17076                -            CLKINVX1  0.000   0.542    7.580  
      u_account_balance/g17076                A ^ -> Y v   CLKINVX1  0.445   0.986    8.025  
      u_account_balance/g17074                -            NOR2XL    0.000   0.986    8.025  
      u_account_balance/g17074                A v -> Y ^   NOR2XL    0.752   1.738    8.777  
      u_account_balance/g17070                -            CLKINVX1  0.000   1.738    8.777  
      u_account_balance/g17070                A ^ -> Y v   CLKINVX1  0.136   1.874    8.913  
      u_account_balance/g17044                -            NOR2XL    0.000   1.874    8.913  
      u_account_balance/g17044                B v -> Y ^   NOR2XL    0.542   2.417    9.455  
      u_account_balance/g16923                -            AOI221X1  0.000   2.417    9.455  
      u_account_balance/g16923                B1 ^ -> Y v  AOI221X1  0.166   2.583    9.621  
      u_account_balance/g16910                -            OAI21X1   0.000   2.583    9.621  
      u_account_balance/g16910                B0 v -> Y ^  OAI21X1   0.090   2.673    9.711  
      u_account_balance/g16904                -            AOI211X1  0.000   2.673    9.711  
      u_account_balance/g16904                C0 ^ -> Y v  AOI211X1  0.047   2.720    9.759  
      u_account_balance/g16896                -            NAND2XL   0.000   2.720    9.759  
      u_account_balance/g16896                B v -> Y ^   NAND2XL   0.071   2.791    9.829  
      u_account_balance/g16891                -            NOR2XL    0.000   2.791    9.829  
      u_account_balance/g16891                B ^ -> Y v   NOR2XL    0.079   2.870    9.908  
      u_account_balance/g16890                -            INVX1     0.000   2.870    9.908  
      u_account_balance/g16890                A v -> Y ^   INVX1     0.044   2.914    9.953  
      u_account_balance/g16888                -            OR4X1     0.000   2.914    9.953  
      u_account_balance/g16888                C ^ -> Y ^   OR4X1     0.138   3.052    10.090  
      u_account_balance/g16887                -            NAND3BX1  0.000   3.052    10.090  
      u_account_balance/g16887                AN ^ -> Y ^  NAND3BX1  0.116   3.168    10.206  
      u_account_balance/g16886                -            OAI31X1   0.000   3.168    10.206  
      u_account_balance/g16886                A2 ^ -> Y v  OAI31X1   0.114   3.281    10.320  
      u_account_balance/g16885                -            NOR2BX1   0.000   3.281    10.320  
      u_account_balance/g16885                B v -> Y ^   NOR2BX1   0.116   3.397    10.436  
      u_account_balance/g3679                 -            NOR2BX1   0.000   3.397    10.436  
      u_account_balance/g3679                 AN ^ -> Y ^  NOR2BX1   0.145   3.542    10.581  
      u_account_balance/g3668                 -            AND2X1    0.000   3.542    10.581  
      u_account_balance/g3668                 B ^ -> Y ^   AND2X1    0.190   3.732    10.771  
      u_account_balance/g3643                 -            NAND3X1   0.000   3.732    10.771  
      u_account_balance/g3643                 C ^ -> Y v   NAND3X1   0.821   4.554    11.592  
      u_account_balance/balance_db_reg[6][4]  -            SDFFQX1   0.000   4.554    11.592  
      ----------------------------------------------------------------------------------------
     Clock Rise Edge                      0.000
     + Source Insertion Delay             0.010
     = Beginpoint Arrival Time            0.010
     Other End Path:
      ---------------------------------------------------------------------------------
      Instance                                Arc    Cell     Retime  Arrival  Required  
                                                              Delay   Time     Time  
      ---------------------------------------------------------------------------------
      -                                       clk ^  -        -       0.010    -7.028  
      u_account_balance/balance_db_reg[6][4]  -      SDFFQX1  0.000   0.010    -7.028  
      ---------------------------------------------------------------------------------
Path 28: MET Setup Check with Pin u_account_balance/balance_db_reg[6][3]/CK 
Endpoint:   u_account_balance/balance_db_reg[6][3]/SE (v) checked with  leading edge of 'clk'
Beginpoint: u_vehicle_interface/id_to_check_reg[3]/Q  (^) triggered by  leading edge of 'clk'
Path Groups: {clk}
Retime Analysis { Data Path-Slew }
Other End Arrival Time          0.010
- Setup                         0.418
+ Phase Shift                  12.000
= Required Time                11.592
- Arrival Time                  4.554
= Slack Time                    7.038
= Slack Time(original)          6.942
     Clock Rise Edge                      0.000
     + Source Insertion Delay             0.010
     = Beginpoint Arrival Time            0.010
     Timing Path:
      ----------------------------------------------------------------------------------------
      Instance                                Arc          Cell      Retime  Arrival  Required  
                                                                     Delay   Time     Time  
      ----------------------------------------------------------------------------------------
      -                                       clk ^        -         -       0.010    7.048  
      u_vehicle_interface/id_to_check_reg[3]  -            DFFQX1    0.000   0.010    7.048  
      u_vehicle_interface/id_to_check_reg[3]  CK ^ -> Q ^  DFFQX1    0.531   0.542    7.580  
      u_account_balance/g17076                -            CLKINVX1  0.000   0.542    7.580  
      u_account_balance/g17076                A ^ -> Y v   CLKINVX1  0.445   0.986    8.025  
      u_account_balance/g17074                -            NOR2XL    0.000   0.986    8.025  
      u_account_balance/g17074                A v -> Y ^   NOR2XL    0.752   1.738    8.777  
      u_account_balance/g17070                -            CLKINVX1  0.000   1.738    8.777  
      u_account_balance/g17070                A ^ -> Y v   CLKINVX1  0.136   1.874    8.913  
      u_account_balance/g17044                -            NOR2XL    0.000   1.874    8.913  
      u_account_balance/g17044                B v -> Y ^   NOR2XL    0.542   2.417    9.455  
      u_account_balance/g16923                -            AOI221X1  0.000   2.417    9.455  
      u_account_balance/g16923                B1 ^ -> Y v  AOI221X1  0.166   2.583    9.621  
      u_account_balance/g16910                -            OAI21X1   0.000   2.583    9.621  
      u_account_balance/g16910                B0 v -> Y ^  OAI21X1   0.090   2.673    9.711  
      u_account_balance/g16904                -            AOI211X1  0.000   2.673    9.711  
      u_account_balance/g16904                C0 ^ -> Y v  AOI211X1  0.047   2.720    9.759  
      u_account_balance/g16896                -            NAND2XL   0.000   2.720    9.759  
      u_account_balance/g16896                B v -> Y ^   NAND2XL   0.071   2.791    9.829  
      u_account_balance/g16891                -            NOR2XL    0.000   2.791    9.829  
      u_account_balance/g16891                B ^ -> Y v   NOR2XL    0.079   2.870    9.908  
      u_account_balance/g16890                -            INVX1     0.000   2.870    9.908  
      u_account_balance/g16890                A v -> Y ^   INVX1     0.044   2.914    9.953  
      u_account_balance/g16888                -            OR4X1     0.000   2.914    9.953  
      u_account_balance/g16888                C ^ -> Y ^   OR4X1     0.138   3.052    10.090  
      u_account_balance/g16887                -            NAND3BX1  0.000   3.052    10.090  
      u_account_balance/g16887                AN ^ -> Y ^  NAND3BX1  0.116   3.168    10.206  
      u_account_balance/g16886                -            OAI31X1   0.000   3.168    10.206  
      u_account_balance/g16886                A2 ^ -> Y v  OAI31X1   0.114   3.281    10.320  
      u_account_balance/g16885                -            NOR2BX1   0.000   3.281    10.320  
      u_account_balance/g16885                B v -> Y ^   NOR2BX1   0.116   3.397    10.436  
      u_account_balance/g3679                 -            NOR2BX1   0.000   3.397    10.436  
      u_account_balance/g3679                 AN ^ -> Y ^  NOR2BX1   0.145   3.542    10.581  
      u_account_balance/g3668                 -            AND2X1    0.000   3.542    10.581  
      u_account_balance/g3668                 B ^ -> Y ^   AND2X1    0.190   3.732    10.771  
      u_account_balance/g3643                 -            NAND3X1   0.000   3.732    10.771  
      u_account_balance/g3643                 C ^ -> Y v   NAND3X1   0.821   4.554    11.592  
      u_account_balance/balance_db_reg[6][3]  -            SDFFQX1   0.000   4.554    11.592  
      ----------------------------------------------------------------------------------------
     Clock Rise Edge                      0.000
     + Source Insertion Delay             0.010
     = Beginpoint Arrival Time            0.010
     Other End Path:
      ---------------------------------------------------------------------------------
      Instance                                Arc    Cell     Retime  Arrival  Required  
                                                              Delay   Time     Time  
      ---------------------------------------------------------------------------------
      -                                       clk ^  -        -       0.010    -7.028  
      u_account_balance/balance_db_reg[6][3]  -      SDFFQX1  0.000   0.010    -7.028  
      ---------------------------------------------------------------------------------
Path 29: MET Setup Check with Pin u_account_balance/balance_db_reg[6][2]/CK 
Endpoint:   u_account_balance/balance_db_reg[6][2]/SE (v) checked with  leading edge of 'clk'
Beginpoint: u_vehicle_interface/id_to_check_reg[3]/Q  (^) triggered by  leading edge of 'clk'
Path Groups: {clk}
Retime Analysis { Data Path-Slew }
Other End Arrival Time          0.010
- Setup                         0.418
+ Phase Shift                  12.000
= Required Time                11.592
- Arrival Time                  4.554
= Slack Time                    7.038
= Slack Time(original)          6.942
     Clock Rise Edge                      0.000
     + Source Insertion Delay             0.010
     = Beginpoint Arrival Time            0.010
     Timing Path:
      ----------------------------------------------------------------------------------------
      Instance                                Arc          Cell      Retime  Arrival  Required  
                                                                     Delay   Time     Time  
      ----------------------------------------------------------------------------------------
      -                                       clk ^        -         -       0.010    7.048  
      u_vehicle_interface/id_to_check_reg[3]  -            DFFQX1    0.000   0.010    7.048  
      u_vehicle_interface/id_to_check_reg[3]  CK ^ -> Q ^  DFFQX1    0.531   0.542    7.580  
      u_account_balance/g17076                -            CLKINVX1  0.000   0.542    7.580  
      u_account_balance/g17076                A ^ -> Y v   CLKINVX1  0.445   0.986    8.025  
      u_account_balance/g17074                -            NOR2XL    0.000   0.986    8.025  
      u_account_balance/g17074                A v -> Y ^   NOR2XL    0.752   1.738    8.777  
      u_account_balance/g17070                -            CLKINVX1  0.000   1.738    8.777  
      u_account_balance/g17070                A ^ -> Y v   CLKINVX1  0.136   1.874    8.913  
      u_account_balance/g17044                -            NOR2XL    0.000   1.874    8.913  
      u_account_balance/g17044                B v -> Y ^   NOR2XL    0.542   2.417    9.455  
      u_account_balance/g16923                -            AOI221X1  0.000   2.417    9.455  
      u_account_balance/g16923                B1 ^ -> Y v  AOI221X1  0.166   2.583    9.621  
      u_account_balance/g16910                -            OAI21X1   0.000   2.583    9.621  
      u_account_balance/g16910                B0 v -> Y ^  OAI21X1   0.090   2.673    9.711  
      u_account_balance/g16904                -            AOI211X1  0.000   2.673    9.711  
      u_account_balance/g16904                C0 ^ -> Y v  AOI211X1  0.047   2.720    9.759  
      u_account_balance/g16896                -            NAND2XL   0.000   2.720    9.759  
      u_account_balance/g16896                B v -> Y ^   NAND2XL   0.071   2.791    9.829  
      u_account_balance/g16891                -            NOR2XL    0.000   2.791    9.829  
      u_account_balance/g16891                B ^ -> Y v   NOR2XL    0.079   2.870    9.908  
      u_account_balance/g16890                -            INVX1     0.000   2.870    9.908  
      u_account_balance/g16890                A v -> Y ^   INVX1     0.044   2.914    9.953  
      u_account_balance/g16888                -            OR4X1     0.000   2.914    9.953  
      u_account_balance/g16888                C ^ -> Y ^   OR4X1     0.138   3.052    10.090  
      u_account_balance/g16887                -            NAND3BX1  0.000   3.052    10.090  
      u_account_balance/g16887                AN ^ -> Y ^  NAND3BX1  0.116   3.168    10.206  
      u_account_balance/g16886                -            OAI31X1   0.000   3.168    10.206  
      u_account_balance/g16886                A2 ^ -> Y v  OAI31X1   0.114   3.281    10.320  
      u_account_balance/g16885                -            NOR2BX1   0.000   3.281    10.320  
      u_account_balance/g16885                B v -> Y ^   NOR2BX1   0.116   3.397    10.436  
      u_account_balance/g3679                 -            NOR2BX1   0.000   3.397    10.436  
      u_account_balance/g3679                 AN ^ -> Y ^  NOR2BX1   0.145   3.542    10.581  
      u_account_balance/g3668                 -            AND2X1    0.000   3.542    10.581  
      u_account_balance/g3668                 B ^ -> Y ^   AND2X1    0.190   3.732    10.771  
      u_account_balance/g3643                 -            NAND3X1   0.000   3.732    10.771  
      u_account_balance/g3643                 C ^ -> Y v   NAND3X1   0.821   4.554    11.592  
      u_account_balance/balance_db_reg[6][2]  -            SDFFQX1   0.000   4.554    11.592  
      ----------------------------------------------------------------------------------------
     Clock Rise Edge                      0.000
     + Source Insertion Delay             0.010
     = Beginpoint Arrival Time            0.010
     Other End Path:
      ---------------------------------------------------------------------------------
      Instance                                Arc    Cell     Retime  Arrival  Required  
                                                              Delay   Time     Time  
      ---------------------------------------------------------------------------------
      -                                       clk ^  -        -       0.010    -7.028  
      u_account_balance/balance_db_reg[6][2]  -      SDFFQX1  0.000   0.010    -7.028  
      ---------------------------------------------------------------------------------
Path 30: MET Setup Check with Pin u_account_balance/balance_db_reg[6][1]/CK 
Endpoint:   u_account_balance/balance_db_reg[6][1]/SE (v) checked with  leading edge of 'clk'
Beginpoint: u_vehicle_interface/id_to_check_reg[3]/Q  (^) triggered by  leading edge of 'clk'
Path Groups: {clk}
Retime Analysis { Data Path-Slew }
Other End Arrival Time          0.010
- Setup                         0.418
+ Phase Shift                  12.000
= Required Time                11.592
- Arrival Time                  4.554
= Slack Time                    7.038
= Slack Time(original)          6.942
     Clock Rise Edge                      0.000
     + Source Insertion Delay             0.010
     = Beginpoint Arrival Time            0.010
     Timing Path:
      ----------------------------------------------------------------------------------------
      Instance                                Arc          Cell      Retime  Arrival  Required  
                                                                     Delay   Time     Time  
      ----------------------------------------------------------------------------------------
      -                                       clk ^        -         -       0.010    7.048  
      u_vehicle_interface/id_to_check_reg[3]  -            DFFQX1    0.000   0.010    7.048  
      u_vehicle_interface/id_to_check_reg[3]  CK ^ -> Q ^  DFFQX1    0.531   0.542    7.580  
      u_account_balance/g17076                -            CLKINVX1  0.000   0.542    7.580  
      u_account_balance/g17076                A ^ -> Y v   CLKINVX1  0.445   0.986    8.025  
      u_account_balance/g17074                -            NOR2XL    0.000   0.986    8.025  
      u_account_balance/g17074                A v -> Y ^   NOR2XL    0.752   1.738    8.777  
      u_account_balance/g17070                -            CLKINVX1  0.000   1.738    8.777  
      u_account_balance/g17070                A ^ -> Y v   CLKINVX1  0.136   1.874    8.913  
      u_account_balance/g17044                -            NOR2XL    0.000   1.874    8.913  
      u_account_balance/g17044                B v -> Y ^   NOR2XL    0.542   2.417    9.455  
      u_account_balance/g16923                -            AOI221X1  0.000   2.417    9.455  
      u_account_balance/g16923                B1 ^ -> Y v  AOI221X1  0.166   2.583    9.621  
      u_account_balance/g16910                -            OAI21X1   0.000   2.583    9.621  
      u_account_balance/g16910                B0 v -> Y ^  OAI21X1   0.090   2.673    9.711  
      u_account_balance/g16904                -            AOI211X1  0.000   2.673    9.711  
      u_account_balance/g16904                C0 ^ -> Y v  AOI211X1  0.047   2.720    9.759  
      u_account_balance/g16896                -            NAND2XL   0.000   2.720    9.759  
      u_account_balance/g16896                B v -> Y ^   NAND2XL   0.071   2.791    9.829  
      u_account_balance/g16891                -            NOR2XL    0.000   2.791    9.829  
      u_account_balance/g16891                B ^ -> Y v   NOR2XL    0.079   2.870    9.908  
      u_account_balance/g16890                -            INVX1     0.000   2.870    9.908  
      u_account_balance/g16890                A v -> Y ^   INVX1     0.044   2.914    9.953  
      u_account_balance/g16888                -            OR4X1     0.000   2.914    9.953  
      u_account_balance/g16888                C ^ -> Y ^   OR4X1     0.138   3.052    10.090  
      u_account_balance/g16887                -            NAND3BX1  0.000   3.052    10.090  
      u_account_balance/g16887                AN ^ -> Y ^  NAND3BX1  0.116   3.168    10.206  
      u_account_balance/g16886                -            OAI31X1   0.000   3.168    10.206  
      u_account_balance/g16886                A2 ^ -> Y v  OAI31X1   0.114   3.281    10.320  
      u_account_balance/g16885                -            NOR2BX1   0.000   3.281    10.320  
      u_account_balance/g16885                B v -> Y ^   NOR2BX1   0.116   3.397    10.436  
      u_account_balance/g3679                 -            NOR2BX1   0.000   3.397    10.436  
      u_account_balance/g3679                 AN ^ -> Y ^  NOR2BX1   0.145   3.542    10.581  
      u_account_balance/g3668                 -            AND2X1    0.000   3.542    10.581  
      u_account_balance/g3668                 B ^ -> Y ^   AND2X1    0.190   3.732    10.771  
      u_account_balance/g3643                 -            NAND3X1   0.000   3.732    10.771  
      u_account_balance/g3643                 C ^ -> Y v   NAND3X1   0.821   4.554    11.592  
      u_account_balance/balance_db_reg[6][1]  -            SDFFQX1   0.000   4.554    11.592  
      ----------------------------------------------------------------------------------------
     Clock Rise Edge                      0.000
     + Source Insertion Delay             0.010
     = Beginpoint Arrival Time            0.010
     Other End Path:
      ---------------------------------------------------------------------------------
      Instance                                Arc    Cell     Retime  Arrival  Required  
                                                              Delay   Time     Time  
      ---------------------------------------------------------------------------------
      -                                       clk ^  -        -       0.010    -7.028  
      u_account_balance/balance_db_reg[6][1]  -      SDFFQX1  0.000   0.010    -7.028  
      ---------------------------------------------------------------------------------
Path 31: MET Setup Check with Pin u_account_balance/balance_db_reg[7][15]/CK 
Endpoint:   u_account_balance/balance_db_reg[7][15]/SE (v) checked with  leading edge of 'clk'
Beginpoint: u_vehicle_interface/id_to_check_reg[3]/Q   (^) triggered by  leading edge of 'clk'
Path Groups: {clk}
Retime Analysis { Data Path-Slew }
Other End Arrival Time          0.010
- Setup                         0.418
+ Phase Shift                  12.000
= Required Time                11.592
- Arrival Time                  4.555
= Slack Time                    7.037
= Slack Time(original)          6.948
     Clock Rise Edge                      0.000
     + Source Insertion Delay             0.010
     = Beginpoint Arrival Time            0.010
     Timing Path:
      -----------------------------------------------------------------------------------------
      Instance                                 Arc          Cell      Retime  Arrival  Required  
                                                                      Delay   Time     Time  
      -----------------------------------------------------------------------------------------
      -                                        clk ^        -         -       0.010    7.047  
      u_vehicle_interface/id_to_check_reg[3]   -            DFFQX1    0.000   0.010    7.047  
      u_vehicle_interface/id_to_check_reg[3]   CK ^ -> Q ^  DFFQX1    0.531   0.541    7.578  
      u_account_balance/g17076                 -            CLKINVX1  0.000   0.541    7.578  
      u_account_balance/g17076                 A ^ -> Y v   CLKINVX1  0.445   0.986    8.023  
      u_account_balance/g17075                 -            NOR2XL    0.000   0.986    8.023  
      u_account_balance/g17075                 B v -> Y ^   NOR2XL    0.822   1.808    8.845  
      u_account_balance/g17071                 -            CLKINVX1  0.000   1.808    8.845  
      u_account_balance/g17071                 A ^ -> Y v   CLKINVX1  0.141   1.949    8.986  
      u_account_balance/g17059                 -            NOR2XL    0.000   1.949    8.986  
      u_account_balance/g17059                 B v -> Y ^   NOR2XL    0.550   2.498    9.535  
      u_account_balance/g17021                 -            NAND2XL   0.000   2.498    9.535  
      u_account_balance/g17021                 B ^ -> Y v   NAND2XL   0.165   2.663    9.700  
      u_account_balance/g16925                 -            OAI211X1  0.000   2.663    9.700  
      u_account_balance/g16925                 B0 v -> Y ^  OAI211X1  0.101   2.764    9.801  
      u_account_balance/g16911                 -            AOI211X1  0.000   2.764    9.801  
      u_account_balance/g16911                 B0 ^ -> Y v  AOI211X1  0.062   2.826    9.863  
      u_account_balance/g16898                 -            NAND3X1   0.000   2.826    9.863  
      u_account_balance/g16898                 C v -> Y ^   NAND3X1   0.075   2.901    9.938  
      u_account_balance/g16888                 -            OR4X1     0.000   2.901    9.938  
      u_account_balance/g16888                 B ^ -> Y ^   OR4X1     0.152   3.053    10.090  
      u_account_balance/g16887                 -            NAND3BX1  0.000   3.053    10.090  
      u_account_balance/g16887                 AN ^ -> Y ^  NAND3BX1  0.116   3.169    10.206  
      u_account_balance/g16886                 -            OAI31X1   0.000   3.169    10.206  
      u_account_balance/g16886                 A2 ^ -> Y v  OAI31X1   0.114   3.283    10.320  
      u_account_balance/g16885                 -            NOR2BX1   0.000   3.283    10.320  
      u_account_balance/g16885                 B v -> Y ^   NOR2BX1   0.116   3.399    10.436  
      u_account_balance/g3679                  -            NOR2BX1   0.000   3.399    10.436  
      u_account_balance/g3679                  AN ^ -> Y ^  NOR2BX1   0.145   3.544    10.581  
      u_account_balance/g3668                  -            AND2X1    0.000   3.544    10.581  
      u_account_balance/g3668                  B ^ -> Y ^   AND2X1    0.190   3.734    10.771  
      u_account_balance/g3644                  -            NAND3X1   0.000   3.734    10.771  
      u_account_balance/g3644                  C ^ -> Y v   NAND3X1   0.821   4.555    11.592  
      u_account_balance/balance_db_reg[7][15]  -            SDFFQX1   0.000   4.555    11.592  
      -----------------------------------------------------------------------------------------
     Clock Rise Edge                      0.000
     + Source Insertion Delay             0.010
     = Beginpoint Arrival Time            0.010
     Other End Path:
      ----------------------------------------------------------------------------------
      Instance                                 Arc    Cell     Retime  Arrival  Required  
                                                               Delay   Time     Time  
      ----------------------------------------------------------------------------------
      -                                        clk ^  -        -       0.010    -7.027  
      u_account_balance/balance_db_reg[7][15]  -      SDFFQX1  0.000   0.010    -7.027  
      ----------------------------------------------------------------------------------
Path 32: MET Setup Check with Pin u_account_balance/balance_db_reg[7][14]/CK 
Endpoint:   u_account_balance/balance_db_reg[7][14]/SE (v) checked with  leading edge of 'clk'
Beginpoint: u_vehicle_interface/id_to_check_reg[3]/Q   (^) triggered by  leading edge of 'clk'
Path Groups: {clk}
Retime Analysis { Data Path-Slew }
Other End Arrival Time          0.010
- Setup                         0.418
+ Phase Shift                  12.000
= Required Time                11.592
- Arrival Time                  4.555
= Slack Time                    7.037
= Slack Time(original)          6.948
     Clock Rise Edge                      0.000
     + Source Insertion Delay             0.010
     = Beginpoint Arrival Time            0.010
     Timing Path:
      -----------------------------------------------------------------------------------------
      Instance                                 Arc          Cell      Retime  Arrival  Required  
                                                                      Delay   Time     Time  
      -----------------------------------------------------------------------------------------
      -                                        clk ^        -         -       0.010    7.047  
      u_vehicle_interface/id_to_check_reg[3]   -            DFFQX1    0.000   0.010    7.047  
      u_vehicle_interface/id_to_check_reg[3]   CK ^ -> Q ^  DFFQX1    0.531   0.541    7.578  
      u_account_balance/g17076                 -            CLKINVX1  0.000   0.541    7.578  
      u_account_balance/g17076                 A ^ -> Y v   CLKINVX1  0.445   0.986    8.023  
      u_account_balance/g17075                 -            NOR2XL    0.000   0.986    8.023  
      u_account_balance/g17075                 B v -> Y ^   NOR2XL    0.822   1.808    8.845  
      u_account_balance/g17071                 -            CLKINVX1  0.000   1.808    8.845  
      u_account_balance/g17071                 A ^ -> Y v   CLKINVX1  0.141   1.949    8.986  
      u_account_balance/g17059                 -            NOR2XL    0.000   1.949    8.986  
      u_account_balance/g17059                 B v -> Y ^   NOR2XL    0.550   2.498    9.535  
      u_account_balance/g17021                 -            NAND2XL   0.000   2.498    9.535  
      u_account_balance/g17021                 B ^ -> Y v   NAND2XL   0.165   2.663    9.700  
      u_account_balance/g16925                 -            OAI211X1  0.000   2.663    9.700  
      u_account_balance/g16925                 B0 v -> Y ^  OAI211X1  0.101   2.764    9.801  
      u_account_balance/g16911                 -            AOI211X1  0.000   2.764    9.801  
      u_account_balance/g16911                 B0 ^ -> Y v  AOI211X1  0.062   2.826    9.863  
      u_account_balance/g16898                 -            NAND3X1   0.000   2.826    9.863  
      u_account_balance/g16898                 C v -> Y ^   NAND3X1   0.075   2.901    9.938  
      u_account_balance/g16888                 -            OR4X1     0.000   2.901    9.938  
      u_account_balance/g16888                 B ^ -> Y ^   OR4X1     0.152   3.053    10.090  
      u_account_balance/g16887                 -            NAND3BX1  0.000   3.053    10.090  
      u_account_balance/g16887                 AN ^ -> Y ^  NAND3BX1  0.116   3.169    10.206  
      u_account_balance/g16886                 -            OAI31X1   0.000   3.169    10.206  
      u_account_balance/g16886                 A2 ^ -> Y v  OAI31X1   0.114   3.283    10.320  
      u_account_balance/g16885                 -            NOR2BX1   0.000   3.283    10.320  
      u_account_balance/g16885                 B v -> Y ^   NOR2BX1   0.116   3.399    10.436  
      u_account_balance/g3679                  -            NOR2BX1   0.000   3.399    10.436  
      u_account_balance/g3679                  AN ^ -> Y ^  NOR2BX1   0.145   3.544    10.581  
      u_account_balance/g3668                  -            AND2X1    0.000   3.544    10.581  
      u_account_balance/g3668                  B ^ -> Y ^   AND2X1    0.190   3.734    10.771  
      u_account_balance/g3644                  -            NAND3X1   0.000   3.734    10.771  
      u_account_balance/g3644                  C ^ -> Y v   NAND3X1   0.821   4.555    11.592  
      u_account_balance/balance_db_reg[7][14]  -            SDFFQX1   0.000   4.555    11.592  
      -----------------------------------------------------------------------------------------
     Clock Rise Edge                      0.000
     + Source Insertion Delay             0.010
     = Beginpoint Arrival Time            0.010
     Other End Path:
      ----------------------------------------------------------------------------------
      Instance                                 Arc    Cell     Retime  Arrival  Required  
                                                               Delay   Time     Time  
      ----------------------------------------------------------------------------------
      -                                        clk ^  -        -       0.010    -7.027  
      u_account_balance/balance_db_reg[7][14]  -      SDFFQX1  0.000   0.010    -7.027  
      ----------------------------------------------------------------------------------
Path 33: MET Setup Check with Pin u_account_balance/balance_db_reg[7][13]/CK 
Endpoint:   u_account_balance/balance_db_reg[7][13]/SE (v) checked with  leading edge of 'clk'
Beginpoint: u_vehicle_interface/id_to_check_reg[3]/Q   (^) triggered by  leading edge of 'clk'
Path Groups: {clk}
Retime Analysis { Data Path-Slew }
Other End Arrival Time          0.010
- Setup                         0.418
+ Phase Shift                  12.000
= Required Time                11.592
- Arrival Time                  4.555
= Slack Time                    7.037
= Slack Time(original)          6.948
     Clock Rise Edge                      0.000
     + Source Insertion Delay             0.010
     = Beginpoint Arrival Time            0.010
     Timing Path:
      -----------------------------------------------------------------------------------------
      Instance                                 Arc          Cell      Retime  Arrival  Required  
                                                                      Delay   Time     Time  
      -----------------------------------------------------------------------------------------
      -                                        clk ^        -         -       0.010    7.047  
      u_vehicle_interface/id_to_check_reg[3]   -            DFFQX1    0.000   0.010    7.047  
      u_vehicle_interface/id_to_check_reg[3]   CK ^ -> Q ^  DFFQX1    0.531   0.541    7.578  
      u_account_balance/g17076                 -            CLKINVX1  0.000   0.541    7.578  
      u_account_balance/g17076                 A ^ -> Y v   CLKINVX1  0.445   0.986    8.023  
      u_account_balance/g17075                 -            NOR2XL    0.000   0.986    8.023  
      u_account_balance/g17075                 B v -> Y ^   NOR2XL    0.822   1.808    8.845  
      u_account_balance/g17071                 -            CLKINVX1  0.000   1.808    8.845  
      u_account_balance/g17071                 A ^ -> Y v   CLKINVX1  0.141   1.949    8.986  
      u_account_balance/g17059                 -            NOR2XL    0.000   1.949    8.986  
      u_account_balance/g17059                 B v -> Y ^   NOR2XL    0.550   2.498    9.535  
      u_account_balance/g17021                 -            NAND2XL   0.000   2.498    9.535  
      u_account_balance/g17021                 B ^ -> Y v   NAND2XL   0.165   2.663    9.700  
      u_account_balance/g16925                 -            OAI211X1  0.000   2.663    9.700  
      u_account_balance/g16925                 B0 v -> Y ^  OAI211X1  0.101   2.764    9.801  
      u_account_balance/g16911                 -            AOI211X1  0.000   2.764    9.801  
      u_account_balance/g16911                 B0 ^ -> Y v  AOI211X1  0.062   2.826    9.863  
      u_account_balance/g16898                 -            NAND3X1   0.000   2.826    9.863  
      u_account_balance/g16898                 C v -> Y ^   NAND3X1   0.075   2.901    9.938  
      u_account_balance/g16888                 -            OR4X1     0.000   2.901    9.938  
      u_account_balance/g16888                 B ^ -> Y ^   OR4X1     0.152   3.053    10.090  
      u_account_balance/g16887                 -            NAND3BX1  0.000   3.053    10.090  
      u_account_balance/g16887                 AN ^ -> Y ^  NAND3BX1  0.116   3.169    10.206  
      u_account_balance/g16886                 -            OAI31X1   0.000   3.169    10.206  
      u_account_balance/g16886                 A2 ^ -> Y v  OAI31X1   0.114   3.283    10.320  
      u_account_balance/g16885                 -            NOR2BX1   0.000   3.283    10.320  
      u_account_balance/g16885                 B v -> Y ^   NOR2BX1   0.116   3.399    10.436  
      u_account_balance/g3679                  -            NOR2BX1   0.000   3.399    10.436  
      u_account_balance/g3679                  AN ^ -> Y ^  NOR2BX1   0.145   3.544    10.581  
      u_account_balance/g3668                  -            AND2X1    0.000   3.544    10.581  
      u_account_balance/g3668                  B ^ -> Y ^   AND2X1    0.190   3.734    10.771  
      u_account_balance/g3644                  -            NAND3X1   0.000   3.734    10.771  
      u_account_balance/g3644                  C ^ -> Y v   NAND3X1   0.821   4.555    11.592  
      u_account_balance/balance_db_reg[7][13]  -            SDFFQX1   0.000   4.555    11.592  
      -----------------------------------------------------------------------------------------
     Clock Rise Edge                      0.000
     + Source Insertion Delay             0.010
     = Beginpoint Arrival Time            0.010
     Other End Path:
      ----------------------------------------------------------------------------------
      Instance                                 Arc    Cell     Retime  Arrival  Required  
                                                               Delay   Time     Time  
      ----------------------------------------------------------------------------------
      -                                        clk ^  -        -       0.010    -7.027  
      u_account_balance/balance_db_reg[7][13]  -      SDFFQX1  0.000   0.010    -7.027  
      ----------------------------------------------------------------------------------
Path 34: MET Setup Check with Pin u_account_balance/balance_db_reg[7][12]/CK 
Endpoint:   u_account_balance/balance_db_reg[7][12]/SE (v) checked with  leading edge of 'clk'
Beginpoint: u_vehicle_interface/id_to_check_reg[3]/Q   (^) triggered by  leading edge of 'clk'
Path Groups: {clk}
Retime Analysis { Data Path-Slew }
Other End Arrival Time          0.010
- Setup                         0.418
+ Phase Shift                  12.000
= Required Time                11.592
- Arrival Time                  4.555
= Slack Time                    7.037
= Slack Time(original)          6.948
     Clock Rise Edge                      0.000
     + Source Insertion Delay             0.010
     = Beginpoint Arrival Time            0.010
     Timing Path:
      -----------------------------------------------------------------------------------------
      Instance                                 Arc          Cell      Retime  Arrival  Required  
                                                                      Delay   Time     Time  
      -----------------------------------------------------------------------------------------
      -                                        clk ^        -         -       0.010    7.047  
      u_vehicle_interface/id_to_check_reg[3]   -            DFFQX1    0.000   0.010    7.047  
      u_vehicle_interface/id_to_check_reg[3]   CK ^ -> Q ^  DFFQX1    0.531   0.541    7.578  
      u_account_balance/g17076                 -            CLKINVX1  0.000   0.541    7.578  
      u_account_balance/g17076                 A ^ -> Y v   CLKINVX1  0.445   0.986    8.023  
      u_account_balance/g17075                 -            NOR2XL    0.000   0.986    8.023  
      u_account_balance/g17075                 B v -> Y ^   NOR2XL    0.822   1.808    8.845  
      u_account_balance/g17071                 -            CLKINVX1  0.000   1.808    8.845  
      u_account_balance/g17071                 A ^ -> Y v   CLKINVX1  0.141   1.949    8.986  
      u_account_balance/g17059                 -            NOR2XL    0.000   1.949    8.986  
      u_account_balance/g17059                 B v -> Y ^   NOR2XL    0.550   2.498    9.535  
      u_account_balance/g17021                 -            NAND2XL   0.000   2.498    9.535  
      u_account_balance/g17021                 B ^ -> Y v   NAND2XL   0.165   2.663    9.700  
      u_account_balance/g16925                 -            OAI211X1  0.000   2.663    9.700  
      u_account_balance/g16925                 B0 v -> Y ^  OAI211X1  0.101   2.764    9.801  
      u_account_balance/g16911                 -            AOI211X1  0.000   2.764    9.801  
      u_account_balance/g16911                 B0 ^ -> Y v  AOI211X1  0.062   2.826    9.863  
      u_account_balance/g16898                 -            NAND3X1   0.000   2.826    9.863  
      u_account_balance/g16898                 C v -> Y ^   NAND3X1   0.075   2.901    9.938  
      u_account_balance/g16888                 -            OR4X1     0.000   2.901    9.938  
      u_account_balance/g16888                 B ^ -> Y ^   OR4X1     0.152   3.053    10.090  
      u_account_balance/g16887                 -            NAND3BX1  0.000   3.053    10.090  
      u_account_balance/g16887                 AN ^ -> Y ^  NAND3BX1  0.116   3.169    10.206  
      u_account_balance/g16886                 -            OAI31X1   0.000   3.169    10.206  
      u_account_balance/g16886                 A2 ^ -> Y v  OAI31X1   0.114   3.283    10.320  
      u_account_balance/g16885                 -            NOR2BX1   0.000   3.283    10.320  
      u_account_balance/g16885                 B v -> Y ^   NOR2BX1   0.116   3.399    10.436  
      u_account_balance/g3679                  -            NOR2BX1   0.000   3.399    10.436  
      u_account_balance/g3679                  AN ^ -> Y ^  NOR2BX1   0.145   3.544    10.581  
      u_account_balance/g3668                  -            AND2X1    0.000   3.544    10.581  
      u_account_balance/g3668                  B ^ -> Y ^   AND2X1    0.190   3.734    10.771  
      u_account_balance/g3644                  -            NAND3X1   0.000   3.734    10.771  
      u_account_balance/g3644                  C ^ -> Y v   NAND3X1   0.821   4.555    11.592  
      u_account_balance/balance_db_reg[7][12]  -            SDFFQX1   0.000   4.555    11.592  
      -----------------------------------------------------------------------------------------
     Clock Rise Edge                      0.000
     + Source Insertion Delay             0.010
     = Beginpoint Arrival Time            0.010
     Other End Path:
      ----------------------------------------------------------------------------------
      Instance                                 Arc    Cell     Retime  Arrival  Required  
                                                               Delay   Time     Time  
      ----------------------------------------------------------------------------------
      -                                        clk ^  -        -       0.010    -7.027  
      u_account_balance/balance_db_reg[7][12]  -      SDFFQX1  0.000   0.010    -7.027  
      ----------------------------------------------------------------------------------
Path 35: MET Setup Check with Pin u_account_balance/balance_db_reg[7][11]/CK 
Endpoint:   u_account_balance/balance_db_reg[7][11]/SE (v) checked with  leading edge of 'clk'
Beginpoint: u_vehicle_interface/id_to_check_reg[3]/Q   (^) triggered by  leading edge of 'clk'
Path Groups: {clk}
Retime Analysis { Data Path-Slew }
Other End Arrival Time          0.010
- Setup                         0.418
+ Phase Shift                  12.000
= Required Time                11.592
- Arrival Time                  4.555
= Slack Time                    7.037
= Slack Time(original)          6.948
     Clock Rise Edge                      0.000
     + Source Insertion Delay             0.010
     = Beginpoint Arrival Time            0.010
     Timing Path:
      -----------------------------------------------------------------------------------------
      Instance                                 Arc          Cell      Retime  Arrival  Required  
                                                                      Delay   Time     Time  
      -----------------------------------------------------------------------------------------
      -                                        clk ^        -         -       0.010    7.047  
      u_vehicle_interface/id_to_check_reg[3]   -            DFFQX1    0.000   0.010    7.047  
      u_vehicle_interface/id_to_check_reg[3]   CK ^ -> Q ^  DFFQX1    0.531   0.541    7.578  
      u_account_balance/g17076                 -            CLKINVX1  0.000   0.541    7.578  
      u_account_balance/g17076                 A ^ -> Y v   CLKINVX1  0.445   0.986    8.023  
      u_account_balance/g17075                 -            NOR2XL    0.000   0.986    8.023  
      u_account_balance/g17075                 B v -> Y ^   NOR2XL    0.822   1.808    8.845  
      u_account_balance/g17071                 -            CLKINVX1  0.000   1.808    8.845  
      u_account_balance/g17071                 A ^ -> Y v   CLKINVX1  0.141   1.949    8.986  
      u_account_balance/g17059                 -            NOR2XL    0.000   1.949    8.986  
      u_account_balance/g17059                 B v -> Y ^   NOR2XL    0.550   2.498    9.535  
      u_account_balance/g17021                 -            NAND2XL   0.000   2.498    9.535  
      u_account_balance/g17021                 B ^ -> Y v   NAND2XL   0.165   2.663    9.700  
      u_account_balance/g16925                 -            OAI211X1  0.000   2.663    9.700  
      u_account_balance/g16925                 B0 v -> Y ^  OAI211X1  0.101   2.764    9.801  
      u_account_balance/g16911                 -            AOI211X1  0.000   2.764    9.801  
      u_account_balance/g16911                 B0 ^ -> Y v  AOI211X1  0.062   2.826    9.863  
      u_account_balance/g16898                 -            NAND3X1   0.000   2.826    9.863  
      u_account_balance/g16898                 C v -> Y ^   NAND3X1   0.075   2.901    9.938  
      u_account_balance/g16888                 -            OR4X1     0.000   2.901    9.938  
      u_account_balance/g16888                 B ^ -> Y ^   OR4X1     0.152   3.053    10.090  
      u_account_balance/g16887                 -            NAND3BX1  0.000   3.053    10.090  
      u_account_balance/g16887                 AN ^ -> Y ^  NAND3BX1  0.116   3.169    10.206  
      u_account_balance/g16886                 -            OAI31X1   0.000   3.169    10.206  
      u_account_balance/g16886                 A2 ^ -> Y v  OAI31X1   0.114   3.283    10.320  
      u_account_balance/g16885                 -            NOR2BX1   0.000   3.283    10.320  
      u_account_balance/g16885                 B v -> Y ^   NOR2BX1   0.116   3.399    10.436  
      u_account_balance/g3679                  -            NOR2BX1   0.000   3.399    10.436  
      u_account_balance/g3679                  AN ^ -> Y ^  NOR2BX1   0.145   3.544    10.581  
      u_account_balance/g3668                  -            AND2X1    0.000   3.544    10.581  
      u_account_balance/g3668                  B ^ -> Y ^   AND2X1    0.190   3.734    10.771  
      u_account_balance/g3644                  -            NAND3X1   0.000   3.734    10.771  
      u_account_balance/g3644                  C ^ -> Y v   NAND3X1   0.821   4.555    11.592  
      u_account_balance/balance_db_reg[7][11]  -            SDFFQX1   0.000   4.555    11.592  
      -----------------------------------------------------------------------------------------
     Clock Rise Edge                      0.000
     + Source Insertion Delay             0.010
     = Beginpoint Arrival Time            0.010
     Other End Path:
      ----------------------------------------------------------------------------------
      Instance                                 Arc    Cell     Retime  Arrival  Required  
                                                               Delay   Time     Time  
      ----------------------------------------------------------------------------------
      -                                        clk ^  -        -       0.010    -7.027  
      u_account_balance/balance_db_reg[7][11]  -      SDFFQX1  0.000   0.010    -7.027  
      ----------------------------------------------------------------------------------
Path 36: MET Setup Check with Pin u_account_balance/balance_db_reg[7][10]/CK 
Endpoint:   u_account_balance/balance_db_reg[7][10]/SE (v) checked with  leading edge of 'clk'
Beginpoint: u_vehicle_interface/id_to_check_reg[3]/Q   (^) triggered by  leading edge of 'clk'
Path Groups: {clk}
Retime Analysis { Data Path-Slew }
Other End Arrival Time          0.010
- Setup                         0.418
+ Phase Shift                  12.000
= Required Time                11.592
- Arrival Time                  4.555
= Slack Time                    7.037
= Slack Time(original)          6.948
     Clock Rise Edge                      0.000
     + Source Insertion Delay             0.010
     = Beginpoint Arrival Time            0.010
     Timing Path:
      -----------------------------------------------------------------------------------------
      Instance                                 Arc          Cell      Retime  Arrival  Required  
                                                                      Delay   Time     Time  
      -----------------------------------------------------------------------------------------
      -                                        clk ^        -         -       0.010    7.047  
      u_vehicle_interface/id_to_check_reg[3]   -            DFFQX1    0.000   0.010    7.047  
      u_vehicle_interface/id_to_check_reg[3]   CK ^ -> Q ^  DFFQX1    0.531   0.541    7.578  
      u_account_balance/g17076                 -            CLKINVX1  0.000   0.541    7.578  
      u_account_balance/g17076                 A ^ -> Y v   CLKINVX1  0.445   0.986    8.023  
      u_account_balance/g17075                 -            NOR2XL    0.000   0.986    8.023  
      u_account_balance/g17075                 B v -> Y ^   NOR2XL    0.822   1.808    8.845  
      u_account_balance/g17071                 -            CLKINVX1  0.000   1.808    8.845  
      u_account_balance/g17071                 A ^ -> Y v   CLKINVX1  0.141   1.949    8.986  
      u_account_balance/g17059                 -            NOR2XL    0.000   1.949    8.986  
      u_account_balance/g17059                 B v -> Y ^   NOR2XL    0.550   2.498    9.535  
      u_account_balance/g17021                 -            NAND2XL   0.000   2.498    9.535  
      u_account_balance/g17021                 B ^ -> Y v   NAND2XL   0.165   2.663    9.700  
      u_account_balance/g16925                 -            OAI211X1  0.000   2.663    9.700  
      u_account_balance/g16925                 B0 v -> Y ^  OAI211X1  0.101   2.764    9.801  
      u_account_balance/g16911                 -            AOI211X1  0.000   2.764    9.801  
      u_account_balance/g16911                 B0 ^ -> Y v  AOI211X1  0.062   2.826    9.863  
      u_account_balance/g16898                 -            NAND3X1   0.000   2.826    9.863  
      u_account_balance/g16898                 C v -> Y ^   NAND3X1   0.075   2.901    9.938  
      u_account_balance/g16888                 -            OR4X1     0.000   2.901    9.938  
      u_account_balance/g16888                 B ^ -> Y ^   OR4X1     0.152   3.053    10.090  
      u_account_balance/g16887                 -            NAND3BX1  0.000   3.053    10.090  
      u_account_balance/g16887                 AN ^ -> Y ^  NAND3BX1  0.116   3.169    10.206  
      u_account_balance/g16886                 -            OAI31X1   0.000   3.169    10.206  
      u_account_balance/g16886                 A2 ^ -> Y v  OAI31X1   0.114   3.283    10.320  
      u_account_balance/g16885                 -            NOR2BX1   0.000   3.283    10.320  
      u_account_balance/g16885                 B v -> Y ^   NOR2BX1   0.116   3.399    10.436  
      u_account_balance/g3679                  -            NOR2BX1   0.000   3.399    10.436  
      u_account_balance/g3679                  AN ^ -> Y ^  NOR2BX1   0.145   3.544    10.581  
      u_account_balance/g3668                  -            AND2X1    0.000   3.544    10.581  
      u_account_balance/g3668                  B ^ -> Y ^   AND2X1    0.190   3.734    10.771  
      u_account_balance/g3644                  -            NAND3X1   0.000   3.734    10.771  
      u_account_balance/g3644                  C ^ -> Y v   NAND3X1   0.821   4.555    11.592  
      u_account_balance/balance_db_reg[7][10]  -            SDFFQX1   0.000   4.555    11.592  
      -----------------------------------------------------------------------------------------
     Clock Rise Edge                      0.000
     + Source Insertion Delay             0.010
     = Beginpoint Arrival Time            0.010
     Other End Path:
      ----------------------------------------------------------------------------------
      Instance                                 Arc    Cell     Retime  Arrival  Required  
                                                               Delay   Time     Time  
      ----------------------------------------------------------------------------------
      -                                        clk ^  -        -       0.010    -7.027  
      u_account_balance/balance_db_reg[7][10]  -      SDFFQX1  0.000   0.010    -7.027  
      ----------------------------------------------------------------------------------
Path 37: MET Setup Check with Pin u_account_balance/balance_db_reg[7][9]/CK 
Endpoint:   u_account_balance/balance_db_reg[7][9]/SE (v) checked with  leading edge of 'clk'
Beginpoint: u_vehicle_interface/id_to_check_reg[3]/Q  (^) triggered by  leading edge of 'clk'
Path Groups: {clk}
Retime Analysis { Data Path-Slew }
Other End Arrival Time          0.010
- Setup                         0.418
+ Phase Shift                  12.000
= Required Time                11.592
- Arrival Time                  4.555
= Slack Time                    7.037
= Slack Time(original)          6.948
     Clock Rise Edge                      0.000
     + Source Insertion Delay             0.010
     = Beginpoint Arrival Time            0.010
     Timing Path:
      ----------------------------------------------------------------------------------------
      Instance                                Arc          Cell      Retime  Arrival  Required  
                                                                     Delay   Time     Time  
      ----------------------------------------------------------------------------------------
      -                                       clk ^        -         -       0.010    7.047  
      u_vehicle_interface/id_to_check_reg[3]  -            DFFQX1    0.000   0.010    7.047  
      u_vehicle_interface/id_to_check_reg[3]  CK ^ -> Q ^  DFFQX1    0.531   0.541    7.578  
      u_account_balance/g17076                -            CLKINVX1  0.000   0.541    7.578  
      u_account_balance/g17076                A ^ -> Y v   CLKINVX1  0.445   0.986    8.023  
      u_account_balance/g17075                -            NOR2XL    0.000   0.986    8.023  
      u_account_balance/g17075                B v -> Y ^   NOR2XL    0.822   1.808    8.845  
      u_account_balance/g17071                -            CLKINVX1  0.000   1.808    8.845  
      u_account_balance/g17071                A ^ -> Y v   CLKINVX1  0.141   1.949    8.986  
      u_account_balance/g17059                -            NOR2XL    0.000   1.949    8.986  
      u_account_balance/g17059                B v -> Y ^   NOR2XL    0.550   2.498    9.535  
      u_account_balance/g17021                -            NAND2XL   0.000   2.498    9.535  
      u_account_balance/g17021                B ^ -> Y v   NAND2XL   0.165   2.663    9.700  
      u_account_balance/g16925                -            OAI211X1  0.000   2.663    9.700  
      u_account_balance/g16925                B0 v -> Y ^  OAI211X1  0.101   2.764    9.801  
      u_account_balance/g16911                -            AOI211X1  0.000   2.764    9.801  
      u_account_balance/g16911                B0 ^ -> Y v  AOI211X1  0.062   2.826    9.863  
      u_account_balance/g16898                -            NAND3X1   0.000   2.826    9.863  
      u_account_balance/g16898                C v -> Y ^   NAND3X1   0.075   2.901    9.938  
      u_account_balance/g16888                -            OR4X1     0.000   2.901    9.938  
      u_account_balance/g16888                B ^ -> Y ^   OR4X1     0.152   3.053    10.090  
      u_account_balance/g16887                -            NAND3BX1  0.000   3.053    10.090  
      u_account_balance/g16887                AN ^ -> Y ^  NAND3BX1  0.116   3.169    10.206  
      u_account_balance/g16886                -            OAI31X1   0.000   3.169    10.206  
      u_account_balance/g16886                A2 ^ -> Y v  OAI31X1   0.114   3.283    10.320  
      u_account_balance/g16885                -            NOR2BX1   0.000   3.283    10.320  
      u_account_balance/g16885                B v -> Y ^   NOR2BX1   0.116   3.399    10.436  
      u_account_balance/g3679                 -            NOR2BX1   0.000   3.399    10.436  
      u_account_balance/g3679                 AN ^ -> Y ^  NOR2BX1   0.145   3.544    10.581  
      u_account_balance/g3668                 -            AND2X1    0.000   3.544    10.581  
      u_account_balance/g3668                 B ^ -> Y ^   AND2X1    0.190   3.734    10.771  
      u_account_balance/g3644                 -            NAND3X1   0.000   3.734    10.771  
      u_account_balance/g3644                 C ^ -> Y v   NAND3X1   0.821   4.555    11.592  
      u_account_balance/balance_db_reg[7][9]  -            SDFFQX1   0.000   4.555    11.592  
      ----------------------------------------------------------------------------------------
     Clock Rise Edge                      0.000
     + Source Insertion Delay             0.010
     = Beginpoint Arrival Time            0.010
     Other End Path:
      ---------------------------------------------------------------------------------
      Instance                                Arc    Cell     Retime  Arrival  Required  
                                                              Delay   Time     Time  
      ---------------------------------------------------------------------------------
      -                                       clk ^  -        -       0.010    -7.027  
      u_account_balance/balance_db_reg[7][9]  -      SDFFQX1  0.000   0.010    -7.027  
      ---------------------------------------------------------------------------------
Path 38: MET Setup Check with Pin u_account_balance/balance_db_reg[7][8]/CK 
Endpoint:   u_account_balance/balance_db_reg[7][8]/SE (v) checked with  leading edge of 'clk'
Beginpoint: u_vehicle_interface/id_to_check_reg[3]/Q  (^) triggered by  leading edge of 'clk'
Path Groups: {clk}
Retime Analysis { Data Path-Slew }
Other End Arrival Time          0.010
- Setup                         0.418
+ Phase Shift                  12.000
= Required Time                11.592
- Arrival Time                  4.555
= Slack Time                    7.037
= Slack Time(original)          6.948
     Clock Rise Edge                      0.000
     + Source Insertion Delay             0.010
     = Beginpoint Arrival Time            0.010
     Timing Path:
      ----------------------------------------------------------------------------------------
      Instance                                Arc          Cell      Retime  Arrival  Required  
                                                                     Delay   Time     Time  
      ----------------------------------------------------------------------------------------
      -                                       clk ^        -         -       0.010    7.047  
      u_vehicle_interface/id_to_check_reg[3]  -            DFFQX1    0.000   0.010    7.047  
      u_vehicle_interface/id_to_check_reg[3]  CK ^ -> Q ^  DFFQX1    0.531   0.541    7.578  
      u_account_balance/g17076                -            CLKINVX1  0.000   0.541    7.578  
      u_account_balance/g17076                A ^ -> Y v   CLKINVX1  0.445   0.986    8.023  
      u_account_balance/g17075                -            NOR2XL    0.000   0.986    8.023  
      u_account_balance/g17075                B v -> Y ^   NOR2XL    0.822   1.808    8.845  
      u_account_balance/g17071                -            CLKINVX1  0.000   1.808    8.845  
      u_account_balance/g17071                A ^ -> Y v   CLKINVX1  0.141   1.949    8.986  
      u_account_balance/g17059                -            NOR2XL    0.000   1.949    8.986  
      u_account_balance/g17059                B v -> Y ^   NOR2XL    0.550   2.498    9.535  
      u_account_balance/g17021                -            NAND2XL   0.000   2.498    9.535  
      u_account_balance/g17021                B ^ -> Y v   NAND2XL   0.165   2.663    9.700  
      u_account_balance/g16925                -            OAI211X1  0.000   2.663    9.700  
      u_account_balance/g16925                B0 v -> Y ^  OAI211X1  0.101   2.764    9.801  
      u_account_balance/g16911                -            AOI211X1  0.000   2.764    9.801  
      u_account_balance/g16911                B0 ^ -> Y v  AOI211X1  0.062   2.826    9.863  
      u_account_balance/g16898                -            NAND3X1   0.000   2.826    9.863  
      u_account_balance/g16898                C v -> Y ^   NAND3X1   0.075   2.901    9.938  
      u_account_balance/g16888                -            OR4X1     0.000   2.901    9.938  
      u_account_balance/g16888                B ^ -> Y ^   OR4X1     0.152   3.053    10.090  
      u_account_balance/g16887                -            NAND3BX1  0.000   3.053    10.090  
      u_account_balance/g16887                AN ^ -> Y ^  NAND3BX1  0.116   3.169    10.206  
      u_account_balance/g16886                -            OAI31X1   0.000   3.169    10.206  
      u_account_balance/g16886                A2 ^ -> Y v  OAI31X1   0.114   3.283    10.320  
      u_account_balance/g16885                -            NOR2BX1   0.000   3.283    10.320  
      u_account_balance/g16885                B v -> Y ^   NOR2BX1   0.116   3.399    10.436  
      u_account_balance/g3679                 -            NOR2BX1   0.000   3.399    10.436  
      u_account_balance/g3679                 AN ^ -> Y ^  NOR2BX1   0.145   3.544    10.581  
      u_account_balance/g3668                 -            AND2X1    0.000   3.544    10.581  
      u_account_balance/g3668                 B ^ -> Y ^   AND2X1    0.190   3.734    10.771  
      u_account_balance/g3644                 -            NAND3X1   0.000   3.734    10.771  
      u_account_balance/g3644                 C ^ -> Y v   NAND3X1   0.821   4.555    11.592  
      u_account_balance/balance_db_reg[7][8]  -            SDFFQX1   0.000   4.555    11.592  
      ----------------------------------------------------------------------------------------
     Clock Rise Edge                      0.000
     + Source Insertion Delay             0.010
     = Beginpoint Arrival Time            0.010
     Other End Path:
      ---------------------------------------------------------------------------------
      Instance                                Arc    Cell     Retime  Arrival  Required  
                                                              Delay   Time     Time  
      ---------------------------------------------------------------------------------
      -                                       clk ^  -        -       0.010    -7.027  
      u_account_balance/balance_db_reg[7][8]  -      SDFFQX1  0.000   0.010    -7.027  
      ---------------------------------------------------------------------------------
Path 39: MET Setup Check with Pin u_account_balance/balance_db_reg[7][7]/CK 
Endpoint:   u_account_balance/balance_db_reg[7][7]/SE (v) checked with  leading edge of 'clk'
Beginpoint: u_vehicle_interface/id_to_check_reg[3]/Q  (^) triggered by  leading edge of 'clk'
Path Groups: {clk}
Retime Analysis { Data Path-Slew }
Other End Arrival Time          0.010
- Setup                         0.418
+ Phase Shift                  12.000
= Required Time                11.592
- Arrival Time                  4.555
= Slack Time                    7.037
= Slack Time(original)          6.948
     Clock Rise Edge                      0.000
     + Source Insertion Delay             0.010
     = Beginpoint Arrival Time            0.010
     Timing Path:
      ----------------------------------------------------------------------------------------
      Instance                                Arc          Cell      Retime  Arrival  Required  
                                                                     Delay   Time     Time  
      ----------------------------------------------------------------------------------------
      -                                       clk ^        -         -       0.010    7.047  
      u_vehicle_interface/id_to_check_reg[3]  -            DFFQX1    0.000   0.010    7.047  
      u_vehicle_interface/id_to_check_reg[3]  CK ^ -> Q ^  DFFQX1    0.531   0.541    7.578  
      u_account_balance/g17076                -            CLKINVX1  0.000   0.541    7.578  
      u_account_balance/g17076                A ^ -> Y v   CLKINVX1  0.445   0.986    8.023  
      u_account_balance/g17075                -            NOR2XL    0.000   0.986    8.023  
      u_account_balance/g17075                B v -> Y ^   NOR2XL    0.822   1.808    8.845  
      u_account_balance/g17071                -            CLKINVX1  0.000   1.808    8.845  
      u_account_balance/g17071                A ^ -> Y v   CLKINVX1  0.141   1.949    8.986  
      u_account_balance/g17059                -            NOR2XL    0.000   1.949    8.986  
      u_account_balance/g17059                B v -> Y ^   NOR2XL    0.550   2.498    9.535  
      u_account_balance/g17021                -            NAND2XL   0.000   2.498    9.535  
      u_account_balance/g17021                B ^ -> Y v   NAND2XL   0.165   2.663    9.700  
      u_account_balance/g16925                -            OAI211X1  0.000   2.663    9.700  
      u_account_balance/g16925                B0 v -> Y ^  OAI211X1  0.101   2.764    9.801  
      u_account_balance/g16911                -            AOI211X1  0.000   2.764    9.801  
      u_account_balance/g16911                B0 ^ -> Y v  AOI211X1  0.062   2.826    9.863  
      u_account_balance/g16898                -            NAND3X1   0.000   2.826    9.863  
      u_account_balance/g16898                C v -> Y ^   NAND3X1   0.075   2.901    9.938  
      u_account_balance/g16888                -            OR4X1     0.000   2.901    9.938  
      u_account_balance/g16888                B ^ -> Y ^   OR4X1     0.152   3.053    10.090  
      u_account_balance/g16887                -            NAND3BX1  0.000   3.053    10.090  
      u_account_balance/g16887                AN ^ -> Y ^  NAND3BX1  0.116   3.169    10.206  
      u_account_balance/g16886                -            OAI31X1   0.000   3.169    10.206  
      u_account_balance/g16886                A2 ^ -> Y v  OAI31X1   0.114   3.283    10.320  
      u_account_balance/g16885                -            NOR2BX1   0.000   3.283    10.320  
      u_account_balance/g16885                B v -> Y ^   NOR2BX1   0.116   3.399    10.436  
      u_account_balance/g3679                 -            NOR2BX1   0.000   3.399    10.436  
      u_account_balance/g3679                 AN ^ -> Y ^  NOR2BX1   0.145   3.544    10.581  
      u_account_balance/g3668                 -            AND2X1    0.000   3.544    10.581  
      u_account_balance/g3668                 B ^ -> Y ^   AND2X1    0.190   3.734    10.771  
      u_account_balance/g3644                 -            NAND3X1   0.000   3.734    10.771  
      u_account_balance/g3644                 C ^ -> Y v   NAND3X1   0.821   4.555    11.592  
      u_account_balance/balance_db_reg[7][7]  -            SDFFQX1   0.000   4.555    11.592  
      ----------------------------------------------------------------------------------------
     Clock Rise Edge                      0.000
     + Source Insertion Delay             0.010
     = Beginpoint Arrival Time            0.010
     Other End Path:
      ---------------------------------------------------------------------------------
      Instance                                Arc    Cell     Retime  Arrival  Required  
                                                              Delay   Time     Time  
      ---------------------------------------------------------------------------------
      -                                       clk ^  -        -       0.010    -7.027  
      u_account_balance/balance_db_reg[7][7]  -      SDFFQX1  0.000   0.010    -7.027  
      ---------------------------------------------------------------------------------
Path 40: MET Setup Check with Pin u_account_balance/balance_db_reg[7][6]/CK 
Endpoint:   u_account_balance/balance_db_reg[7][6]/SE (v) checked with  leading edge of 'clk'
Beginpoint: u_vehicle_interface/id_to_check_reg[3]/Q  (^) triggered by  leading edge of 'clk'
Path Groups: {clk}
Retime Analysis { Data Path-Slew }
Other End Arrival Time          0.010
- Setup                         0.418
+ Phase Shift                  12.000
= Required Time                11.592
- Arrival Time                  4.555
= Slack Time                    7.037
= Slack Time(original)          6.948
     Clock Rise Edge                      0.000
     + Source Insertion Delay             0.010
     = Beginpoint Arrival Time            0.010
     Timing Path:
      ----------------------------------------------------------------------------------------
      Instance                                Arc          Cell      Retime  Arrival  Required  
                                                                     Delay   Time     Time  
      ----------------------------------------------------------------------------------------
      -                                       clk ^        -         -       0.010    7.047  
      u_vehicle_interface/id_to_check_reg[3]  -            DFFQX1    0.000   0.010    7.047  
      u_vehicle_interface/id_to_check_reg[3]  CK ^ -> Q ^  DFFQX1    0.531   0.541    7.578  
      u_account_balance/g17076                -            CLKINVX1  0.000   0.541    7.578  
      u_account_balance/g17076                A ^ -> Y v   CLKINVX1  0.445   0.986    8.023  
      u_account_balance/g17075                -            NOR2XL    0.000   0.986    8.023  
      u_account_balance/g17075                B v -> Y ^   NOR2XL    0.822   1.808    8.845  
      u_account_balance/g17071                -            CLKINVX1  0.000   1.808    8.845  
      u_account_balance/g17071                A ^ -> Y v   CLKINVX1  0.141   1.949    8.986  
      u_account_balance/g17059                -            NOR2XL    0.000   1.949    8.986  
      u_account_balance/g17059                B v -> Y ^   NOR2XL    0.550   2.498    9.535  
      u_account_balance/g17021                -            NAND2XL   0.000   2.498    9.535  
      u_account_balance/g17021                B ^ -> Y v   NAND2XL   0.165   2.663    9.700  
      u_account_balance/g16925                -            OAI211X1  0.000   2.663    9.700  
      u_account_balance/g16925                B0 v -> Y ^  OAI211X1  0.101   2.764    9.801  
      u_account_balance/g16911                -            AOI211X1  0.000   2.764    9.801  
      u_account_balance/g16911                B0 ^ -> Y v  AOI211X1  0.062   2.826    9.863  
      u_account_balance/g16898                -            NAND3X1   0.000   2.826    9.863  
      u_account_balance/g16898                C v -> Y ^   NAND3X1   0.075   2.901    9.938  
      u_account_balance/g16888                -            OR4X1     0.000   2.901    9.938  
      u_account_balance/g16888                B ^ -> Y ^   OR4X1     0.152   3.053    10.090  
      u_account_balance/g16887                -            NAND3BX1  0.000   3.053    10.090  
      u_account_balance/g16887                AN ^ -> Y ^  NAND3BX1  0.116   3.169    10.206  
      u_account_balance/g16886                -            OAI31X1   0.000   3.169    10.206  
      u_account_balance/g16886                A2 ^ -> Y v  OAI31X1   0.114   3.283    10.320  
      u_account_balance/g16885                -            NOR2BX1   0.000   3.283    10.320  
      u_account_balance/g16885                B v -> Y ^   NOR2BX1   0.116   3.399    10.436  
      u_account_balance/g3679                 -            NOR2BX1   0.000   3.399    10.436  
      u_account_balance/g3679                 AN ^ -> Y ^  NOR2BX1   0.145   3.544    10.581  
      u_account_balance/g3668                 -            AND2X1    0.000   3.544    10.581  
      u_account_balance/g3668                 B ^ -> Y ^   AND2X1    0.190   3.734    10.771  
      u_account_balance/g3644                 -            NAND3X1   0.000   3.734    10.771  
      u_account_balance/g3644                 C ^ -> Y v   NAND3X1   0.821   4.555    11.592  
      u_account_balance/balance_db_reg[7][6]  -            SDFFQX1   0.000   4.555    11.592  
      ----------------------------------------------------------------------------------------
     Clock Rise Edge                      0.000
     + Source Insertion Delay             0.010
     = Beginpoint Arrival Time            0.010
     Other End Path:
      ---------------------------------------------------------------------------------
      Instance                                Arc    Cell     Retime  Arrival  Required  
                                                              Delay   Time     Time  
      ---------------------------------------------------------------------------------
      -                                       clk ^  -        -       0.010    -7.027  
      u_account_balance/balance_db_reg[7][6]  -      SDFFQX1  0.000   0.010    -7.027  
      ---------------------------------------------------------------------------------
Path 41: MET Setup Check with Pin u_account_balance/balance_db_reg[7][5]/CK 
Endpoint:   u_account_balance/balance_db_reg[7][5]/SE (v) checked with  leading edge of 'clk'
Beginpoint: u_vehicle_interface/id_to_check_reg[3]/Q  (^) triggered by  leading edge of 'clk'
Path Groups: {clk}
Retime Analysis { Data Path-Slew }
Other End Arrival Time          0.010
- Setup                         0.418
+ Phase Shift                  12.000
= Required Time                11.592
- Arrival Time                  4.555
= Slack Time                    7.037
= Slack Time(original)          6.948
     Clock Rise Edge                      0.000
     + Source Insertion Delay             0.010
     = Beginpoint Arrival Time            0.010
     Timing Path:
      ----------------------------------------------------------------------------------------
      Instance                                Arc          Cell      Retime  Arrival  Required  
                                                                     Delay   Time     Time  
      ----------------------------------------------------------------------------------------
      -                                       clk ^        -         -       0.010    7.047  
      u_vehicle_interface/id_to_check_reg[3]  -            DFFQX1    0.000   0.010    7.047  
      u_vehicle_interface/id_to_check_reg[3]  CK ^ -> Q ^  DFFQX1    0.531   0.541    7.578  
      u_account_balance/g17076                -            CLKINVX1  0.000   0.541    7.578  
      u_account_balance/g17076                A ^ -> Y v   CLKINVX1  0.445   0.986    8.023  
      u_account_balance/g17075                -            NOR2XL    0.000   0.986    8.023  
      u_account_balance/g17075                B v -> Y ^   NOR2XL    0.822   1.808    8.845  
      u_account_balance/g17071                -            CLKINVX1  0.000   1.808    8.845  
      u_account_balance/g17071                A ^ -> Y v   CLKINVX1  0.141   1.949    8.986  
      u_account_balance/g17059                -            NOR2XL    0.000   1.949    8.986  
      u_account_balance/g17059                B v -> Y ^   NOR2XL    0.550   2.498    9.535  
      u_account_balance/g17021                -            NAND2XL   0.000   2.498    9.535  
      u_account_balance/g17021                B ^ -> Y v   NAND2XL   0.165   2.663    9.700  
      u_account_balance/g16925                -            OAI211X1  0.000   2.663    9.700  
      u_account_balance/g16925                B0 v -> Y ^  OAI211X1  0.101   2.764    9.801  
      u_account_balance/g16911                -            AOI211X1  0.000   2.764    9.801  
      u_account_balance/g16911                B0 ^ -> Y v  AOI211X1  0.062   2.826    9.863  
      u_account_balance/g16898                -            NAND3X1   0.000   2.826    9.863  
      u_account_balance/g16898                C v -> Y ^   NAND3X1   0.075   2.901    9.938  
      u_account_balance/g16888                -            OR4X1     0.000   2.901    9.938  
      u_account_balance/g16888                B ^ -> Y ^   OR4X1     0.152   3.053    10.090  
      u_account_balance/g16887                -            NAND3BX1  0.000   3.053    10.090  
      u_account_balance/g16887                AN ^ -> Y ^  NAND3BX1  0.116   3.169    10.206  
      u_account_balance/g16886                -            OAI31X1   0.000   3.169    10.206  
      u_account_balance/g16886                A2 ^ -> Y v  OAI31X1   0.114   3.283    10.320  
      u_account_balance/g16885                -            NOR2BX1   0.000   3.283    10.320  
      u_account_balance/g16885                B v -> Y ^   NOR2BX1   0.116   3.399    10.436  
      u_account_balance/g3679                 -            NOR2BX1   0.000   3.399    10.436  
      u_account_balance/g3679                 AN ^ -> Y ^  NOR2BX1   0.145   3.544    10.581  
      u_account_balance/g3668                 -            AND2X1    0.000   3.544    10.581  
      u_account_balance/g3668                 B ^ -> Y ^   AND2X1    0.190   3.734    10.771  
      u_account_balance/g3644                 -            NAND3X1   0.000   3.734    10.771  
      u_account_balance/g3644                 C ^ -> Y v   NAND3X1   0.821   4.555    11.592  
      u_account_balance/balance_db_reg[7][5]  -            SDFFQX1   0.000   4.555    11.592  
      ----------------------------------------------------------------------------------------
     Clock Rise Edge                      0.000
     + Source Insertion Delay             0.010
     = Beginpoint Arrival Time            0.010
     Other End Path:
      ---------------------------------------------------------------------------------
      Instance                                Arc    Cell     Retime  Arrival  Required  
                                                              Delay   Time     Time  
      ---------------------------------------------------------------------------------
      -                                       clk ^  -        -       0.010    -7.027  
      u_account_balance/balance_db_reg[7][5]  -      SDFFQX1  0.000   0.010    -7.027  
      ---------------------------------------------------------------------------------
Path 42: MET Setup Check with Pin u_account_balance/balance_db_reg[7][4]/CK 
Endpoint:   u_account_balance/balance_db_reg[7][4]/SE (v) checked with  leading edge of 'clk'
Beginpoint: u_vehicle_interface/id_to_check_reg[3]/Q  (^) triggered by  leading edge of 'clk'
Path Groups: {clk}
Retime Analysis { Data Path-Slew }
Other End Arrival Time          0.010
- Setup                         0.418
+ Phase Shift                  12.000
= Required Time                11.592
- Arrival Time                  4.555
= Slack Time                    7.037
= Slack Time(original)          6.948
     Clock Rise Edge                      0.000
     + Source Insertion Delay             0.010
     = Beginpoint Arrival Time            0.010
     Timing Path:
      ----------------------------------------------------------------------------------------
      Instance                                Arc          Cell      Retime  Arrival  Required  
                                                                     Delay   Time     Time  
      ----------------------------------------------------------------------------------------
      -                                       clk ^        -         -       0.010    7.047  
      u_vehicle_interface/id_to_check_reg[3]  -            DFFQX1    0.000   0.010    7.047  
      u_vehicle_interface/id_to_check_reg[3]  CK ^ -> Q ^  DFFQX1    0.531   0.541    7.578  
      u_account_balance/g17076                -            CLKINVX1  0.000   0.541    7.578  
      u_account_balance/g17076                A ^ -> Y v   CLKINVX1  0.445   0.986    8.023  
      u_account_balance/g17075                -            NOR2XL    0.000   0.986    8.023  
      u_account_balance/g17075                B v -> Y ^   NOR2XL    0.822   1.808    8.845  
      u_account_balance/g17071                -            CLKINVX1  0.000   1.808    8.845  
      u_account_balance/g17071                A ^ -> Y v   CLKINVX1  0.141   1.949    8.986  
      u_account_balance/g17059                -            NOR2XL    0.000   1.949    8.986  
      u_account_balance/g17059                B v -> Y ^   NOR2XL    0.550   2.498    9.535  
      u_account_balance/g17021                -            NAND2XL   0.000   2.498    9.535  
      u_account_balance/g17021                B ^ -> Y v   NAND2XL   0.165   2.663    9.700  
      u_account_balance/g16925                -            OAI211X1  0.000   2.663    9.700  
      u_account_balance/g16925                B0 v -> Y ^  OAI211X1  0.101   2.764    9.801  
      u_account_balance/g16911                -            AOI211X1  0.000   2.764    9.801  
      u_account_balance/g16911                B0 ^ -> Y v  AOI211X1  0.062   2.826    9.863  
      u_account_balance/g16898                -            NAND3X1   0.000   2.826    9.863  
      u_account_balance/g16898                C v -> Y ^   NAND3X1   0.075   2.901    9.938  
      u_account_balance/g16888                -            OR4X1     0.000   2.901    9.938  
      u_account_balance/g16888                B ^ -> Y ^   OR4X1     0.152   3.053    10.090  
      u_account_balance/g16887                -            NAND3BX1  0.000   3.053    10.090  
      u_account_balance/g16887                AN ^ -> Y ^  NAND3BX1  0.116   3.169    10.206  
      u_account_balance/g16886                -            OAI31X1   0.000   3.169    10.206  
      u_account_balance/g16886                A2 ^ -> Y v  OAI31X1   0.114   3.283    10.320  
      u_account_balance/g16885                -            NOR2BX1   0.000   3.283    10.320  
      u_account_balance/g16885                B v -> Y ^   NOR2BX1   0.116   3.399    10.436  
      u_account_balance/g3679                 -            NOR2BX1   0.000   3.399    10.436  
      u_account_balance/g3679                 AN ^ -> Y ^  NOR2BX1   0.145   3.544    10.581  
      u_account_balance/g3668                 -            AND2X1    0.000   3.544    10.581  
      u_account_balance/g3668                 B ^ -> Y ^   AND2X1    0.190   3.734    10.771  
      u_account_balance/g3644                 -            NAND3X1   0.000   3.734    10.771  
      u_account_balance/g3644                 C ^ -> Y v   NAND3X1   0.821   4.555    11.592  
      u_account_balance/balance_db_reg[7][4]  -            SDFFQX1   0.000   4.555    11.592  
      ----------------------------------------------------------------------------------------
     Clock Rise Edge                      0.000
     + Source Insertion Delay             0.010
     = Beginpoint Arrival Time            0.010
     Other End Path:
      ---------------------------------------------------------------------------------
      Instance                                Arc    Cell     Retime  Arrival  Required  
                                                              Delay   Time     Time  
      ---------------------------------------------------------------------------------
      -                                       clk ^  -        -       0.010    -7.027  
      u_account_balance/balance_db_reg[7][4]  -      SDFFQX1  0.000   0.010    -7.027  
      ---------------------------------------------------------------------------------
Path 43: MET Setup Check with Pin u_account_balance/balance_db_reg[7][3]/CK 
Endpoint:   u_account_balance/balance_db_reg[7][3]/SE (v) checked with  leading edge of 'clk'
Beginpoint: u_vehicle_interface/id_to_check_reg[3]/Q  (^) triggered by  leading edge of 'clk'
Path Groups: {clk}
Retime Analysis { Data Path-Slew }
Other End Arrival Time          0.010
- Setup                         0.418
+ Phase Shift                  12.000
= Required Time                11.592
- Arrival Time                  4.555
= Slack Time                    7.037
= Slack Time(original)          6.948
     Clock Rise Edge                      0.000
     + Source Insertion Delay             0.010
     = Beginpoint Arrival Time            0.010
     Timing Path:
      ----------------------------------------------------------------------------------------
      Instance                                Arc          Cell      Retime  Arrival  Required  
                                                                     Delay   Time     Time  
      ----------------------------------------------------------------------------------------
      -                                       clk ^        -         -       0.010    7.047  
      u_vehicle_interface/id_to_check_reg[3]  -            DFFQX1    0.000   0.010    7.047  
      u_vehicle_interface/id_to_check_reg[3]  CK ^ -> Q ^  DFFQX1    0.531   0.541    7.578  
      u_account_balance/g17076                -            CLKINVX1  0.000   0.541    7.578  
      u_account_balance/g17076                A ^ -> Y v   CLKINVX1  0.445   0.986    8.023  
      u_account_balance/g17075                -            NOR2XL    0.000   0.986    8.023  
      u_account_balance/g17075                B v -> Y ^   NOR2XL    0.822   1.808    8.845  
      u_account_balance/g17071                -            CLKINVX1  0.000   1.808    8.845  
      u_account_balance/g17071                A ^ -> Y v   CLKINVX1  0.141   1.949    8.986  
      u_account_balance/g17059                -            NOR2XL    0.000   1.949    8.986  
      u_account_balance/g17059                B v -> Y ^   NOR2XL    0.550   2.498    9.535  
      u_account_balance/g17021                -            NAND2XL   0.000   2.498    9.535  
      u_account_balance/g17021                B ^ -> Y v   NAND2XL   0.165   2.663    9.700  
      u_account_balance/g16925                -            OAI211X1  0.000   2.663    9.700  
      u_account_balance/g16925                B0 v -> Y ^  OAI211X1  0.101   2.764    9.801  
      u_account_balance/g16911                -            AOI211X1  0.000   2.764    9.801  
      u_account_balance/g16911                B0 ^ -> Y v  AOI211X1  0.062   2.826    9.863  
      u_account_balance/g16898                -            NAND3X1   0.000   2.826    9.863  
      u_account_balance/g16898                C v -> Y ^   NAND3X1   0.075   2.901    9.938  
      u_account_balance/g16888                -            OR4X1     0.000   2.901    9.938  
      u_account_balance/g16888                B ^ -> Y ^   OR4X1     0.152   3.053    10.090  
      u_account_balance/g16887                -            NAND3BX1  0.000   3.053    10.090  
      u_account_balance/g16887                AN ^ -> Y ^  NAND3BX1  0.116   3.169    10.206  
      u_account_balance/g16886                -            OAI31X1   0.000   3.169    10.206  
      u_account_balance/g16886                A2 ^ -> Y v  OAI31X1   0.114   3.283    10.320  
      u_account_balance/g16885                -            NOR2BX1   0.000   3.283    10.320  
      u_account_balance/g16885                B v -> Y ^   NOR2BX1   0.116   3.399    10.436  
      u_account_balance/g3679                 -            NOR2BX1   0.000   3.399    10.436  
      u_account_balance/g3679                 AN ^ -> Y ^  NOR2BX1   0.145   3.544    10.581  
      u_account_balance/g3668                 -            AND2X1    0.000   3.544    10.581  
      u_account_balance/g3668                 B ^ -> Y ^   AND2X1    0.190   3.734    10.771  
      u_account_balance/g3644                 -            NAND3X1   0.000   3.734    10.771  
      u_account_balance/g3644                 C ^ -> Y v   NAND3X1   0.821   4.555    11.592  
      u_account_balance/balance_db_reg[7][3]  -            SDFFQX1   0.000   4.555    11.592  
      ----------------------------------------------------------------------------------------
     Clock Rise Edge                      0.000
     + Source Insertion Delay             0.010
     = Beginpoint Arrival Time            0.010
     Other End Path:
      ---------------------------------------------------------------------------------
      Instance                                Arc    Cell     Retime  Arrival  Required  
                                                              Delay   Time     Time  
      ---------------------------------------------------------------------------------
      -                                       clk ^  -        -       0.010    -7.027  
      u_account_balance/balance_db_reg[7][3]  -      SDFFQX1  0.000   0.010    -7.027  
      ---------------------------------------------------------------------------------
Path 44: MET Setup Check with Pin u_account_balance/balance_db_reg[7][2]/CK 
Endpoint:   u_account_balance/balance_db_reg[7][2]/SE (v) checked with  leading edge of 'clk'
Beginpoint: u_vehicle_interface/id_to_check_reg[3]/Q  (^) triggered by  leading edge of 'clk'
Path Groups: {clk}
Retime Analysis { Data Path-Slew }
Other End Arrival Time          0.010
- Setup                         0.418
+ Phase Shift                  12.000
= Required Time                11.592
- Arrival Time                  4.555
= Slack Time                    7.037
= Slack Time(original)          6.948
     Clock Rise Edge                      0.000
     + Source Insertion Delay             0.010
     = Beginpoint Arrival Time            0.010
     Timing Path:
      ----------------------------------------------------------------------------------------
      Instance                                Arc          Cell      Retime  Arrival  Required  
                                                                     Delay   Time     Time  
      ----------------------------------------------------------------------------------------
      -                                       clk ^        -         -       0.010    7.047  
      u_vehicle_interface/id_to_check_reg[3]  -            DFFQX1    0.000   0.010    7.047  
      u_vehicle_interface/id_to_check_reg[3]  CK ^ -> Q ^  DFFQX1    0.531   0.541    7.578  
      u_account_balance/g17076                -            CLKINVX1  0.000   0.541    7.578  
      u_account_balance/g17076                A ^ -> Y v   CLKINVX1  0.445   0.986    8.023  
      u_account_balance/g17075                -            NOR2XL    0.000   0.986    8.023  
      u_account_balance/g17075                B v -> Y ^   NOR2XL    0.822   1.808    8.845  
      u_account_balance/g17071                -            CLKINVX1  0.000   1.808    8.845  
      u_account_balance/g17071                A ^ -> Y v   CLKINVX1  0.141   1.949    8.986  
      u_account_balance/g17059                -            NOR2XL    0.000   1.949    8.986  
      u_account_balance/g17059                B v -> Y ^   NOR2XL    0.550   2.498    9.535  
      u_account_balance/g17021                -            NAND2XL   0.000   2.498    9.535  
      u_account_balance/g17021                B ^ -> Y v   NAND2XL   0.165   2.663    9.700  
      u_account_balance/g16925                -            OAI211X1  0.000   2.663    9.700  
      u_account_balance/g16925                B0 v -> Y ^  OAI211X1  0.101   2.764    9.801  
      u_account_balance/g16911                -            AOI211X1  0.000   2.764    9.801  
      u_account_balance/g16911                B0 ^ -> Y v  AOI211X1  0.062   2.826    9.863  
      u_account_balance/g16898                -            NAND3X1   0.000   2.826    9.863  
      u_account_balance/g16898                C v -> Y ^   NAND3X1   0.075   2.901    9.938  
      u_account_balance/g16888                -            OR4X1     0.000   2.901    9.938  
      u_account_balance/g16888                B ^ -> Y ^   OR4X1     0.152   3.053    10.090  
      u_account_balance/g16887                -            NAND3BX1  0.000   3.053    10.090  
      u_account_balance/g16887                AN ^ -> Y ^  NAND3BX1  0.116   3.169    10.206  
      u_account_balance/g16886                -            OAI31X1   0.000   3.169    10.206  
      u_account_balance/g16886                A2 ^ -> Y v  OAI31X1   0.114   3.283    10.320  
      u_account_balance/g16885                -            NOR2BX1   0.000   3.283    10.320  
      u_account_balance/g16885                B v -> Y ^   NOR2BX1   0.116   3.399    10.436  
      u_account_balance/g3679                 -            NOR2BX1   0.000   3.399    10.436  
      u_account_balance/g3679                 AN ^ -> Y ^  NOR2BX1   0.145   3.544    10.581  
      u_account_balance/g3668                 -            AND2X1    0.000   3.544    10.581  
      u_account_balance/g3668                 B ^ -> Y ^   AND2X1    0.190   3.734    10.771  
      u_account_balance/g3644                 -            NAND3X1   0.000   3.734    10.771  
      u_account_balance/g3644                 C ^ -> Y v   NAND3X1   0.821   4.555    11.592  
      u_account_balance/balance_db_reg[7][2]  -            SDFFQX1   0.000   4.555    11.592  
      ----------------------------------------------------------------------------------------
     Clock Rise Edge                      0.000
     + Source Insertion Delay             0.010
     = Beginpoint Arrival Time            0.010
     Other End Path:
      ---------------------------------------------------------------------------------
      Instance                                Arc    Cell     Retime  Arrival  Required  
                                                              Delay   Time     Time  
      ---------------------------------------------------------------------------------
      -                                       clk ^  -        -       0.010    -7.027  
      u_account_balance/balance_db_reg[7][2]  -      SDFFQX1  0.000   0.010    -7.027  
      ---------------------------------------------------------------------------------
Path 45: MET Setup Check with Pin u_account_balance/balance_db_reg[7][1]/CK 
Endpoint:   u_account_balance/balance_db_reg[7][1]/SE (v) checked with  leading edge of 'clk'
Beginpoint: u_vehicle_interface/id_to_check_reg[3]/Q  (^) triggered by  leading edge of 'clk'
Path Groups: {clk}
Retime Analysis { Data Path-Slew }
Other End Arrival Time          0.010
- Setup                         0.418
+ Phase Shift                  12.000
= Required Time                11.592
- Arrival Time                  4.555
= Slack Time                    7.037
= Slack Time(original)          6.948
     Clock Rise Edge                      0.000
     + Source Insertion Delay             0.010
     = Beginpoint Arrival Time            0.010
     Timing Path:
      ----------------------------------------------------------------------------------------
      Instance                                Arc          Cell      Retime  Arrival  Required  
                                                                     Delay   Time     Time  
      ----------------------------------------------------------------------------------------
      -                                       clk ^        -         -       0.010    7.047  
      u_vehicle_interface/id_to_check_reg[3]  -            DFFQX1    0.000   0.010    7.047  
      u_vehicle_interface/id_to_check_reg[3]  CK ^ -> Q ^  DFFQX1    0.531   0.541    7.578  
      u_account_balance/g17076                -            CLKINVX1  0.000   0.541    7.578  
      u_account_balance/g17076                A ^ -> Y v   CLKINVX1  0.445   0.986    8.023  
      u_account_balance/g17075                -            NOR2XL    0.000   0.986    8.023  
      u_account_balance/g17075                B v -> Y ^   NOR2XL    0.822   1.808    8.845  
      u_account_balance/g17071                -            CLKINVX1  0.000   1.808    8.845  
      u_account_balance/g17071                A ^ -> Y v   CLKINVX1  0.141   1.949    8.986  
      u_account_balance/g17059                -            NOR2XL    0.000   1.949    8.986  
      u_account_balance/g17059                B v -> Y ^   NOR2XL    0.550   2.498    9.535  
      u_account_balance/g17021                -            NAND2XL   0.000   2.498    9.535  
      u_account_balance/g17021                B ^ -> Y v   NAND2XL   0.165   2.663    9.700  
      u_account_balance/g16925                -            OAI211X1  0.000   2.663    9.700  
      u_account_balance/g16925                B0 v -> Y ^  OAI211X1  0.101   2.764    9.801  
      u_account_balance/g16911                -            AOI211X1  0.000   2.764    9.801  
      u_account_balance/g16911                B0 ^ -> Y v  AOI211X1  0.062   2.826    9.863  
      u_account_balance/g16898                -            NAND3X1   0.000   2.826    9.863  
      u_account_balance/g16898                C v -> Y ^   NAND3X1   0.075   2.901    9.938  
      u_account_balance/g16888                -            OR4X1     0.000   2.901    9.938  
      u_account_balance/g16888                B ^ -> Y ^   OR4X1     0.152   3.053    10.090  
      u_account_balance/g16887                -            NAND3BX1  0.000   3.053    10.090  
      u_account_balance/g16887                AN ^ -> Y ^  NAND3BX1  0.116   3.169    10.206  
      u_account_balance/g16886                -            OAI31X1   0.000   3.169    10.206  
      u_account_balance/g16886                A2 ^ -> Y v  OAI31X1   0.114   3.283    10.320  
      u_account_balance/g16885                -            NOR2BX1   0.000   3.283    10.320  
      u_account_balance/g16885                B v -> Y ^   NOR2BX1   0.116   3.399    10.436  
      u_account_balance/g3679                 -            NOR2BX1   0.000   3.399    10.436  
      u_account_balance/g3679                 AN ^ -> Y ^  NOR2BX1   0.145   3.544    10.581  
      u_account_balance/g3668                 -            AND2X1    0.000   3.544    10.581  
      u_account_balance/g3668                 B ^ -> Y ^   AND2X1    0.190   3.734    10.771  
      u_account_balance/g3644                 -            NAND3X1   0.000   3.734    10.771  
      u_account_balance/g3644                 C ^ -> Y v   NAND3X1   0.821   4.555    11.592  
      u_account_balance/balance_db_reg[7][1]  -            SDFFQX1   0.000   4.555    11.592  
      ----------------------------------------------------------------------------------------
     Clock Rise Edge                      0.000
     + Source Insertion Delay             0.010
     = Beginpoint Arrival Time            0.010
     Other End Path:
      ---------------------------------------------------------------------------------
      Instance                                Arc    Cell     Retime  Arrival  Required  
                                                              Delay   Time     Time  
      ---------------------------------------------------------------------------------
      -                                       clk ^  -        -       0.010    -7.027  
      u_account_balance/balance_db_reg[7][1]  -      SDFFQX1  0.000   0.010    -7.027  
      ---------------------------------------------------------------------------------
Path 46: MET Setup Check with Pin u_account_balance/balance_db_reg[6][15]/CK 
Endpoint:   u_account_balance/balance_db_reg[6][15]/SE (v) checked with  leading edge of 'clk'
Beginpoint: u_vehicle_interface/id_to_check_reg[3]/Q   (^) triggered by  leading edge of 'clk'
Path Groups: {clk}
Retime Analysis { Data Path-Slew }
Other End Arrival Time          0.010
- Setup                         0.418
+ Phase Shift                  12.000
= Required Time                11.592
- Arrival Time                  4.555
= Slack Time                    7.037
= Slack Time(original)          6.948
     Clock Rise Edge                      0.000
     + Source Insertion Delay             0.010
     = Beginpoint Arrival Time            0.010
     Timing Path:
      -----------------------------------------------------------------------------------------
      Instance                                 Arc          Cell      Retime  Arrival  Required  
                                                                      Delay   Time     Time  
      -----------------------------------------------------------------------------------------
      -                                        clk ^        -         -       0.010    7.047  
      u_vehicle_interface/id_to_check_reg[3]   -            DFFQX1    0.000   0.010    7.047  
      u_vehicle_interface/id_to_check_reg[3]   CK ^ -> Q ^  DFFQX1    0.531   0.541    7.578  
      u_account_balance/g17076                 -            CLKINVX1  0.000   0.541    7.578  
      u_account_balance/g17076                 A ^ -> Y v   CLKINVX1  0.445   0.986    8.023  
      u_account_balance/g17075                 -            NOR2XL    0.000   0.986    8.023  
      u_account_balance/g17075                 B v -> Y ^   NOR2XL    0.822   1.808    8.845  
      u_account_balance/g17071                 -            CLKINVX1  0.000   1.808    8.845  
      u_account_balance/g17071                 A ^ -> Y v   CLKINVX1  0.141   1.949    8.986  
      u_account_balance/g17059                 -            NOR2XL    0.000   1.949    8.986  
      u_account_balance/g17059                 B v -> Y ^   NOR2XL    0.550   2.498    9.535  
      u_account_balance/g17021                 -            NAND2XL   0.000   2.498    9.535  
      u_account_balance/g17021                 B ^ -> Y v   NAND2XL   0.165   2.663    9.700  
      u_account_balance/g16925                 -            OAI211X1  0.000   2.663    9.700  
      u_account_balance/g16925                 B0 v -> Y ^  OAI211X1  0.101   2.764    9.801  
      u_account_balance/g16911                 -            AOI211X1  0.000   2.764    9.801  
      u_account_balance/g16911                 B0 ^ -> Y v  AOI211X1  0.062   2.826    9.863  
      u_account_balance/g16898                 -            NAND3X1   0.000   2.826    9.863  
      u_account_balance/g16898                 C v -> Y ^   NAND3X1   0.075   2.901    9.938  
      u_account_balance/g16888                 -            OR4X1     0.000   2.901    9.938  
      u_account_balance/g16888                 B ^ -> Y ^   OR4X1     0.152   3.053    10.090  
      u_account_balance/g16887                 -            NAND3BX1  0.000   3.053    10.090  
      u_account_balance/g16887                 AN ^ -> Y ^  NAND3BX1  0.116   3.169    10.206  
      u_account_balance/g16886                 -            OAI31X1   0.000   3.169    10.206  
      u_account_balance/g16886                 A2 ^ -> Y v  OAI31X1   0.114   3.283    10.320  
      u_account_balance/g16885                 -            NOR2BX1   0.000   3.283    10.320  
      u_account_balance/g16885                 B v -> Y ^   NOR2BX1   0.116   3.399    10.436  
      u_account_balance/g3679                  -            NOR2BX1   0.000   3.399    10.436  
      u_account_balance/g3679                  AN ^ -> Y ^  NOR2BX1   0.145   3.544    10.581  
      u_account_balance/g3668                  -            AND2X1    0.000   3.544    10.581  
      u_account_balance/g3668                  B ^ -> Y ^   AND2X1    0.190   3.734    10.771  
      u_account_balance/g3643                  -            NAND3X1   0.000   3.734    10.771  
      u_account_balance/g3643                  C ^ -> Y v   NAND3X1   0.821   4.555    11.592  
      u_account_balance/balance_db_reg[6][15]  -            SDFFQX1   0.000   4.555    11.592  
      -----------------------------------------------------------------------------------------
     Clock Rise Edge                      0.000
     + Source Insertion Delay             0.010
     = Beginpoint Arrival Time            0.010
     Other End Path:
      ----------------------------------------------------------------------------------
      Instance                                 Arc    Cell     Retime  Arrival  Required  
                                                               Delay   Time     Time  
      ----------------------------------------------------------------------------------
      -                                        clk ^  -        -       0.010    -7.027  
      u_account_balance/balance_db_reg[6][15]  -      SDFFQX1  0.000   0.010    -7.027  
      ----------------------------------------------------------------------------------
Path 47: MET Setup Check with Pin u_account_balance/balance_db_reg[6][14]/CK 
Endpoint:   u_account_balance/balance_db_reg[6][14]/SE (v) checked with  leading edge of 'clk'
Beginpoint: u_vehicle_interface/id_to_check_reg[3]/Q   (^) triggered by  leading edge of 'clk'
Path Groups: {clk}
Retime Analysis { Data Path-Slew }
Other End Arrival Time          0.010
- Setup                         0.418
+ Phase Shift                  12.000
= Required Time                11.592
- Arrival Time                  4.555
= Slack Time                    7.037
= Slack Time(original)          6.948
     Clock Rise Edge                      0.000
     + Source Insertion Delay             0.010
     = Beginpoint Arrival Time            0.010
     Timing Path:
      -----------------------------------------------------------------------------------------
      Instance                                 Arc          Cell      Retime  Arrival  Required  
                                                                      Delay   Time     Time  
      -----------------------------------------------------------------------------------------
      -                                        clk ^        -         -       0.010    7.047  
      u_vehicle_interface/id_to_check_reg[3]   -            DFFQX1    0.000   0.010    7.047  
      u_vehicle_interface/id_to_check_reg[3]   CK ^ -> Q ^  DFFQX1    0.531   0.541    7.578  
      u_account_balance/g17076                 -            CLKINVX1  0.000   0.541    7.578  
      u_account_balance/g17076                 A ^ -> Y v   CLKINVX1  0.445   0.986    8.023  
      u_account_balance/g17075                 -            NOR2XL    0.000   0.986    8.023  
      u_account_balance/g17075                 B v -> Y ^   NOR2XL    0.822   1.808    8.845  
      u_account_balance/g17071                 -            CLKINVX1  0.000   1.808    8.845  
      u_account_balance/g17071                 A ^ -> Y v   CLKINVX1  0.141   1.949    8.986  
      u_account_balance/g17059                 -            NOR2XL    0.000   1.949    8.986  
      u_account_balance/g17059                 B v -> Y ^   NOR2XL    0.550   2.498    9.535  
      u_account_balance/g17021                 -            NAND2XL   0.000   2.498    9.535  
      u_account_balance/g17021                 B ^ -> Y v   NAND2XL   0.165   2.663    9.700  
      u_account_balance/g16925                 -            OAI211X1  0.000   2.663    9.700  
      u_account_balance/g16925                 B0 v -> Y ^  OAI211X1  0.101   2.764    9.801  
      u_account_balance/g16911                 -            AOI211X1  0.000   2.764    9.801  
      u_account_balance/g16911                 B0 ^ -> Y v  AOI211X1  0.062   2.826    9.863  
      u_account_balance/g16898                 -            NAND3X1   0.000   2.826    9.863  
      u_account_balance/g16898                 C v -> Y ^   NAND3X1   0.075   2.901    9.938  
      u_account_balance/g16888                 -            OR4X1     0.000   2.901    9.938  
      u_account_balance/g16888                 B ^ -> Y ^   OR4X1     0.152   3.053    10.090  
      u_account_balance/g16887                 -            NAND3BX1  0.000   3.053    10.090  
      u_account_balance/g16887                 AN ^ -> Y ^  NAND3BX1  0.116   3.169    10.206  
      u_account_balance/g16886                 -            OAI31X1   0.000   3.169    10.206  
      u_account_balance/g16886                 A2 ^ -> Y v  OAI31X1   0.114   3.283    10.320  
      u_account_balance/g16885                 -            NOR2BX1   0.000   3.283    10.320  
      u_account_balance/g16885                 B v -> Y ^   NOR2BX1   0.116   3.399    10.436  
      u_account_balance/g3679                  -            NOR2BX1   0.000   3.399    10.436  
      u_account_balance/g3679                  AN ^ -> Y ^  NOR2BX1   0.145   3.544    10.581  
      u_account_balance/g3668                  -            AND2X1    0.000   3.544    10.581  
      u_account_balance/g3668                  B ^ -> Y ^   AND2X1    0.190   3.734    10.771  
      u_account_balance/g3643                  -            NAND3X1   0.000   3.734    10.771  
      u_account_balance/g3643                  C ^ -> Y v   NAND3X1   0.821   4.555    11.592  
      u_account_balance/balance_db_reg[6][14]  -            SDFFQX1   0.000   4.555    11.592  
      -----------------------------------------------------------------------------------------
     Clock Rise Edge                      0.000
     + Source Insertion Delay             0.010
     = Beginpoint Arrival Time            0.010
     Other End Path:
      ----------------------------------------------------------------------------------
      Instance                                 Arc    Cell     Retime  Arrival  Required  
                                                               Delay   Time     Time  
      ----------------------------------------------------------------------------------
      -                                        clk ^  -        -       0.010    -7.027  
      u_account_balance/balance_db_reg[6][14]  -      SDFFQX1  0.000   0.010    -7.027  
      ----------------------------------------------------------------------------------
Path 48: MET Setup Check with Pin u_account_balance/balance_db_reg[6][13]/CK 
Endpoint:   u_account_balance/balance_db_reg[6][13]/SE (v) checked with  leading edge of 'clk'
Beginpoint: u_vehicle_interface/id_to_check_reg[3]/Q   (^) triggered by  leading edge of 'clk'
Path Groups: {clk}
Retime Analysis { Data Path-Slew }
Other End Arrival Time          0.010
- Setup                         0.418
+ Phase Shift                  12.000
= Required Time                11.592
- Arrival Time                  4.555
= Slack Time                    7.037
= Slack Time(original)          6.948
     Clock Rise Edge                      0.000
     + Source Insertion Delay             0.010
     = Beginpoint Arrival Time            0.010
     Timing Path:
      -----------------------------------------------------------------------------------------
      Instance                                 Arc          Cell      Retime  Arrival  Required  
                                                                      Delay   Time     Time  
      -----------------------------------------------------------------------------------------
      -                                        clk ^        -         -       0.010    7.047  
      u_vehicle_interface/id_to_check_reg[3]   -            DFFQX1    0.000   0.010    7.047  
      u_vehicle_interface/id_to_check_reg[3]   CK ^ -> Q ^  DFFQX1    0.531   0.541    7.578  
      u_account_balance/g17076                 -            CLKINVX1  0.000   0.541    7.578  
      u_account_balance/g17076                 A ^ -> Y v   CLKINVX1  0.445   0.986    8.023  
      u_account_balance/g17075                 -            NOR2XL    0.000   0.986    8.023  
      u_account_balance/g17075                 B v -> Y ^   NOR2XL    0.822   1.808    8.845  
      u_account_balance/g17071                 -            CLKINVX1  0.000   1.808    8.845  
      u_account_balance/g17071                 A ^ -> Y v   CLKINVX1  0.141   1.949    8.986  
      u_account_balance/g17059                 -            NOR2XL    0.000   1.949    8.986  
      u_account_balance/g17059                 B v -> Y ^   NOR2XL    0.550   2.498    9.535  
      u_account_balance/g17021                 -            NAND2XL   0.000   2.498    9.535  
      u_account_balance/g17021                 B ^ -> Y v   NAND2XL   0.165   2.663    9.700  
      u_account_balance/g16925                 -            OAI211X1  0.000   2.663    9.700  
      u_account_balance/g16925                 B0 v -> Y ^  OAI211X1  0.101   2.764    9.801  
      u_account_balance/g16911                 -            AOI211X1  0.000   2.764    9.801  
      u_account_balance/g16911                 B0 ^ -> Y v  AOI211X1  0.062   2.826    9.863  
      u_account_balance/g16898                 -            NAND3X1   0.000   2.826    9.863  
      u_account_balance/g16898                 C v -> Y ^   NAND3X1   0.075   2.901    9.938  
      u_account_balance/g16888                 -            OR4X1     0.000   2.901    9.938  
      u_account_balance/g16888                 B ^ -> Y ^   OR4X1     0.152   3.053    10.090  
      u_account_balance/g16887                 -            NAND3BX1  0.000   3.053    10.090  
      u_account_balance/g16887                 AN ^ -> Y ^  NAND3BX1  0.116   3.169    10.206  
      u_account_balance/g16886                 -            OAI31X1   0.000   3.169    10.206  
      u_account_balance/g16886                 A2 ^ -> Y v  OAI31X1   0.114   3.283    10.320  
      u_account_balance/g16885                 -            NOR2BX1   0.000   3.283    10.320  
      u_account_balance/g16885                 B v -> Y ^   NOR2BX1   0.116   3.399    10.436  
      u_account_balance/g3679                  -            NOR2BX1   0.000   3.399    10.436  
      u_account_balance/g3679                  AN ^ -> Y ^  NOR2BX1   0.145   3.544    10.581  
      u_account_balance/g3668                  -            AND2X1    0.000   3.544    10.581  
      u_account_balance/g3668                  B ^ -> Y ^   AND2X1    0.190   3.734    10.771  
      u_account_balance/g3643                  -            NAND3X1   0.000   3.734    10.771  
      u_account_balance/g3643                  C ^ -> Y v   NAND3X1   0.821   4.555    11.592  
      u_account_balance/balance_db_reg[6][13]  -            SDFFQX1   0.000   4.555    11.592  
      -----------------------------------------------------------------------------------------
     Clock Rise Edge                      0.000
     + Source Insertion Delay             0.010
     = Beginpoint Arrival Time            0.010
     Other End Path:
      ----------------------------------------------------------------------------------
      Instance                                 Arc    Cell     Retime  Arrival  Required  
                                                               Delay   Time     Time  
      ----------------------------------------------------------------------------------
      -                                        clk ^  -        -       0.010    -7.027  
      u_account_balance/balance_db_reg[6][13]  -      SDFFQX1  0.000   0.010    -7.027  
      ----------------------------------------------------------------------------------
Path 49: MET Setup Check with Pin u_account_balance/balance_db_reg[6][12]/CK 
Endpoint:   u_account_balance/balance_db_reg[6][12]/SE (v) checked with  leading edge of 'clk'
Beginpoint: u_vehicle_interface/id_to_check_reg[3]/Q   (^) triggered by  leading edge of 'clk'
Path Groups: {clk}
Retime Analysis { Data Path-Slew }
Other End Arrival Time          0.010
- Setup                         0.418
+ Phase Shift                  12.000
= Required Time                11.592
- Arrival Time                  4.555
= Slack Time                    7.037
= Slack Time(original)          6.948
     Clock Rise Edge                      0.000
     + Source Insertion Delay             0.010
     = Beginpoint Arrival Time            0.010
     Timing Path:
      -----------------------------------------------------------------------------------------
      Instance                                 Arc          Cell      Retime  Arrival  Required  
                                                                      Delay   Time     Time  
      -----------------------------------------------------------------------------------------
      -                                        clk ^        -         -       0.010    7.047  
      u_vehicle_interface/id_to_check_reg[3]   -            DFFQX1    0.000   0.010    7.047  
      u_vehicle_interface/id_to_check_reg[3]   CK ^ -> Q ^  DFFQX1    0.531   0.541    7.578  
      u_account_balance/g17076                 -            CLKINVX1  0.000   0.541    7.578  
      u_account_balance/g17076                 A ^ -> Y v   CLKINVX1  0.445   0.986    8.023  
      u_account_balance/g17075                 -            NOR2XL    0.000   0.986    8.023  
      u_account_balance/g17075                 B v -> Y ^   NOR2XL    0.822   1.808    8.845  
      u_account_balance/g17071                 -            CLKINVX1  0.000   1.808    8.845  
      u_account_balance/g17071                 A ^ -> Y v   CLKINVX1  0.141   1.949    8.986  
      u_account_balance/g17059                 -            NOR2XL    0.000   1.949    8.986  
      u_account_balance/g17059                 B v -> Y ^   NOR2XL    0.550   2.498    9.535  
      u_account_balance/g17021                 -            NAND2XL   0.000   2.498    9.535  
      u_account_balance/g17021                 B ^ -> Y v   NAND2XL   0.165   2.663    9.700  
      u_account_balance/g16925                 -            OAI211X1  0.000   2.663    9.700  
      u_account_balance/g16925                 B0 v -> Y ^  OAI211X1  0.101   2.764    9.801  
      u_account_balance/g16911                 -            AOI211X1  0.000   2.764    9.801  
      u_account_balance/g16911                 B0 ^ -> Y v  AOI211X1  0.062   2.826    9.863  
      u_account_balance/g16898                 -            NAND3X1   0.000   2.826    9.863  
      u_account_balance/g16898                 C v -> Y ^   NAND3X1   0.075   2.901    9.938  
      u_account_balance/g16888                 -            OR4X1     0.000   2.901    9.938  
      u_account_balance/g16888                 B ^ -> Y ^   OR4X1     0.152   3.053    10.090  
      u_account_balance/g16887                 -            NAND3BX1  0.000   3.053    10.090  
      u_account_balance/g16887                 AN ^ -> Y ^  NAND3BX1  0.116   3.169    10.206  
      u_account_balance/g16886                 -            OAI31X1   0.000   3.169    10.206  
      u_account_balance/g16886                 A2 ^ -> Y v  OAI31X1   0.114   3.283    10.320  
      u_account_balance/g16885                 -            NOR2BX1   0.000   3.283    10.320  
      u_account_balance/g16885                 B v -> Y ^   NOR2BX1   0.116   3.399    10.436  
      u_account_balance/g3679                  -            NOR2BX1   0.000   3.399    10.436  
      u_account_balance/g3679                  AN ^ -> Y ^  NOR2BX1   0.145   3.544    10.581  
      u_account_balance/g3668                  -            AND2X1    0.000   3.544    10.581  
      u_account_balance/g3668                  B ^ -> Y ^   AND2X1    0.190   3.734    10.771  
      u_account_balance/g3643                  -            NAND3X1   0.000   3.734    10.771  
      u_account_balance/g3643                  C ^ -> Y v   NAND3X1   0.821   4.555    11.592  
      u_account_balance/balance_db_reg[6][12]  -            SDFFQX1   0.000   4.555    11.592  
      -----------------------------------------------------------------------------------------
     Clock Rise Edge                      0.000
     + Source Insertion Delay             0.010
     = Beginpoint Arrival Time            0.010
     Other End Path:
      ----------------------------------------------------------------------------------
      Instance                                 Arc    Cell     Retime  Arrival  Required  
                                                               Delay   Time     Time  
      ----------------------------------------------------------------------------------
      -                                        clk ^  -        -       0.010    -7.027  
      u_account_balance/balance_db_reg[6][12]  -      SDFFQX1  0.000   0.010    -7.027  
      ----------------------------------------------------------------------------------
Path 50: MET Setup Check with Pin u_account_balance/balance_db_reg[6][11]/CK 
Endpoint:   u_account_balance/balance_db_reg[6][11]/SE (v) checked with  leading edge of 'clk'
Beginpoint: u_vehicle_interface/id_to_check_reg[3]/Q   (^) triggered by  leading edge of 'clk'
Path Groups: {clk}
Retime Analysis { Data Path-Slew }
Other End Arrival Time          0.010
- Setup                         0.418
+ Phase Shift                  12.000
= Required Time                11.592
- Arrival Time                  4.555
= Slack Time                    7.037
= Slack Time(original)          6.948
     Clock Rise Edge                      0.000
     + Source Insertion Delay             0.010
     = Beginpoint Arrival Time            0.010
     Timing Path:
      -----------------------------------------------------------------------------------------
      Instance                                 Arc          Cell      Retime  Arrival  Required  
                                                                      Delay   Time     Time  
      -----------------------------------------------------------------------------------------
      -                                        clk ^        -         -       0.010    7.047  
      u_vehicle_interface/id_to_check_reg[3]   -            DFFQX1    0.000   0.010    7.047  
      u_vehicle_interface/id_to_check_reg[3]   CK ^ -> Q ^  DFFQX1    0.531   0.541    7.578  
      u_account_balance/g17076                 -            CLKINVX1  0.000   0.541    7.578  
      u_account_balance/g17076                 A ^ -> Y v   CLKINVX1  0.445   0.986    8.023  
      u_account_balance/g17075                 -            NOR2XL    0.000   0.986    8.023  
      u_account_balance/g17075                 B v -> Y ^   NOR2XL    0.822   1.808    8.845  
      u_account_balance/g17071                 -            CLKINVX1  0.000   1.808    8.845  
      u_account_balance/g17071                 A ^ -> Y v   CLKINVX1  0.141   1.949    8.986  
      u_account_balance/g17059                 -            NOR2XL    0.000   1.949    8.986  
      u_account_balance/g17059                 B v -> Y ^   NOR2XL    0.550   2.498    9.535  
      u_account_balance/g17021                 -            NAND2XL   0.000   2.498    9.535  
      u_account_balance/g17021                 B ^ -> Y v   NAND2XL   0.165   2.663    9.700  
      u_account_balance/g16925                 -            OAI211X1  0.000   2.663    9.700  
      u_account_balance/g16925                 B0 v -> Y ^  OAI211X1  0.101   2.764    9.801  
      u_account_balance/g16911                 -            AOI211X1  0.000   2.764    9.801  
      u_account_balance/g16911                 B0 ^ -> Y v  AOI211X1  0.062   2.826    9.863  
      u_account_balance/g16898                 -            NAND3X1   0.000   2.826    9.863  
      u_account_balance/g16898                 C v -> Y ^   NAND3X1   0.075   2.901    9.938  
      u_account_balance/g16888                 -            OR4X1     0.000   2.901    9.938  
      u_account_balance/g16888                 B ^ -> Y ^   OR4X1     0.152   3.053    10.090  
      u_account_balance/g16887                 -            NAND3BX1  0.000   3.053    10.090  
      u_account_balance/g16887                 AN ^ -> Y ^  NAND3BX1  0.116   3.169    10.206  
      u_account_balance/g16886                 -            OAI31X1   0.000   3.169    10.206  
      u_account_balance/g16886                 A2 ^ -> Y v  OAI31X1   0.114   3.283    10.320  
      u_account_balance/g16885                 -            NOR2BX1   0.000   3.283    10.320  
      u_account_balance/g16885                 B v -> Y ^   NOR2BX1   0.116   3.399    10.436  
      u_account_balance/g3679                  -            NOR2BX1   0.000   3.399    10.436  
      u_account_balance/g3679                  AN ^ -> Y ^  NOR2BX1   0.145   3.544    10.581  
      u_account_balance/g3668                  -            AND2X1    0.000   3.544    10.581  
      u_account_balance/g3668                  B ^ -> Y ^   AND2X1    0.190   3.734    10.771  
      u_account_balance/g3643                  -            NAND3X1   0.000   3.734    10.771  
      u_account_balance/g3643                  C ^ -> Y v   NAND3X1   0.821   4.555    11.592  
      u_account_balance/balance_db_reg[6][11]  -            SDFFQX1   0.000   4.555    11.592  
      -----------------------------------------------------------------------------------------
     Clock Rise Edge                      0.000
     + Source Insertion Delay             0.010
     = Beginpoint Arrival Time            0.010
     Other End Path:
      ----------------------------------------------------------------------------------
      Instance                                 Arc    Cell     Retime  Arrival  Required  
                                                               Delay   Time     Time  
      ----------------------------------------------------------------------------------
      -                                        clk ^  -        -       0.010    -7.027  
      u_account_balance/balance_db_reg[6][11]  -      SDFFQX1  0.000   0.010    -7.027  
      ----------------------------------------------------------------------------------

