
Cadence Innovus(TM) Implementation System.
Copyright 2020 Cadence Design Systems, Inc. All rights reserved worldwide.

Version:	v20.10-p004_1, built Thu May 7 20:02:41 PDT 2020
Options:	
Date:		Mon Nov 10 17:50:32 2025
Host:		edatools-server2.iiitd.edu.in (x86_64 w/Linux 2.6.32-754.35.1.el6.x86_64) (18cores*72cpus*Intel(R) Xeon(R) Gold 6354 CPU @ 3.00GHz 39936KB)
OS:		Red Hat Enterprise Linux Server release 6.10 (Santiago)

License:
		invs	Innovus Implementation System	20.1	checkout succeeded
		8 CPU jobs allowed with the current license(s). Use setMultiCpuUsage to set your required CPU count.
Change the soft stacksize limit to 0.2%RAM (1033 mbytes). Set global soft_stack_size_limit to change the value.

**INFO:  MMMC transition support version v31-84 

<CMD> set_global _enable_mmmc_by_default_flow      $CTE::mmmc_default
<CMD> suppressMessage ENCEXT-2799
<CMD> getVersion
<CMD> getVersion
<CMD> getVersion
[INFO] Loading PVS 19.13 fill procedures
<CMD> win
<CMD> set init_gnd_net VSS
<CMD> set init_io_file pin_location.io
<CMD> set init_lef_file gsclib090_translated_ref.lef
<CMD> set init_mmmc_file Default.view
<CMD> set init_pwr_net VDD
<CMD> set init_top_cell toll_gate
<CMD> set init_verilog rtl_netlist_min_area.v
<CMD> init_design
#% Begin Load MMMC data ... (date=11/10 17:51:02, mem=560.3M)
#% End Load MMMC data ... (date=11/10 17:51:02, total cpu=0:00:00.0, real=0:00:00.0, peak res=560.5M, current mem=560.5M)

Loading LEF file gsclib090_translated_ref.lef ...
**WARN: (IMPLF-155):	ViaRule only supports routing/cut layer, but poly layer found for viaRule 'M1_POv', 
**WARN: (IMPLF-155):	ViaRule only supports routing/cut layer, but poly layer found for viaRule 'M1_DIFF', 
**WARN: (IMPLF-155):	ViaRule only supports routing/cut layer, but poly layer found for viaRule 'M1_PSUB', 
**WARN: (IMPLF-155):	ViaRule only supports routing/cut layer, but poly layer found for viaRule 'M1_PIMP', 
**WARN: (IMPLF-155):	ViaRule only supports routing/cut layer, but poly layer found for viaRule 'M1_NIMP', 
**WARN: (IMPLF-155):	ViaRule only supports routing/cut layer, but poly layer found for viaRule 'M1_NWELL', 
**WARN: (IMPLF-155):	ViaRule only supports routing/cut layer, but poly layer found for viaRule 'M1_PO', 
**WARN: (IMPLF-155):	ViaRule only supports routing/cut layer, but poly layer found for viaRule 'M1_DIFFc', 
**WARN: (IMPLF-155):	ViaRule only supports routing/cut layer, but poly layer found for viaRule 'M1_POLYc', 
**WARN: (IMPLF-105):	The layer 'Oxide' specified in SAMENET spacing
rule is neither a routing layer nor a cut layer. The rule is ignored.
**WARN: (IMPLF-105):	The layer 'Poly' specified in SAMENET spacing
rule is neither a routing layer nor a cut layer. The rule is ignored.
Set DBUPerIGU to M2 pitch 580.
**WARN: (IMPLF-200):	Pin 'A' in macro 'ANTENNA' has no ANTENNAGATEAREA value defined. The library data is incomplete and some process antenna rules will not be checked correctly.
Type 'man IMPLF-200' for more detail.

viaInitial starts at Mon Nov 10 17:51:02 2025
viaInitial ends at Mon Nov 10 17:51:02 2025

##  Check design process and node:  
##  Both design process and tech node are not set.

Loading view definition file from Default.view
Reading timing_lib1 timing library '/home/prerana25172/Desktop/cmos65/VDF_Project/0.8(5.2)SDC_REPORT/slow.lib' ...
Read 479 cells in library 'slow' 
*** End library_loading (cpu=0.01min, real=0.02min, mem=21.0M, fe_cpu=0.32min, fe_real=0.52min, fe_mem=873.5M) ***
#% Begin Load netlist data ... (date=11/10 17:51:03, mem=578.5M)
*** Begin netlist parsing (mem=873.5M) ***
**WARN: (IMPVL-159):	Pin 'VDD' of cell 'XOR3XL' is defined in LEF but not in the timing library.
Type 'man IMPVL-159' for more detail.
**WARN: (IMPVL-159):	Pin 'VSS' of cell 'XOR3XL' is defined in LEF but not in the timing library.
Type 'man IMPVL-159' for more detail.
**WARN: (IMPVL-159):	Pin 'VDD' of cell 'XOR3X1' is defined in LEF but not in the timing library.
Type 'man IMPVL-159' for more detail.
**WARN: (IMPVL-159):	Pin 'VSS' of cell 'XOR3X1' is defined in LEF but not in the timing library.
Type 'man IMPVL-159' for more detail.
**WARN: (IMPVL-159):	Pin 'VSS' of cell 'XOR2XL' is defined in LEF but not in the timing library.
Type 'man IMPVL-159' for more detail.
**WARN: (IMPVL-159):	Pin 'VDD' of cell 'XOR2XL' is defined in LEF but not in the timing library.
Type 'man IMPVL-159' for more detail.
**WARN: (IMPVL-159):	Pin 'VSS' of cell 'XOR2X4' is defined in LEF but not in the timing library.
Type 'man IMPVL-159' for more detail.
**WARN: (IMPVL-159):	Pin 'VDD' of cell 'XOR2X4' is defined in LEF but not in the timing library.
Type 'man IMPVL-159' for more detail.
**WARN: (IMPVL-159):	Pin 'VSS' of cell 'XOR2X2' is defined in LEF but not in the timing library.
Type 'man IMPVL-159' for more detail.
**WARN: (IMPVL-159):	Pin 'VDD' of cell 'XOR2X2' is defined in LEF but not in the timing library.
Type 'man IMPVL-159' for more detail.
**WARN: (IMPVL-159):	Pin 'VSS' of cell 'XOR2X1' is defined in LEF but not in the timing library.
Type 'man IMPVL-159' for more detail.
**WARN: (IMPVL-159):	Pin 'VDD' of cell 'XOR2X1' is defined in LEF but not in the timing library.
Type 'man IMPVL-159' for more detail.
**WARN: (IMPVL-159):	Pin 'VSS' of cell 'XNOR3XL' is defined in LEF but not in the timing library.
Type 'man IMPVL-159' for more detail.
**WARN: (IMPVL-159):	Pin 'VDD' of cell 'XNOR3XL' is defined in LEF but not in the timing library.
Type 'man IMPVL-159' for more detail.
**WARN: (IMPVL-159):	Pin 'VDD' of cell 'XNOR3X1' is defined in LEF but not in the timing library.
Type 'man IMPVL-159' for more detail.
**WARN: (IMPVL-159):	Pin 'VSS' of cell 'XNOR3X1' is defined in LEF but not in the timing library.
Type 'man IMPVL-159' for more detail.
**WARN: (IMPVL-159):	Pin 'VSS' of cell 'XNOR2XL' is defined in LEF but not in the timing library.
Type 'man IMPVL-159' for more detail.
**WARN: (IMPVL-159):	Pin 'VDD' of cell 'XNOR2XL' is defined in LEF but not in the timing library.
Type 'man IMPVL-159' for more detail.
**WARN: (IMPVL-159):	Pin 'VSS' of cell 'XNOR2X4' is defined in LEF but not in the timing library.
Type 'man IMPVL-159' for more detail.
**WARN: (IMPVL-159):	Pin 'VDD' of cell 'XNOR2X4' is defined in LEF but not in the timing library.
Type 'man IMPVL-159' for more detail.
**WARN: (EMS-27):	Message (IMPVL-159) has exceeded the current message display limit of 20.
To increase the message display limit, refer to the product command reference manual.
Created 479 new cells from 1 timing libraries.
Reading netlist ...
Backslashed names will retain backslash and a trailing blank character.
Reading verilog netlist 'rtl_netlist_min_area.v'

*** Memory Usage v#1 (Current mem = 873.496M, initial mem = 281.965M) ***
*** End netlist parsing (cpu=0:00:00.0, real=0:00:00.0, mem=873.5M) ***
#% End Load netlist data ... (date=11/10 17:51:03, total cpu=0:00:00.0, real=0:00:00.0, peak res=585.8M, current mem=585.8M)
Set top cell to toll_gate.
Hooked 479 DB cells to tlib cells.
Starting recursive module instantiation check.
No recursion found.
Building hierarchical netlist for Cell toll_gate ...
*** Netlist is unique.
** info: there are 491 modules.
** info: there are 712 stdCell insts.

*** Memory Usage v#1 (Current mem = 913.918M, initial mem = 281.965M) ***
Reading IO assignment file "pin_location.io" ...
**WARN: (IMPFP-710):	File version 0 is too old.
IO file version '0' is too old, will try to place io cell any way.
**WARN: (IMPFP-3961):	The techSite 'pad' has no related standard cells in LEF/OA library. Cannot make calculations for this site type unless standard cell models of this type exist in the LEF/OA library. If the SITE is not used by the library you can ignore this warning or remove the SITE definition from the LEF/OA to avoid this message.
Type 'man IMPFP-3961' for more detail.
**WARN: (IMPFP-3961):	The techSite 'corner' has no related standard cells in LEF/OA library. Cannot make calculations for this site type unless standard cell models of this type exist in the LEF/OA library. If the SITE is not used by the library you can ignore this warning or remove the SITE definition from the LEF/OA to avoid this message.
Type 'man IMPFP-3961' for more detail.
Horizontal Layer M1 offset = 290 (derived)
Vertical Layer M2 offset = 290 (derived)
Generated pitch 0.29 in Metal8 is different from 0.87 defined in technology file in unpreferred direction.
Set Default Net Delay as 1000 ps.
Set Default Net Load as 0.5 pF. 
Set Default Input Pin Transition as 0.1 ps.
Extraction setup Started 
Initializing multi-corner RC extraction with 1 active RC Corners ...
**WARN: (IMPEXT-2773):	The via resistance between layers M0 and M1 could not be determined from the LEF technology file because the via resistance specification is missing. A default of 4 Ohms will be used as via resistance between these layers.
Type 'man IMPEXT-2773' for more detail.
**WARN: (IMPEXT-2776):	The via resistance between layers M1 and M2 is not defined in the capacitance table file. The via resistance of 1.4 Ohms defined in the LEF technology file will be used as via resistance between these layers.
Type 'man IMPEXT-2776' for more detail.
**WARN: (IMPEXT-2776):	The via resistance between layers M2 and M3 is not defined in the capacitance table file. The via resistance of 1.4 Ohms defined in the LEF technology file will be used as via resistance between these layers.
Type 'man IMPEXT-2776' for more detail.
**WARN: (IMPEXT-2776):	The via resistance between layers M3 and M4 is not defined in the capacitance table file. The via resistance of 1.4 Ohms defined in the LEF technology file will be used as via resistance between these layers.
Type 'man IMPEXT-2776' for more detail.
**WARN: (IMPEXT-2776):	The via resistance between layers M4 and M5 is not defined in the capacitance table file. The via resistance of 1.4 Ohms defined in the LEF technology file will be used as via resistance between these layers.
Type 'man IMPEXT-2776' for more detail.
**WARN: (IMPEXT-2776):	The via resistance between layers M5 and M6 is not defined in the capacitance table file. The via resistance of 1.4 Ohms defined in the LEF technology file will be used as via resistance between these layers.
Type 'man IMPEXT-2776' for more detail.
**WARN: (IMPEXT-2776):	The via resistance between layers M6 and M7 is not defined in the capacitance table file. The via resistance of 1.4 Ohms defined in the LEF technology file will be used as via resistance between these layers.
Type 'man IMPEXT-2776' for more detail.
**WARN: (IMPEXT-2776):	The via resistance between layers M7 and M8 is not defined in the capacitance table file. The via resistance of 0.35 Ohms defined in the LEF technology file will be used as via resistance between these layers.
Type 'man IMPEXT-2776' for more detail.
**WARN: (IMPEXT-2776):	The via resistance between layers M8 and M9 is not defined in the capacitance table file. The via resistance of 0.35 Ohms defined in the LEF technology file will be used as via resistance between these layers.
Type 'man IMPEXT-2776' for more detail.
**WARN: (IMPEXT-2766):	The sheet resistance for layer M1 is not defined in the cap table. Therefore, the LEF value 0.08 will be used instead. To avoid this message, update the relevant cap table to include the sheet resistance for the specified layer and read it back in.
**WARN: (IMPEXT-2766):	The sheet resistance for layer M2 is not defined in the cap table. Therefore, the LEF value 0.06 will be used instead. To avoid this message, update the relevant cap table to include the sheet resistance for the specified layer and read it back in.
**WARN: (IMPEXT-2766):	The sheet resistance for layer M3 is not defined in the cap table. Therefore, the LEF value 0.06 will be used instead. To avoid this message, update the relevant cap table to include the sheet resistance for the specified layer and read it back in.
**WARN: (IMPEXT-2766):	The sheet resistance for layer M4 is not defined in the cap table. Therefore, the LEF value 0.06 will be used instead. To avoid this message, update the relevant cap table to include the sheet resistance for the specified layer and read it back in.
**WARN: (IMPEXT-2766):	The sheet resistance for layer M5 is not defined in the cap table. Therefore, the LEF value 0.06 will be used instead. To avoid this message, update the relevant cap table to include the sheet resistance for the specified layer and read it back in.
**WARN: (IMPEXT-2766):	The sheet resistance for layer M6 is not defined in the cap table. Therefore, the LEF value 0.06 will be used instead. To avoid this message, update the relevant cap table to include the sheet resistance for the specified layer and read it back in.
**WARN: (IMPEXT-2766):	The sheet resistance for layer M7 is not defined in the cap table. Therefore, the LEF value 0.06 will be used instead. To avoid this message, update the relevant cap table to include the sheet resistance for the specified layer and read it back in.
**WARN: (IMPEXT-2766):	The sheet resistance for layer M8 is not defined in the cap table. Therefore, the LEF value 0.02 will be used instead. To avoid this message, update the relevant cap table to include the sheet resistance for the specified layer and read it back in.
**WARN: (IMPEXT-2766):	The sheet resistance for layer M9 is not defined in the cap table. Therefore, the LEF value 0.02 will be used instead. To avoid this message, update the relevant cap table to include the sheet resistance for the specified layer and read it back in.
Summary of Active RC-Corners : 
 
 Analysis View: view1
    RC-Corner Name        : default_rc_corner
    RC-Corner Index       : 0
    RC-Corner Temperature : 25 Celsius
    RC-Corner Cap Table   : ''
    RC-Corner PreRoute Res Factor         : 1
    RC-Corner PreRoute Cap Factor         : 1
    RC-Corner PostRoute Res Factor        : 1 {1 1 1}
    RC-Corner PostRoute Cap Factor        : 1 {1 1 1}
    RC-Corner PostRoute XCap Factor       : 1 {1 1 1}
    RC-Corner PreRoute Clock Res Factor   : 1	[Derived from Cap Table]
    RC-Corner PreRoute Clock Cap Factor   : 1	[Derived from Cap Table]
    RC-Corner PostRoute Clock Cap Factor  : 1 {1 1 1} 	[Derived from postRoute_cap (effortLevel low)]
    RC-Corner PostRoute Clock Res Factor  : 1 {1 1 1} 	[Derived from postRoute_res (effortLevel low)]
Updating RC grid for preRoute extraction ...
Initializing multi-corner resistance tables ...
*Info: initialize multi-corner CTS.
Reading timing constraints file 'cons.sdc' ...
Current (total cpu=0:00:22.4, real=0:00:34.0, peak res=784.0M, current mem=784.0M)
**WARN: (TCLNL-330):	set_input_delay on clock root 'clk' is not supported. You should use the -source option to set_clock_latency to provide this offset. You can also use the global timing_allow_input_delay_on_clock_source to allow set_input_delay assertion to have an effect on clock source paths beginning at this clock root. (File cons.sdc, Line 26).

INFO (CTE): Reading of timing constraints file cons.sdc completed, with 1 WARNING
Ending "Constraint file reading stats" (total cpu=0:00:00.0, real=0:00:01.0, peak res=801.8M, current mem=801.8M)
Current (total cpu=0:00:22.5, real=0:00:35.0, peak res=801.8M, current mem=801.8M)
Total number of combinational cells: 317
Total number of sequential cells: 152
Total number of tristate cells: 10
Total number of level shifter cells: 0
Total number of power gating cells: 0
Total number of isolation cells: 0
Total number of power switch cells: 0
Total number of pulse generator cells: 0
Total number of always on buffers: 0
Total number of retention cells: 0
List of usable buffers: BUFX2 BUFX12 BUFX16 BUFX20 CLKBUFX2 BUFX3 BUFX4 BUFX6 BUFX8 CLKBUFX12 CLKBUFX16 CLKBUFX20 CLKBUFX3 CLKBUFX4 CLKBUFX6 CLKBUFX8
Total number of usable buffers: 16
List of unusable buffers:
Total number of unusable buffers: 0
List of usable inverters: CLKINVX1 CLKINVX2 CLKINVX12 CLKINVX16 CLKINVX20 CLKINVX3 CLKINVX4 CLKINVX6 CLKINVX8 INVX1 INVX2 INVX12 INVX16 INVX20 INVXL INVX3 INVX4 INVX6 INVX8
Total number of usable inverters: 19
List of unusable inverters:
Total number of unusable inverters: 0
List of identified usable delay cells: DLY1X1 DLY1X4 DLY2X1 DLY2X4 DLY3X1 DLY3X4 DLY4X1 DLY4X4
Total number of identified usable delay cells: 8
List of identified unusable delay cells:
Total number of identified unusable delay cells: 0

*** Summary of all messages that are not suppressed in this session:
Severity  ID               Count  Summary                                  
WARNING   IMPLF-155            9  ViaRule only supports routing/cut layer,...
WARNING   IMPLF-200            1  Pin '%s' in macro '%s' has no ANTENNAGAT...
WARNING   IMPLF-105            2  The layer '%s' specified in SAMENET spac...
WARNING   IMPFP-710            1  File version %s is too old.              
WARNING   IMPFP-3961           2  The techSite '%s' has no related standar...
WARNING   IMPEXT-2766          9  The sheet resistance for layer %s is not...
WARNING   IMPEXT-2773          1  The via resistance between layers %s and...
WARNING   IMPEXT-2776          8  The via resistance between layers %s and...
WARNING   IMPVL-159          958  Pin '%s' of cell '%s' is defined in LEF ...
WARNING   TCLNL-330            1  set_input_delay on clock root '%s' is no...
*** Message Summary: 992 warning(s), 0 error(s)

<CMD> setDesignMode -process 90 -flowEffort standard
##  Process: 90            (User Set)               
##     Node: (not set)                           

##  Check design process and node:  
##  Design tech node is not set.

Applying the recommended capacitance filtering threshold values for 90nm process node: total_c_th=0, relative_c_th=1 and coupling_c_th=0.2.
	These values will be used by all post-route extraction engines, including TQuantus, IQuantus and Quantus QRC extraction.
	Capacitance filtering mode(-capFilterMode option of the setExtractRCMode) is 'relAndCoup' for all engines.
	The accuracy mode for postRoute effortLevel low extraction will be set to 'standard'.
	Default value for EffortLevel(-effortLevel option of the setExtractRCMode) in postRoute extraction mode is 'low'.
<CMD> checkDesign -physicalLibrary
Creating directory checkDesign.
Design check done.
Report saved in file checkDesign/toll_gate.main.htm.ascii
*** Message Summary: 0 warning(s), 0 error(s)

<CMD> checkDesign -timingLibrary
Design check done.
Report saved in file checkDesign/toll_gate.main.htm.ascii
*** Message Summary: 0 warning(s), 0 error(s)

<CMD> checkDesign -netlist
############################################################################
# Innovus Netlist Design Rule Check
# Mon Nov 10 17:51:07 2025

############################################################################
Design: toll_gate

------ Design Summary:
Total Standard Cell Number   (cells) : 712
Total Block Cell Number      (cells) : 0
Total I/O Pad Cell Number    (cells) : 0
Total Standard Cell Area     ( um^2) : 7369.18
Total Block Cell Area        ( um^2) : 0.00
Total I/O Pad Cell Area      ( um^2) : 0.00

------ Design Statistics:

Number of Instances            : 712
Number of Non-uniquified Insts : 686
Number of Nets                 : 763
Average number of Pins per Net : 4.00
Maximum number of Pins in Net  : 252

------ I/O Port summary

Number of Primary I/O Ports    : 29
Number of Input Ports          : 15
Number of Output Ports         : 14
Number of Bidirectional Ports  : 0
Number of Power/Ground Ports   : 0
Number of Floating Ports                     *: 6
Number of Ports Connected to Multiple Pads   *: 0
Number of Ports Connected to Core Instances   : 23
**WARN: (IMPREPO-200):	There are 6 Floating Ports in the top design.
**WARN: (IMPREPO-202):	There are 23 Ports connected to core instances.

------ Design Rule Checking:

Number of Output Pins connect to Power/Ground *: 0
Number of Insts with Input Pins tied together ?: 0
Number of TieHi/Lo term nets not connected to instance's PG terms ?: 0
Number of Input/InOut Floating Pins            : 0
Number of Output Floating Pins                 : 0
Number of Output Term Marked TieHi/Lo         *: 0

Number of nets with tri-state drivers          : 0
Number of nets with parallel drivers           : 0
Number of nets with multiple drivers           : 0
Number of nets with no driver (No FanIn)       : 0
Number of Output Floating nets (No FanOut)     : 35
Number of High Fanout nets (>50)               : 2
**WARN: (IMPREPO-227):	There are 2 High Fanout nets (>50).
Design check done.
Report saved in file checkDesign/toll_gate.main.htm.ascii

*** Summary of all messages that are not suppressed in this session:
Severity  ID               Count  Summary                                  
WARNING   IMPREPO-227          1  There are %d High Fanout nets (>50).     
WARNING   IMPREPO-200          1  There are %d Floating Ports in the top d...
WARNING   IMPREPO-202          1  There are %d Ports connected to core ins...
*** Message Summary: 3 warning(s), 0 error(s)

<CMD> check_timing
AAE DB initialization (MEM=1160.89 CPU=0:00:00.6 REAL=0:00:01.0) 
#################################################################################
# Design Stage: PreRoute
# Design Name: toll_gate
# Design Mode: 90nm
# Analysis Mode: MMMC Non-OCV 
# Parasitics Mode: No SPEF/RCDB
# Signoff Settings: SI Off 
#################################################################################
Calculate delays in Single mode...
Start delay calculation (fullDC) (1 T). (MEM=1178.21)
siFlow : Timing analysis mode is single, using late cdB files
Total number of fetched objects 724
End delay calculation. (MEM=1239.17 CPU=0:00:00.6 REAL=0:00:00.0)
End delay calculation (fullDC). (MEM=1212.09 CPU=0:00:01.7 REAL=0:00:01.0)
     +----------------------------------------------------------------------------------+ 
     |                               TIMING CHECK SUMMARY                               | 
     |----------------------------------------------------------------------------------| 
     |       Warning        |              Warning Description               |  Number  | 
     |                      |                                                |    of    | 
     |                      |                                                | Warnings | 
     |----------------------+------------------------------------------------+----------| 
     | ideal_clock_waveform | Clock waveform is ideal                        |        1 | 
     | no_drive             | No drive assertion                             |       15 | 
     | no_input_delay       | No input delay assertion with respect to clock |       14 | 
     | uncons_endpoint      | Unconstrained signal arriving at end point     |       70 | 
     +----------------------------------------------------------------------------------+ 
<CMD> getIoFlowFlag
<CMD> setIoFlowFlag 0
<CMD> floorPlan -site gsclib090site -r 1 0.8 4.06 4.06 4.06 4.06
**WARN: (IMPFP-3961):	The techSite 'pad' has no related standard cells in LEF/OA library. Cannot make calculations for this site type unless standard cell models of this type exist in the LEF/OA library. If the SITE is not used by the library you can ignore this warning or remove the SITE definition from the LEF/OA to avoid this message.
Type 'man IMPFP-3961' for more detail.
**WARN: (IMPFP-3961):	The techSite 'corner' has no related standard cells in LEF/OA library. Cannot make calculations for this site type unless standard cell models of this type exist in the LEF/OA library. If the SITE is not used by the library you can ignore this warning or remove the SITE definition from the LEF/OA to avoid this message.
Type 'man IMPFP-3961' for more detail.
Horizontal Layer M1 offset = 290 (derived)
Vertical Layer M2 offset = 290 (derived)
Generated pitch 0.29 in Metal8 is different from 0.87 defined in technology file in unpreferred direction.
**WARN: (IMPFP-325):	Floorplan of the design is resized. All current floorplan objects are automatically derived based on specified new floorplan. This may change blocks, fixed standard cells, existing routes and blockages.
<CMD> addRing -skip_via_on_wire_shape Noshape -skip_via_on_pin Standardcell -center 1 -stacked_via_top_layer Metal9 -type core_rings -jog_distance 0.435 -threshold 0.435 -nets {VSS VDD} -follow core -stacked_via_bottom_layer Metal1 -layer {bottom Metal8 top Metal8 right Metal9 left Metal9} -width 1.25 -spacing 0.4
#% Begin addRing (date=11/10 17:51:09, mem=853.6M)
**WARN: (IMPPP-4022):	Option "-stacked_via_top_layer" is obsolete and has been replaced by "setAddRingMode -stacked_via_top_layer". The obsolete option still works in this release, but to avoid this warning and to ensure compatibility with future releases, update your script to use "setAddRingMode -stacked_via_top_layer layerName"..
**WARN: (IMPPP-4022):	Option "-stacked_via_bottom_layer" is obsolete and has been replaced by "setAddRingMode -stacked_via_bottom_layer". The obsolete option still works in this release, but to avoid this warning and to ensure compatibility with future releases, update your script to use "setAddRingMode -stacked_via_bottom_layer layerName"..

Loading cell geometries (cpu: 0:00:00.0, real: 0:00:00.0, peak mem: 1159.1M)
Ring generation is complete.
vias are now being generated.
addRing created 8 wires.
ViaGen created 8 vias, deleted 0 via to avoid violation.
+--------+----------------+----------------+
|  Layer |     Created    |     Deleted    |
+--------+----------------+----------------+
| Metal8 |        4       |       NA       |
|  Via8  |        8       |        0       |
| Metal9 |        4       |       NA       |
+--------+----------------+----------------+
#% End addRing (date=11/10 17:51:09, total cpu=0:00:00.0, real=0:00:00.0, peak res=855.6M, current mem=855.6M)
<CMD> addStripe -skip_via_on_wire_shape Noshape -block_ring_top_layer_limit Metal9 -max_same_layer_jog_length 0.88 -padcore_ring_bottom_layer_limit Metal7 -number_of_sets 10 -skip_via_on_pin Standardcell -stacked_via_top_layer Metal9 -padcore_ring_top_layer_limit Metal9 -spacing 0.4 -merge_stripes_value 0.435 -layer Metal8 -block_ring_bottom_layer_limit Metal7 -width 0.44 -nets {VDD VSS} -stacked_via_bottom_layer Metal1
#% Begin addStripe (date=11/10 17:51:09, mem=855.6M)
**WARN: (IMPPP-4022):	Option "-stacked_via_top_layer" is obsolete and has been replaced by "setAddStripeMode -stacked_via_top_layer". The obsolete option still works in this release, but to avoid this warning and to ensure compatibility with future releases, update your script to use "setAddStripeMode -stacked_via_top_layer layerName"..
**WARN: (IMPPP-4022):	Option "-stacked_via_bottom_layer" is obsolete and has been replaced by "setAddStripeMode -stacked_via_bottom_layer". The obsolete option still works in this release, but to avoid this warning and to ensure compatibility with future releases, update your script to use "setAddStripeMode -stacked_via_bottom_layer layerName"..

Initialize fgc environment(mem: 1159.1M) ...  fail and won't use fgc to check drc(cpu: 0:00:00.0, real: 0:00:00.0, peak mem: 1159.1M)
Loading cell geometries (cpu: 0:00:00.0, real: 0:00:00.0, peak mem: 1159.1M)
Loading wires (cpu: 0:00:00.0, real: 0:00:00.0, peak mem: 1159.1M)
Loading via instances (cpu: 0:00:00.0, real: 0:00:00.0, peak mem: 1159.1M)
Starting stripe generation ...
Non-Default Mode Option Settings :
  NONE
Stripe generation is complete.
vias are now being generated.
addStripe created 40 wires.
ViaGen created 40 vias, deleted 0 via to avoid violation.
+--------+----------------+----------------+
|  Layer |     Created    |     Deleted    |
+--------+----------------+----------------+
| Metal8 |       20       |       NA       |
|  Via8  |       40       |        0       |
| Metal9 |       20       |       NA       |
+--------+----------------+----------------+
#% End addStripe (date=11/10 17:51:09, total cpu=0:00:00.0, real=0:00:00.0, peak res=856.8M, current mem=856.8M)
Set Using Default Delay Limit as 1000.
<CMD> set delaycal_use_default_delay_limit 1000
<CMD> setDelayCalMode -reportOutBound true
<CMD> globalNetConnect VDD -type pgpin -pin VDD -override -verbose -netlistOverride
712 new pwr-pin connections were made to global net 'VDD'.
<CMD> globalNetConnect VSS -type pgpin -pin VSS -override -verbose -netlistOverride
712 new gnd-pin connections were made to global net 'VSS'.
<CMD> sroute -nets {VDD VSS} -allowLayerChange 1 -layerChangeRange {Metal1 Metal9}
#% Begin sroute (date=11/10 17:51:09, mem=827.7M)
*** Begin SPECIAL ROUTE on Mon Nov 10 17:51:09 2025 ***
SPECIAL ROUTE ran on directory: /home/prerana25172/Desktop/cmos65/VDF_Project/0.8(5.2)SDC_REPORT
SPECIAL ROUTE ran on machine: edatools-server2.iiitd.edu.in (Linux 2.6.32-754.35.1.el6.x86_64 Xeon 800Mhz)

Begin option processing ...
srouteConnectPowerBump set to false
routeSelectNet set to "VDD VSS"
routeSpecial set to true
srouteBottomLayerLimit set to 1
srouteConnectConverterPin set to false
srouteFollowCorePinEnd set to 3
srouteJogControl set to "preferWithChanges differentLayer"
sroutePadPinAllPorts set to true
sroutePreserveExistingRoutes set to true
srouteRoutePowerBarPortOnBothDir set to true
srouteTopLayerLimit set to 9
End option processing: cpu: 0:00:00, real: 0:00:00, peak: 2197.00 megs.

Reading DB technology information...
Finished reading DB technology information.
Reading floorplan and netlist information...
Finished reading floorplan and netlist information.
Read in 19 layers, 9 routing layers, 1 overlap layer
Read in 1 nondefault rule, 0 used
Read in 487 macros, 65 used
Read in 64 components
  64 core components: 64 unplaced, 0 placed, 0 fixed
Read in 24 physical pins
  24 physical pins: 0 unplaced, 0 placed, 24 fixed
Read in 5 logical pins
Read in 29 nets
Read in 2 special nets, 2 routed
Read in 152 terminals
2 nets selected.

Begin power routing ...
**WARN: (IMPSR-1254):	Cannot find any block pin of net VDD. Check netlist, or change option to include the pin.
**WARN: (IMPSR-1256):	Cannot find any CORE class pad pin of net VDD. Change routing area or layer to include the expected pin, or check netlist, or change port class in the technology file.
Type 'man IMPSR-1256' for more detail.
Cannot find any AREAIO class pad pin of net VDD. Check net list, or change port class in the technology file, or change option to include pin in given range.
**WARN: (IMPSR-1254):	Cannot find any block pin of net VSS. Check netlist, or change option to include the pin.
**WARN: (IMPSR-1256):	Cannot find any CORE class pad pin of net VSS. Change routing area or layer to include the expected pin, or check netlist, or change port class in the technology file.
Type 'man IMPSR-1256' for more detail.
Cannot find any AREAIO class pad pin of net VSS. Check net list, or change port class in the technology file, or change option to include pin in given range.
**WARN: (IMPPP-531):	ViaGen Warning: SPACING rule violation, no via created on layer Via7 at (101.02, 3.88) (101.52, 4.29).
**WARN: (IMPPP-531):	ViaGen Warning: SPACING rule violation, no via created on layer Via7 at (90.24, 3.88) (90.74, 4.29).
**WARN: (IMPPP-531):	ViaGen Warning: SPACING rule violation, no via created on layer Via7 at (79.46, 3.88) (79.96, 4.29).
**WARN: (IMPPP-531):	ViaGen Warning: SPACING rule violation, no via created on layer Via7 at (68.68, 3.88) (69.18, 4.29).
**WARN: (IMPPP-531):	ViaGen Warning: SPACING rule violation, no via created on layer Via7 at (57.90, 3.88) (58.40, 4.29).
**WARN: (IMPPP-531):	ViaGen Warning: SPACING rule violation, no via created on layer Via7 at (47.12, 3.88) (47.62, 4.29).
**WARN: (IMPPP-531):	ViaGen Warning: SPACING rule violation, no via created on layer Via7 at (36.34, 3.88) (36.84, 4.29).
**WARN: (IMPPP-531):	ViaGen Warning: SPACING rule violation, no via created on layer Via7 at (25.56, 3.88) (26.06, 4.29).
**WARN: (IMPPP-531):	ViaGen Warning: SPACING rule violation, no via created on layer Via7 at (14.78, 3.88) (15.28, 4.29).
**WARN: (IMPPP-531):	ViaGen Warning: SPACING rule violation, no via created on layer Via7 at (4.00, 3.88) (4.50, 4.29).
**WARN: (IMPPP-531):	ViaGen Warning: SPACING rule violation, no via created on layer Via7 at (47.12, 97.79) (47.62, 98.20).
**WARN: (IMPPP-531):	ViaGen Warning: SPACING rule violation, no via created on layer Via7 at (57.90, 97.79) (58.40, 98.20).
**WARN: (IMPPP-531):	ViaGen Warning: SPACING rule violation, no via created on layer Via7 at (68.68, 97.79) (69.18, 98.20).
**WARN: (IMPPP-531):	ViaGen Warning: SPACING rule violation, no via created on layer Via7 at (79.46, 97.79) (79.96, 98.20).
**WARN: (IMPPP-531):	ViaGen Warning: SPACING rule violation, no via created on layer Via7 at (90.24, 97.79) (90.74, 98.20).
**WARN: (IMPPP-531):	ViaGen Warning: SPACING rule violation, no via created on layer Via7 at (101.02, 97.79) (101.52, 98.20).
**WARN: (IMPPP-531):	ViaGen Warning: SPACING rule violation, no via created on layer Via7 at (36.34, 97.79) (36.84, 98.20).
**WARN: (IMPPP-531):	ViaGen Warning: SPACING rule violation, no via created on layer Via7 at (25.56, 97.79) (26.06, 98.20).
**WARN: (IMPPP-531):	ViaGen Warning: SPACING rule violation, no via created on layer Via7 at (14.78, 97.79) (15.28, 98.20).
**WARN: (IMPPP-531):	ViaGen Warning: SPACING rule violation, no via created on layer Via7 at (4.00, 97.79) (4.50, 98.20).
CPU time for FollowPin 0 seconds
CPU time for FollowPin 0 seconds
**WARN: (EMS-27):	Message (IMPPP-531) has exceeded the current message display limit of 20.
To increase the message display limit, refer to the product command reference manual.
  Number of IO ports routed: 0
  Number of Block ports routed: 0
  Number of Stripe ports routed: 0
  Number of Core ports routed: 74
  Number of Pad ports routed: 0
  Number of Power Bump ports routed: 0
  Number of Followpin connections: 37
End power routing: cpu: 0:00:00, real: 0:00:01, peak: 2237.00 megs.



 Begin updating DB with routing results ...
 Updating DB with 24 io pins ...
 Updating DB with 0 via definition ...Extracting standard cell pins and blockage ...... 
Pin and blockage extraction finished

sroute created 113 wires.
ViaGen created 3042 vias, deleted 0 via to avoid violation.
+--------+----------------+----------------+
|  Layer |     Created    |     Deleted    |
+--------+----------------+----------------+
| Metal1 |       111      |       NA       |
|  Via1  |       424      |        0       |
|  Via2  |       424      |        0       |
|  Via3  |       424      |        0       |
|  Via4  |       424      |        0       |
| Metal5 |        2       |       NA       |
|  Via5  |       424      |        0       |
|  Via6  |       424      |        0       |
|  Via7  |       424      |        0       |
|  Via8  |       74       |        0       |
+--------+----------------+----------------+
#% End sroute (date=11/10 17:51:10, total cpu=0:00:00.7, real=0:00:01.0, peak res=861.4M, current mem=861.4M)
<CMD> specifyScanChain scan1 -start DFT_sdi_1 -stop DFT_sdo_1
<CMD> specifyScanChain scan2 -start DFT_sdi_2 -stop DFT_sdo_2
<CMD> report_timing -early -view {view1} -max_paths 100 > $report_dir/hold_analysis_before_placement.txt
#################################################################################
# Design Stage: PreRoute
# Design Name: toll_gate
# Design Mode: 90nm
# Analysis Mode: MMMC Non-OCV 
# Parasitics Mode: No SPEF/RCDB
# Signoff Settings: SI Off 
#################################################################################
Calculate delays in Single mode...
Start delay calculation (fullDC) (1 T). (MEM=1176.22)
**WARN: (IMPESI-3106):	Delay calculation extrapolated slew on multiple instances in the design, which could reduce the accuracy. To know the details of actual and bound values, refer to the outbound reports named: ./toll_gate.dc.outbound.slew.{early|late}.<view-name>.txt.
Total number of fetched objects 724
End delay calculation. (MEM=1249.14 CPU=0:00:00.1 REAL=0:00:00.0)
End delay calculation (fullDC). (MEM=1249.14 CPU=0:00:00.1 REAL=0:00:00.0)
<CMD> report_timing -late  -max_paths 100 > $report_dir/setup_analysis_before_placement.txt
#################################################################################
# Design Stage: PreRoute
# Design Name: toll_gate
# Design Mode: 90nm
# Analysis Mode: MMMC Non-OCV 
# Parasitics Mode: No SPEF/RCDB
# Signoff Settings: SI Off 
#################################################################################
Calculate delays in Single mode...
Start delay calculation (fullDC) (1 T). (MEM=1232.93)
Total number of fetched objects 724
End delay calculation. (MEM=1268.21 CPU=0:00:00.8 REAL=0:00:01.0)
End delay calculation (fullDC). (MEM=1268.21 CPU=0:00:00.8 REAL=0:00:01.0)
<CMD> report_timing > $report_dir/timing_report.rpt
<CMD> report_timing -retime path_slew_propagation -max_path 50 -nworst 50 -path_type full_clock > $report_dir/pba.rpt
**WARN: (IMPESI-3025):	Delay calculation was forced to extrapolate the slew on instance u_vehicle_interface/id_to_check_reg[3], Cell type : SDFFQX1, Arc : CK^->Q^ because it's outside the characterized table range. The actual slew is 0.0030 ns and the lower bound in the table is 0.0600 ns. In some cases, extrapolation can reduce the accuracy of delay calculation.
**WARN: (IMPESI-3025):	Delay calculation was forced to extrapolate the slew on instance u_vehicle_interface/id_to_check_reg[3], Cell type : SDFFQX1, Arc : CK^->Qv because it's outside the characterized table range. The actual slew is 0.0030 ns and the lower bound in the table is 0.0600 ns. In some cases, extrapolation can reduce the accuracy of delay calculation.
INFO: Path Based Analysis (PBA) performed on total '50' paths
<CMD> report_power -rail_analysis_format VS -outfile placement_reports/power.rpt

Power Net Detected:
        Voltage	    Name
             0V	    VSS
           0.9V	    VDD
Using Power View: view1.

Begin Power Analysis

             0V	    VSS
           0.9V	    VDD

Begin Processing Timing Library for Power Calculation

Begin Processing Timing Library for Power Calculation



Begin Processing Power Net/Grid for Power Calculation

Ended Processing Power Net/Grid for Power Calculation: (cpu=0:00:00, real=0:00:00, mem(process/total/peak)=915.95MB/2332.33MB/915.96MB)

Begin Processing Timing Window Data for Power Calculation

clk(192.308MHz) Ended Processing Timing Window Data for Power Calculation: (cpu=0:00:00, real=0:00:00, mem(process/total/peak)=916.27MB/2332.33MB/916.27MB)

Begin Processing User Attributes

Ended Processing User Attributes: (cpu=0:00:00, real=0:00:00, mem(process/total/peak)=916.34MB/2332.33MB/916.34MB)

Begin Processing Signal Activity


Starting Levelizing
2025-Nov-10 17:51:11 (2025-Nov-10 12:21:11 GMT)
2025-Nov-10 17:51:11 (2025-Nov-10 12:21:11 GMT): 10%
2025-Nov-10 17:51:11 (2025-Nov-10 12:21:11 GMT): 20%
2025-Nov-10 17:51:11 (2025-Nov-10 12:21:11 GMT): 30%
2025-Nov-10 17:51:11 (2025-Nov-10 12:21:11 GMT): 40%
2025-Nov-10 17:51:11 (2025-Nov-10 12:21:11 GMT): 50%
2025-Nov-10 17:51:11 (2025-Nov-10 12:21:11 GMT): 60%
2025-Nov-10 17:51:11 (2025-Nov-10 12:21:11 GMT): 70%
2025-Nov-10 17:51:11 (2025-Nov-10 12:21:11 GMT): 80%
2025-Nov-10 17:51:11 (2025-Nov-10 12:21:11 GMT): 90%

Finished Levelizing
2025-Nov-10 17:51:11 (2025-Nov-10 12:21:11 GMT)

Starting Activity Propagation
2025-Nov-10 17:51:11 (2025-Nov-10 12:21:11 GMT)
** INFO:  (VOLTUS_POWR-1356): No default input activity has been set. Defaulting to 0.2.
Use 'set_default_switching_activity -input_activity' command to change the default activity value.

2025-Nov-10 17:51:11 (2025-Nov-10 12:21:11 GMT): 10%
2025-Nov-10 17:51:11 (2025-Nov-10 12:21:11 GMT): 20%
2025-Nov-10 17:51:11 (2025-Nov-10 12:21:11 GMT): 30%
2025-Nov-10 17:51:11 (2025-Nov-10 12:21:11 GMT): 40%
2025-Nov-10 17:51:11 (2025-Nov-10 12:21:11 GMT): 50%
2025-Nov-10 17:51:11 (2025-Nov-10 12:21:11 GMT): 60%
2025-Nov-10 17:51:11 (2025-Nov-10 12:21:11 GMT): 70%
2025-Nov-10 17:51:11 (2025-Nov-10 12:21:11 GMT): 80%
2025-Nov-10 17:51:11 (2025-Nov-10 12:21:11 GMT): 90%

Finished Activity Propagation
2025-Nov-10 17:51:11 (2025-Nov-10 12:21:11 GMT)
Ended Processing Signal Activity: (cpu=0:00:00, real=0:00:00, mem(process/total/peak)=916.74MB/2332.33MB/916.74MB)

Begin Power Computation

      ----------------------------------------------------------
      # of cell(s) missing both power/leakage table: 0
      # of cell(s) missing power table: 0
      # of cell(s) missing leakage table: 0
      # of MSMV cell(s) missing power_level: 0
      ----------------------------------------------------------



Starting Calculating power
2025-Nov-10 17:51:11 (2025-Nov-10 12:21:11 GMT)
 ... Calculating switching power
2025-Nov-10 17:51:11 (2025-Nov-10 12:21:11 GMT): 10%
2025-Nov-10 17:51:11 (2025-Nov-10 12:21:11 GMT): 20%
2025-Nov-10 17:51:11 (2025-Nov-10 12:21:11 GMT): 30%
2025-Nov-10 17:51:11 (2025-Nov-10 12:21:11 GMT): 40%
2025-Nov-10 17:51:11 (2025-Nov-10 12:21:11 GMT): 50%
 ... Calculating internal and leakage power
2025-Nov-10 17:51:11 (2025-Nov-10 12:21:11 GMT): 60%
2025-Nov-10 17:51:11 (2025-Nov-10 12:21:11 GMT): 70%
2025-Nov-10 17:51:11 (2025-Nov-10 12:21:11 GMT): 80%
2025-Nov-10 17:51:11 (2025-Nov-10 12:21:11 GMT): 90%

Finished Calculating power
2025-Nov-10 17:51:11 (2025-Nov-10 12:21:11 GMT)
Ended Power Computation: (cpu=0:00:00, real=0:00:00, mem(process/total/peak)=917.20MB/2332.33MB/917.20MB)

Begin Processing User Attributes

Ended Processing User Attributes: (cpu=0:00:00, real=0:00:00, mem(process/total/peak)=917.27MB/2332.33MB/917.27MB)

Ended Power Analysis: (cpu=0:00:00, real=0:00:00, mem(process/total/peak)=917.27MB/2332.33MB/917.27MB)

Begin Boundary Leakage Calculation
Ended Boundary Leakage Calculation: (cpu=0:00:00, real=0:00:00,
mem(process/total/peak)=917.27MB/2332.33MB/917.27MB)
Begin Static Power Report Generation
*



Total Power
-----------------------------------------------------------------------------------------
Total Internal Power:        1.11182259 	   88.0063%
Total Switching Power:       0.10856388 	    8.5934%
Total Leakage Power:         0.04295739 	    3.4003%
Total Power:                 1.26334385
-----------------------------------------------------------------------------------------
Ended Static Power Report Generation: (cpu=0:00:00, real=0:00:00,
mem(process/total/peak)=917.60MB/2332.33MB/917.60MB)


Output file is placement_reports/power.rpt.
<CMD> report_area -detail > placement_reports/area.rpt
<CMD> reportGateCount -level 5 -limit 100 > placement_reports/gate_count.rpt
Gate area 2.2707 um^2
[0] toll_gate Gates=3245 Cells=712 Area=7369.2 um^2
[1] u_account_balance Gates=2997 Cells=633 Area=6805.3 um^2
<CMD> setPlaceMode -fp false
<CMD> getPlaceMode -place_hierarchical_flow -quiet
<CMD> report_message -start_cmd
<CMD> getRouteMode -maxRouteLayer -quiet
<CMD> getRouteMode -user -maxRouteLayer
<CMD> getPlaceMode -user -maxRouteLayer
<CMD> getPlaceMode -quiet -adaptiveFlowMode
<CMD> getPlaceMode -timingDriven -quiet
<CMD> getPlaceMode -adaptive -quiet
<CMD> getPlaceMode -relaxSoftBlockageMode -quiet
<CMD> getPlaceMode -user -relaxSoftBlockageMode
<CMD> getPlaceMode -ignoreScan -quiet
<CMD> getPlaceMode -user -ignoreScan
<CMD> getPlaceMode -repairPlace -quiet
<CMD> getPlaceMode -user -repairPlace
<CMD> getPlaceMode -inPlaceOptMode -quiet
<CMD> getPlaceMode -quiet -bypassFlowEffortHighChecking
<CMD> getDesignMode -quiet -siPrevention
<CMD> getPlaceMode -exp_slack_driven -quiet
<CMD> um::push_snapshot_stack
<CMD> getDesignMode -quiet -flowEffort
<CMD> getDesignMode -highSpeedCore -quiet
<CMD> getPlaceMode -quiet -adaptive
<CMD> set spgFlowInInitialPlace 1
<CMD> getPlaceMode -sdpAlignment -quiet
<CMD> getPlaceMode -softGuide -quiet
<CMD> getPlaceMode -useSdpGroup -quiet
<CMD> getPlaceMode -sdpAlignment -quiet
<CMD> getPlaceMode -enableDbSaveAreaPadding -quiet
<CMD> getPlaceMode -quiet -wireLenOptEffort
<CMD> getPlaceMode -sdpPlace -quiet
<CMD> getPlaceMode -exp_slack_driven -quiet
<CMD> getPlaceMode -sdpPlace -quiet
<CMD> getPlaceMode -groupHighLevelClkGate -quiet
<CMD_INTERNAL> setvar spgRptErrorForScanConnection 0
<CMD> getPlaceMode -place_global_exp_allow_missing_scan_chain -quiet
*** Scan Trace Summary (runtime: cpu: 0:00:00.0 , real: 0:00:00.0): 
Successfully traced 2 scan chains (total 56 scan bits).
*** Scan Sanity Check Summary:
*** 2 scan chains passed sanity check.
<CMD> getPlaceMode -ignoreScan -quiet
**ERROR: (IMPSP-9099):	Scan chains exist in this design but are not defined for 44.22% flops. Placement and timing QoR can be severely impacted in this case!
It is highly recommend to define scan chains either through input scan def (preferred) or specifyScanChain.
<CMD_INTERNAL> setvar spgRptErrorForScanConnection 1
<CMD> getPlaceMode -place_design_floorplan_mode -quiet
<CMD> getPlaceMode -place_global_timing_effort -quiet
<CMD> getPlaceMode -place_check_library -quiet
<CMD> getPlaceMode -trimView -quiet
<CMD> getPlaceMode -expTrimOptBeforeTDGP -quiet
<CMD> getPlaceMode -quiet -useNonTimingDeleteBufferTree
<CMD> getPlaceMode -congEffort -quiet
<CMD> getPlaceMode -relaxSoftBlockageMode -quiet
<CMD> getPlaceMode -user -relaxSoftBlockageMode
<CMD> getPlaceMode -ignoreScan -quiet
<CMD> getPlaceMode -user -ignoreScan
<CMD> getPlaceMode -repairPlace -quiet
<CMD> getPlaceMode -user -repairPlace
<CMD> getPlaceMode -congEffort -quiet
<CMD> getPlaceMode -fp -quiet
<CMD> getPlaceMode -timingDriven -quiet
<CMD> getPlaceMode -user -timingDriven
<CMD> getPlaceMode -fastFp -quiet
<CMD> getPlaceMode -clusterMode -quiet
<CMD> get_proto_model -type_match {flex_module flex_instgroup} -committed -name -tcl
<CMD> getPlaceMode -inPlaceOptMode -quiet
<CMD> getPlaceMode -quiet -bypassFlowEffortHighChecking
<CMD> getPlaceMode -ultraCongEffortFlow -quiet
<CMD> getPlaceMode -forceTiming -quiet
<CMD> getPlaceMode -fp -quiet
<CMD> getPlaceMode -fastfp -quiet
<CMD> getPlaceMode -timingDriven -quiet
<CMD> getPlaceMode -fp -quiet
<CMD> getPlaceMode -fastfp -quiet
<CMD> getPlaceMode -powerDriven -quiet
<CMD> getExtractRCMode -quiet -engine
<CMD> getAnalysisMode -quiet -clkSrcPath
<CMD> getAnalysisMode -quiet -clockPropagation
<CMD> getAnalysisMode -quiet -cppr
<CMD> setExtractRCMode -engine preRoute
<CMD> setAnalysisMode -clkSrcPath false -clockPropagation forcedIdeal
<CMD> getPlaceMode -exp_slack_driven -quiet
<CMD_INTERNAL> isAnalysisModeSetup
<CMD> getPlaceMode -quiet -place_global_exp_solve_unbalance_path
<CMD> getPlaceMode -quiet -NMPsuppressInfo
<CMD> getPlaceMode -quiet -place_global_exp_wns_focus_v2
<CMD> getPlaceMode -enableDistPlace -quiet
<CMD> getPlaceMode -quiet -clusterMode
<CMD> getPlaceMode -wl_budget_mode -quiet
<CMD> setPlaceMode -reset -place_global_exp_balance_buffer_chain
<CMD> getPlaceMode -wl_budget_mode -quiet
<CMD> setPlaceMode -reset -place_global_exp_balance_pipeline
<CMD> getPlaceMode -place_global_exp_balance_buffer_chain -quiet
<CMD> getPlaceMode -place_global_exp_balance_pipeline -quiet
<CMD> getPlaceMode -tdgpMemFlow -quiet
<CMD> getPlaceMode -user -resetCombineRFLevel
<CMD> getPlaceMode -quiet -resetCombineRFLevel
<CMD> setPlaceMode -resetCombineRFLevel 1000
<CMD_INTERNAL> setvar spgSpeedupBuildVSM 1
<CMD> getPlaceMode -tdgpResetCteTG -quiet
<CMD> getPlaceMode -macroPlaceMode -quiet
<CMD> getPlaceMode -enableDistPlace -quiet
<CMD> getPlaceMode -exp_slack_driven -quiet
<CMD> getPlaceMode -place_global_ignore_spare -quiet
<CMD> getPlaceMode -enableDistPlace -quiet
<CMD> getPlaceMode -quiet -expNewFastMode
<CMD> setPlaceMode -expHiddenFastMode 1
<CMD> setPlaceMode -reset -ignoreScan
<CMD> getPlaceMode -quiet -place_global_exp_auto_finish_floorplan
<CMD_INTERNAL> colorizeGeometry
Extracting standard cell pins and blockage ...... 
Pin and blockage extraction finished
<CMD> getPlaceMode -quiet -IOSlackAdjust
*** Starting placeDesign default flow ***
<CMD> getPlaceMode -tdgpCteZeroDelayModeDelBuf -quiet
<CMD> set_global timing_enable_zero_delay_analysis_mode true
<CMD> getPlaceMode -quiet -useNonTimingDeleteBufferTree
<CMD> getPlaceMode -quiet -prePlaceOptSimplifyNetlist
<CMD> getPlaceMode -quiet -enablePrePlaceOptimizations
<CMD> getPlaceMode -quiet -prePlaceOptDecloneInv
<CMD> deleteBufferTree -decloneInv
*** Start deleteBufferTree ***
Info: Detect buffers to remove automatically.
Analyzing netlist ...
Updating netlist
AAE DB initialization (MEM=1200.1 CPU=0:00:00.0 REAL=0:00:00.0) 
siFlow : Timing analysis mode is single, using late cdB files

*summary: 3 instances (buffers/inverters) removed
*** Finish deleteBufferTree (0:00:00.1) ***
<CMD> getPlaceMode -tdgpCteZeroDelayModeDelBuf -quiet
<CMD> set_global timing_enable_zero_delay_analysis_mode false
<CMD> getAnalysisMode -quiet -honorClockDomains
<CMD> getPlaceMode -honorUserPathGroup -quiet
<CMD> getAnalysisMode -quiet -honorClockDomains
**INFO: Enable pre-place timing setting for timing analysis
Set Using Default Delay Limit as 101.
**WARN: (IMPDC-1629):	The default delay limit was set to 101. This is less than the default of 1000 and may result in inaccurate delay calculation for nets with a fanout higher than the setting.  If needed, the default delay limit may be adjusted by running the command 'set delaycal_use_default_delay_limit'.
<CMD> set delaycal_use_default_delay_limit 101
Set Default Net Delay as 0 ps.
<CMD> set delaycal_default_net_delay 0
Set Default Net Load as 0 pF. 
<CMD> set delaycal_default_net_load 0
<CMD> set delaycal_default_net_load_ignore_for_ilm 0
<CMD> getAnalysisMode -clkSrcPath -quiet
<CMD> getAnalysisMode -clockPropagation -quiet
<CMD> getAnalysisMode -checkType -quiet
<CMD> buildTimingGraph
<CMD> getDelayCalMode -ignoreNetLoad -quiet
<CMD> getDelayCalMode -ignoreNetLoad -quiet
<CMD> setDelayCalMode -ignoreNetLoad true -quiet
**INFO: Analyzing IO path groups for slack adjustment
<CMD> get_global timing_enable_path_group_priority
<CMD> get_global timing_constraint_enable_group_path_resetting
<CMD> set_global timing_enable_path_group_priority false
<CMD> set_global timing_constraint_enable_group_path_resetting false
<CMD> getOptMode -allowPreCTSClkSrcPaths -quiet
<CMD> set_global _is_ipo_interactive_path_groups 1
<CMD> group_path -name in2reg_tmp.21512 -from {0x1456 0x1459} -to 0x145a -ignore_source_of_trigger_arc
<CMD> getOptMode -allowPreCTSClkSrcPaths -quiet
<CMD> set_global _is_ipo_interactive_path_groups 1
<CMD> group_path -name in2out_tmp.21512 -from {0x145d 0x1460} -to 0x1461 -ignore_source_of_trigger_arc
<CMD> set_global _is_ipo_interactive_path_groups 1
<CMD> group_path -name reg2reg_tmp.21512 -from 0x1463 -to 0x1464
<CMD> set_global _is_ipo_interactive_path_groups 1
<CMD> group_path -name reg2out_tmp.21512 -from 0x1467 -to 0x1468
<CMD> setPathGroupOptions reg2reg_tmp.21512 -effortLevel high
Effort level <high> specified for reg2reg_tmp.21512 path_group
#################################################################################
# Design Stage: PreRoute
# Design Name: toll_gate
# Design Mode: 90nm
# Analysis Mode: MMMC Non-OCV 
# Parasitics Mode: No SPEF/RCDB
# Signoff Settings: SI Off 
#################################################################################
Calculate delays in Single mode...
Start delay calculation (fullDC) (1 T). (MEM=1209.65)
Total number of fetched objects 722
End delay calculation. (MEM=1291.09 CPU=0:00:00.6 REAL=0:00:00.0)
End delay calculation (fullDC). (MEM=1264.01 CPU=0:00:00.7 REAL=0:00:00.0)
<CMD> reset_path_group -name reg2out_tmp.21512
<CMD> set_global _is_ipo_interactive_path_groups 0
<CMD> reset_path_group -name in2reg_tmp.21512
<CMD> set_global _is_ipo_interactive_path_groups 0
<CMD> reset_path_group -name in2out_tmp.21512
<CMD> set_global _is_ipo_interactive_path_groups 0
<CMD> reset_path_group -name reg2reg_tmp.21512
<CMD> set_global _is_ipo_interactive_path_groups 0
**INFO: Disable pre-place timing setting for timing analysis
<CMD> setDelayCalMode -ignoreNetLoad false
Set Using Default Delay Limit as 1000.
<CMD> set delaycal_use_default_delay_limit 1000
Set Default Net Delay as 1000 ps.
<CMD> set delaycal_default_net_delay 1000ps
Set Default Net Load as 0.5 pF. 
<CMD> set delaycal_default_net_load 0.5pf
<CMD> set delaycal_default_net_load_ignore_for_ilm 0
<CMD> all_setup_analysis_views
<CMD> getPlaceMode -place_global_exp_ignore_low_effort_path_groups -quiet
<CMD> getPlaceMode -exp_slack_driven -quiet
<CMD> getAnalysisMode -quiet -honorClockDomains
**INFO: Pre-place timing setting for timing analysis already disabled
<CMD> getPlaceMode -ignoreUnproperPowerInit -quiet
<CMD> getPlaceMode -quiet -expSkipGP
Deleted 0 physical inst  (cell - / prefix -).
INFO: #ExclusiveGroups=0
INFO: There are no Exclusive Groups.
*** Starting "NanoPlace(TM) placement v#2 (mem=1249.8M)" ...
<CMD> setDelayCalMode -engine feDc
*** Build Buffered Sizing Timing Model
(cpu=0:00:00.8 mem=1249.8M) ***
*** Build Virtual Sizing Timing Model
(cpu=0:00:01.0 mem=1249.8M) ***
No user-set net weight.
Net fanout histogram:
2		: 307 (42.5%) nets
3		: 234 (32.4%) nets
4     -	14	: 149 (20.6%) nets
15    -	39	: 30 (4.2%) nets
40    -	79	: 1 (0.1%) nets
80    -	159	: 0 (0.0%) nets
160   -	319	: 1 (0.1%) nets
320   -	639	: 0 (0.0%) nets
640   -	1279	: 0 (0.0%) nets
1280  -	2559	: 0 (0.0%) nets
2560  -	5119	: 0 (0.0%) nets
5120+		: 0 (0.0%) nets
Options: timingDriven clkGateAware ignoreScan pinGuide congEffort=auto gpeffort=medium 
*** Scan Trace Summary (runtime: cpu: 0:00:00.0 , real: 0:00:00.0): 
Successfully traced 2 scan chains (total 56 scan bits).
*** Scan Sanity Check Summary:
*** 2 scan chains passed sanity check.
#std cell=710 (0 fixed + 710 movable) #buf cell=0 #inv cell=51 #block=0 (0 floating + 0 preplaced)
#ioInst=0 #net=720 #term=2982 #term/net=4.14, #fixedIo=24, #floatIo=0, #fixedPin=18, #floatPin=3
stdCell: 710 single + 0 double + 0 multi
Total standard cell length = 2.8191 (mm), area = 0.0074 (mm^2)
Estimated cell power/ground rail width = 0.408 um
Average module density = 0.797.
Density for the design = 0.797.
       = stdcell_area 9721 sites (7358 um^2) / alloc_area 12204 sites (9237 um^2).
Pin Density = 0.2443.
            = total # of pins 2982 / total area 12204.
=== lastAutoLevel = 6 
Clock gating cells determined by native netlist tracing.
<CMD> createBasicPathGroups -quiet
Iteration  1: Total net bbox = 2.280e+03 (1.19e+03 1.09e+03)
              Est.  stn bbox = 2.735e+03 (1.43e+03 1.31e+03)
              cpu = 0:00:00.0 real = 0:00:00.0 mem = 1263.7M
Iteration  2: Total net bbox = 2.280e+03 (1.19e+03 1.09e+03)
              Est.  stn bbox = 2.735e+03 (1.43e+03 1.31e+03)
              cpu = 0:00:00.0 real = 0:00:00.0 mem = 1263.7M
Iteration  3: Total net bbox = 2.118e+03 (1.18e+03 9.35e+02)
              Est.  stn bbox = 2.803e+03 (1.56e+03 1.24e+03)
              cpu = 0:00:00.1 real = 0:00:01.0 mem = 1266.1M
Active setup views:
    view1
Iteration  4: Total net bbox = 9.668e+03 (5.24e+03 4.43e+03)
              Est.  stn bbox = 1.286e+04 (6.98e+03 5.88e+03)
              cpu = 0:00:00.3 real = 0:00:00.0 mem = 1266.1M
Iteration  5: Total net bbox = 1.102e+04 (5.95e+03 5.07e+03)
              Est.  stn bbox = 1.496e+04 (8.08e+03 6.88e+03)
              cpu = 0:00:00.2 real = 0:00:00.0 mem = 1266.1M
Iteration  6: Total net bbox = 1.157e+04 (6.33e+03 5.25e+03)
              Est.  stn bbox = 1.564e+04 (8.53e+03 7.11e+03)
              cpu = 0:00:00.3 real = 0:00:00.0 mem = 1266.1M
Iteration  7: Total net bbox = 1.210e+04 (6.53e+03 5.57e+03)
              Est.  stn bbox = 1.622e+04 (8.73e+03 7.49e+03)
              cpu = 0:00:00.9 real = 0:00:01.0 mem = 1266.1M
Iteration  8: Total net bbox = 1.297e+04 (6.97e+03 6.01e+03)
              Est.  stn bbox = 1.710e+04 (9.16e+03 7.93e+03)
              cpu = 0:00:00.9 real = 0:00:01.0 mem = 1267.1M
<CMD> psp::embedded_egr_init_
<CMD> psp::embedded_egr_term_
Iteration  9: Total net bbox = 1.421e+04 (8.00e+03 6.21e+03)
              Est.  stn bbox = 1.842e+04 (1.03e+04 8.15e+03)
              cpu = 0:00:00.1 real = 0:00:00.0 mem = 1268.2M
Iteration 10: Total net bbox = 1.421e+04 (8.00e+03 6.21e+03)
              Est.  stn bbox = 1.842e+04 (1.03e+04 8.15e+03)
              cpu = 0:00:00.0 real = 0:00:00.0 mem = 1268.2M
Iteration 11: Total net bbox = 1.421e+04 (8.00e+03 6.21e+03)
              Est.  stn bbox = 1.842e+04 (1.03e+04 8.15e+03)
              cpu = 0:00:00.0 real = 0:00:00.0 mem = 1268.2M
*** cost = 1.421e+04 (8.00e+03 6.21e+03) (cpu for global=0:00:02.8) real=0:00:04.0***
Info: 0 clock gating cells identified, 0 (on average) moved 0/2
<CMD> reset_path_group
<CMD> set_global _is_ipo_interactive_path_groups 0
Solver runtime cpu: 0:00:02.7 real: 0:00:02.6
Core Placement runtime cpu: 0:00:02.7 real: 0:00:04.0
<CMD> scanReorder
*** Scan Trace Summary (runtime: cpu: 0:00:00.0 , real: 0:00:00.0): 
Successfully traced 2 scan chains (total 56 scan bits).
*** Scan Skip Mode Summary:
*** Scan Trace Summary (runtime: cpu: 0:00:00.0 , real: 0:00:00.0): 
Successfully traced 2 scan chains (total 56 scan bits).
*** Scan Sanity Check Summary:
*** 2 scan chains passed sanity check.
*** Summary: Scan Reorder within scan chain
Initial total scan wire length:     2787.644 (floating:     2489.705)
Final   total scan wire length:     1390.175 (floating:     1092.236)
Improvement:     1397.469   percent 50.13 (floating improvement:     1397.469   percent 56.13)
Initial scan reorder max long connection: not available for -stitchChainsAfterFreeMerging
Final   scan reorder max long connection:       70.946
Total net length = 1.437e+04 (8.078e+03 6.295e+03) (ext = 1.497e+03)
*** End of ScanReorder (cpu=0:00:00.0, real=0:00:00.0, mem=1460.2M) ***
*** Starting refinePlace (0:00:32.3 mem=1476.2M) ***
Total net bbox length = 1.493e+04 (8.373e+03 6.556e+03) (ext = 8.592e+02)
Move report: Detail placement moves 710 insts, mean move: 1.85 um, max move: 16.26 um
	Max move on inst (u_account_balance/balance_db_reg[14][10]): (56.68, 95.30) --> (48.14, 87.58)
	Runtime: CPU: 0:00:00.1 REAL: 0:00:00.0 MEM: 1476.2MB
Summary Report:
Instances move: 710 (out of 710 movable)
Instances flipped: 0
Mean displacement: 1.85 um
Max displacement: 16.26 um (Instance: u_account_balance/balance_db_reg[14][10]) (56.6805, 95.296) -> (48.14, 87.58)
	Length: 27 sites, height: 1 rows, site name: gsclib090site, cell type: SDFFQXL
Total net bbox length = 1.443e+04 (7.902e+03 6.531e+03) (ext = 8.162e+02)
Runtime: CPU: 0:00:00.1 REAL: 0:00:00.0 MEM: 1476.2MB
*** Finished refinePlace (0:00:32.4 mem=1476.2M) ***
*** End of Placement (cpu=0:00:04.1, real=0:00:05.0, mem=1476.2M) ***
default core: bins with density > 0.750 = 87.50 % ( 14 / 16 )
Density distribution unevenness ratio = 1.492%
*** Free Virtual Timing Model ...(mem=1476.2M)
<CMD> setDelayCalMode -engine aae
<CMD> all_setup_analysis_views
<CMD> getPlaceMode -exp_slack_driven -quiet
<CMD> set_global timing_enable_path_group_priority $gpsPrivate::optSave_ctePGPriority
<CMD> set_global timing_constraint_enable_group_path_resetting $gpsPrivate::optSave_ctePGResetting
<CMD> getPlaceMode -quiet -tdgpAdjustNetWeightBySlack
<CMD> get_ccopt_clock_trees *
<CMD> getPlaceMode -exp_insert_guidance_clock_tree -quiet
<CMD> getPlaceMode -exp_cluster_based_high_fanout_buffering -quiet
<CMD> getPlaceMode -place_global_exp_incr_skp_preserve_mode_v2 -quiet
<CMD> getPlaceMode -quiet -place_global_exp_netlist_balance_flow
<CMD> getPlaceMode -quiet -timingEffort
<CMD> getAnalysisMode -quiet -honorClockDomains
<CMD> getPlaceMode -honorUserPathGroup -quiet
<CMD> getAnalysisMode -quiet -honorClockDomains
**INFO: Enable pre-place timing setting for timing analysis
Set Using Default Delay Limit as 101.
**WARN: (IMPDC-1629):	The default delay limit was set to 101. This is less than the default of 1000 and may result in inaccurate delay calculation for nets with a fanout higher than the setting.  If needed, the default delay limit may be adjusted by running the command 'set delaycal_use_default_delay_limit'.
<CMD> set delaycal_use_default_delay_limit 101
Set Default Net Delay as 0 ps.
<CMD> set delaycal_default_net_delay 0
Set Default Net Load as 0 pF. 
<CMD> set delaycal_default_net_load 0
<CMD> set delaycal_default_net_load_ignore_for_ilm 0
<CMD> getAnalysisMode -clkSrcPath -quiet
<CMD> getAnalysisMode -clockPropagation -quiet
<CMD> getAnalysisMode -checkType -quiet
<CMD> buildTimingGraph
<CMD> getDelayCalMode -ignoreNetLoad -quiet
<CMD> getDelayCalMode -ignoreNetLoad -quiet
<CMD> setDelayCalMode -ignoreNetLoad true -quiet
**INFO: Analyzing IO path groups for slack adjustment
<CMD> get_global timing_enable_path_group_priority
<CMD> get_global timing_constraint_enable_group_path_resetting
<CMD> set_global timing_enable_path_group_priority false
<CMD> set_global timing_constraint_enable_group_path_resetting false
<CMD> getOptMode -allowPreCTSClkSrcPaths -quiet
<CMD> set_global _is_ipo_interactive_path_groups 1
<CMD> group_path -name in2reg_tmp.21512 -from {0x1472 0x1475} -to 0x1476 -ignore_source_of_trigger_arc
<CMD> getOptMode -allowPreCTSClkSrcPaths -quiet
<CMD> set_global _is_ipo_interactive_path_groups 1
<CMD> group_path -name in2out_tmp.21512 -from {0x1479 0x147c} -to 0x147d -ignore_source_of_trigger_arc
<CMD> set_global _is_ipo_interactive_path_groups 1
<CMD> group_path -name reg2reg_tmp.21512 -from 0x147f -to 0x1480
<CMD> set_global _is_ipo_interactive_path_groups 1
<CMD> group_path -name reg2out_tmp.21512 -from 0x1483 -to 0x1484
<CMD> setPathGroupOptions reg2reg_tmp.21512 -effortLevel high
Effort level <high> specified for reg2reg_tmp.21512 path_group
#################################################################################
# Design Stage: PreRoute
# Design Name: toll_gate
# Design Mode: 90nm
# Analysis Mode: MMMC Non-OCV 
# Parasitics Mode: No SPEF/RCDB
# Signoff Settings: SI Off 
#################################################################################
Calculate delays in Single mode...
Start delay calculation (fullDC) (1 T). (MEM=1476.2)
Total number of fetched objects 722
End delay calculation. (MEM=1470.4 CPU=0:00:00.0 REAL=0:00:01.0)
End delay calculation (fullDC). (MEM=1470.4 CPU=0:00:00.1 REAL=0:00:01.0)
<CMD> reset_path_group -name reg2out_tmp.21512
<CMD> set_global _is_ipo_interactive_path_groups 0
<CMD> reset_path_group -name in2reg_tmp.21512
<CMD> set_global _is_ipo_interactive_path_groups 0
<CMD> reset_path_group -name in2out_tmp.21512
<CMD> set_global _is_ipo_interactive_path_groups 0
<CMD> reset_path_group -name reg2reg_tmp.21512
<CMD> set_global _is_ipo_interactive_path_groups 0
**INFO: Disable pre-place timing setting for timing analysis
<CMD> setDelayCalMode -ignoreNetLoad false
Set Using Default Delay Limit as 1000.
<CMD> set delaycal_use_default_delay_limit 1000
Set Default Net Delay as 1000 ps.
<CMD> set delaycal_default_net_delay 1000ps
Set Default Net Load as 0.5 pF. 
<CMD> set delaycal_default_net_load 0.5pf
<CMD> set delaycal_default_net_load_ignore_for_ilm 0
<CMD> all_setup_analysis_views
<CMD> getPlaceMode -place_global_exp_ignore_low_effort_path_groups -quiet
<CMD> getPlaceMode -exp_slack_driven -quiet
<CMD> getPlaceMode -quiet -cong_repair_commit_clock_net_route_attr
<CMD> getPlaceMode -enableDbSaveAreaPadding -quiet
<CMD> getPlaceMode -quiet -wireLenOptEffort
<CMD> setPlaceMode -reset -improveWithPsp
<CMD> getPlaceMode -quiet -debugGlobalPlace
<CMD> getPlaceMode -congRepair -quiet
<CMD> getPlaceMode -fp -quiet
<CMD> getPlaceMode -user -rplaceIncrNPClkGateAwareMode
<CMD> getPlaceMode -user -congRepairMaxIter
<CMD> getPlaceMode -quiet -congRepairPDClkGateMode4
<CMD> setPlaceMode -rplaceIncrNPClkGateAwareMode 4
<CMD> getPlaceMode -quiet -expCongRepairPDOneLoop
<CMD> setPlaceMode -congRepairMaxIter 1
<CMD> getPlaceMode -quickCTS -quiet
<CMD> get_proto_model -type_match {flex_module flex_instgroup} -committed -name -tcl
<CMD> getPlaceMode -congRepairForceTrialRoute -quiet
<CMD> getPlaceMode -user -congRepairForceTrialRoute
<CMD> setPlaceMode -congRepairForceTrialRoute true
<CMD> ::goMC::is_advanced_metrics_collection_enabled
<CMD> congRepair
Info: Disable timing driven in postCTS congRepair.

Starting congRepair ...
Collecting buffer chain nets ...
[NR-eGR] Track table information for default rule: 
[NR-eGR] Metal1 has no routable track
[NR-eGR] Metal2 has single uniform track structure
[NR-eGR] Metal3 has single uniform track structure
[NR-eGR] Metal4 has single uniform track structure
[NR-eGR] Metal5 has single uniform track structure
[NR-eGR] Metal6 has single uniform track structure
[NR-eGR] Metal7 has single uniform track structure
[NR-eGR] Metal8 has single uniform track structure
[NR-eGR] Metal9 has single uniform track structure
[NR-eGR] Started Read PG Shapes ( Curr Mem: 1456.20 MB )
[NR-eGR] Read 5806 PG shapes
[NR-eGR] Finished Read PG Shapes ( CPU: 0.01 sec, Real: 0.00 sec, Curr Mem: 1456.20 MB )
[NR-eGR] #Routing Blockages  : 0
[NR-eGR] #Instance Blockages : 0
[NR-eGR] #PG Blockages       : 5806
[NR-eGR] #Halo Blockages     : 0
[NR-eGR] #Boundary Blockages : 0
[NR-eGR] Num Prerouted Nets = 0  Num Prerouted Wires = 0
[NR-eGR] Read numTotalNets=720  numIgnoredNets=0
[NR-eGR] There are 1 clock nets ( 0 with NDR ).
[NR-eGR] ============ Routing rule table ============
[NR-eGR] Rule id: 0  Nets: 720 
[NR-eGR] ========================================
[NR-eGR] 
[NR-eGR] Layer group 1: route 720 net(s) in layer range [2, 9]
[NR-eGR] Early Global Route overflow of layer group 1: 0.00% H + 0.00% V. EstWL: 1.956195e+04um
[NR-eGR] Congestion Analysis By layer: (blocked Gcells are excluded) 
[NR-eGR]                        OverCon            
[NR-eGR]                         #Gcell     %Gcell
[NR-eGR]       Layer                (0)    OverCon 
[NR-eGR] ----------------------------------------------
[NR-eGR]  Metal1  (1)         0( 0.00%)   ( 0.00%) 
[NR-eGR]  Metal2  (2)         0( 0.00%)   ( 0.00%) 
[NR-eGR]  Metal3  (3)         0( 0.00%)   ( 0.00%) 
[NR-eGR]  Metal4  (4)         0( 0.00%)   ( 0.00%) 
[NR-eGR]  Metal5  (5)         0( 0.00%)   ( 0.00%) 
[NR-eGR]  Metal6  (6)         0( 0.00%)   ( 0.00%) 
[NR-eGR]  Metal7  (7)         0( 0.00%)   ( 0.00%) 
[NR-eGR]  Metal8  (8)         0( 0.00%)   ( 0.00%) 
[NR-eGR]  Metal9  (9)         0( 0.00%)   ( 0.00%) 
[NR-eGR] ----------------------------------------------
[NR-eGR] Total                0( 0.00%)   ( 0.00%) 
[NR-eGR] 
[NR-eGR] Overflow after Early Global Route (GR compatible) 0.00% H + 0.00% V
[NR-eGR] Overflow after Early Global Route 0.00% H + 0.00% V
Early Global Route congestion estimation runtime: 0.06 seconds, mem = 1456.2M
Local HotSpot Analysis: normalized max congestion hotspot area = 0.00, normalized total congestion hotspot area = 0.00 (area is in unit of 4 std-cell row bins)
Skipped repairing congestion.
[NR-eGR] Started Export DB wires ( Curr Mem: 1456.20 MB )
[NR-eGR] Started Export all nets ( Curr Mem: 1456.20 MB )
[NR-eGR] Finished Export all nets ( CPU: 0.00 sec, Real: 0.00 sec, Curr Mem: 1456.20 MB )
[NR-eGR] Started Set wire vias ( Curr Mem: 1456.20 MB )
[NR-eGR] Finished Set wire vias ( CPU: 0.00 sec, Real: 0.00 sec, Curr Mem: 1456.20 MB )
[NR-eGR] Finished Export DB wires ( CPU: 0.00 sec, Real: 0.01 sec, Curr Mem: 1456.20 MB )
[NR-eGR] --------------------------------------------------------------------------
[NR-eGR] Metal1  (1F) length: 0.000000e+00um, number of vias: 3015
[NR-eGR] Metal2  (2V) length: 8.318365e+03um, number of vias: 4807
[NR-eGR] Metal3  (3H) length: 1.035147e+04um, number of vias: 275
[NR-eGR] Metal4  (4V) length: 1.699255e+03um, number of vias: 36
[NR-eGR] Metal5  (5H) length: 3.124750e+02um, number of vias: 0
[NR-eGR] Metal6  (6V) length: 0.000000e+00um, number of vias: 0
[NR-eGR] Metal7  (7H) length: 0.000000e+00um, number of vias: 0
[NR-eGR] Metal8  (8V) length: 0.000000e+00um, number of vias: 0
[NR-eGR] Metal9  (9H) length: 0.000000e+00um, number of vias: 0
[NR-eGR] Total length: 2.068156e+04um, number of vias: 8133
[NR-eGR] --------------------------------------------------------------------------
[NR-eGR] Total eGR-routed clock nets wire length: 1.343570e+03um 
[NR-eGR] --------------------------------------------------------------------------
Early Global Route wiring runtime: 0.02 seconds, mem = 1456.2M
Tdgp not successfully inited but do clear! skip clearing
End of congRepair (cpu=0:00:00.1, real=0:00:00.0)
<CMD> ::goMC::is_advanced_metrics_collection_enabled
<CMD> ::goMC::is_advanced_metrics_collection_enabled
<CMD> ::goMC::is_advanced_metrics_collection_enabled
<CMD> setPlaceMode -reset -congRepairForceTrialRoute
<CMD> getPlaceMode -quiet -congRepairPDClkGateMode4
<CMD> setPlaceMode -reset -rplaceIncrNPClkGateAwareMode
<CMD> setPlaceMode -reset -congRepairMaxIter
<CMD> getPlaceMode -congRepairCleanupPadding -quiet
<CMD> getPlaceMode -quiet -wireLenOptEffort
<CMD> all_setup_analysis_views
<CMD> getPlaceMode -exp_slack_driven -quiet
<CMD> set_global timing_enable_path_group_priority $gpsPrivate::optSave_ctePGPriority
<CMD> set_global timing_constraint_enable_group_path_resetting $gpsPrivate::optSave_ctePGResetting
<CMD> getPlaceMode -place_global_exp_incr_skp_preserve_mode_v2 -quiet
<CMD> getPlaceMode -quiet -place_global_exp_netlist_balance_flow
<CMD> getPlaceMode -quiet -timingEffort
<CMD> getPlaceMode -tdgpDumpStageTiming -quiet
*** Finishing placeDesign default flow ***
<CMD> getPlaceMode -quiet -tdgpAdjustNetWeightBySlack
**ERROR: (IMPSP-9099):	Scan chains exist in this design but are not defined for 44.22% flops. Placement and timing QoR can be severely impacted in this case!
It is highly recommend to define scan chains either through input scan def (preferred) or specifyScanChain.
<CMD_INTERNAL> setvar spgRptErrorForScanConnection 0
**placeDesign ... cpu = 0: 0: 6, real = 0: 0: 7, mem = 1249.2M **
<CMD> getPlaceMode -trimView -quiet
<CMD> getOptMode -quiet -viewOptPolishing
<CMD> getOptMode -quiet -fastViewOpt
<CMD_INTERNAL> spInternalUse deleteViewOptManager
<CMD_INTERNAL> spInternalUse tdgp clearSkpData
Tdgp not successfully inited but do clear! skip clearing
<CMD> setAnalysisMode -clkSrcPath true -clockPropagation sdcControl
<CMD> getPlaceMode -exp_slack_driven -quiet
<CMD> setExtractRCMode -engine preRoute
<CMD> setPlaceMode -reset -relaxSoftBlockageMode
<CMD> setPlaceMode -reset -ignoreScan
<CMD> setPlaceMode -reset -repairPlace
<CMD> getPlaceMode -quiet -NMPsuppressInfo
<CMD_INTERNAL> setvar spgSpeedupBuildVSM 0
<CMD> getPlaceMode -macroPlaceMode -quiet
<CMD> getPlaceMode -exp_slack_driven -quiet
<CMD> getPlaceMode -enableDistPlace -quiet
<CMD> getPlaceMode -place_global_ignore_spare -quiet
<CMD> getPlaceMode -tdgpMemFlow -quiet
<CMD> setPlaceMode -reset -resetCombineRFLevel
<CMD> getPlaceMode -enableDistPlace -quiet
<CMD> getPlaceMode -quiet -clusterMode
<CMD> getPlaceMode -quiet -place_global_exp_solve_unbalance_path
<CMD> getPlaceMode -enableDistPlace -quiet
<CMD> setPlaceMode -reset -expHiddenFastMode
<CMD> getPlaceMode -tcg2Pass -quiet
<CMD> getPlaceMode -quiet -wireLenOptEffort
<CMD> getPlaceMode -fp -quiet
<CMD> getPlaceMode -fastfp -quiet
<CMD> getPlaceMode -doRPlace -quiet
<CMD> getPlaceMode -RTCPlaceDesignFlow -quiet
<CMD> getPlaceMode -quickCTS -quiet
<CMD> set spgFlowInInitialPlace 0
<CMD> getPlaceMode -user -maxRouteLayer
<CMD_INTERNAL> spInternalUse TDGP resetIgnoreNetLoad
<CMD> getPlaceMode -place_global_exp_balance_pipeline -quiet
<CMD> getDesignMode -quiet -flowEffort
<CMD> report_message -end_cmd

*** Summary of all messages that are not suppressed in this session:
Severity  ID               Count  Summary                                  
WARNING   IMPDC-1629           2  The default delay limit was set to %d. T...
ERROR     IMPSP-9099           2  Scan chains exist in this design but are...
*** Message Summary: 2 warning(s), 2 error(s)

<CMD> um::create_snapshot -name final -auto min
<CMD> um::pop_snapshot_stack
<CMD> um::create_snapshot -name place_design
<CMD> getPlaceMode -exp_slack_driven -quiet
<CMD> extractRC
Extraction called for design 'toll_gate' of instances=710 and nets=762 using extraction engine 'preRoute' .
PreRoute RC Extraction called for design toll_gate.
RC Extraction called in multi-corner(1) mode.
**WARN: (IMPEXT-6197):	The Cap table file is not specified. This will result in lower parasitic accuracy when using preRoute extraction or postRoute extraction with effort level 'low'. It is recommended to generate the Cap table file using the 'generateCapTbl' command and specify it before extraction using 'create_rc_corner/update_rc_corner -cap_table'.
Type 'man IMPEXT-6197' for more detail.
RCMode: PreRoute
      RC Corner Indexes            0   
Capacitance Scaling Factor   : 1.00000 
Resistance Scaling Factor    : 1.00000 
Clock Cap. Scaling Factor    : 1.00000 
Clock Res. Scaling Factor    : 1.00000 
Shrink Factor                : 1.00000
PreRoute extraction is honoring NDR/Shielding/ExtraSpace for clock nets.
Updating RC grid for preRoute extraction ...
Initializing multi-corner resistance tables ...
PreRoute RC Extraction DONE (CPU Time: 0:00:00.0  Real Time: 0:00:00.0  MEM: 1249.195M)
<CMD> rcOut -spef rtl_module.spef
<CMD> write_sdf -ideal_clock_network $report_dir/report/physical_design_rtl_moduleoptimum.sdf
**WARN: (SDF-808):	The software is currently operating in a high performance mode which optimizes the handling of multiple timing arcs between input and output pin pairs. With the current settings, the SDF file generated will contain the same delay information for all of these arcs. To have the SDF recalculated with explicit pin pair data, you should use the option '-recompute_delay_calc'. This setting is recommended for generating SDF for functional  simulation applications.
#################################################################################
# Design Stage: PreRoute
# Design Name: toll_gate
# Design Mode: 90nm
# Analysis Mode: MMMC Non-OCV 
# Parasitics Mode: No SPEF/RCDB
# Signoff Settings: SI Off 
#################################################################################
Start delay calculation (fullDC) (1 T). (MEM=1256.2)
Total number of fetched objects 722
End delay calculation. (MEM=1326.63 CPU=0:00:00.1 REAL=0:00:00.0)
End delay calculation (fullDC). (MEM=1326.63 CPU=0:00:00.2 REAL=0:00:00.0)
<CMD> verify_drc > placement_reports/report/placement_DRC_vio.rpt
 *** Starting Verify DRC (MEM: 1318.4) ***

  VERIFY DRC ...... Starting Verification
  VERIFY DRC ...... Initializing
  VERIFY DRC ...... Deleting Existing Violations
  VERIFY DRC ...... Creating Sub-Areas
  VERIFY DRC ...... Using new threading
**WARN: (IMPVFG-1103):	VERIFY DRC did not complete: Number of violations exceeds the Error Limit [1000]

  Verification Complete : 1000 Viols.

 Violation Summary By Layer and Type:

	            Mar outOfDie   AdjCut   Totals
	Metal2      952       10        0      962
	Via2          0        0       21       21
	Metal3        0       16        0       16
	Via3          0        0        1        1
	Totals      952       26       22     1000

 *** End Verify DRC (CPU: 0:00:00.2  ELAPSED TIME: 0.00  MEM: 0.0M) ***

<CMD> verifyConnectivity > placement_reports/report/post_detailedRoute_verifyConnectivity.rpt
VERIFY_CONNECTIVITY use new engine.

******** Start: VERIFY CONNECTIVITY ********
Start Time: Mon Nov 10 17:51:18 2025

Design Name: toll_gate
Database Units: 2000
Design Boundary: (0.0000, 0.0000) (106.4300, 102.0800)
Error Limit = 1000; Warning Limit = 50
Check all nets
Net clk: Found a geometry with bounding box (-0.07,0.00) (0.07,0.58) outside the design boundary.
Violations for such geometries will be reported.
**WARN: (IMPVFC-97):	IO pin scan_en of net scan_en has not been assigned. Please make sure it is assigned and rerun verifyConnectivity.
**WARN: (IMPVFC-97):	IO pin DFT_sdi_1 of net DFT_sdi_1 has not been assigned. Please make sure it is assigned and rerun verifyConnectivity.
**WARN: (IMPVFC-97):	IO pin DFT_sdi_2 of net DFT_sdi_2 has not been assigned. Please make sure it is assigned and rerun verifyConnectivity.
**WARN: (IMPVFC-97):	IO pin DFT_sdo_1 of net DFT_sdo_1 has not been assigned. Please make sure it is assigned and rerun verifyConnectivity.
**WARN: (IMPVFC-97):	IO pin DFT_sdo_2 of net DFT_sdo_2 has not been assigned. Please make sure it is assigned and rerun verifyConnectivity.

Begin Summary 
  Found no problems or warnings.
End Summary

End Time: Mon Nov 10 17:51:18 2025
Time Elapsed: 0:00:00.0

******** End: VERIFY CONNECTIVITY ********
  Verification Complete : 0 Viols.  0 Wrngs.
  (CPU Time: 0:00:00.0  MEM: 0.000M)

<CMD> reportRoute > placement_reports/report/postDetailRoute_reportRoute.rpt
*** Statistics for net list toll_gate ***
Number of cells      = 710
Number of nets       = 722
Number of tri-nets   = 0
Number of degen nets = 0
Number of pins       = 3040
Number of i/os       = 29

Number of nets with    2 terms = 307 (42.5%)
Number of nets with    3 terms = 234 (32.4%)
Number of nets with    4 terms = 76 (10.5%)
Number of nets with    5 terms = 19 (2.6%)
Number of nets with    6 terms = 10 (1.4%)
Number of nets with    7 terms = 6 (0.8%)
Number of nets with    8 terms = 6 (0.8%)
Number of nets with    9 terms = 5 (0.7%)
Number of nets with >=10 terms = 59 (8.2%)

*** 63 Primitives used:
Primitive MXI2XL (9 insts)
Primitive INVX2 (1 insts)
Primitive CLKAND2X3 (1 insts)
Primitive NAND4XL (9 insts)
Primitive OAI2BB1XL (1 insts)
Primitive AO22XL (32 insts)
Primitive OR3X1 (1 insts)
Primitive AOI21XL (1 insts)
Primitive AOI22X1 (62 insts)
Primitive CLKINVX2 (3 insts)
Primitive NOR2BXL (3 insts)
Primitive NOR2XL (41 insts)
Primitive OAI22XL (1 insts)
Primitive INVX1 (9 insts)
Primitive NAND2BXL (2 insts)
Primitive AO22X1 (1 insts)
Primitive NOR3X1 (3 insts)
Primitive AO21X1 (7 insts)
Primitive AOI221X1 (7 insts)
Primitive AND2X6 (1 insts)
Primitive INVXL (7 insts)
Primitive NOR3BX1 (3 insts)
Primitive NOR2X1 (4 insts)
Primitive AOI21X1 (7 insts)
Primitive OAI32X1 (1 insts)
Primitive OAI21XL (17 insts)
Primitive OAI22X1 (8 insts)
Primitive CLKAND2X2 (1 insts)
Primitive NOR2BX1 (6 insts)
Primitive ADDHX1 (1 insts)
Primitive NAND2XL (63 insts)
Primitive NAND3X1 (5 insts)
Primitive SDFFQXL (77 insts)
Primitive OR4X1 (1 insts)
Primitive OAI211XL (1 insts)
Primitive NAND2BX1 (10 insts)
Primitive AOI211X1 (3 insts)
Primitive CLKINVX1 (30 insts)
Primitive OAI31X1 (2 insts)
Primitive OAI221X1 (2 insts)
Primitive NAND4BBXL (1 insts)
Primitive OAI21X1 (12 insts)
Primitive AOI222XL (7 insts)
Primitive NAND2X1 (4 insts)
Primitive AND2XL (1 insts)
Primitive OR4XL (1 insts)
Primitive SDFFQX1 (173 insts)
Primitive OAI2BB1X2 (1 insts)
Primitive AND4X1 (1 insts)
Primitive AND3X1 (6 insts)
Primitive OAI211X1 (6 insts)
Primitive AND2X1 (14 insts)
Primitive OR2X1 (9 insts)
Primitive SDFFHQX4 (1 insts)
Primitive CLKXOR2X1 (1 insts)
Primitive NOR2X2 (2 insts)
Primitive NOR2BX2 (1 insts)
Primitive NAND4BXL (2 insts)
Primitive OR2XL (1 insts)
Primitive AOI32XL (1 insts)
Primitive INVX8 (1 insts)
Primitive AOI22XL (19 insts)
Primitive OAI2BB1X1 (1 insts)
************
*** Net length and connection length statistics (cell toll_gate) ***

Total net length = 1.460e+04 (7.926e+03 6.675e+03)

Avg net length = 2.022e+01 (sigma = 3.047e+01)
Sqrt of avg square net length = 3.657e+01

Avg connection length = 6.299e+00 (sigma = 4.985e+00)
Sqrt of avg square connection length = 8.033e+00

Net and connection length distribution:

[length   range   ]      #net #connection
[0.00e+00 5.80e+00]:      178      418
[5.80e+00 1.16e+01]:      269      229
[1.16e+01 1.74e+01]:      109       47
[1.74e+01 2.32e+01]:       34       14
[2.32e+01 2.90e+01]:       26        7
[2.90e+01 3.48e+01]:       13        2
[3.48e+01 4.06e+01]:        8        0
[4.06e+01 4.64e+01]:        8        2
[4.64e+01 5.22e+01]:        8        1
[5.22e+01 5.80e+01]:        4        0
[5.80e+01 6.38e+01]:        6        0
[6.38e+01 6.96e+01]:        8        0
[6.96e+01 7.54e+01]:        3        1
[7.54e+01 8.12e+01]:        1        0
[8.12e+01 8.70e+01]:        3        0
[8.70e+01 9.28e+01]:        2        1
[9.28e+01 9.86e+01]:        7        0
[9.86e+01 1.04e+02]:        2        0
[1.04e+02 1.10e+02]:        7        0
[1.10e+02 1.16e+02]:        2        0
[1.16e+02 1.22e+02]:        4        0
[1.22e+02 1.28e+02]:        4        0
[1.28e+02 1.33e+02]:        3        0
[1.39e+02 1.45e+02]:        1        0
[1.45e+02 1.51e+02]:        3        0
[1.51e+02 1.57e+02]:        3        0
[1.57e+02 1.62e+02]:        1        0
[1.62e+02 1.68e+02]:        2        0
[1.68e+02 1.74e+02]:        2        0
[1.97e+02 2.03e+02]:        1        0


Total number of long connections = 0
Io: nrCon=0


Total length: 2.068e+04um, number of vias: 8133
M1(H) length: 0.000e+00um, number of vias: 3015
M2(V) length: 8.318e+03um, number of vias: 4807
M3(H) length: 1.035e+04um, number of vias: 275
M4(V) length: 1.699e+03um, number of vias: 36
M5(H) length: 3.125e+02um, number of vias: 0
M6(V) length: 0.000e+00um, number of vias: 0
M7(H) length: 0.000e+00um, number of vias: 0
M8(V) length: 0.000e+00um, number of vias: 0
M9(H) length: 0.000e+00um

<CMD> reportWire > placement_reports/report/postDetailRoute_reportWire.rpt
<CMD> summaryReport -outdir placement_reports/report/summaryReport
Creating directory placement_reports/report/summaryReport.
Start to collect the design information.
Build netlist information for Cell toll_gate.
Finished collecting the design information.
Generating standard cells used in the design report.
Analyze library ... 
Analyze netlist ... 
Generating HFO information report.
Generate no-driven nets information report.
Analyze timing ... 
Analyze floorplan/placement ... 
Analysis Routing ...
Report saved in file placement_reports/report/summaryReport/toll_gate.main.htm.ascii
<CMD> report_timing -early -view {view1} -max_paths 100 > $report_dir/timing/timing_post_PnR_early.txt
#################################################################################
# Design Stage: PreRoute
# Design Name: toll_gate
# Design Mode: 90nm
# Analysis Mode: MMMC Non-OCV 
# Parasitics Mode: No SPEF/RCDB
# Signoff Settings: SI Off 
#################################################################################
Calculate delays in Single mode...
Start delay calculation (fullDC) (1 T). (MEM=1330.42)
Total number of fetched objects 722
End delay calculation. (MEM=1348.22 CPU=0:00:00.1 REAL=0:00:01.0)
End delay calculation (fullDC). (MEM=1348.22 CPU=0:00:00.1 REAL=0:00:01.0)
<CMD> report_timing -late  -max_paths 100 > $report_dir/timing/timing_post_PnR_late.txt
#################################################################################
# Design Stage: PreRoute
# Design Name: toll_gate
# Design Mode: 90nm
# Analysis Mode: MMMC Non-OCV 
# Parasitics Mode: No SPEF/RCDB
# Signoff Settings: SI Off 
#################################################################################
Calculate delays in Single mode...
Start delay calculation (fullDC) (1 T). (MEM=1332.02)
Total number of fetched objects 722
End delay calculation. (MEM=1352.75 CPU=0:00:00.1 REAL=0:00:00.0)
End delay calculation (fullDC). (MEM=1352.75 CPU=0:00:00.1 REAL=0:00:00.0)
<CMD> report_area -detail > placement_reports/area/area.rpt
<CMD> reportGateCount -level 5 -limit 100 -outfile placement_reports/gates/gate_count.rpt
Gate area 2.2707 um^2
[0] toll_gate Gates=3240 Cells=710 Area=7357.8 um^2
[1] u_account_balance Gates=2997 Cells=633 Area=6805.3 um^2
<CMD> report_power -rail_analysis_format VS -outfile placement_reports/power/power.rpt
Using Power View: view1.

Begin Power Analysis

             0V	    VSS
           0.9V	    VDD

Begin Processing Timing Library for Power Calculation

Begin Processing Timing Library for Power Calculation



Begin Processing Power Net/Grid for Power Calculation

Ended Processing Power Net/Grid for Power Calculation: (cpu=0:00:00, real=0:00:00, mem(process/total/peak)=1003.11MB/2416.86MB/1003.11MB)

Begin Processing Timing Window Data for Power Calculation

Ended Processing Timing Window Data for Power Calculation: (cpu=0:00:00, real=0:00:00, mem(process/total/peak)=1003.11MB/2416.86MB/1003.11MB)

Begin Processing User Attributes

Ended Processing User Attributes: (cpu=0:00:00, real=0:00:00, mem(process/total/peak)=1003.11MB/2416.86MB/1003.11MB)

Begin Processing Signal Activity


Starting Levelizing
2025-Nov-10 17:51:19 (2025-Nov-10 12:21:19 GMT)
2025-Nov-10 17:51:19 (2025-Nov-10 12:21:19 GMT): 10%
2025-Nov-10 17:51:19 (2025-Nov-10 12:21:19 GMT): 20%
2025-Nov-10 17:51:19 (2025-Nov-10 12:21:19 GMT): 30%
2025-Nov-10 17:51:19 (2025-Nov-10 12:21:19 GMT): 40%
2025-Nov-10 17:51:19 (2025-Nov-10 12:21:19 GMT): 50%
2025-Nov-10 17:51:19 (2025-Nov-10 12:21:19 GMT): 60%
2025-Nov-10 17:51:19 (2025-Nov-10 12:21:19 GMT): 70%
2025-Nov-10 17:51:19 (2025-Nov-10 12:21:19 GMT): 80%
2025-Nov-10 17:51:19 (2025-Nov-10 12:21:19 GMT): 90%

Finished Levelizing
2025-Nov-10 17:51:19 (2025-Nov-10 12:21:19 GMT)

Starting Activity Propagation
2025-Nov-10 17:51:19 (2025-Nov-10 12:21:19 GMT)
2025-Nov-10 17:51:19 (2025-Nov-10 12:21:19 GMT): 10%
2025-Nov-10 17:51:19 (2025-Nov-10 12:21:19 GMT): 20%
2025-Nov-10 17:51:19 (2025-Nov-10 12:21:19 GMT): 30%
2025-Nov-10 17:51:19 (2025-Nov-10 12:21:19 GMT): 40%
2025-Nov-10 17:51:19 (2025-Nov-10 12:21:19 GMT): 50%
2025-Nov-10 17:51:19 (2025-Nov-10 12:21:19 GMT): 60%
2025-Nov-10 17:51:19 (2025-Nov-10 12:21:19 GMT): 70%
2025-Nov-10 17:51:19 (2025-Nov-10 12:21:19 GMT): 80%
2025-Nov-10 17:51:19 (2025-Nov-10 12:21:19 GMT): 90%

Finished Activity Propagation
2025-Nov-10 17:51:19 (2025-Nov-10 12:21:19 GMT)
Ended Processing Signal Activity: (cpu=0:00:00, real=0:00:00, mem(process/total/peak)=1003.11MB/2416.86MB/1003.11MB)

Begin Power Computation

      ----------------------------------------------------------
      # of cell(s) missing both power/leakage table: 0
      # of cell(s) missing power table: 0
      # of cell(s) missing leakage table: 0
      # of MSMV cell(s) missing power_level: 0
      ----------------------------------------------------------



Starting Calculating power
2025-Nov-10 17:51:19 (2025-Nov-10 12:21:19 GMT)
 ... Calculating switching power
2025-Nov-10 17:51:19 (2025-Nov-10 12:21:19 GMT): 10%
2025-Nov-10 17:51:19 (2025-Nov-10 12:21:19 GMT): 20%
2025-Nov-10 17:51:19 (2025-Nov-10 12:21:19 GMT): 30%
2025-Nov-10 17:51:19 (2025-Nov-10 12:21:19 GMT): 40%
2025-Nov-10 17:51:19 (2025-Nov-10 12:21:19 GMT): 50%
 ... Calculating internal and leakage power
2025-Nov-10 17:51:19 (2025-Nov-10 12:21:19 GMT): 60%
2025-Nov-10 17:51:19 (2025-Nov-10 12:21:19 GMT): 70%
2025-Nov-10 17:51:19 (2025-Nov-10 12:21:19 GMT): 80%
2025-Nov-10 17:51:19 (2025-Nov-10 12:21:19 GMT): 90%

Finished Calculating power
2025-Nov-10 17:51:19 (2025-Nov-10 12:21:19 GMT)
Ended Power Computation: (cpu=0:00:00, real=0:00:00, mem(process/total/peak)=1003.12MB/2416.86MB/1003.12MB)

Begin Processing User Attributes

Ended Processing User Attributes: (cpu=0:00:00, real=0:00:00, mem(process/total/peak)=1003.12MB/2416.86MB/1003.12MB)

Ended Power Analysis: (cpu=0:00:00, real=0:00:00, mem(process/total/peak)=1003.12MB/2416.86MB/1003.12MB)

Begin Boundary Leakage Calculation
Ended Boundary Leakage Calculation: (cpu=0:00:00, real=0:00:00,
mem(process/total/peak)=1003.12MB/2416.86MB/1003.12MB)
Begin Static Power Report Generation
*



Total Power
-----------------------------------------------------------------------------------------
Total Internal Power:        1.13275315 	   83.5421%
Total Switching Power:       0.18032646 	   13.2993%
Total Leakage Power:         0.04282739 	    3.1586%
Total Power:                 1.35590699
-----------------------------------------------------------------------------------------
Ended Static Power Report Generation: (cpu=0:00:00, real=0:00:00,
mem(process/total/peak)=1003.12MB/2416.86MB/1003.12MB)


Output file is placement_reports/power/power.rpt.
**WARN: The setCCOptMode/set_ccopt_mode command is obsolete and will be removed in a future release. This command still works in this release, but to avoid this warning and to ensure compatibility with future releases, transition to set_ccopt_property.
<CMD> create_ccopt_clock_tree_spec -file ccopt_new.spec -keep_all_sdc_clocks -views view1
Creating clock tree spec for modes (timing configs): sdc1
extract_clock_generator_skew_groups=true: create_ccopt_clock_tree_spec will generate skew groups with a name prefix of "_clock_gen" to balance clock generator connected flops with the clock generator they drive.
Reset timing graph...
Ignoring AAE DB Resetting ...
Reset timing graph done.
Ignoring AAE DB Resetting ...
Analyzing clock structure...
Analyzing clock structure done.
Reset timing graph...
Ignoring AAE DB Resetting ...
Reset timing graph done.
Wrote: ccopt_new.spec
<CMD> get_ccopt_clock_trees
<CMD_INTERNAL> ccopt_check_and_flatten_ilms_no_restore
<CMD> set_ccopt_property cts_is_sdc_clock_root -pin clk true
<CMD> create_ccopt_clock_tree -name clk -source clk -no_skew_group
Extracting original clock gating for clk...
  clock_tree clk contains 251 sinks and 0 clock gates.
  Extraction for clk complete.
Extracting original clock gating for clk done.
<CMD> set_ccopt_property target_max_trans_sdc -delay_corner delay1 -early -clock_tree clk 0.600
<CMD> set_ccopt_property target_max_trans_sdc -delay_corner delay1 -late -clock_tree clk 0.600
<CMD> set_ccopt_property source_latency -clock_tree clk 0.010
<CMD> set_ccopt_property clock_period -pin clk 5.2
<CMD> create_ccopt_skew_group -name clk/sdc1 -sources clk -auto_sinks
The skew group clk/sdc1 was created. It contains 251 sinks and 1 sources.
<CMD> set_ccopt_property include_source_latency -skew_group clk/sdc1 true
<CMD> set_ccopt_property extracted_from_clock_name -skew_group clk/sdc1 clk
<CMD> set_ccopt_property extracted_from_constraint_mode_name -skew_group clk/sdc1 sdc1
<CMD> set_ccopt_property extracted_from_delay_corners -skew_group clk/sdc1 delay1
<CMD> check_ccopt_clock_tree_convergence
Checking clock tree convergence...
Checking clock tree convergence done.
<CMD> get_ccopt_property auto_design_state_for_ilms
<CMD> ccopt_design -check_prerequisites
#% Begin ccopt_design (date=11/10 17:51:19, mem=960.0M)
Runtime...
**INFO: User's settings:
setNanoRouteMode -drouteUseMinSpacingForBlockage    auto
setNanoRouteMode -extractThirdPartyCompatible       false
setNanoRouteMode -routeStrictlyHonorNonDefaultRule  false
setDesignMode -flowEffort                           standard
setDesignMode -process                              90
setExtractRCMode -coupling_c_th                     0.2
setExtractRCMode -engine                            preRoute
setExtractRCMode -relative_c_th                     1
setExtractRCMode -total_c_th                        0
setDelayCalMode -engine                             aae
setDelayCalMode -ignoreNetLoad                      false
setDelayCalMode -reportOutBound                     true
setOptMode -preserveAllSequential                   true
setPlaceMode -place_design_floorplan_mode           false

(ccopt_design): CTS Engine: auto. Used Spec: pre-existing CCOPT spec.
Placement constraints of type 'region' or 'fence' will not be downgraded to 'guide' because the property change_fences_to_guides has been set to false.
Set place::cacheFPlanSiteMark to 1
'setDesignMode -flowEffort standard' => 'setOptMode -usefulSkewCCOpt standard' 
Using CCOpt effort standard.
CCOpt::Phase::Initialization...
Check Prerequisites...
Leaving CCOpt scope - CheckPlace...
Begin checking placement ... (start mem=1276.5M, init mem=1298.5M)
*info: Placed = 710           
*info: Unplaced = 0           
Placement Density:79.65%(7358/9237)
Placement Density (including fixed std cells):79.65%(7358/9237)
Finished checkPlace (total: cpu=0:00:00.0, real=0:00:00.0; vio checks: cpu=0:00:00.0, real=0:00:00.0; mem=1298.5M)
Leaving CCOpt scope - CheckPlace done. (took cpu=0:00:00.0 real=0:00:00.0)
Validating CTS configuration...
Checking module port directions...
Checking module port directions done. (took cpu=0:00:00.0 real=0:00:00.0)
Non-default CCOpt properties:
buffer_cells is set for at least one object
expand_multi_child_regions is set for at least one object
recluster_to_reduce_power is set for at least one object
route_type is set for at least one object
source_latency is set for at least one object
target_max_trans_sdc is set for at least one object
Using cell based legalization.
Route type trimming info:
  No route type modifications were made.
**WARN: (IMPCCOPT-1285):	The lib cell 'CLKINVX3' specified in the buffer_cells property  isn't a buffer..  This cell will not be used when synthesizing -clock_tree clk -power_domain auto-default.
**WARN: (IMPCCOPT-1285):	The lib cell 'CLKINVX2' specified in the buffer_cells property  isn't a buffer..  This cell will not be used when synthesizing -clock_tree clk -power_domain auto-default.
**WARN: (IMPCCOPT-1285):	The lib cell 'CLKINVX8' specified in the buffer_cells property  isn't a buffer..  This cell will not be used when synthesizing -clock_tree clk -power_domain auto-default.
**WARN: (IMPCCOPT-1285):	The lib cell 'CLKINVX12' specified in the buffer_cells property  isn't a buffer..  This cell will not be used when synthesizing -clock_tree clk -power_domain auto-default.
**WARN: (IMPCCOPT-1285):	The lib cell 'CLKINVX16' specified in the buffer_cells property  isn't a buffer..  This cell will not be used when synthesizing -clock_tree clk -power_domain auto-default.
Clock tree balancer configuration for clock_tree clk:
Non-default CCOpt properties:
  expand_multi_child_regions: true (default: false)
  recluster_to_reduce_power: true (default: false)
  route_type (leaf): default_route_type_leaf (default: default)
  route_type (trunk): default_route_type_nonleaf (default: default)
  route_type (top): default_route_type_nonleaf (default: default)
For power domain auto-default:
  Buffers:     {CLKBUFX16 CLKBUFX12 CLKBUFX8 CLKBUFX3 CLKBUFX2}
  Inverters:   {INVX20 INVX16 INVX12 INVX8 INVX6 INVX2 INVX1 CLKINVX1}
  Clock gates (with test): TLATNTSCAX20 TLATNTSCAX16 TLATNTSCAX12 TLATNTSCAX8 TLATNTSCAX6 TLATNTSCAX4 TLATNTSCAX3 TLATNTSCAX2 
  Clock gates   (no test): TLATNCAX20 TLATNCAX16 TLATNCAX12 TLATNCAX8 TLATNCAX6 TLATNCAX4 TLATNCAX3 TLATNCAX2 
  Unblocked area available for placement of any clock cells in power_domain auto-default: 9237.208um^2
Top Routing info:
  Route-type name: default_route_type_nonleaf; Top/bottom preferred layer name: Metal4/Metal3; 
  Unshielded; Mask Constraint: 0; Source: route_type.
Trunk Routing info:
  Route-type name: default_route_type_nonleaf; Top/bottom preferred layer name: Metal4/Metal3; 
  Unshielded; Preferred extra space: 1; Mask Constraint: 0; Source: route_type.
Leaf Routing info:
  Route-type name: default_route_type_leaf; Top/bottom preferred layer name: Metal4/Metal3; 
  Unshielded; Preferred extra space: 1; Mask Constraint: 0; Source: route_type.
For timing_corner delay1:both, late and power domain auto-default:
  Slew time target (leaf):    0.600ns
  Slew time target (trunk):   0.600ns
  Slew time target (top):     0.600ns (Note: no nets are considered top nets in this clock tree)
  Buffer unit delay: 0.180ns
  Buffer max distance: 2882.137um
Fastest wire driving cells and distances:
  Buffer    : {lib_cell:CLKBUFX16, fastest_considered_half_corner=delay1:both.late, optimalDrivingDistance=2713.584um, saturatedSlew=0.454ns, speed=5184.532um per ns, cellArea=7.810um^2 per 1000um}
  Inverter  : {lib_cell:INVX20, fastest_considered_half_corner=delay1:both.late, optimalDrivingDistance=1336.809um, saturatedSlew=0.204ns, speed=6989.851um per ns, cellArea=14.721um^2 per 1000um}
  Clock gate (with test): {lib_cell:TLATNTSCAX16, fastest_considered_half_corner=delay1:both.late, optimalDrivingDistance=2908.438um, saturatedSlew=0.499ns, speed=3412.057um per ns, cellArea=12.752um^2 per 1000um}
  Clock gate   (no test): {lib_cell:TLATNCAX20, fastest_considered_half_corner=delay1:both.late, optimalDrivingDistance=3020.752um, saturatedSlew=0.499ns, speed=3449.135um per ns, cellArea=13.280um^2 per 1000um}


Logic Sizing Table:

----------------------------------------------------------
Cell    Instance count    Source    Eligible library cells
----------------------------------------------------------
  (empty table)
----------------------------------------------------------


Clock tree balancer configuration for skew_group clk/sdc1:
  Sources:                     pin clk
  Total number of sinks:       251
  Delay constrained sinks:     251
  Non-leaf sinks:              0
  Ignore pins:                 0
 Timing corner delay1:both.late:
  Skew target:                 0.180ns
**WARN: (IMPCCOPT-1361):	Routing configuration for top nets in clock tree clk: preferred layers Metal3-Metal4 are outside NanoRoute configured layer range. This is likely to cause routing correlation issues.
**WARN: (IMPCCOPT-1361):	Routing configuration for trunk nets in clock tree clk: preferred layers Metal3-Metal4 are outside NanoRoute configured layer range. This is likely to cause routing correlation issues.
**WARN: (IMPCCOPT-1361):	Routing configuration for leaf nets in clock tree clk: preferred layers Metal3-Metal4 are outside NanoRoute configured layer range. This is likely to cause routing correlation issues.
Primary reporting skew groups are:
skew_group clk/sdc1 with 251 clock sinks

Clock DAG stats initial state:
  cell counts      : b=0, i=0, icg=0, nicg=0, l=0, total=0
  cell areas       : b=0.000um^2, i=0.000um^2, icg=0.000um^2, nicg=0.000um^2, l=0.000um^2, total=0.000um^2
  hp wire lengths  : top=0.000um, trunk=0.000um, leaf=0.000um, total=0.000um
No ideal or dont_touch nets found in the clock tree
No dont_touch hnets found in the clock tree
Validating CTS configuration done. (took cpu=0:00:02.1 real=0:00:02.1)
**WARN: (IMPCCOPT-2015):	Innovus will not update I/O latencies for the following reason(s):
 * There are 1 clocks in propagated mode.

CCOpt configuration status: all checks passed.
Found 0 ideal nets, 0 pins with transition annotations, 0 instances with delay annotations, 0 nets with delay annotations, refer to logv for details.

Check Prerequisites done. (took cpu=0:00:02.1 real=0:00:02.1)
CCOpt::Phase::Initialization done. (took cpu=0:00:02.1 real=0:00:02.1)
Set place::cacheFPlanSiteMark to 0

*** Summary of all messages that are not suppressed in this session:
Severity  ID               Count  Summary                                  
WARNING   IMPCCOPT-1285        5  The lib cell '%s' specified in %s %s. %s...
WARNING   IMPCCOPT-1361        3  Routing configuration for %s nets in clo...
WARNING   IMPCCOPT-2015        1  %s will not update I/O latencies for the...
*** Message Summary: 9 warning(s), 0 error(s)

#% End ccopt_design (date=11/10 17:51:21, total cpu=0:00:02.2, real=0:00:02.0, peak res=973.7M, current mem=973.7M)
<CMD> ccopt_design
#% Begin ccopt_design (date=11/10 17:51:21, mem=973.7M)
**INFO: User's settings:
setNanoRouteMode -drouteUseMinSpacingForBlockage    auto
setNanoRouteMode -extractThirdPartyCompatible       false
setNanoRouteMode -routeStrictlyHonorNonDefaultRule  false
setDesignMode -flowEffort                           standard
setDesignMode -process                              90
setExtractRCMode -coupling_c_th                     0.2
setExtractRCMode -engine                            preRoute
setExtractRCMode -relative_c_th                     1
setExtractRCMode -total_c_th                        0
setDelayCalMode -engine                             aae
setDelayCalMode -ignoreNetLoad                      false
setDelayCalMode -reportOutBound                     true
setOptMode -preserveAllSequential                   true
setPlaceMode -place_design_floorplan_mode           false

(ccopt_design): CTS Engine: auto. Used Spec: pre-existing CCOPT spec.
Not setting up route_type 'default_route_type_nonleaf' from CTS mode settings, as it has already been done
Not setting up route_type 'default_route_type_leaf' from CTS mode settings, as it has already been done
Placement constraints of type 'region' or 'fence' will not be downgraded to 'guide' because the property change_fences_to_guides has been set to false.
Set place::cacheFPlanSiteMark to 1
'setDesignMode -flowEffort standard' => 'setOptMode -usefulSkewCCOpt standard' 
Using CCOpt effort standard.
CCOpt::Phase::Initialization...
Check Prerequisites...
Leaving CCOpt scope - CheckPlace...
Begin checking placement ... (start mem=1303.2M, init mem=1303.2M)
*info: Placed = 710           
*info: Unplaced = 0           
Placement Density:79.65%(7358/9237)
Placement Density (including fixed std cells):79.65%(7358/9237)
Finished checkPlace (total: cpu=0:00:00.0, real=0:00:00.0; vio checks: cpu=0:00:00.0, real=0:00:00.0; mem=1303.2M)
Leaving CCOpt scope - CheckPlace done. (took cpu=0:00:00.0 real=0:00:00.0)
**WARN: (IMPCCOPT-2015):	Innovus will not update I/O latencies for the following reason(s):
 * There are 1 clocks in propagated mode.

Found 0 ideal nets, 0 pins with transition annotations, 0 instances with delay annotations, 0 nets with delay annotations, refer to logv for details.

Check Prerequisites done. (took cpu=0:00:00.0 real=0:00:00.0)
CCOpt::Phase::Initialization done. (took cpu=0:00:00.0 real=0:00:00.0)
Executing ccopt post-processing.
Synthesizing clock trees with CCOpt...
CCOpt::Phase::PreparingToBalance...
Leaving CCOpt scope - Initializing power interface...
Leaving CCOpt scope - Initializing power interface done. (took cpu=0:00:00.0 real=0:00:00.0)
Found 0 advancing pin insertion delay (0.000% of 251 clock tree sinks)
Found 0 delaying pin insertion delay (0.000% of 251 clock tree sinks)
Leaving CCOpt scope - optDesignGlobalRouteStep...
[NR-eGR] Track table information for default rule: 
[NR-eGR] Metal1 has no routable track
[NR-eGR] Metal2 has single uniform track structure
[NR-eGR] Metal3 has single uniform track structure
[NR-eGR] Metal4 has single uniform track structure
[NR-eGR] Metal5 has single uniform track structure
[NR-eGR] Metal6 has single uniform track structure
[NR-eGR] Metal7 has single uniform track structure
[NR-eGR] Metal8 has single uniform track structure
[NR-eGR] Metal9 has single uniform track structure
[NR-eGR] Started Read PG Shapes ( Curr Mem: 1345.85 MB )
[NR-eGR] Read 5806 PG shapes
[NR-eGR] Finished Read PG Shapes ( CPU: 0.00 sec, Real: 0.00 sec, Curr Mem: 1345.85 MB )
[NR-eGR] #Routing Blockages  : 0
[NR-eGR] #Instance Blockages : 0
[NR-eGR] #PG Blockages       : 5806
[NR-eGR] #Halo Blockages     : 0
[NR-eGR] #Boundary Blockages : 0
[NR-eGR] Num Prerouted Nets = 0  Num Prerouted Wires = 0
[NR-eGR] Read numTotalNets=720  numIgnoredNets=0
[NR-eGR] There are 1 clock nets ( 0 with NDR ).
[NR-eGR] ============ Routing rule table ============
[NR-eGR] Rule id: 0  Nets: 720 
[NR-eGR] ========================================
[NR-eGR] 
[NR-eGR] Layer group 1: route 720 net(s) in layer range [2, 9]
[NR-eGR] Early Global Route overflow of layer group 1: 0.00% H + 0.00% V. EstWL: 1.956195e+04um
[NR-eGR] Congestion Analysis By layer: (blocked Gcells are excluded) 
[NR-eGR]                        OverCon            
[NR-eGR]                         #Gcell     %Gcell
[NR-eGR]       Layer                (0)    OverCon 
[NR-eGR] ----------------------------------------------
[NR-eGR]  Metal1  (1)         0( 0.00%)   ( 0.00%) 
[NR-eGR]  Metal2  (2)         0( 0.00%)   ( 0.00%) 
[NR-eGR]  Metal3  (3)         0( 0.00%)   ( 0.00%) 
[NR-eGR]  Metal4  (4)         0( 0.00%)   ( 0.00%) 
[NR-eGR]  Metal5  (5)         0( 0.00%)   ( 0.00%) 
[NR-eGR]  Metal6  (6)         0( 0.00%)   ( 0.00%) 
[NR-eGR]  Metal7  (7)         0( 0.00%)   ( 0.00%) 
[NR-eGR]  Metal8  (8)         0( 0.00%)   ( 0.00%) 
[NR-eGR]  Metal9  (9)         0( 0.00%)   ( 0.00%) 
[NR-eGR] ----------------------------------------------
[NR-eGR] Total                0( 0.00%)   ( 0.00%) 
[NR-eGR] 
[NR-eGR] Overflow after Early Global Route (GR compatible) 0.00% H + 0.00% V
[NR-eGR] Overflow after Early Global Route 0.00% H + 0.00% V
[NR-eGR] Started Export DB wires ( Curr Mem: 1345.85 MB )
[NR-eGR] Started Export all nets ( Curr Mem: 1345.85 MB )
[NR-eGR] Finished Export all nets ( CPU: 0.01 sec, Real: 0.01 sec, Curr Mem: 1345.85 MB )
[NR-eGR] Started Set wire vias ( Curr Mem: 1345.85 MB )
[NR-eGR] Finished Set wire vias ( CPU: 0.00 sec, Real: 0.00 sec, Curr Mem: 1345.85 MB )
[NR-eGR] Finished Export DB wires ( CPU: 0.01 sec, Real: 0.01 sec, Curr Mem: 1345.85 MB )
[NR-eGR] --------------------------------------------------------------------------
[NR-eGR] Metal1  (1F) length: 0.000000e+00um, number of vias: 3015
[NR-eGR] Metal2  (2V) length: 8.318365e+03um, number of vias: 4807
[NR-eGR] Metal3  (3H) length: 1.035147e+04um, number of vias: 275
[NR-eGR] Metal4  (4V) length: 1.699255e+03um, number of vias: 36
[NR-eGR] Metal5  (5H) length: 3.124750e+02um, number of vias: 0
[NR-eGR] Metal6  (6V) length: 0.000000e+00um, number of vias: 0
[NR-eGR] Metal7  (7H) length: 0.000000e+00um, number of vias: 0
[NR-eGR] Metal8  (8V) length: 0.000000e+00um, number of vias: 0
[NR-eGR] Metal9  (9H) length: 0.000000e+00um, number of vias: 0
[NR-eGR] Total length: 2.068156e+04um, number of vias: 8133
[NR-eGR] --------------------------------------------------------------------------
[NR-eGR] Total eGR-routed clock nets wire length: 1.343570e+03um 
[NR-eGR] --------------------------------------------------------------------------
[NR-eGR] Finished Early Global Route kernel ( CPU: 0.13 sec, Real: 0.12 sec, Curr Mem: 1345.85 MB )
Leaving CCOpt scope - optDesignGlobalRouteStep done. (took cpu=0:00:00.1 real=0:00:00.1)
Rebuilding timing graph...
Rebuilding timing graph done.
Legalization setup...
Using cell based legalization.
Legalization setup done. (took cpu=0:00:00.0 real=0:00:00.0)
Validating CTS configuration...
Checking module port directions...
Checking module port directions done. (took cpu=0:00:00.0 real=0:00:00.0)
Non-default CCOpt properties:
buffer_cells is set for at least one object
cts_merge_clock_gates is set for at least one object
cts_merge_clock_logic is set for at least one object
expand_multi_child_regions is set for at least one object
recluster_to_reduce_power is set for at least one object
route_type is set for at least one object
source_latency is set for at least one object
target_max_trans_sdc is set for at least one object
Route type trimming info:
  No route type modifications were made.
**WARN: (IMPCCOPT-1285):	The lib cell 'CLKINVX3' specified in the buffer_cells property  isn't a buffer..  This cell will not be used when synthesizing -clock_tree clk -power_domain auto-default.
**WARN: (IMPCCOPT-1285):	The lib cell 'CLKINVX2' specified in the buffer_cells property  isn't a buffer..  This cell will not be used when synthesizing -clock_tree clk -power_domain auto-default.
**WARN: (IMPCCOPT-1285):	The lib cell 'CLKINVX8' specified in the buffer_cells property  isn't a buffer..  This cell will not be used when synthesizing -clock_tree clk -power_domain auto-default.
**WARN: (IMPCCOPT-1285):	The lib cell 'CLKINVX12' specified in the buffer_cells property  isn't a buffer..  This cell will not be used when synthesizing -clock_tree clk -power_domain auto-default.
**WARN: (IMPCCOPT-1285):	The lib cell 'CLKINVX16' specified in the buffer_cells property  isn't a buffer..  This cell will not be used when synthesizing -clock_tree clk -power_domain auto-default.
Updating RC grid for preRoute extraction ...
Initializing multi-corner resistance tables ...
Clock tree balancer configuration for clock_tree clk:
Non-default CCOpt properties:
  cts_merge_clock_gates: true (default: false)
  cts_merge_clock_logic: true (default: false)
  expand_multi_child_regions: true (default: false)
  recluster_to_reduce_power: true (default: false)
  route_type (leaf): default_route_type_leaf (default: default)
  route_type (trunk): default_route_type_nonleaf (default: default)
  route_type (top): default_route_type_nonleaf (default: default)
For power domain auto-default:
  Buffers:     {CLKBUFX16 CLKBUFX12 CLKBUFX8 CLKBUFX3 CLKBUFX2}
  Inverters:   {INVX20 INVX16 INVX12 INVX8 INVX6 INVX2 INVX1 CLKINVX1}
  Clock gates (with test): TLATNTSCAX20 TLATNTSCAX16 TLATNTSCAX12 TLATNTSCAX8 TLATNTSCAX6 TLATNTSCAX4 TLATNTSCAX3 TLATNTSCAX2 
  Clock gates   (no test): TLATNCAX20 TLATNCAX16 TLATNCAX12 TLATNCAX8 TLATNCAX6 TLATNCAX4 TLATNCAX3 TLATNCAX2 
  Unblocked area available for placement of any clock cells in power_domain auto-default: 9237.208um^2
Top Routing info:
  Route-type name: default_route_type_nonleaf; Top/bottom preferred layer name: Metal4/Metal3; 
  Unshielded; Mask Constraint: 0; Source: route_type.
Trunk Routing info:
  Route-type name: default_route_type_nonleaf; Top/bottom preferred layer name: Metal4/Metal3; 
  Unshielded; Preferred extra space: 1; Mask Constraint: 0; Source: route_type.
Leaf Routing info:
  Route-type name: default_route_type_leaf; Top/bottom preferred layer name: Metal4/Metal3; 
  Unshielded; Preferred extra space: 1; Mask Constraint: 0; Source: route_type.
For timing_corner delay1:both, late and power domain auto-default:
  Slew time target (leaf):    0.600ns
  Slew time target (trunk):   0.600ns
  Slew time target (top):     0.600ns (Note: no nets are considered top nets in this clock tree)
  Buffer unit delay: 0.180ns
  Buffer max distance: 2882.137um
Fastest wire driving cells and distances:
  Buffer    : {lib_cell:CLKBUFX16, fastest_considered_half_corner=delay1:both.late, optimalDrivingDistance=2713.584um, saturatedSlew=0.454ns, speed=5184.532um per ns, cellArea=7.810um^2 per 1000um}
  Inverter  : {lib_cell:INVX20, fastest_considered_half_corner=delay1:both.late, optimalDrivingDistance=1336.809um, saturatedSlew=0.204ns, speed=6989.851um per ns, cellArea=14.721um^2 per 1000um}
  Clock gate (with test): {lib_cell:TLATNTSCAX16, fastest_considered_half_corner=delay1:both.late, optimalDrivingDistance=2908.438um, saturatedSlew=0.499ns, speed=3412.057um per ns, cellArea=12.752um^2 per 1000um}
  Clock gate   (no test): {lib_cell:TLATNCAX20, fastest_considered_half_corner=delay1:both.late, optimalDrivingDistance=3020.752um, saturatedSlew=0.499ns, speed=3449.135um per ns, cellArea=13.280um^2 per 1000um}


Logic Sizing Table:

----------------------------------------------------------
Cell    Instance count    Source    Eligible library cells
----------------------------------------------------------
  (empty table)
----------------------------------------------------------


Clock tree balancer configuration for skew_group clk/sdc1:
  Sources:                     pin clk
  Total number of sinks:       251
  Delay constrained sinks:     251
  Non-leaf sinks:              0
  Ignore pins:                 0
 Timing corner delay1:both.late:
  Skew target:                 0.180ns
**WARN: (IMPCCOPT-1361):	Routing configuration for top nets in clock tree clk: preferred layers Metal3-Metal4 are outside NanoRoute configured layer range. This is likely to cause routing correlation issues.
**WARN: (IMPCCOPT-1361):	Routing configuration for trunk nets in clock tree clk: preferred layers Metal3-Metal4 are outside NanoRoute configured layer range. This is likely to cause routing correlation issues.
**WARN: (IMPCCOPT-1361):	Routing configuration for leaf nets in clock tree clk: preferred layers Metal3-Metal4 are outside NanoRoute configured layer range. This is likely to cause routing correlation issues.
Primary reporting skew groups are:
skew_group clk/sdc1 with 251 clock sinks

Clock DAG stats initial state:
  cell counts      : b=0, i=0, icg=0, nicg=0, l=0, total=0
  cell areas       : b=0.000um^2, i=0.000um^2, icg=0.000um^2, nicg=0.000um^2, l=0.000um^2, total=0.000um^2
  hp wire lengths  : top=0.000um, trunk=0.000um, leaf=0.000um, total=0.000um
No ideal or dont_touch nets found in the clock tree
No dont_touch hnets found in the clock tree
Validating CTS configuration done. (took cpu=0:00:02.1 real=0:00:02.1)
CCOpt configuration status: all checks passed.
Adding exclusion drivers to pins that are effective_sink_type exclude...
    Adding exclusion drivers (these will be instances of the smallest area library cells).
  No exclusion drivers are needed.
Adding exclusion drivers to pins that are effective_sink_type exclude done.
Antenna diode management...
  Found 0 antenna diodes in the clock trees.
  
Antenna diode management done.
Adding driver cells for primary IOs...
  
  ----------------------------------------------------------------------------------------------
  CCOpt reported the following when adding drivers below input ports and above output ports     
  ----------------------------------------------------------------------------------------------
    (empty table)
  ----------------------------------------------------------------------------------------------
  
  
Adding driver cells for primary IOs done.
Adding driver cell for primary IO roots...
Adding driver cell for primary IO roots done.
Maximizing clock DAG abstraction...
Maximizing clock DAG abstraction done.
CCOpt::Phase::PreparingToBalance done. (took cpu=0:00:02.3 real=0:00:02.3)
Synthesizing clock trees...
  Preparing To Balance...
  Merging duplicate siblings in DAG...
    Clock DAG stats before merging:
      cell counts      : b=0, i=0, icg=0, nicg=0, l=0, total=0
      cell areas       : b=0.000um^2, i=0.000um^2, icg=0.000um^2, nicg=0.000um^2, l=0.000um^2, total=0.000um^2
      hp wire lengths  : top=0.000um, trunk=0.000um, leaf=0.000um, total=0.000um
    Resynthesising clock tree into netlist...
      Reset timing graph...
Ignoring AAE DB Resetting ...
      Reset timing graph done.
    Resynthesising clock tree into netlist done.
    
    Disconnecting clock tree from netlist...
    Disconnecting clock tree from netlist done.
  Merging duplicate siblings in DAG done.
  Preparing To Balance done. (took cpu=0:00:00.0 real=0:00:00.0)
  CCOpt::Phase::Construction...
  Stage::Clustering...
  Clustering...
    Initialize for clustering...
    Clock DAG stats before clustering:
      cell counts      : b=0, i=0, icg=0, nicg=0, l=0, total=0
      cell areas       : b=0.000um^2, i=0.000um^2, icg=0.000um^2, nicg=0.000um^2, l=0.000um^2, total=0.000um^2
      hp wire lengths  : top=0.000um, trunk=0.000um, leaf=0.000um, total=0.000um
    Computing max distances from locked parents...
      Computing distance_from_locked_parent_restrictions for 0 nodes driven by 0 locked parents
    Computing max distances from locked parents done.
    Initialize for clustering done. (took cpu=0:00:00.0 real=0:00:00.0)
    Bottom-up phase...
    Clustering clock_tree clk...
**WARN: (IMPCCOPT-2197):	Unable to find a suitable hinst for a CLKBUFX3 at (321.030,2615.220) with representative hinst toll_gate, pd auto-default. The floorplan may be full, or there may be other placement problems.
**WARN: (IMPCCOPT-2197):	Unable to find a suitable hinst for a CLKBUFX8 at (321.030,2615.220) with representative hinst toll_gate, pd auto-default. The floorplan may be full, or there may be other placement problems.
**WARN: (IMPCCOPT-2197):	Unable to find a suitable hinst for a CLKBUFX12 at (321.030,2615.220) with representative hinst toll_gate, pd auto-default. The floorplan may be full, or there may be other placement problems.
**WARN: (IMPCCOPT-2197):	Unable to find a suitable hinst for a CLKBUFX3 at (373.230,2638.710) with representative hinst toll_gate, pd auto-default. The floorplan may be full, or there may be other placement problems.
**WARN: (IMPCCOPT-2197):	Unable to find a suitable hinst for a CLKBUFX8 at (373.230,2638.710) with representative hinst toll_gate, pd auto-default. The floorplan may be full, or there may be other placement problems.
**WARN: (IMPCCOPT-2197):	Unable to find a suitable hinst for a CLKBUFX12 at (373.230,2638.710) with representative hinst toll_gate, pd auto-default. The floorplan may be full, or there may be other placement problems.
    Clustering clock_tree clk done.
    Clock DAG stats after bottom-up phase:
      cell counts      : b=3, i=0, icg=0, nicg=0, l=0, total=3
      cell areas       : b=63.580um^2, i=0.000um^2, icg=0.000um^2, nicg=0.000um^2, l=0.000um^2, total=63.580um^2
      hp wire lengths  : top=0.000um, trunk=0.000um, leaf=341.185um, total=341.185um
    Clock DAG library cell distribution after bottom-up phase {count}:
       Bufs: CLKBUFX16: 3 
    Bottom-up phase done. (took cpu=0:00:00.1 real=0:00:00.1)
    Legalizing clock trees...
    Resynthesising clock tree into netlist...
      Reset timing graph...
Ignoring AAE DB Resetting ...
      Reset timing graph done.
    Resynthesising clock tree into netlist done.
    Commiting net attributes....
    Commiting net attributes. done.
    Leaving CCOpt scope - ClockRefiner...
    Performing a single pass refine place with checks partially disabled for clock sinks and datapath.
*** Starting refinePlace (0:00:38.8 mem=1396.3M) ***
Total net bbox length = 1.470e+04 (8.030e+03 6.672e+03) (ext = 8.182e+02)
Move report: Detail placement moves 30 insts, mean move: 2.09 um, max move: 6.09 um
	Max move on inst (u_account_balance/g13427): (8.41, 9.28) --> (11.89, 11.89)
	Runtime: CPU: 0:00:00.0 REAL: 0:00:00.0 MEM: 1396.3MB
Summary Report:
Instances move: 30 (out of 713 movable)
Instances flipped: 0
Mean displacement: 2.09 um
Max displacement: 6.09 um (Instance: u_account_balance/g13427) (8.41, 9.28) -> (11.89, 11.89)
	Length: 8 sites, height: 1 rows, site name: gsclib090site, cell type: AOI22X1
Total net bbox length = 1.472e+04 (8.044e+03 6.679e+03) (ext = 8.162e+02)
Runtime: CPU: 0:00:00.0 REAL: 0:00:00.0 MEM: 1396.3MB
*** Finished refinePlace (0:00:38.8 mem=1396.3M) ***
    ClockRefiner summary
    All clock instances: Moved 20, flipped 5 and cell swapped 0 (out of a total of 254).
    The largest move was 5.22 um for u_account_balance/balance_db_reg[11][6].
    Leaving CCOpt scope - ClockRefiner done. (took cpu=0:00:00.1 real=0:00:00.1)
    Disconnecting clock tree from netlist...
    Disconnecting clock tree from netlist done.
    Clock tree timing engine global stage delay update for delay1:both.late...
    Clock tree timing engine global stage delay update for delay1:both.late done. (took cpu=0:00:00.0 real=0:00:00.0)
    
    Clock tree legalization - Histogram:
    ====================================
    
    --------------------------------
    Movement (um)    Number of cells
    --------------------------------
      (empty table)
    --------------------------------
    
    
    Clock tree legalization - There are no Movements:
    =================================================
    
    ---------------------------------------------
    Movement (um)    Desired     Achieved    Node
                     location    location    
    ---------------------------------------------
      (empty table)
    ---------------------------------------------
    
    Legalizing clock trees done. (took cpu=0:00:00.1 real=0:00:00.1)
    Clock DAG stats after 'Clustering':
      cell counts      : b=3, i=0, icg=0, nicg=0, l=0, total=3
      cell areas       : b=63.580um^2, i=0.000um^2, icg=0.000um^2, nicg=0.000um^2, l=0.000um^2, total=63.580um^2
      cell capacitance : b=0.032pF, i=0.000pF, icg=0.000pF, nicg=0.000pF, l=0.000pF, total=0.032pF
      sink capacitance : count=251, total=0.435pF, avg=0.002pF, sd=0.000pF, min=0.002pF, max=0.002pF
      wire capacitance : top=0.000pF, trunk=0.015pF, leaf=0.153pF, total=0.168pF
      wire lengths     : top=0.000um, trunk=127.890um, leaf=1285.423um, total=1413.313um
      hp wire lengths  : top=0.000um, trunk=0.000um, leaf=341.185um, total=341.185um
    Clock DAG net violations after 'Clustering': none
    Clock DAG primary half-corner transition distribution after 'Clustering':
      Trunk : target=0.600ns count=1 avg=0.003ns sd=0.000ns min=0.003ns max=0.003ns {1 <= 0.360ns, 0 <= 0.480ns, 0 <= 0.540ns, 0 <= 0.570ns, 0 <= 0.600ns}
      Leaf  : target=0.600ns count=3 avg=0.125ns sd=0.001ns min=0.124ns max=0.126ns {3 <= 0.360ns, 0 <= 0.480ns, 0 <= 0.540ns, 0 <= 0.570ns, 0 <= 0.600ns}
    Clock DAG library cell distribution after 'Clustering' {count}:
       Bufs: CLKBUFX16: 3 
    Primary reporting skew groups after 'Clustering':
      skew_group clk/sdc1: insertion delay [min=0.187, max=0.193, avg=0.190, sd=0.001], skew [0.005 vs 0.180], 100% {0.187, 0.193} (wid=0.017 ws=0.006) (gid=0.177 gs=0.002)
    Skew group summary after 'Clustering':
      skew_group clk/sdc1: insertion delay [min=0.187, max=0.193, avg=0.190, sd=0.001], skew [0.005 vs 0.180], 100% {0.187, 0.193} (wid=0.017 ws=0.006) (gid=0.177 gs=0.002)
    Legalizer API calls during this step: 39 succeeded with high effort: 39 succeeded with medium effort: 0 succeeded with low effort: 0 succeeded with basic effort: 0 succeeded with basic unbounded effort: 0
  Clustering done. (took cpu=0:00:00.2 real=0:00:00.2)
  Looking for fanout violations...
  Looking for fanout violations done.
  CongRepair After Initial Clustering...
  Reset timing graph...
Ignoring AAE DB Resetting ...
  Reset timing graph done.
  Leaving CCOpt scope - Early Global Route...
  Clock implementation routing...
Net route status summary:
  Clock:         4 (unrouted=4, trialRouted=0, noStatus=0, routed=0, fixed=0, [crossesIlmBoundary=0, tooFewTerms=0, (crossesIlmBoundary AND tooFewTerms=0)])
  Non-clock:  1358 (unrouted=639, trialRouted=719, noStatus=0, routed=0, fixed=0, [crossesIlmBoundary=0, tooFewTerms=637, (crossesIlmBoundary AND tooFewTerms=0)])
    Routing using eGR only...
      Early Global Route - eGR only step...
(ccopt eGR): There are 4 nets for routing of which 4 have one or more fixed wires.
(ccopt eGR): Start to route 4 all nets
[NR-eGR] Track table information for default rule: 
[NR-eGR] Metal1 has no routable track
[NR-eGR] Metal2 has single uniform track structure
[NR-eGR] Metal3 has single uniform track structure
[NR-eGR] Metal4 has single uniform track structure
[NR-eGR] Metal5 has single uniform track structure
[NR-eGR] Metal6 has single uniform track structure
[NR-eGR] Metal7 has single uniform track structure
[NR-eGR] Metal8 has single uniform track structure
[NR-eGR] Metal9 has single uniform track structure
[NR-eGR] Started Read PG Shapes ( Curr Mem: 1396.31 MB )
[NR-eGR] Read 7482 PG shapes
[NR-eGR] Finished Read PG Shapes ( CPU: 0.00 sec, Real: 0.00 sec, Curr Mem: 1396.31 MB )
[NR-eGR] #Routing Blockages  : 0
[NR-eGR] #Instance Blockages : 0
[NR-eGR] #PG Blockages       : 7482
[NR-eGR] #Halo Blockages     : 0
[NR-eGR] #Boundary Blockages : 0
[NR-eGR] Num Prerouted Nets = 0  Num Prerouted Wires = 0
[NR-eGR] Read numTotalNets=723  numIgnoredNets=719
[NR-eGR] Connected 0 must-join pins/ports
[NR-eGR] There are 4 clock nets ( 4 with NDR ).
[NR-eGR] ============ Routing rule table ============
[NR-eGR] Rule id: 0  Nets: 4 
[NR-eGR] Rule id: 1  Nets: 0 
[NR-eGR] ========================================
[NR-eGR] 
[NR-eGR] Layer group 1: route 4 net(s) in layer range [3, 4]
[NR-eGR] Early Global Route overflow of layer group 1: 0.00% H + 0.00% V. EstWL: 1.357200e+03um
[NR-eGR] Create a new net group with 3 nets and layer range [3, 6]
[NR-eGR] Layer group 2: route 3 net(s) in layer range [3, 6]
[NR-eGR] Early Global Route overflow of layer group 2: 0.00% H + 0.00% V. EstWL: 1.357200e+03um
[NR-eGR] Create a new net group with 3 nets and layer range [3, 8]
[NR-eGR] Layer group 3: route 3 net(s) in layer range [3, 8]
[NR-eGR] Early Global Route overflow of layer group 3: 0.00% H + 0.00% V. EstWL: 1.357200e+03um
[NR-eGR] Create a new net group with 3 nets and layer range [3, 9]
[NR-eGR] Layer group 4: route 3 net(s) in layer range [3, 9]
[NR-eGR] Early Global Route overflow of layer group 4: 0.00% H + 0.00% V. EstWL: 1.357200e+03um
[NR-eGR] Congestion Analysis By layer: (blocked Gcells are excluded) 
[NR-eGR]                        OverCon            
[NR-eGR]                         #Gcell     %Gcell
[NR-eGR]       Layer                (0)    OverCon 
[NR-eGR] ----------------------------------------------
[NR-eGR]  Metal1  (1)         0( 0.00%)   ( 0.00%) 
[NR-eGR]  Metal2  (2)         0( 0.00%)   ( 0.00%) 
[NR-eGR]  Metal3  (3)         0( 0.00%)   ( 0.00%) 
[NR-eGR]  Metal4  (4)         0( 0.00%)   ( 0.00%) 
[NR-eGR]  Metal5  (5)         0( 0.00%)   ( 0.00%) 
[NR-eGR]  Metal6  (6)         0( 0.00%)   ( 0.00%) 
[NR-eGR]  Metal7  (7)         0( 0.00%)   ( 0.00%) 
[NR-eGR]  Metal8  (8)         0( 0.00%)   ( 0.00%) 
[NR-eGR]  Metal9  (9)         0( 0.00%)   ( 0.00%) 
[NR-eGR] ----------------------------------------------
[NR-eGR] Total                0( 0.00%)   ( 0.00%) 
[NR-eGR] 
[NR-eGR] Overflow after Early Global Route (GR compatible) 0.00% H + 0.00% V
[NR-eGR] Overflow after Early Global Route 0.00% H + 0.00% V
[NR-eGR] Started Export DB wires ( Curr Mem: 1396.31 MB )
[NR-eGR] Started Export all nets ( Curr Mem: 1396.31 MB )
[NR-eGR] Finished Export all nets ( CPU: 0.00 sec, Real: 0.00 sec, Curr Mem: 1396.31 MB )
[NR-eGR] Started Set wire vias ( Curr Mem: 1396.31 MB )
[NR-eGR] Finished Set wire vias ( CPU: 0.00 sec, Real: 0.00 sec, Curr Mem: 1396.31 MB )
[NR-eGR] Finished Export DB wires ( CPU: 0.00 sec, Real: 0.00 sec, Curr Mem: 1396.31 MB )
[NR-eGR] --------------------------------------------------------------------------
[NR-eGR] Metal1  (1F) length: 0.000000e+00um, number of vias: 3021
[NR-eGR] Metal2  (2V) length: 7.995595e+03um, number of vias: 4634
[NR-eGR] Metal3  (3H) length: 1.034103e+04um, number of vias: 388
[NR-eGR] Metal4  (4V) length: 2.101485e+03um, number of vias: 45
[NR-eGR] Metal5  (5H) length: 3.223350e+02um, number of vias: 0
[NR-eGR] Metal6  (6V) length: 0.000000e+00um, number of vias: 0
[NR-eGR] Metal7  (7H) length: 0.000000e+00um, number of vias: 0
[NR-eGR] Metal8  (8V) length: 0.000000e+00um, number of vias: 0
[NR-eGR] Metal9  (9H) length: 0.000000e+00um, number of vias: 0
[NR-eGR] Total length: 2.076044e+04um, number of vias: 8088
[NR-eGR] --------------------------------------------------------------------------
[NR-eGR] Total eGR-routed clock nets wire length: 1.422450e+03um 
[NR-eGR] --------------------------------------------------------------------------
[NR-eGR] Report for selected net(s) only.
[NR-eGR] Metal1  (1H) length: 0.000000e+00um, number of vias: 257
[NR-eGR] Metal2  (2V) length: 3.517700e+02um, number of vias: 319
[NR-eGR] Metal3  (3H) length: 6.580100e+02um, number of vias: 115
[NR-eGR] Metal4  (4V) length: 4.028100e+02um, number of vias: 9
[NR-eGR] Metal5  (5H) length: 9.860000e+00um, number of vias: 0
[NR-eGR] Metal6  (6V) length: 0.000000e+00um, number of vias: 0
[NR-eGR] Metal7  (7H) length: 0.000000e+00um, number of vias: 0
[NR-eGR] Metal8  (8V) length: 0.000000e+00um, number of vias: 0
[NR-eGR] Metal9  (9H) length: 0.000000e+00um, number of vias: 0
[NR-eGR] Total length: 1.422450e+03um, number of vias: 700
[NR-eGR] --------------------------------------------------------------------------
[NR-eGR] Total routed clock nets wire length: 1.422450e+03um, number of vias: 700
[NR-eGR] --------------------------------------------------------------------------
[NR-eGR] Finished Early Global Route kernel ( CPU: 0.14 sec, Real: 0.14 sec, Curr Mem: 1396.31 MB )
      Early Global Route - eGR only step done. (took cpu=0:00:00.2 real=0:00:00.2)
    Routing using eGR only done.
Net route status summary:
  Clock:         4 (unrouted=0, trialRouted=0, noStatus=0, routed=4, fixed=0, [crossesIlmBoundary=0, tooFewTerms=0, (crossesIlmBoundary AND tooFewTerms=0)])
  Non-clock:  1358 (unrouted=639, trialRouted=719, noStatus=0, routed=0, fixed=0, [crossesIlmBoundary=0, tooFewTerms=637, (crossesIlmBoundary AND tooFewTerms=0)])

CCOPT: Done with clock implementation routing.

  Clock implementation routing done.
  CCOpt: Starting congestion repair using flow wrapper...
    Congestion Repair...
Info: Disable timing driven in postCTS congRepair.

Starting congRepair ...
Collecting buffer chain nets ...
[NR-eGR] Track table information for default rule: 
[NR-eGR] Metal1 has no routable track
[NR-eGR] Metal2 has single uniform track structure
[NR-eGR] Metal3 has single uniform track structure
[NR-eGR] Metal4 has single uniform track structure
[NR-eGR] Metal5 has single uniform track structure
[NR-eGR] Metal6 has single uniform track structure
[NR-eGR] Metal7 has single uniform track structure
[NR-eGR] Metal8 has single uniform track structure
[NR-eGR] Metal9 has single uniform track structure
[NR-eGR] Started Read PG Shapes ( Curr Mem: 1396.31 MB )
[NR-eGR] Read 5806 PG shapes
[NR-eGR] Finished Read PG Shapes ( CPU: 0.00 sec, Real: 0.00 sec, Curr Mem: 1396.31 MB )
[NR-eGR] #Routing Blockages  : 0
[NR-eGR] #Instance Blockages : 0
[NR-eGR] #PG Blockages       : 5806
[NR-eGR] #Halo Blockages     : 0
[NR-eGR] #Boundary Blockages : 0
[NR-eGR] Num Prerouted Nets = 4  Num Prerouted Wires = 722
[NR-eGR] Read numTotalNets=723  numIgnoredNets=4
[NR-eGR] ============ Routing rule table ============
[NR-eGR] Rule id: 0  Nets: 0 
[NR-eGR] Rule id: 1  Nets: 719 
[NR-eGR] ========================================
[NR-eGR] 
[NR-eGR] Layer group 1: route 719 net(s) in layer range [2, 9]
[NR-eGR] Early Global Route overflow of layer group 1: 0.00% H + 0.00% V. EstWL: 1.834569e+04um
[NR-eGR] Congestion Analysis By layer: (blocked Gcells are excluded) 
[NR-eGR]                        OverCon            
[NR-eGR]                         #Gcell     %Gcell
[NR-eGR]       Layer                (0)    OverCon 
[NR-eGR] ----------------------------------------------
[NR-eGR]  Metal1  (1)         0( 0.00%)   ( 0.00%) 
[NR-eGR]  Metal2  (2)         0( 0.00%)   ( 0.00%) 
[NR-eGR]  Metal3  (3)         0( 0.00%)   ( 0.00%) 
[NR-eGR]  Metal4  (4)         0( 0.00%)   ( 0.00%) 
[NR-eGR]  Metal5  (5)         0( 0.00%)   ( 0.00%) 
[NR-eGR]  Metal6  (6)         0( 0.00%)   ( 0.00%) 
[NR-eGR]  Metal7  (7)         0( 0.00%)   ( 0.00%) 
[NR-eGR]  Metal8  (8)         0( 0.00%)   ( 0.00%) 
[NR-eGR]  Metal9  (9)         0( 0.00%)   ( 0.00%) 
[NR-eGR] ----------------------------------------------
[NR-eGR] Total                0( 0.00%)   ( 0.00%) 
[NR-eGR] 
[NR-eGR] Overflow after Early Global Route (GR compatible) 0.00% H + 0.00% V
[NR-eGR] Overflow after Early Global Route 0.00% H + 0.00% V
Early Global Route congestion estimation runtime: 0.09 seconds, mem = 1396.3M
Local HotSpot Analysis: normalized max congestion hotspot area = 0.00, normalized total congestion hotspot area = 0.00 (area is in unit of 4 std-cell row bins)
Skipped repairing congestion.
[NR-eGR] Started Export DB wires ( Curr Mem: 1396.31 MB )
[NR-eGR] Started Export all nets ( Curr Mem: 1396.31 MB )
[NR-eGR] Finished Export all nets ( CPU: 0.01 sec, Real: 0.01 sec, Curr Mem: 1396.31 MB )
[NR-eGR] Started Set wire vias ( Curr Mem: 1396.31 MB )
[NR-eGR] Finished Set wire vias ( CPU: 0.00 sec, Real: 0.00 sec, Curr Mem: 1396.31 MB )
[NR-eGR] Finished Export DB wires ( CPU: 0.02 sec, Real: 0.01 sec, Curr Mem: 1396.31 MB )
[NR-eGR] --------------------------------------------------------------------------
[NR-eGR] Metal1  (1F) length: 0.000000e+00um, number of vias: 3021
[NR-eGR] Metal2  (2V) length: 7.569150e+03um, number of vias: 4569
[NR-eGR] Metal3  (3H) length: 9.461315e+03um, number of vias: 455
[NR-eGR] Metal4  (4V) length: 2.444410e+03um, number of vias: 124
[NR-eGR] Metal5  (5H) length: 1.209445e+03um, number of vias: 2
[NR-eGR] Metal6  (6V) length: 2.900000e-01um, number of vias: 0
[NR-eGR] Metal7  (7H) length: 0.000000e+00um, number of vias: 0
[NR-eGR] Metal8  (8V) length: 0.000000e+00um, number of vias: 0
[NR-eGR] Metal9  (9H) length: 0.000000e+00um, number of vias: 0
[NR-eGR] Total length: 2.068461e+04um, number of vias: 8171
[NR-eGR] --------------------------------------------------------------------------
[NR-eGR] Total eGR-routed clock nets wire length: 0.000000e+00um 
[NR-eGR] --------------------------------------------------------------------------
Early Global Route wiring runtime: 0.04 seconds, mem = 1396.3M
Tdgp not successfully inited but do clear! skip clearing
End of congRepair (cpu=0:00:00.1, real=0:00:00.0)
    Congestion Repair done. (took cpu=0:00:00.1 real=0:00:00.1)
  CCOpt: Starting congestion repair using flow wrapper done.
  Leaving CCOpt scope - Early Global Route done. (took cpu=0:00:00.3 real=0:00:00.3)
  Leaving CCOpt scope - extractRC...
  Updating RC parasitics by calling: "extractRC -noRouteCheck"...
Extraction called for design 'toll_gate' of instances=713 and nets=1362 using extraction engine 'preRoute' .
PreRoute RC Extraction called for design toll_gate.
RC Extraction called in multi-corner(1) mode.
**WARN: (IMPEXT-6197):	The Cap table file is not specified. This will result in lower parasitic accuracy when using preRoute extraction or postRoute extraction with effort level 'low'. It is recommended to generate the Cap table file using the 'generateCapTbl' command and specify it before extraction using 'create_rc_corner/update_rc_corner -cap_table'.
Type 'man IMPEXT-6197' for more detail.
RCMode: PreRoute
      RC Corner Indexes            0   
Capacitance Scaling Factor   : 1.00000 
Resistance Scaling Factor    : 1.00000 
Clock Cap. Scaling Factor    : 1.00000 
Clock Res. Scaling Factor    : 1.00000 
Shrink Factor                : 1.00000
PreRoute extraction is honoring NDR/Shielding/ExtraSpace for clock nets.
Updating RC grid for preRoute extraction ...
Initializing multi-corner resistance tables ...
PreRoute RC Extraction DONE (CPU Time: 0:00:00.0  Real Time: 0:00:00.0  MEM: 1396.312M)
  Updating RC parasitics by calling: "extractRC -noRouteCheck" done.
  Leaving CCOpt scope - extractRC done. (took cpu=0:00:00.0 real=0:00:00.0)
  Clock tree timing engine global stage delay update for delay1:both.late...
  Clock tree timing engine global stage delay update for delay1:both.late done. (took cpu=0:00:00.0 real=0:00:00.0)
  Clock DAG stats after clustering cong repair call:
    cell counts      : b=3, i=0, icg=0, nicg=0, l=0, total=3
    cell areas       : b=63.580um^2, i=0.000um^2, icg=0.000um^2, nicg=0.000um^2, l=0.000um^2, total=63.580um^2
    cell capacitance : b=0.032pF, i=0.000pF, icg=0.000pF, nicg=0.000pF, l=0.000pF, total=0.032pF
    sink capacitance : count=251, total=0.435pF, avg=0.002pF, sd=0.000pF, min=0.002pF, max=0.002pF
    wire capacitance : top=0.000pF, trunk=0.015pF, leaf=0.153pF, total=0.168pF
    wire lengths     : top=0.000um, trunk=127.890um, leaf=1285.423um, total=1413.313um
    hp wire lengths  : top=0.000um, trunk=0.000um, leaf=341.185um, total=341.185um
  Clock DAG net violations after clustering cong repair call: none
  Clock DAG primary half-corner transition distribution after clustering cong repair call:
    Trunk : target=0.600ns count=1 avg=0.003ns sd=0.000ns min=0.003ns max=0.003ns {1 <= 0.360ns, 0 <= 0.480ns, 0 <= 0.540ns, 0 <= 0.570ns, 0 <= 0.600ns}
    Leaf  : target=0.600ns count=3 avg=0.125ns sd=0.001ns min=0.124ns max=0.126ns {3 <= 0.360ns, 0 <= 0.480ns, 0 <= 0.540ns, 0 <= 0.570ns, 0 <= 0.600ns}
  Clock DAG library cell distribution after clustering cong repair call {count}:
     Bufs: CLKBUFX16: 3 
  Primary reporting skew groups after clustering cong repair call:
    skew_group clk/sdc1: insertion delay [min=0.187, max=0.193, avg=0.190, sd=0.001], skew [0.005 vs 0.180], 100% {0.187, 0.193} (wid=0.017 ws=0.006) (gid=0.177 gs=0.002)
  Skew group summary after clustering cong repair call:
    skew_group clk/sdc1: insertion delay [min=0.187, max=0.193, avg=0.190, sd=0.001], skew [0.005 vs 0.180], 100% {0.187, 0.193} (wid=0.017 ws=0.006) (gid=0.177 gs=0.002)
  CongRepair After Initial Clustering done. (took cpu=0:00:00.4 real=0:00:00.4)
  Stage::Clustering done. (took cpu=0:00:00.6 real=0:00:00.6)
  Stage::DRV Fixing...
  Fixing clock tree slew time and max cap violations...
    Fixing clock tree overload: ...20% ...40% ...60% ...80% ...100% 
    Clock DAG stats after 'Fixing clock tree slew time and max cap violations':
      cell counts      : b=3, i=0, icg=0, nicg=0, l=0, total=3
      cell areas       : b=63.580um^2, i=0.000um^2, icg=0.000um^2, nicg=0.000um^2, l=0.000um^2, total=63.580um^2
      cell capacitance : b=0.032pF, i=0.000pF, icg=0.000pF, nicg=0.000pF, l=0.000pF, total=0.032pF
      sink capacitance : count=251, total=0.435pF, avg=0.002pF, sd=0.000pF, min=0.002pF, max=0.002pF
      wire capacitance : top=0.000pF, trunk=0.015pF, leaf=0.153pF, total=0.168pF
      wire lengths     : top=0.000um, trunk=127.890um, leaf=1285.423um, total=1413.313um
      hp wire lengths  : top=0.000um, trunk=0.000um, leaf=341.185um, total=341.185um
    Clock DAG net violations after 'Fixing clock tree slew time and max cap violations': none
    Clock DAG primary half-corner transition distribution after 'Fixing clock tree slew time and max cap violations':
      Trunk : target=0.600ns count=1 avg=0.003ns sd=0.000ns min=0.003ns max=0.003ns {1 <= 0.360ns, 0 <= 0.480ns, 0 <= 0.540ns, 0 <= 0.570ns, 0 <= 0.600ns}
      Leaf  : target=0.600ns count=3 avg=0.125ns sd=0.001ns min=0.124ns max=0.126ns {3 <= 0.360ns, 0 <= 0.480ns, 0 <= 0.540ns, 0 <= 0.570ns, 0 <= 0.600ns}
    Clock DAG library cell distribution after 'Fixing clock tree slew time and max cap violations' {count}:
       Bufs: CLKBUFX16: 3 
    Primary reporting skew groups after 'Fixing clock tree slew time and max cap violations':
      skew_group clk/sdc1: insertion delay [min=0.187, max=0.193], skew [0.005 vs 0.180]
    Skew group summary after 'Fixing clock tree slew time and max cap violations':
      skew_group clk/sdc1: insertion delay [min=0.187, max=0.193], skew [0.005 vs 0.180]
    Legalizer API calls during this step: 0 succeeded with high effort: 0 succeeded with medium effort: 0 succeeded with low effort: 0 succeeded with basic effort: 0 succeeded with basic unbounded effort: 0
  Fixing clock tree slew time and max cap violations done. (took cpu=0:00:00.0 real=0:00:00.0)
  Fixing clock tree slew time and max cap violations - detailed pass...
    Fixing clock tree overload: ...20% ...40% ...60% ...80% ...100% 
    Clock DAG stats after 'Fixing clock tree slew time and max cap violations - detailed pass':
      cell counts      : b=3, i=0, icg=0, nicg=0, l=0, total=3
      cell areas       : b=63.580um^2, i=0.000um^2, icg=0.000um^2, nicg=0.000um^2, l=0.000um^2, total=63.580um^2
      cell capacitance : b=0.032pF, i=0.000pF, icg=0.000pF, nicg=0.000pF, l=0.000pF, total=0.032pF
      sink capacitance : count=251, total=0.435pF, avg=0.002pF, sd=0.000pF, min=0.002pF, max=0.002pF
      wire capacitance : top=0.000pF, trunk=0.015pF, leaf=0.153pF, total=0.168pF
      wire lengths     : top=0.000um, trunk=127.890um, leaf=1285.423um, total=1413.313um
      hp wire lengths  : top=0.000um, trunk=0.000um, leaf=341.185um, total=341.185um
    Clock DAG net violations after 'Fixing clock tree slew time and max cap violations - detailed pass': none
    Clock DAG primary half-corner transition distribution after 'Fixing clock tree slew time and max cap violations - detailed pass':
      Trunk : target=0.600ns count=1 avg=0.003ns sd=0.000ns min=0.003ns max=0.003ns {1 <= 0.360ns, 0 <= 0.480ns, 0 <= 0.540ns, 0 <= 0.570ns, 0 <= 0.600ns}
      Leaf  : target=0.600ns count=3 avg=0.125ns sd=0.001ns min=0.124ns max=0.126ns {3 <= 0.360ns, 0 <= 0.480ns, 0 <= 0.540ns, 0 <= 0.570ns, 0 <= 0.600ns}
    Clock DAG library cell distribution after 'Fixing clock tree slew time and max cap violations - detailed pass' {count}:
       Bufs: CLKBUFX16: 3 
    Primary reporting skew groups after 'Fixing clock tree slew time and max cap violations - detailed pass':
      skew_group clk/sdc1: insertion delay [min=0.187, max=0.193, avg=0.190, sd=0.001], skew [0.005 vs 0.180], 100% {0.187, 0.193} (wid=0.017 ws=0.006) (gid=0.177 gs=0.002)
    Skew group summary after 'Fixing clock tree slew time and max cap violations - detailed pass':
      skew_group clk/sdc1: insertion delay [min=0.187, max=0.193, avg=0.190, sd=0.001], skew [0.005 vs 0.180], 100% {0.187, 0.193} (wid=0.017 ws=0.006) (gid=0.177 gs=0.002)
    Legalizer API calls during this step: 0 succeeded with high effort: 0 succeeded with medium effort: 0 succeeded with low effort: 0 succeeded with basic effort: 0 succeeded with basic unbounded effort: 0
  Fixing clock tree slew time and max cap violations - detailed pass done. (took cpu=0:00:00.0 real=0:00:00.0)
  Stage::DRV Fixing done. (took cpu=0:00:00.0 real=0:00:00.0)
  Stage::Insertion Delay Reduction...
  Removing unnecessary root buffering...
    Clock DAG stats after 'Removing unnecessary root buffering':
      cell counts      : b=3, i=0, icg=0, nicg=0, l=0, total=3
      cell areas       : b=63.580um^2, i=0.000um^2, icg=0.000um^2, nicg=0.000um^2, l=0.000um^2, total=63.580um^2
      cell capacitance : b=0.032pF, i=0.000pF, icg=0.000pF, nicg=0.000pF, l=0.000pF, total=0.032pF
      sink capacitance : count=251, total=0.435pF, avg=0.002pF, sd=0.000pF, min=0.002pF, max=0.002pF
      wire capacitance : top=0.000pF, trunk=0.015pF, leaf=0.153pF, total=0.168pF
      wire lengths     : top=0.000um, trunk=127.890um, leaf=1285.423um, total=1413.313um
      hp wire lengths  : top=0.000um, trunk=0.000um, leaf=341.185um, total=341.185um
    Clock DAG net violations after 'Removing unnecessary root buffering': none
    Clock DAG primary half-corner transition distribution after 'Removing unnecessary root buffering':
      Trunk : target=0.600ns count=1 avg=0.003ns sd=0.000ns min=0.003ns max=0.003ns {1 <= 0.360ns, 0 <= 0.480ns, 0 <= 0.540ns, 0 <= 0.570ns, 0 <= 0.600ns}
      Leaf  : target=0.600ns count=3 avg=0.125ns sd=0.001ns min=0.124ns max=0.126ns {3 <= 0.360ns, 0 <= 0.480ns, 0 <= 0.540ns, 0 <= 0.570ns, 0 <= 0.600ns}
    Clock DAG library cell distribution after 'Removing unnecessary root buffering' {count}:
       Bufs: CLKBUFX16: 3 
    Primary reporting skew groups after 'Removing unnecessary root buffering':
      skew_group clk/sdc1: insertion delay [min=0.187, max=0.193], skew [0.005 vs 0.180]
    Skew group summary after 'Removing unnecessary root buffering':
      skew_group clk/sdc1: insertion delay [min=0.187, max=0.193], skew [0.005 vs 0.180]
    Legalizer API calls during this step: 0 succeeded with high effort: 0 succeeded with medium effort: 0 succeeded with low effort: 0 succeeded with basic effort: 0 succeeded with basic unbounded effort: 0
  Removing unnecessary root buffering done. (took cpu=0:00:00.0 real=0:00:00.0)
  Removing unconstrained drivers...
    Clock DAG stats after 'Removing unconstrained drivers':
      cell counts      : b=3, i=0, icg=0, nicg=0, l=0, total=3
      cell areas       : b=63.580um^2, i=0.000um^2, icg=0.000um^2, nicg=0.000um^2, l=0.000um^2, total=63.580um^2
      cell capacitance : b=0.032pF, i=0.000pF, icg=0.000pF, nicg=0.000pF, l=0.000pF, total=0.032pF
      sink capacitance : count=251, total=0.435pF, avg=0.002pF, sd=0.000pF, min=0.002pF, max=0.002pF
      wire capacitance : top=0.000pF, trunk=0.015pF, leaf=0.153pF, total=0.168pF
      wire lengths     : top=0.000um, trunk=127.890um, leaf=1285.423um, total=1413.313um
      hp wire lengths  : top=0.000um, trunk=0.000um, leaf=341.185um, total=341.185um
    Clock DAG net violations after 'Removing unconstrained drivers': none
    Clock DAG primary half-corner transition distribution after 'Removing unconstrained drivers':
      Trunk : target=0.600ns count=1 avg=0.003ns sd=0.000ns min=0.003ns max=0.003ns {1 <= 0.360ns, 0 <= 0.480ns, 0 <= 0.540ns, 0 <= 0.570ns, 0 <= 0.600ns}
      Leaf  : target=0.600ns count=3 avg=0.125ns sd=0.001ns min=0.124ns max=0.126ns {3 <= 0.360ns, 0 <= 0.480ns, 0 <= 0.540ns, 0 <= 0.570ns, 0 <= 0.600ns}
    Clock DAG library cell distribution after 'Removing unconstrained drivers' {count}:
       Bufs: CLKBUFX16: 3 
    Primary reporting skew groups after 'Removing unconstrained drivers':
      skew_group clk/sdc1: insertion delay [min=0.187, max=0.193], skew [0.005 vs 0.180]
    Skew group summary after 'Removing unconstrained drivers':
      skew_group clk/sdc1: insertion delay [min=0.187, max=0.193], skew [0.005 vs 0.180]
    Legalizer API calls during this step: 0 succeeded with high effort: 0 succeeded with medium effort: 0 succeeded with low effort: 0 succeeded with basic effort: 0 succeeded with basic unbounded effort: 0
  Removing unconstrained drivers done. (took cpu=0:00:00.0 real=0:00:00.0)
  Reducing insertion delay 1...
    Clock DAG stats after 'Reducing insertion delay 1':
      cell counts      : b=3, i=0, icg=0, nicg=0, l=0, total=3
      cell areas       : b=63.580um^2, i=0.000um^2, icg=0.000um^2, nicg=0.000um^2, l=0.000um^2, total=63.580um^2
      cell capacitance : b=0.032pF, i=0.000pF, icg=0.000pF, nicg=0.000pF, l=0.000pF, total=0.032pF
      sink capacitance : count=251, total=0.435pF, avg=0.002pF, sd=0.000pF, min=0.002pF, max=0.002pF
      wire capacitance : top=0.000pF, trunk=0.015pF, leaf=0.153pF, total=0.168pF
      wire lengths     : top=0.000um, trunk=127.890um, leaf=1285.423um, total=1413.313um
      hp wire lengths  : top=0.000um, trunk=0.000um, leaf=341.185um, total=341.185um
    Clock DAG net violations after 'Reducing insertion delay 1': none
    Clock DAG primary half-corner transition distribution after 'Reducing insertion delay 1':
      Trunk : target=0.600ns count=1 avg=0.003ns sd=0.000ns min=0.003ns max=0.003ns {1 <= 0.360ns, 0 <= 0.480ns, 0 <= 0.540ns, 0 <= 0.570ns, 0 <= 0.600ns}
      Leaf  : target=0.600ns count=3 avg=0.125ns sd=0.001ns min=0.124ns max=0.126ns {3 <= 0.360ns, 0 <= 0.480ns, 0 <= 0.540ns, 0 <= 0.570ns, 0 <= 0.600ns}
    Clock DAG library cell distribution after 'Reducing insertion delay 1' {count}:
       Bufs: CLKBUFX16: 3 
    Primary reporting skew groups after 'Reducing insertion delay 1':
      skew_group clk/sdc1: insertion delay [min=0.187, max=0.193], skew [0.005 vs 0.180]
    Skew group summary after 'Reducing insertion delay 1':
      skew_group clk/sdc1: insertion delay [min=0.187, max=0.193], skew [0.005 vs 0.180]
    Legalizer API calls during this step: 5 succeeded with high effort: 5 succeeded with medium effort: 0 succeeded with low effort: 0 succeeded with basic effort: 0 succeeded with basic unbounded effort: 0
  Reducing insertion delay 1 done. (took cpu=0:00:00.0 real=0:00:00.0)
  Removing longest path buffering...
    Clock DAG stats after 'Removing longest path buffering':
      cell counts      : b=3, i=0, icg=0, nicg=0, l=0, total=3
      cell areas       : b=63.580um^2, i=0.000um^2, icg=0.000um^2, nicg=0.000um^2, l=0.000um^2, total=63.580um^2
      cell capacitance : b=0.032pF, i=0.000pF, icg=0.000pF, nicg=0.000pF, l=0.000pF, total=0.032pF
      sink capacitance : count=251, total=0.435pF, avg=0.002pF, sd=0.000pF, min=0.002pF, max=0.002pF
      wire capacitance : top=0.000pF, trunk=0.015pF, leaf=0.153pF, total=0.168pF
      wire lengths     : top=0.000um, trunk=127.890um, leaf=1285.423um, total=1413.313um
      hp wire lengths  : top=0.000um, trunk=0.000um, leaf=341.185um, total=341.185um
    Clock DAG net violations after 'Removing longest path buffering': none
    Clock DAG primary half-corner transition distribution after 'Removing longest path buffering':
      Trunk : target=0.600ns count=1 avg=0.003ns sd=0.000ns min=0.003ns max=0.003ns {1 <= 0.360ns, 0 <= 0.480ns, 0 <= 0.540ns, 0 <= 0.570ns, 0 <= 0.600ns}
      Leaf  : target=0.600ns count=3 avg=0.125ns sd=0.001ns min=0.124ns max=0.126ns {3 <= 0.360ns, 0 <= 0.480ns, 0 <= 0.540ns, 0 <= 0.570ns, 0 <= 0.600ns}
    Clock DAG library cell distribution after 'Removing longest path buffering' {count}:
       Bufs: CLKBUFX16: 3 
    Primary reporting skew groups after 'Removing longest path buffering':
      skew_group clk/sdc1: insertion delay [min=0.187, max=0.193], skew [0.005 vs 0.180]
    Skew group summary after 'Removing longest path buffering':
      skew_group clk/sdc1: insertion delay [min=0.187, max=0.193], skew [0.005 vs 0.180]
    Legalizer API calls during this step: 0 succeeded with high effort: 0 succeeded with medium effort: 0 succeeded with low effort: 0 succeeded with basic effort: 0 succeeded with basic unbounded effort: 0
  Removing longest path buffering done. (took cpu=0:00:00.0 real=0:00:00.0)
  Reducing insertion delay 2...
    Clock DAG stats after 'Reducing insertion delay 2':
      cell counts      : b=3, i=0, icg=0, nicg=0, l=0, total=3
      cell areas       : b=63.580um^2, i=0.000um^2, icg=0.000um^2, nicg=0.000um^2, l=0.000um^2, total=63.580um^2
      cell capacitance : b=0.032pF, i=0.000pF, icg=0.000pF, nicg=0.000pF, l=0.000pF, total=0.032pF
      sink capacitance : count=251, total=0.435pF, avg=0.002pF, sd=0.000pF, min=0.002pF, max=0.002pF
      wire capacitance : top=0.000pF, trunk=0.014pF, leaf=0.153pF, total=0.168pF
      wire lengths     : top=0.000um, trunk=118.030um, leaf=1288.178um, total=1406.208um
      hp wire lengths  : top=0.000um, trunk=0.000um, leaf=350.030um, total=350.030um
    Clock DAG net violations after 'Reducing insertion delay 2': none
    Clock DAG primary half-corner transition distribution after 'Reducing insertion delay 2':
      Trunk : target=0.600ns count=1 avg=0.003ns sd=0.000ns min=0.003ns max=0.003ns {1 <= 0.360ns, 0 <= 0.480ns, 0 <= 0.540ns, 0 <= 0.570ns, 0 <= 0.600ns}
      Leaf  : target=0.600ns count=3 avg=0.125ns sd=0.000ns min=0.124ns max=0.125ns {3 <= 0.360ns, 0 <= 0.480ns, 0 <= 0.540ns, 0 <= 0.570ns, 0 <= 0.600ns}
    Clock DAG library cell distribution after 'Reducing insertion delay 2' {count}:
       Bufs: CLKBUFX16: 3 
    Primary reporting skew groups after 'Reducing insertion delay 2':
      skew_group clk/sdc1: insertion delay [min=0.188, max=0.192, avg=0.190, sd=0.001], skew [0.004 vs 0.180], 100% {0.188, 0.192} (wid=0.015 ws=0.003) (gid=0.177 gs=0.001)
    Skew group summary after 'Reducing insertion delay 2':
      skew_group clk/sdc1: insertion delay [min=0.188, max=0.192, avg=0.190, sd=0.001], skew [0.004 vs 0.180], 100% {0.188, 0.192} (wid=0.015 ws=0.003) (gid=0.177 gs=0.001)
    Legalizer API calls during this step: 101 succeeded with high effort: 101 succeeded with medium effort: 0 succeeded with low effort: 0 succeeded with basic effort: 0 succeeded with basic unbounded effort: 0
  Reducing insertion delay 2 done. (took cpu=0:00:00.3 real=0:00:00.3)
  Stage::Insertion Delay Reduction done. (took cpu=0:00:00.3 real=0:00:00.3)
  CCOpt::Phase::Construction done. (took cpu=0:00:01.0 real=0:00:01.0)
  Recluster to reduce power step...
  Reclustering to reduce power...
    Clock DAG stats after 'Reclustering to reduce power':
      cell counts      : b=3, i=0, icg=0, nicg=0, l=0, total=3
      cell areas       : b=63.580um^2, i=0.000um^2, icg=0.000um^2, nicg=0.000um^2, l=0.000um^2, total=63.580um^2
      cell capacitance : b=0.032pF, i=0.000pF, icg=0.000pF, nicg=0.000pF, l=0.000pF, total=0.032pF
      sink capacitance : count=251, total=0.435pF, avg=0.002pF, sd=0.000pF, min=0.002pF, max=0.002pF
      wire capacitance : top=0.000pF, trunk=0.014pF, leaf=0.153pF, total=0.168pF
      wire lengths     : top=0.000um, trunk=118.030um, leaf=1288.178um, total=1406.208um
      hp wire lengths  : top=0.000um, trunk=0.000um, leaf=350.030um, total=350.030um
    Clock DAG net violations after 'Reclustering to reduce power': none
    Clock DAG primary half-corner transition distribution after 'Reclustering to reduce power':
      Trunk : target=0.600ns count=1 avg=0.003ns sd=0.000ns min=0.003ns max=0.003ns {1 <= 0.360ns, 0 <= 0.480ns, 0 <= 0.540ns, 0 <= 0.570ns, 0 <= 0.600ns}
      Leaf  : target=0.600ns count=3 avg=0.125ns sd=0.000ns min=0.124ns max=0.125ns {3 <= 0.360ns, 0 <= 0.480ns, 0 <= 0.540ns, 0 <= 0.570ns, 0 <= 0.600ns}
    Clock DAG library cell distribution after 'Reclustering to reduce power' {count}:
       Bufs: CLKBUFX16: 3 
    Primary reporting skew groups after 'Reclustering to reduce power':
      skew_group clk/sdc1: insertion delay [min=0.188, max=0.192, avg=0.190, sd=0.001], skew [0.004 vs 0.180], 100% {0.188, 0.192} (wid=0.015 ws=0.003) (gid=0.177 gs=0.001)
    Skew group summary after 'Reclustering to reduce power':
      skew_group clk/sdc1: insertion delay [min=0.188, max=0.192, avg=0.190, sd=0.001], skew [0.004 vs 0.180], 100% {0.188, 0.192} (wid=0.015 ws=0.003) (gid=0.177 gs=0.001)
    Legalizer API calls during this step: 0 succeeded with high effort: 0 succeeded with medium effort: 0 succeeded with low effort: 0 succeeded with basic effort: 0 succeeded with basic unbounded effort: 0
  Reclustering to reduce power done. (took cpu=0:00:00.0 real=0:00:00.0)
  Fixing reclustered clock tree slew time and max cap violations...
    Fixing clock tree overload: ...20% ...40% ...60% ...80% ...100% 
    Clock DAG stats after 'Fixing reclustered clock tree slew time and max cap violations':
      cell counts      : b=3, i=0, icg=0, nicg=0, l=0, total=3
      cell areas       : b=63.580um^2, i=0.000um^2, icg=0.000um^2, nicg=0.000um^2, l=0.000um^2, total=63.580um^2
      cell capacitance : b=0.032pF, i=0.000pF, icg=0.000pF, nicg=0.000pF, l=0.000pF, total=0.032pF
      sink capacitance : count=251, total=0.435pF, avg=0.002pF, sd=0.000pF, min=0.002pF, max=0.002pF
      wire capacitance : top=0.000pF, trunk=0.014pF, leaf=0.153pF, total=0.168pF
      wire lengths     : top=0.000um, trunk=118.030um, leaf=1288.178um, total=1406.208um
      hp wire lengths  : top=0.000um, trunk=0.000um, leaf=350.030um, total=350.030um
    Clock DAG net violations after 'Fixing reclustered clock tree slew time and max cap violations': none
    Clock DAG primary half-corner transition distribution after 'Fixing reclustered clock tree slew time and max cap violations':
      Trunk : target=0.600ns count=1 avg=0.003ns sd=0.000ns min=0.003ns max=0.003ns {1 <= 0.360ns, 0 <= 0.480ns, 0 <= 0.540ns, 0 <= 0.570ns, 0 <= 0.600ns}
      Leaf  : target=0.600ns count=3 avg=0.125ns sd=0.000ns min=0.124ns max=0.125ns {3 <= 0.360ns, 0 <= 0.480ns, 0 <= 0.540ns, 0 <= 0.570ns, 0 <= 0.600ns}
    Clock DAG library cell distribution after 'Fixing reclustered clock tree slew time and max cap violations' {count}:
       Bufs: CLKBUFX16: 3 
    Primary reporting skew groups after 'Fixing reclustered clock tree slew time and max cap violations':
      skew_group clk/sdc1: insertion delay [min=0.188, max=0.192, avg=0.190, sd=0.001], skew [0.004 vs 0.180], 100% {0.188, 0.192} (wid=0.015 ws=0.003) (gid=0.177 gs=0.001)
    Skew group summary after 'Fixing reclustered clock tree slew time and max cap violations':
      skew_group clk/sdc1: insertion delay [min=0.188, max=0.192, avg=0.190, sd=0.001], skew [0.004 vs 0.180], 100% {0.188, 0.192} (wid=0.015 ws=0.003) (gid=0.177 gs=0.001)
    Legalizer API calls during this step: 0 succeeded with high effort: 0 succeeded with medium effort: 0 succeeded with low effort: 0 succeeded with basic effort: 0 succeeded with basic unbounded effort: 0
  Fixing reclustered clock tree slew time and max cap violations done. (took cpu=0:00:00.0 real=0:00:00.0)
  Reducing reclustered insertion delays...
    Clock DAG stats after 'Reducing reclustered insertion delays':
      cell counts      : b=3, i=0, icg=0, nicg=0, l=0, total=3
      cell areas       : b=63.580um^2, i=0.000um^2, icg=0.000um^2, nicg=0.000um^2, l=0.000um^2, total=63.580um^2
      cell capacitance : b=0.032pF, i=0.000pF, icg=0.000pF, nicg=0.000pF, l=0.000pF, total=0.032pF
      sink capacitance : count=251, total=0.435pF, avg=0.002pF, sd=0.000pF, min=0.002pF, max=0.002pF
      wire capacitance : top=0.000pF, trunk=0.014pF, leaf=0.153pF, total=0.168pF
      wire lengths     : top=0.000um, trunk=118.030um, leaf=1288.178um, total=1406.208um
      hp wire lengths  : top=0.000um, trunk=0.000um, leaf=350.030um, total=350.030um
    Clock DAG net violations after 'Reducing reclustered insertion delays': none
    Clock DAG primary half-corner transition distribution after 'Reducing reclustered insertion delays':
      Trunk : target=0.600ns count=1 avg=0.003ns sd=0.000ns min=0.003ns max=0.003ns {1 <= 0.360ns, 0 <= 0.480ns, 0 <= 0.540ns, 0 <= 0.570ns, 0 <= 0.600ns}
      Leaf  : target=0.600ns count=3 avg=0.125ns sd=0.000ns min=0.124ns max=0.125ns {3 <= 0.360ns, 0 <= 0.480ns, 0 <= 0.540ns, 0 <= 0.570ns, 0 <= 0.600ns}
    Clock DAG library cell distribution after 'Reducing reclustered insertion delays' {count}:
       Bufs: CLKBUFX16: 3 
    Primary reporting skew groups after 'Reducing reclustered insertion delays':
      skew_group clk/sdc1: insertion delay [min=0.188, max=0.192, avg=0.190, sd=0.001], skew [0.004 vs 0.180], 100% {0.188, 0.192} (wid=0.015 ws=0.003) (gid=0.177 gs=0.001)
    Skew group summary after 'Reducing reclustered insertion delays':
      skew_group clk/sdc1: insertion delay [min=0.188, max=0.192, avg=0.190, sd=0.001], skew [0.004 vs 0.180], 100% {0.188, 0.192} (wid=0.015 ws=0.003) (gid=0.177 gs=0.001)
    Legalizer API calls during this step: 2 succeeded with high effort: 2 succeeded with medium effort: 0 succeeded with low effort: 0 succeeded with basic effort: 0 succeeded with basic unbounded effort: 0
  Reducing reclustered insertion delays done. (took cpu=0:00:00.0 real=0:00:00.0)
  Recluster to reduce power step done. (took cpu=0:00:00.0 real=0:00:00.0)
  CCOpt::Phase::Implementation...
  Stage::Reducing Power...
  Improving clock tree routing...
    Iteration 1...
    Iteration 1 done.
    Clock DAG stats after 'Improving clock tree routing':
      cell counts      : b=3, i=0, icg=0, nicg=0, l=0, total=3
      cell areas       : b=63.580um^2, i=0.000um^2, icg=0.000um^2, nicg=0.000um^2, l=0.000um^2, total=63.580um^2
      cell capacitance : b=0.032pF, i=0.000pF, icg=0.000pF, nicg=0.000pF, l=0.000pF, total=0.032pF
      sink capacitance : count=251, total=0.435pF, avg=0.002pF, sd=0.000pF, min=0.002pF, max=0.002pF
      wire capacitance : top=0.000pF, trunk=0.014pF, leaf=0.153pF, total=0.168pF
      wire lengths     : top=0.000um, trunk=118.030um, leaf=1288.178um, total=1406.208um
      hp wire lengths  : top=0.000um, trunk=0.000um, leaf=350.030um, total=350.030um
    Clock DAG net violations after 'Improving clock tree routing': none
    Clock DAG primary half-corner transition distribution after 'Improving clock tree routing':
      Trunk : target=0.600ns count=1 avg=0.003ns sd=0.000ns min=0.003ns max=0.003ns {1 <= 0.360ns, 0 <= 0.480ns, 0 <= 0.540ns, 0 <= 0.570ns, 0 <= 0.600ns}
      Leaf  : target=0.600ns count=3 avg=0.125ns sd=0.000ns min=0.124ns max=0.125ns {3 <= 0.360ns, 0 <= 0.480ns, 0 <= 0.540ns, 0 <= 0.570ns, 0 <= 0.600ns}
    Clock DAG library cell distribution after 'Improving clock tree routing' {count}:
       Bufs: CLKBUFX16: 3 
    Primary reporting skew groups after 'Improving clock tree routing':
      skew_group clk/sdc1: insertion delay [min=0.188, max=0.192], skew [0.004 vs 0.180]
    Skew group summary after 'Improving clock tree routing':
      skew_group clk/sdc1: insertion delay [min=0.188, max=0.192], skew [0.004 vs 0.180]
    Legalizer API calls during this step: 0 succeeded with high effort: 0 succeeded with medium effort: 0 succeeded with low effort: 0 succeeded with basic effort: 0 succeeded with basic unbounded effort: 0
  Improving clock tree routing done. (took cpu=0:00:00.0 real=0:00:00.0)
  Reducing clock tree power 1...
    Resizing gates: ...20% ...40% ...60% ...80% ...Legalizing clock trees...
    Legalizing clock trees done. (took cpu=0:00:00.0 real=0:00:00.0)
    100% 
    Clock DAG stats after 'Reducing clock tree power 1':
      cell counts      : b=3, i=0, icg=0, nicg=0, l=0, total=3
      cell areas       : b=63.580um^2, i=0.000um^2, icg=0.000um^2, nicg=0.000um^2, l=0.000um^2, total=63.580um^2
      cell capacitance : b=0.032pF, i=0.000pF, icg=0.000pF, nicg=0.000pF, l=0.000pF, total=0.032pF
      sink capacitance : count=251, total=0.435pF, avg=0.002pF, sd=0.000pF, min=0.002pF, max=0.002pF
      wire capacitance : top=0.000pF, trunk=0.014pF, leaf=0.153pF, total=0.168pF
      wire lengths     : top=0.000um, trunk=118.030um, leaf=1288.178um, total=1406.208um
      hp wire lengths  : top=0.000um, trunk=0.000um, leaf=350.030um, total=350.030um
    Clock DAG net violations after 'Reducing clock tree power 1': none
    Clock DAG primary half-corner transition distribution after 'Reducing clock tree power 1':
      Trunk : target=0.600ns count=1 avg=0.003ns sd=0.000ns min=0.003ns max=0.003ns {1 <= 0.360ns, 0 <= 0.480ns, 0 <= 0.540ns, 0 <= 0.570ns, 0 <= 0.600ns}
      Leaf  : target=0.600ns count=3 avg=0.125ns sd=0.000ns min=0.124ns max=0.125ns {3 <= 0.360ns, 0 <= 0.480ns, 0 <= 0.540ns, 0 <= 0.570ns, 0 <= 0.600ns}
    Clock DAG library cell distribution after 'Reducing clock tree power 1' {count}:
       Bufs: CLKBUFX16: 3 
    Primary reporting skew groups after 'Reducing clock tree power 1':
      skew_group clk/sdc1: insertion delay [min=0.188, max=0.192], skew [0.004 vs 0.180]
    Skew group summary after 'Reducing clock tree power 1':
      skew_group clk/sdc1: insertion delay [min=0.188, max=0.192], skew [0.004 vs 0.180]
    Legalizer API calls during this step: 9 succeeded with high effort: 9 succeeded with medium effort: 0 succeeded with low effort: 0 succeeded with basic effort: 0 succeeded with basic unbounded effort: 0
  Reducing clock tree power 1 done. (took cpu=0:00:00.0 real=0:00:00.0)
  Reducing clock tree power 2...
    Clock DAG stats after 'Reducing clock tree power 2':
      cell counts      : b=3, i=0, icg=0, nicg=0, l=0, total=3
      cell areas       : b=63.580um^2, i=0.000um^2, icg=0.000um^2, nicg=0.000um^2, l=0.000um^2, total=63.580um^2
      cell capacitance : b=0.032pF, i=0.000pF, icg=0.000pF, nicg=0.000pF, l=0.000pF, total=0.032pF
      sink capacitance : count=251, total=0.435pF, avg=0.002pF, sd=0.000pF, min=0.002pF, max=0.002pF
      wire capacitance : top=0.000pF, trunk=0.014pF, leaf=0.153pF, total=0.168pF
      wire lengths     : top=0.000um, trunk=118.030um, leaf=1288.178um, total=1406.208um
      hp wire lengths  : top=0.000um, trunk=0.000um, leaf=350.030um, total=350.030um
    Clock DAG net violations after 'Reducing clock tree power 2': none
    Clock DAG primary half-corner transition distribution after 'Reducing clock tree power 2':
      Trunk : target=0.600ns count=1 avg=0.003ns sd=0.000ns min=0.003ns max=0.003ns {1 <= 0.360ns, 0 <= 0.480ns, 0 <= 0.540ns, 0 <= 0.570ns, 0 <= 0.600ns}
      Leaf  : target=0.600ns count=3 avg=0.125ns sd=0.000ns min=0.124ns max=0.125ns {3 <= 0.360ns, 0 <= 0.480ns, 0 <= 0.540ns, 0 <= 0.570ns, 0 <= 0.600ns}
    Clock DAG library cell distribution after 'Reducing clock tree power 2' {count}:
       Bufs: CLKBUFX16: 3 
    Primary reporting skew groups after 'Reducing clock tree power 2':
      skew_group clk/sdc1: insertion delay [min=0.188, max=0.192, avg=0.190, sd=0.001], skew [0.004 vs 0.180], 100% {0.188, 0.192} (wid=0.015 ws=0.003) (gid=0.177 gs=0.001)
    Skew group summary after 'Reducing clock tree power 2':
      skew_group clk/sdc1: insertion delay [min=0.188, max=0.192, avg=0.190, sd=0.001], skew [0.004 vs 0.180], 100% {0.188, 0.192} (wid=0.015 ws=0.003) (gid=0.177 gs=0.001)
    Legalizer API calls during this step: 0 succeeded with high effort: 0 succeeded with medium effort: 0 succeeded with low effort: 0 succeeded with basic effort: 0 succeeded with basic unbounded effort: 0
  Reducing clock tree power 2 done. (took cpu=0:00:00.0 real=0:00:00.0)
  Stage::Reducing Power done. (took cpu=0:00:00.1 real=0:00:00.1)
  Stage::Balancing...
  Approximately balancing fragments step...
    Resolve constraints - Approximately balancing fragments...
    Resolving skew group constraints...
      Solving LP: 1 skew groups; 2 fragments, 2 fraglets and 3 vertices; 25 variables and 66 constraints; tolerance 1
    Resolving skew group constraints done.
    Resolve constraints - Approximately balancing fragments done. (took cpu=0:00:00.0 real=0:00:00.0)
    Estimate delay to be added in balancing - Approximately balancing fragments...
    Trial balancer estimated the amount of delay to be added in balancing: 0.000ns
    Estimate delay to be added in balancing - Approximately balancing fragments done. (took cpu=0:00:00.0 real=0:00:00.0)
    Approximately balancing fragments...
      Moving gates to improve sub-tree skew...
        Tried: 5 Succeeded: 0
        Topology Tried: 0 Succeeded: 0
        0 Succeeded with SS ratio
        0 Succeeded with Lollipop: 0 with tier one, 0 with tier two. 
        Total reducing skew: 0 Average reducing skew for 0 nets : 0
        Clock DAG stats after 'Moving gates to improve sub-tree skew':
          cell counts      : b=3, i=0, icg=0, nicg=0, l=0, total=3
          cell areas       : b=63.580um^2, i=0.000um^2, icg=0.000um^2, nicg=0.000um^2, l=0.000um^2, total=63.580um^2
          cell capacitance : b=0.032pF, i=0.000pF, icg=0.000pF, nicg=0.000pF, l=0.000pF, total=0.032pF
          sink capacitance : count=251, total=0.435pF, avg=0.002pF, sd=0.000pF, min=0.002pF, max=0.002pF
          wire capacitance : top=0.000pF, trunk=0.014pF, leaf=0.153pF, total=0.168pF
          wire lengths     : top=0.000um, trunk=118.030um, leaf=1288.178um, total=1406.208um
          hp wire lengths  : top=0.000um, trunk=0.000um, leaf=350.030um, total=350.030um
        Clock DAG net violations after 'Moving gates to improve sub-tree skew': none
        Clock DAG primary half-corner transition distribution after 'Moving gates to improve sub-tree skew':
          Trunk : target=0.600ns count=1 avg=0.003ns sd=0.000ns min=0.003ns max=0.003ns {1 <= 0.360ns, 0 <= 0.480ns, 0 <= 0.540ns, 0 <= 0.570ns, 0 <= 0.600ns}
          Leaf  : target=0.600ns count=3 avg=0.125ns sd=0.000ns min=0.124ns max=0.125ns {3 <= 0.360ns, 0 <= 0.480ns, 0 <= 0.540ns, 0 <= 0.570ns, 0 <= 0.600ns}
        Clock DAG library cell distribution after 'Moving gates to improve sub-tree skew' {count}:
           Bufs: CLKBUFX16: 3 
        Legalizer API calls during this step: 0 succeeded with high effort: 0 succeeded with medium effort: 0 succeeded with low effort: 0 succeeded with basic effort: 0 succeeded with basic unbounded effort: 0
      Moving gates to improve sub-tree skew done. (took cpu=0:00:00.0 real=0:00:00.0)
      Approximately balancing fragments bottom up...
        bottom up balancing: ...20% ...40% ...60% ...80% ...100% 
        Clock DAG stats after 'Approximately balancing fragments bottom up':
          cell counts      : b=3, i=0, icg=0, nicg=0, l=0, total=3
          cell areas       : b=63.580um^2, i=0.000um^2, icg=0.000um^2, nicg=0.000um^2, l=0.000um^2, total=63.580um^2
          cell capacitance : b=0.032pF, i=0.000pF, icg=0.000pF, nicg=0.000pF, l=0.000pF, total=0.032pF
          sink capacitance : count=251, total=0.435pF, avg=0.002pF, sd=0.000pF, min=0.002pF, max=0.002pF
          wire capacitance : top=0.000pF, trunk=0.014pF, leaf=0.153pF, total=0.168pF
          wire lengths     : top=0.000um, trunk=118.030um, leaf=1288.178um, total=1406.208um
          hp wire lengths  : top=0.000um, trunk=0.000um, leaf=350.030um, total=350.030um
        Clock DAG net violations after 'Approximately balancing fragments bottom up': none
        Clock DAG primary half-corner transition distribution after 'Approximately balancing fragments bottom up':
          Trunk : target=0.600ns count=1 avg=0.003ns sd=0.000ns min=0.003ns max=0.003ns {1 <= 0.360ns, 0 <= 0.480ns, 0 <= 0.540ns, 0 <= 0.570ns, 0 <= 0.600ns}
          Leaf  : target=0.600ns count=3 avg=0.125ns sd=0.000ns min=0.124ns max=0.125ns {3 <= 0.360ns, 0 <= 0.480ns, 0 <= 0.540ns, 0 <= 0.570ns, 0 <= 0.600ns}
        Clock DAG library cell distribution after 'Approximately balancing fragments bottom up' {count}:
           Bufs: CLKBUFX16: 3 
        Legalizer API calls during this step: 3 succeeded with high effort: 3 succeeded with medium effort: 0 succeeded with low effort: 0 succeeded with basic effort: 0 succeeded with basic unbounded effort: 0
      Approximately balancing fragments bottom up done. (took cpu=0:00:00.0 real=0:00:00.0)
      Approximately balancing fragments, wire and cell delays...
      Approximately balancing fragments, wire and cell delays, iteration 1...
        Clock DAG stats after Approximately balancing fragments, wire and cell delays, iteration 1:
          cell counts      : b=3, i=0, icg=0, nicg=0, l=0, total=3
          cell areas       : b=63.580um^2, i=0.000um^2, icg=0.000um^2, nicg=0.000um^2, l=0.000um^2, total=63.580um^2
          cell capacitance : b=0.032pF, i=0.000pF, icg=0.000pF, nicg=0.000pF, l=0.000pF, total=0.032pF
          sink capacitance : count=251, total=0.435pF, avg=0.002pF, sd=0.000pF, min=0.002pF, max=0.002pF
          wire capacitance : top=0.000pF, trunk=0.014pF, leaf=0.153pF, total=0.168pF
          wire lengths     : top=0.000um, trunk=118.030um, leaf=1288.178um, total=1406.208um
          hp wire lengths  : top=0.000um, trunk=0.000um, leaf=350.030um, total=350.030um
        Clock DAG net violations after Approximately balancing fragments, wire and cell delays, iteration 1: none
        Clock DAG primary half-corner transition distribution after Approximately balancing fragments, wire and cell delays, iteration 1:
          Trunk : target=0.600ns count=1 avg=0.003ns sd=0.000ns min=0.003ns max=0.003ns {1 <= 0.360ns, 0 <= 0.480ns, 0 <= 0.540ns, 0 <= 0.570ns, 0 <= 0.600ns}
          Leaf  : target=0.600ns count=3 avg=0.125ns sd=0.000ns min=0.124ns max=0.125ns {3 <= 0.360ns, 0 <= 0.480ns, 0 <= 0.540ns, 0 <= 0.570ns, 0 <= 0.600ns}
        Clock DAG library cell distribution after Approximately balancing fragments, wire and cell delays, iteration 1 {count}:
           Bufs: CLKBUFX16: 3 
      Approximately balancing fragments, wire and cell delays, iteration 1 done.
      Approximately balancing fragments, wire and cell delays done. (took cpu=0:00:00.0 real=0:00:00.0)
    Approximately balancing fragments done.
    Clock DAG stats after 'Approximately balancing fragments step':
      cell counts      : b=3, i=0, icg=0, nicg=0, l=0, total=3
      cell areas       : b=63.580um^2, i=0.000um^2, icg=0.000um^2, nicg=0.000um^2, l=0.000um^2, total=63.580um^2
      cell capacitance : b=0.032pF, i=0.000pF, icg=0.000pF, nicg=0.000pF, l=0.000pF, total=0.032pF
      sink capacitance : count=251, total=0.435pF, avg=0.002pF, sd=0.000pF, min=0.002pF, max=0.002pF
      wire capacitance : top=0.000pF, trunk=0.014pF, leaf=0.153pF, total=0.168pF
      wire lengths     : top=0.000um, trunk=118.030um, leaf=1288.178um, total=1406.208um
      hp wire lengths  : top=0.000um, trunk=0.000um, leaf=350.030um, total=350.030um
    Clock DAG net violations after 'Approximately balancing fragments step': none
    Clock DAG primary half-corner transition distribution after 'Approximately balancing fragments step':
      Trunk : target=0.600ns count=1 avg=0.003ns sd=0.000ns min=0.003ns max=0.003ns {1 <= 0.360ns, 0 <= 0.480ns, 0 <= 0.540ns, 0 <= 0.570ns, 0 <= 0.600ns}
      Leaf  : target=0.600ns count=3 avg=0.125ns sd=0.000ns min=0.124ns max=0.125ns {3 <= 0.360ns, 0 <= 0.480ns, 0 <= 0.540ns, 0 <= 0.570ns, 0 <= 0.600ns}
    Clock DAG library cell distribution after 'Approximately balancing fragments step' {count}:
       Bufs: CLKBUFX16: 3 
    Legalizer API calls during this step: 3 succeeded with high effort: 3 succeeded with medium effort: 0 succeeded with low effort: 0 succeeded with basic effort: 0 succeeded with basic unbounded effort: 0
  Approximately balancing fragments step done. (took cpu=0:00:00.1 real=0:00:00.1)
  Clock DAG stats after Approximately balancing fragments:
    cell counts      : b=3, i=0, icg=0, nicg=0, l=0, total=3
    cell areas       : b=63.580um^2, i=0.000um^2, icg=0.000um^2, nicg=0.000um^2, l=0.000um^2, total=63.580um^2
    cell capacitance : b=0.032pF, i=0.000pF, icg=0.000pF, nicg=0.000pF, l=0.000pF, total=0.032pF
    sink capacitance : count=251, total=0.435pF, avg=0.002pF, sd=0.000pF, min=0.002pF, max=0.002pF
    wire capacitance : top=0.000pF, trunk=0.014pF, leaf=0.153pF, total=0.168pF
    wire lengths     : top=0.000um, trunk=118.030um, leaf=1288.178um, total=1406.208um
    hp wire lengths  : top=0.000um, trunk=0.000um, leaf=350.030um, total=350.030um
  Clock DAG net violations after Approximately balancing fragments: none
  Clock DAG primary half-corner transition distribution after Approximately balancing fragments:
    Trunk : target=0.600ns count=1 avg=0.003ns sd=0.000ns min=0.003ns max=0.003ns {1 <= 0.360ns, 0 <= 0.480ns, 0 <= 0.540ns, 0 <= 0.570ns, 0 <= 0.600ns}
    Leaf  : target=0.600ns count=3 avg=0.125ns sd=0.000ns min=0.124ns max=0.125ns {3 <= 0.360ns, 0 <= 0.480ns, 0 <= 0.540ns, 0 <= 0.570ns, 0 <= 0.600ns}
  Clock DAG library cell distribution after Approximately balancing fragments {count}:
     Bufs: CLKBUFX16: 3 
  Primary reporting skew groups after Approximately balancing fragments:
    skew_group clk/sdc1: insertion delay [min=0.188, max=0.192], skew [0.004 vs 0.180]
  Skew group summary after Approximately balancing fragments:
    skew_group clk/sdc1: insertion delay [min=0.188, max=0.192], skew [0.004 vs 0.180]
  Improving fragments clock skew...
    Clock DAG stats after 'Improving fragments clock skew':
      cell counts      : b=3, i=0, icg=0, nicg=0, l=0, total=3
      cell areas       : b=63.580um^2, i=0.000um^2, icg=0.000um^2, nicg=0.000um^2, l=0.000um^2, total=63.580um^2
      cell capacitance : b=0.032pF, i=0.000pF, icg=0.000pF, nicg=0.000pF, l=0.000pF, total=0.032pF
      sink capacitance : count=251, total=0.435pF, avg=0.002pF, sd=0.000pF, min=0.002pF, max=0.002pF
      wire capacitance : top=0.000pF, trunk=0.014pF, leaf=0.153pF, total=0.168pF
      wire lengths     : top=0.000um, trunk=118.030um, leaf=1288.178um, total=1406.208um
      hp wire lengths  : top=0.000um, trunk=0.000um, leaf=350.030um, total=350.030um
    Clock DAG net violations after 'Improving fragments clock skew': none
    Clock DAG primary half-corner transition distribution after 'Improving fragments clock skew':
      Trunk : target=0.600ns count=1 avg=0.003ns sd=0.000ns min=0.003ns max=0.003ns {1 <= 0.360ns, 0 <= 0.480ns, 0 <= 0.540ns, 0 <= 0.570ns, 0 <= 0.600ns}
      Leaf  : target=0.600ns count=3 avg=0.125ns sd=0.000ns min=0.124ns max=0.125ns {3 <= 0.360ns, 0 <= 0.480ns, 0 <= 0.540ns, 0 <= 0.570ns, 0 <= 0.600ns}
    Clock DAG library cell distribution after 'Improving fragments clock skew' {count}:
       Bufs: CLKBUFX16: 3 
    Primary reporting skew groups after 'Improving fragments clock skew':
      skew_group clk/sdc1: insertion delay [min=0.188, max=0.192], skew [0.004 vs 0.180]
    Skew group summary after 'Improving fragments clock skew':
      skew_group clk/sdc1: insertion delay [min=0.188, max=0.192], skew [0.004 vs 0.180]
    Legalizer API calls during this step: 0 succeeded with high effort: 0 succeeded with medium effort: 0 succeeded with low effort: 0 succeeded with basic effort: 0 succeeded with basic unbounded effort: 0
  Improving fragments clock skew done. (took cpu=0:00:00.0 real=0:00:00.0)
  Approximately balancing step...
    Resolve constraints - Approximately balancing...
    Resolving skew group constraints...
      Solving LP: 1 skew groups; 2 fragments, 2 fraglets and 3 vertices; 25 variables and 66 constraints; tolerance 1
    Resolving skew group constraints done.
    Resolve constraints - Approximately balancing done. (took cpu=0:00:00.0 real=0:00:00.0)
    Approximately balancing...
      Approximately balancing, wire and cell delays...
      Approximately balancing, wire and cell delays, iteration 1...
        Clock DAG stats after Approximately balancing, wire and cell delays, iteration 1:
          cell counts      : b=3, i=0, icg=0, nicg=0, l=0, total=3
          cell areas       : b=63.580um^2, i=0.000um^2, icg=0.000um^2, nicg=0.000um^2, l=0.000um^2, total=63.580um^2
          cell capacitance : b=0.032pF, i=0.000pF, icg=0.000pF, nicg=0.000pF, l=0.000pF, total=0.032pF
          sink capacitance : count=251, total=0.435pF, avg=0.002pF, sd=0.000pF, min=0.002pF, max=0.002pF
          wire capacitance : top=0.000pF, trunk=0.014pF, leaf=0.153pF, total=0.168pF
          wire lengths     : top=0.000um, trunk=118.030um, leaf=1288.178um, total=1406.208um
          hp wire lengths  : top=0.000um, trunk=0.000um, leaf=350.030um, total=350.030um
        Clock DAG net violations after Approximately balancing, wire and cell delays, iteration 1: none
        Clock DAG primary half-corner transition distribution after Approximately balancing, wire and cell delays, iteration 1:
          Trunk : target=0.600ns count=1 avg=0.003ns sd=0.000ns min=0.003ns max=0.003ns {1 <= 0.360ns, 0 <= 0.480ns, 0 <= 0.540ns, 0 <= 0.570ns, 0 <= 0.600ns}
          Leaf  : target=0.600ns count=3 avg=0.125ns sd=0.000ns min=0.124ns max=0.125ns {3 <= 0.360ns, 0 <= 0.480ns, 0 <= 0.540ns, 0 <= 0.570ns, 0 <= 0.600ns}
        Clock DAG library cell distribution after Approximately balancing, wire and cell delays, iteration 1 {count}:
           Bufs: CLKBUFX16: 3 
      Approximately balancing, wire and cell delays, iteration 1 done.
      Approximately balancing, wire and cell delays done. (took cpu=0:00:00.0 real=0:00:00.0)
    Approximately balancing done.
    Clock DAG stats after 'Approximately balancing step':
      cell counts      : b=3, i=0, icg=0, nicg=0, l=0, total=3
      cell areas       : b=63.580um^2, i=0.000um^2, icg=0.000um^2, nicg=0.000um^2, l=0.000um^2, total=63.580um^2
      cell capacitance : b=0.032pF, i=0.000pF, icg=0.000pF, nicg=0.000pF, l=0.000pF, total=0.032pF
      sink capacitance : count=251, total=0.435pF, avg=0.002pF, sd=0.000pF, min=0.002pF, max=0.002pF
      wire capacitance : top=0.000pF, trunk=0.014pF, leaf=0.153pF, total=0.168pF
      wire lengths     : top=0.000um, trunk=118.030um, leaf=1288.178um, total=1406.208um
      hp wire lengths  : top=0.000um, trunk=0.000um, leaf=350.030um, total=350.030um
    Clock DAG net violations after 'Approximately balancing step': none
    Clock DAG primary half-corner transition distribution after 'Approximately balancing step':
      Trunk : target=0.600ns count=1 avg=0.003ns sd=0.000ns min=0.003ns max=0.003ns {1 <= 0.360ns, 0 <= 0.480ns, 0 <= 0.540ns, 0 <= 0.570ns, 0 <= 0.600ns}
      Leaf  : target=0.600ns count=3 avg=0.125ns sd=0.000ns min=0.124ns max=0.125ns {3 <= 0.360ns, 0 <= 0.480ns, 0 <= 0.540ns, 0 <= 0.570ns, 0 <= 0.600ns}
    Clock DAG library cell distribution after 'Approximately balancing step' {count}:
       Bufs: CLKBUFX16: 3 
    Primary reporting skew groups after 'Approximately balancing step':
      skew_group clk/sdc1: insertion delay [min=0.188, max=0.192], skew [0.004 vs 0.180]
    Skew group summary after 'Approximately balancing step':
      skew_group clk/sdc1: insertion delay [min=0.188, max=0.192], skew [0.004 vs 0.180]
    Legalizer API calls during this step: 0 succeeded with high effort: 0 succeeded with medium effort: 0 succeeded with low effort: 0 succeeded with basic effort: 0 succeeded with basic unbounded effort: 0
  Approximately balancing step done. (took cpu=0:00:00.0 real=0:00:00.0)
  Fixing clock tree overload...
    Fixing clock tree overload: ...20% ...40% ...60% ...80% ...100% 
    Clock DAG stats after 'Fixing clock tree overload':
      cell counts      : b=3, i=0, icg=0, nicg=0, l=0, total=3
      cell areas       : b=63.580um^2, i=0.000um^2, icg=0.000um^2, nicg=0.000um^2, l=0.000um^2, total=63.580um^2
      cell capacitance : b=0.032pF, i=0.000pF, icg=0.000pF, nicg=0.000pF, l=0.000pF, total=0.032pF
      sink capacitance : count=251, total=0.435pF, avg=0.002pF, sd=0.000pF, min=0.002pF, max=0.002pF
      wire capacitance : top=0.000pF, trunk=0.014pF, leaf=0.153pF, total=0.168pF
      wire lengths     : top=0.000um, trunk=118.030um, leaf=1288.178um, total=1406.208um
      hp wire lengths  : top=0.000um, trunk=0.000um, leaf=350.030um, total=350.030um
    Clock DAG net violations after 'Fixing clock tree overload': none
    Clock DAG primary half-corner transition distribution after 'Fixing clock tree overload':
      Trunk : target=0.600ns count=1 avg=0.003ns sd=0.000ns min=0.003ns max=0.003ns {1 <= 0.360ns, 0 <= 0.480ns, 0 <= 0.540ns, 0 <= 0.570ns, 0 <= 0.600ns}
      Leaf  : target=0.600ns count=3 avg=0.125ns sd=0.000ns min=0.124ns max=0.125ns {3 <= 0.360ns, 0 <= 0.480ns, 0 <= 0.540ns, 0 <= 0.570ns, 0 <= 0.600ns}
    Clock DAG library cell distribution after 'Fixing clock tree overload' {count}:
       Bufs: CLKBUFX16: 3 
    Primary reporting skew groups after 'Fixing clock tree overload':
      skew_group clk/sdc1: insertion delay [min=0.188, max=0.192], skew [0.004 vs 0.180]
    Skew group summary after 'Fixing clock tree overload':
      skew_group clk/sdc1: insertion delay [min=0.188, max=0.192], skew [0.004 vs 0.180]
    Legalizer API calls during this step: 0 succeeded with high effort: 0 succeeded with medium effort: 0 succeeded with low effort: 0 succeeded with basic effort: 0 succeeded with basic unbounded effort: 0
  Fixing clock tree overload done. (took cpu=0:00:00.0 real=0:00:00.0)
  Approximately balancing paths...
    Added 0 buffers.
    Clock DAG stats after 'Approximately balancing paths':
      cell counts      : b=3, i=0, icg=0, nicg=0, l=0, total=3
      cell areas       : b=63.580um^2, i=0.000um^2, icg=0.000um^2, nicg=0.000um^2, l=0.000um^2, total=63.580um^2
      cell capacitance : b=0.032pF, i=0.000pF, icg=0.000pF, nicg=0.000pF, l=0.000pF, total=0.032pF
      sink capacitance : count=251, total=0.435pF, avg=0.002pF, sd=0.000pF, min=0.002pF, max=0.002pF
      wire capacitance : top=0.000pF, trunk=0.014pF, leaf=0.153pF, total=0.168pF
      wire lengths     : top=0.000um, trunk=118.030um, leaf=1288.178um, total=1406.208um
      hp wire lengths  : top=0.000um, trunk=0.000um, leaf=350.030um, total=350.030um
    Clock DAG net violations after 'Approximately balancing paths': none
    Clock DAG primary half-corner transition distribution after 'Approximately balancing paths':
      Trunk : target=0.600ns count=1 avg=0.003ns sd=0.000ns min=0.003ns max=0.003ns {1 <= 0.360ns, 0 <= 0.480ns, 0 <= 0.540ns, 0 <= 0.570ns, 0 <= 0.600ns}
      Leaf  : target=0.600ns count=3 avg=0.125ns sd=0.000ns min=0.124ns max=0.125ns {3 <= 0.360ns, 0 <= 0.480ns, 0 <= 0.540ns, 0 <= 0.570ns, 0 <= 0.600ns}
    Clock DAG library cell distribution after 'Approximately balancing paths' {count}:
       Bufs: CLKBUFX16: 3 
    Primary reporting skew groups after 'Approximately balancing paths':
      skew_group clk/sdc1: insertion delay [min=0.188, max=0.192, avg=0.190, sd=0.001], skew [0.004 vs 0.180], 100% {0.188, 0.192} (wid=0.015 ws=0.003) (gid=0.177 gs=0.001)
    Skew group summary after 'Approximately balancing paths':
      skew_group clk/sdc1: insertion delay [min=0.188, max=0.192, avg=0.190, sd=0.001], skew [0.004 vs 0.180], 100% {0.188, 0.192} (wid=0.015 ws=0.003) (gid=0.177 gs=0.001)
    Legalizer API calls during this step: 0 succeeded with high effort: 0 succeeded with medium effort: 0 succeeded with low effort: 0 succeeded with basic effort: 0 succeeded with basic unbounded effort: 0
  Approximately balancing paths done. (took cpu=0:00:00.0 real=0:00:00.0)
  Stage::Balancing done. (took cpu=0:00:00.1 real=0:00:00.1)
  Stage::Polishing...
  Merging balancing drivers for power...
    Tried: 5 Succeeded: 0
    Clock tree timing engine global stage delay update for delay1:both.late...
    Clock tree timing engine global stage delay update for delay1:both.late done. (took cpu=0:00:00.0 real=0:00:00.0)
    Clock DAG stats after 'Merging balancing drivers for power':
      cell counts      : b=3, i=0, icg=0, nicg=0, l=0, total=3
      cell areas       : b=63.580um^2, i=0.000um^2, icg=0.000um^2, nicg=0.000um^2, l=0.000um^2, total=63.580um^2
      cell capacitance : b=0.032pF, i=0.000pF, icg=0.000pF, nicg=0.000pF, l=0.000pF, total=0.032pF
      sink capacitance : count=251, total=0.435pF, avg=0.002pF, sd=0.000pF, min=0.002pF, max=0.002pF
      wire capacitance : top=0.000pF, trunk=0.014pF, leaf=0.153pF, total=0.168pF
      wire lengths     : top=0.000um, trunk=118.030um, leaf=1288.178um, total=1406.208um
      hp wire lengths  : top=0.000um, trunk=0.000um, leaf=350.030um, total=350.030um
    Clock DAG net violations after 'Merging balancing drivers for power': none
    Clock DAG primary half-corner transition distribution after 'Merging balancing drivers for power':
      Trunk : target=0.600ns count=1 avg=0.003ns sd=0.000ns min=0.003ns max=0.003ns {1 <= 0.360ns, 0 <= 0.480ns, 0 <= 0.540ns, 0 <= 0.570ns, 0 <= 0.600ns}
      Leaf  : target=0.600ns count=3 avg=0.125ns sd=0.000ns min=0.124ns max=0.125ns {3 <= 0.360ns, 0 <= 0.480ns, 0 <= 0.540ns, 0 <= 0.570ns, 0 <= 0.600ns}
    Clock DAG library cell distribution after 'Merging balancing drivers for power' {count}:
       Bufs: CLKBUFX16: 3 
    Primary reporting skew groups after 'Merging balancing drivers for power':
      skew_group clk/sdc1: insertion delay [min=0.188, max=0.192], skew [0.004 vs 0.180]
    Skew group summary after 'Merging balancing drivers for power':
      skew_group clk/sdc1: insertion delay [min=0.188, max=0.192], skew [0.004 vs 0.180]
    Legalizer API calls during this step: 0 succeeded with high effort: 0 succeeded with medium effort: 0 succeeded with low effort: 0 succeeded with basic effort: 0 succeeded with basic unbounded effort: 0
  Merging balancing drivers for power done. (took cpu=0:00:00.0 real=0:00:00.0)
  Improving clock skew...
    Clock DAG stats after 'Improving clock skew':
      cell counts      : b=3, i=0, icg=0, nicg=0, l=0, total=3
      cell areas       : b=63.580um^2, i=0.000um^2, icg=0.000um^2, nicg=0.000um^2, l=0.000um^2, total=63.580um^2
      cell capacitance : b=0.032pF, i=0.000pF, icg=0.000pF, nicg=0.000pF, l=0.000pF, total=0.032pF
      sink capacitance : count=251, total=0.435pF, avg=0.002pF, sd=0.000pF, min=0.002pF, max=0.002pF
      wire capacitance : top=0.000pF, trunk=0.014pF, leaf=0.153pF, total=0.168pF
      wire lengths     : top=0.000um, trunk=118.030um, leaf=1288.178um, total=1406.208um
      hp wire lengths  : top=0.000um, trunk=0.000um, leaf=350.030um, total=350.030um
    Clock DAG net violations after 'Improving clock skew': none
    Clock DAG primary half-corner transition distribution after 'Improving clock skew':
      Trunk : target=0.600ns count=1 avg=0.003ns sd=0.000ns min=0.003ns max=0.003ns {1 <= 0.360ns, 0 <= 0.480ns, 0 <= 0.540ns, 0 <= 0.570ns, 0 <= 0.600ns}
      Leaf  : target=0.600ns count=3 avg=0.125ns sd=0.000ns min=0.124ns max=0.125ns {3 <= 0.360ns, 0 <= 0.480ns, 0 <= 0.540ns, 0 <= 0.570ns, 0 <= 0.600ns}
    Clock DAG library cell distribution after 'Improving clock skew' {count}:
       Bufs: CLKBUFX16: 3 
    Primary reporting skew groups after 'Improving clock skew':
      skew_group clk/sdc1: insertion delay [min=0.188, max=0.192, avg=0.190, sd=0.001], skew [0.004 vs 0.180], 100% {0.188, 0.192} (wid=0.015 ws=0.003) (gid=0.177 gs=0.001)
    Skew group summary after 'Improving clock skew':
      skew_group clk/sdc1: insertion delay [min=0.188, max=0.192, avg=0.190, sd=0.001], skew [0.004 vs 0.180], 100% {0.188, 0.192} (wid=0.015 ws=0.003) (gid=0.177 gs=0.001)
    Legalizer API calls during this step: 0 succeeded with high effort: 0 succeeded with medium effort: 0 succeeded with low effort: 0 succeeded with basic effort: 0 succeeded with basic unbounded effort: 0
  Improving clock skew done. (took cpu=0:00:00.0 real=0:00:00.0)
  Moving gates to reduce wire capacitance...
    Modified slew target multipliers. Leaf=(1 to 0.9) Trunk=(1 to 0.95) Top=(1 to 0.95)
    Iteration 1...
      Artificially removing short and long paths...
        Legalizer API calls during this step: 0 succeeded with high effort: 0 succeeded with medium effort: 0 succeeded with low effort: 0 succeeded with basic effort: 0 succeeded with basic unbounded effort: 0
      Artificially removing short and long paths done. (took cpu=0:00:00.0 real=0:00:00.0)
      Moving gates to reduce wire capacitance - iteration 1: WireCapReduction...
        Legalizer API calls during this step: 12 succeeded with high effort: 12 succeeded with medium effort: 0 succeeded with low effort: 0 succeeded with basic effort: 0 succeeded with basic unbounded effort: 0
      Moving gates to reduce wire capacitance - iteration 1: WireCapReduction done. (took cpu=0:00:00.0 real=0:00:00.0)
      Moving gates to reduce wire capacitance - iteration 1: MoveGates...
        Moving gates: ...20% ...40% ...60% ...80% ...100% 
        Legalizer API calls during this step: 36 succeeded with high effort: 36 succeeded with medium effort: 0 succeeded with low effort: 0 succeeded with basic effort: 0 succeeded with basic unbounded effort: 0
      Moving gates to reduce wire capacitance - iteration 1: MoveGates done. (took cpu=0:00:00.0 real=0:00:00.0)
    Iteration 1 done.
    Iteration 2...
      Artificially removing short and long paths...
        Legalizer API calls during this step: 0 succeeded with high effort: 0 succeeded with medium effort: 0 succeeded with low effort: 0 succeeded with basic effort: 0 succeeded with basic unbounded effort: 0
      Artificially removing short and long paths done. (took cpu=0:00:00.0 real=0:00:00.0)
      Moving gates to reduce wire capacitance - iteration 2: WireCapReduction...
        Legalizer API calls during this step: 11 succeeded with high effort: 11 succeeded with medium effort: 0 succeeded with low effort: 0 succeeded with basic effort: 0 succeeded with basic unbounded effort: 0
      Moving gates to reduce wire capacitance - iteration 2: WireCapReduction done. (took cpu=0:00:00.0 real=0:00:00.0)
      Moving gates to reduce wire capacitance - iteration 2: MoveGates...
        Moving gates: ...20% ...40% ...60% ...80% ...100% 
        Legalizer API calls during this step: 36 succeeded with high effort: 36 succeeded with medium effort: 0 succeeded with low effort: 0 succeeded with basic effort: 0 succeeded with basic unbounded effort: 0
      Moving gates to reduce wire capacitance - iteration 2: MoveGates done. (took cpu=0:00:00.0 real=0:00:00.0)
    Iteration 2 done.
    Reverted slew target multipliers. Leaf=(0.9 to 1) Trunk=(0.95 to 1) Top=(0.95 to 1)
    Clock DAG stats after 'Moving gates to reduce wire capacitance':
      cell counts      : b=3, i=0, icg=0, nicg=0, l=0, total=3
      cell areas       : b=63.580um^2, i=0.000um^2, icg=0.000um^2, nicg=0.000um^2, l=0.000um^2, total=63.580um^2
      cell capacitance : b=0.032pF, i=0.000pF, icg=0.000pF, nicg=0.000pF, l=0.000pF, total=0.032pF
      sink capacitance : count=251, total=0.435pF, avg=0.002pF, sd=0.000pF, min=0.002pF, max=0.002pF
      wire capacitance : top=0.000pF, trunk=0.014pF, leaf=0.152pF, total=0.165pF
      wire lengths     : top=0.000um, trunk=115.420um, leaf=1272.954um, total=1388.374um
      hp wire lengths  : top=0.000um, trunk=0.000um, leaf=351.625um, total=351.625um
    Clock DAG net violations after 'Moving gates to reduce wire capacitance': none
    Clock DAG primary half-corner transition distribution after 'Moving gates to reduce wire capacitance':
      Trunk : target=0.600ns count=1 avg=0.003ns sd=0.000ns min=0.003ns max=0.003ns {1 <= 0.360ns, 0 <= 0.480ns, 0 <= 0.540ns, 0 <= 0.570ns, 0 <= 0.600ns}
      Leaf  : target=0.600ns count=3 avg=0.125ns sd=0.001ns min=0.123ns max=0.125ns {3 <= 0.360ns, 0 <= 0.480ns, 0 <= 0.540ns, 0 <= 0.570ns, 0 <= 0.600ns}
    Clock DAG library cell distribution after 'Moving gates to reduce wire capacitance' {count}:
       Bufs: CLKBUFX16: 3 
    Primary reporting skew groups after 'Moving gates to reduce wire capacitance':
      skew_group clk/sdc1: insertion delay [min=0.187, max=0.192, avg=0.190, sd=0.001], skew [0.005 vs 0.180], 100% {0.187, 0.192} (wid=0.015 ws=0.004) (gid=0.177 gs=0.002)
    Skew group summary after 'Moving gates to reduce wire capacitance':
      skew_group clk/sdc1: insertion delay [min=0.187, max=0.192, avg=0.190, sd=0.001], skew [0.005 vs 0.180], 100% {0.187, 0.192} (wid=0.015 ws=0.004) (gid=0.177 gs=0.002)
    Legalizer API calls during this step: 95 succeeded with high effort: 95 succeeded with medium effort: 0 succeeded with low effort: 0 succeeded with basic effort: 0 succeeded with basic unbounded effort: 0
  Moving gates to reduce wire capacitance done. (took cpu=0:00:00.1 real=0:00:00.1)
  Reducing clock tree power 3...
    Artificially removing short and long paths...
      Legalizer API calls during this step: 0 succeeded with high effort: 0 succeeded with medium effort: 0 succeeded with low effort: 0 succeeded with basic effort: 0 succeeded with basic unbounded effort: 0
    Artificially removing short and long paths done. (took cpu=0:00:00.0 real=0:00:00.0)
    Initial gate capacitance is (rise=0.467pF fall=0.447pF).
    Resizing gates: ...20% ...40% ...60% ...80% ...Legalizing clock trees...
    Legalizing clock trees done. (took cpu=0:00:00.0 real=0:00:00.0)
    100% 
    Clock DAG stats after 'Reducing clock tree power 3':
      cell counts      : b=3, i=0, icg=0, nicg=0, l=0, total=3
      cell areas       : b=63.580um^2, i=0.000um^2, icg=0.000um^2, nicg=0.000um^2, l=0.000um^2, total=63.580um^2
      cell capacitance : b=0.032pF, i=0.000pF, icg=0.000pF, nicg=0.000pF, l=0.000pF, total=0.032pF
      sink capacitance : count=251, total=0.435pF, avg=0.002pF, sd=0.000pF, min=0.002pF, max=0.002pF
      wire capacitance : top=0.000pF, trunk=0.014pF, leaf=0.152pF, total=0.165pF
      wire lengths     : top=0.000um, trunk=115.420um, leaf=1272.954um, total=1388.374um
      hp wire lengths  : top=0.000um, trunk=0.000um, leaf=351.625um, total=351.625um
    Clock DAG net violations after 'Reducing clock tree power 3': none
    Clock DAG primary half-corner transition distribution after 'Reducing clock tree power 3':
      Trunk : target=0.600ns count=1 avg=0.003ns sd=0.000ns min=0.003ns max=0.003ns {1 <= 0.360ns, 0 <= 0.480ns, 0 <= 0.540ns, 0 <= 0.570ns, 0 <= 0.600ns}
      Leaf  : target=0.600ns count=3 avg=0.125ns sd=0.001ns min=0.123ns max=0.125ns {3 <= 0.360ns, 0 <= 0.480ns, 0 <= 0.540ns, 0 <= 0.570ns, 0 <= 0.600ns}
    Clock DAG library cell distribution after 'Reducing clock tree power 3' {count}:
       Bufs: CLKBUFX16: 3 
    Primary reporting skew groups after 'Reducing clock tree power 3':
      skew_group clk/sdc1: insertion delay [min=0.187, max=0.192, avg=0.190, sd=0.001], skew [0.005 vs 0.180], 100% {0.187, 0.192} (wid=0.015 ws=0.004) (gid=0.177 gs=0.002)
    Skew group summary after 'Reducing clock tree power 3':
      skew_group clk/sdc1: insertion delay [min=0.187, max=0.192, avg=0.190, sd=0.001], skew [0.005 vs 0.180], 100% {0.187, 0.192} (wid=0.015 ws=0.004) (gid=0.177 gs=0.002)
    Legalizer API calls during this step: 9 succeeded with high effort: 9 succeeded with medium effort: 0 succeeded with low effort: 0 succeeded with basic effort: 0 succeeded with basic unbounded effort: 0
  Reducing clock tree power 3 done. (took cpu=0:00:00.1 real=0:00:00.1)
  Improving insertion delay...
    Clock DAG stats after 'Improving insertion delay':
      cell counts      : b=3, i=0, icg=0, nicg=0, l=0, total=3
      cell areas       : b=63.580um^2, i=0.000um^2, icg=0.000um^2, nicg=0.000um^2, l=0.000um^2, total=63.580um^2
      cell capacitance : b=0.032pF, i=0.000pF, icg=0.000pF, nicg=0.000pF, l=0.000pF, total=0.032pF
      sink capacitance : count=251, total=0.435pF, avg=0.002pF, sd=0.000pF, min=0.002pF, max=0.002pF
      wire capacitance : top=0.000pF, trunk=0.014pF, leaf=0.152pF, total=0.165pF
      wire lengths     : top=0.000um, trunk=115.420um, leaf=1272.954um, total=1388.374um
      hp wire lengths  : top=0.000um, trunk=0.000um, leaf=351.625um, total=351.625um
    Clock DAG net violations after 'Improving insertion delay': none
    Clock DAG primary half-corner transition distribution after 'Improving insertion delay':
      Trunk : target=0.600ns count=1 avg=0.003ns sd=0.000ns min=0.003ns max=0.003ns {1 <= 0.360ns, 0 <= 0.480ns, 0 <= 0.540ns, 0 <= 0.570ns, 0 <= 0.600ns}
      Leaf  : target=0.600ns count=3 avg=0.125ns sd=0.001ns min=0.123ns max=0.125ns {3 <= 0.360ns, 0 <= 0.480ns, 0 <= 0.540ns, 0 <= 0.570ns, 0 <= 0.600ns}
    Clock DAG library cell distribution after 'Improving insertion delay' {count}:
       Bufs: CLKBUFX16: 3 
    Primary reporting skew groups after 'Improving insertion delay':
      skew_group clk/sdc1: insertion delay [min=0.187, max=0.192, avg=0.190, sd=0.001], skew [0.005 vs 0.180], 100% {0.187, 0.192} (wid=0.015 ws=0.004) (gid=0.177 gs=0.002)
    Skew group summary after 'Improving insertion delay':
      skew_group clk/sdc1: insertion delay [min=0.187, max=0.192, avg=0.190, sd=0.001], skew [0.005 vs 0.180], 100% {0.187, 0.192} (wid=0.015 ws=0.004) (gid=0.177 gs=0.002)
    Legalizer API calls during this step: 0 succeeded with high effort: 0 succeeded with medium effort: 0 succeeded with low effort: 0 succeeded with basic effort: 0 succeeded with basic unbounded effort: 0
  Improving insertion delay done. (took cpu=0:00:00.0 real=0:00:00.0)
  Wire Opt OverFix...
    Wire Reduction extra effort...
      Modified slew target multipliers. Leaf=(1 to 0.95) Trunk=(1 to 1) Top=(1 to 1)
      Artificially removing short and long paths...
        Legalizer API calls during this step: 0 succeeded with high effort: 0 succeeded with medium effort: 0 succeeded with low effort: 0 succeeded with basic effort: 0 succeeded with basic unbounded effort: 0
      Artificially removing short and long paths done. (took cpu=0:00:00.0 real=0:00:00.0)
      Global shorten wires A0...
        Legalizer API calls during this step: 0 succeeded with high effort: 0 succeeded with medium effort: 0 succeeded with low effort: 0 succeeded with basic effort: 0 succeeded with basic unbounded effort: 0
      Global shorten wires A0 done. (took cpu=0:00:00.0 real=0:00:00.0)
      Move For Wirelength - core...
        Move for wirelength. considered=4, filtered=4, permitted=3, cannotCompute=1, computed=2, moveTooSmall=8, resolved=0, predictFail=0, currentlyIllegal=0, legalizationFail=0, legalizedMoveTooSmall=0, ignoredLeafDriver=0, worse=6, accepted=0
        Max accepted move=0.000um, total accepted move=0.000um
        Legalizer API calls during this step: 6 succeeded with high effort: 6 succeeded with medium effort: 0 succeeded with low effort: 0 succeeded with basic effort: 0 succeeded with basic unbounded effort: 0
      Move For Wirelength - core done. (took cpu=0:00:00.0 real=0:00:00.0)
      Global shorten wires A1...
        Legalizer API calls during this step: 0 succeeded with high effort: 0 succeeded with medium effort: 0 succeeded with low effort: 0 succeeded with basic effort: 0 succeeded with basic unbounded effort: 0
      Global shorten wires A1 done. (took cpu=0:00:00.0 real=0:00:00.0)
      Move For Wirelength - core...
        Move for wirelength. considered=4, filtered=4, permitted=3, cannotCompute=3, computed=0, moveTooSmall=3, resolved=0, predictFail=0, currentlyIllegal=0, legalizationFail=0, legalizedMoveTooSmall=0, ignoredLeafDriver=0, worse=0, accepted=0
        Max accepted move=0.000um, total accepted move=0.000um
        Legalizer API calls during this step: 0 succeeded with high effort: 0 succeeded with medium effort: 0 succeeded with low effort: 0 succeeded with basic effort: 0 succeeded with basic unbounded effort: 0
      Move For Wirelength - core done. (took cpu=0:00:00.0 real=0:00:00.0)
      Global shorten wires B...
        Legalizer API calls during this step: 11 succeeded with high effort: 11 succeeded with medium effort: 0 succeeded with low effort: 0 succeeded with basic effort: 0 succeeded with basic unbounded effort: 0
      Global shorten wires B done. (took cpu=0:00:00.0 real=0:00:00.0)
      Move For Wirelength - branch...
        Move for wirelength. considered=4, filtered=4, permitted=3, cannotCompute=0, computed=3, moveTooSmall=0, resolved=0, predictFail=0, currentlyIllegal=0, legalizationFail=0, legalizedMoveTooSmall=0, ignoredLeafDriver=0, worse=3, accepted=0
        Max accepted move=0.000um, total accepted move=0.000um
        Legalizer API calls during this step: 3 succeeded with high effort: 3 succeeded with medium effort: 0 succeeded with low effort: 0 succeeded with basic effort: 0 succeeded with basic unbounded effort: 0
      Move For Wirelength - branch done. (took cpu=0:00:00.0 real=0:00:00.0)
      Reverted slew target multipliers. Leaf=(0.95 to 1) Trunk=(1 to 1) Top=(1 to 1)
      Clock DAG stats after 'Wire Reduction extra effort':
        cell counts      : b=3, i=0, icg=0, nicg=0, l=0, total=3
        cell areas       : b=63.580um^2, i=0.000um^2, icg=0.000um^2, nicg=0.000um^2, l=0.000um^2, total=63.580um^2
        cell capacitance : b=0.032pF, i=0.000pF, icg=0.000pF, nicg=0.000pF, l=0.000pF, total=0.032pF
        sink capacitance : count=251, total=0.435pF, avg=0.002pF, sd=0.000pF, min=0.002pF, max=0.002pF
        wire capacitance : top=0.000pF, trunk=0.014pF, leaf=0.152pF, total=0.165pF
        wire lengths     : top=0.000um, trunk=115.420um, leaf=1272.954um, total=1388.374um
        hp wire lengths  : top=0.000um, trunk=0.000um, leaf=351.625um, total=351.625um
      Clock DAG net violations after 'Wire Reduction extra effort': none
      Clock DAG primary half-corner transition distribution after 'Wire Reduction extra effort':
        Trunk : target=0.600ns count=1 avg=0.003ns sd=0.000ns min=0.003ns max=0.003ns {1 <= 0.360ns, 0 <= 0.480ns, 0 <= 0.540ns, 0 <= 0.570ns, 0 <= 0.600ns}
        Leaf  : target=0.600ns count=3 avg=0.125ns sd=0.001ns min=0.123ns max=0.125ns {3 <= 0.360ns, 0 <= 0.480ns, 0 <= 0.540ns, 0 <= 0.570ns, 0 <= 0.600ns}
      Clock DAG library cell distribution after 'Wire Reduction extra effort' {count}:
         Bufs: CLKBUFX16: 3 
      Primary reporting skew groups after 'Wire Reduction extra effort':
        skew_group clk/sdc1: insertion delay [min=0.187, max=0.192, avg=0.190, sd=0.001], skew [0.005 vs 0.180], 100% {0.187, 0.192} (wid=0.015 ws=0.004) (gid=0.177 gs=0.002)
      Skew group summary after 'Wire Reduction extra effort':
        skew_group clk/sdc1: insertion delay [min=0.187, max=0.192, avg=0.190, sd=0.001], skew [0.005 vs 0.180], 100% {0.187, 0.192} (wid=0.015 ws=0.004) (gid=0.177 gs=0.002)
      Legalizer API calls during this step: 20 succeeded with high effort: 20 succeeded with medium effort: 0 succeeded with low effort: 0 succeeded with basic effort: 0 succeeded with basic unbounded effort: 0
    Wire Reduction extra effort done. (took cpu=0:00:00.0 real=0:00:00.0)
    Optimizing orientation...
    FlipOpt...
    Disconnecting clock tree from netlist...
    Disconnecting clock tree from netlist done.
    Performing Single Threaded FlipOpt
    Optimizing orientation on clock cells...
      Orientation Wirelength Optimization: Attempted = 5 , Succeeded = 0 , Constraints Broken = 3 , CannotMove = 2 , Illegal = 0 , Other = 0
    Optimizing orientation on clock cells done.
    Resynthesising clock tree into netlist...
      Reset timing graph...
Ignoring AAE DB Resetting ...
      Reset timing graph done.
    Resynthesising clock tree into netlist done.
    FlipOpt done. (took cpu=0:00:00.0 real=0:00:00.0)
    Optimizing orientation done. (took cpu=0:00:00.0 real=0:00:00.0)
    Clock DAG stats after 'Wire Opt OverFix':
      cell counts      : b=3, i=0, icg=0, nicg=0, l=0, total=3
      cell areas       : b=63.580um^2, i=0.000um^2, icg=0.000um^2, nicg=0.000um^2, l=0.000um^2, total=63.580um^2
      cell capacitance : b=0.032pF, i=0.000pF, icg=0.000pF, nicg=0.000pF, l=0.000pF, total=0.032pF
      sink capacitance : count=251, total=0.435pF, avg=0.002pF, sd=0.000pF, min=0.002pF, max=0.002pF
      wire capacitance : top=0.000pF, trunk=0.014pF, leaf=0.152pF, total=0.165pF
      wire lengths     : top=0.000um, trunk=115.420um, leaf=1272.954um, total=1388.374um
      hp wire lengths  : top=0.000um, trunk=0.000um, leaf=351.625um, total=351.625um
    Clock DAG net violations after 'Wire Opt OverFix': none
    Clock DAG primary half-corner transition distribution after 'Wire Opt OverFix':
      Trunk : target=0.600ns count=1 avg=0.003ns sd=0.000ns min=0.003ns max=0.003ns {1 <= 0.360ns, 0 <= 0.480ns, 0 <= 0.540ns, 0 <= 0.570ns, 0 <= 0.600ns}
      Leaf  : target=0.600ns count=3 avg=0.125ns sd=0.001ns min=0.123ns max=0.125ns {3 <= 0.360ns, 0 <= 0.480ns, 0 <= 0.540ns, 0 <= 0.570ns, 0 <= 0.600ns}
    Clock DAG library cell distribution after 'Wire Opt OverFix' {count}:
       Bufs: CLKBUFX16: 3 
    Primary reporting skew groups after 'Wire Opt OverFix':
      skew_group clk/sdc1: insertion delay [min=0.187, max=0.192, avg=0.190, sd=0.001], skew [0.005 vs 0.180], 100% {0.187, 0.192} (wid=0.015 ws=0.004) (gid=0.177 gs=0.002)
    Skew group summary after 'Wire Opt OverFix':
      skew_group clk/sdc1: insertion delay [min=0.187, max=0.192, avg=0.190, sd=0.001], skew [0.005 vs 0.180], 100% {0.187, 0.192} (wid=0.015 ws=0.004) (gid=0.177 gs=0.002)
    Legalizer API calls during this step: 20 succeeded with high effort: 20 succeeded with medium effort: 0 succeeded with low effort: 0 succeeded with basic effort: 0 succeeded with basic unbounded effort: 0
  Wire Opt OverFix done. (took cpu=0:00:00.1 real=0:00:00.1)
  Total capacitance is (rise=0.633pF fall=0.613pF), of which (rise=0.165pF fall=0.165pF) is wire, and (rise=0.467pF fall=0.447pF) is gate.
  Stage::Polishing done. (took cpu=0:00:00.3 real=0:00:00.3)
  Stage::Updating netlist...
  Reset timing graph...
Ignoring AAE DB Resetting ...
  Reset timing graph done.
  Setting non-default rules before calling refine place.
  Leaving CCOpt scope - ClockRefiner...
  Performing Clock Only Refine Place.
*** Starting refinePlace (0:00:40.1 mem=1396.3M) ***
Total net bbox length = 1.471e+04 (8.035e+03 6.679e+03) (ext = 8.284e+02)
Move report: Detail placement moves 0 insts, mean move: 0.00 um, max move: 0.00 um
	Runtime: CPU: 0:00:00.0 REAL: 0:00:00.0 MEM: 1396.3MB
Summary Report:
Instances move: 0 (out of 713 movable)
Instances flipped: 0
Mean displacement: 0.00 um
Max displacement: 0.00 um 
Total net bbox length = 1.471e+04 (8.035e+03 6.679e+03) (ext = 8.284e+02)
Runtime: CPU: 0:00:00.0 REAL: 0:00:00.0 MEM: 1396.3MB
*** Finished refinePlace (0:00:40.2 mem=1396.3M) ***
  ClockRefiner summary
  All clock instances: Moved 0, flipped 0 and cell swapped 0 (out of a total of 254).
  Leaving CCOpt scope - ClockRefiner done. (took cpu=0:00:00.0 real=0:00:00.0)
  Stage::Updating netlist done. (took cpu=0:00:00.0 real=0:00:00.0)
  CCOpt::Phase::Implementation done. (took cpu=0:00:00.5 real=0:00:00.5)
  CCOpt::Phase::eGRPC...
  eGR Post Conditioning loop iteration 0...
    Clock implementation routing...
      Leaving CCOpt scope - Routing Tools...
Net route status summary:
  Clock:         4 (unrouted=4, trialRouted=0, noStatus=0, routed=0, fixed=0, [crossesIlmBoundary=0, tooFewTerms=0, (crossesIlmBoundary AND tooFewTerms=0)])
  Non-clock:  1358 (unrouted=639, trialRouted=719, noStatus=0, routed=0, fixed=0, [crossesIlmBoundary=0, tooFewTerms=637, (crossesIlmBoundary AND tooFewTerms=0)])
      Routing using eGR only...
        Early Global Route - eGR only step...
(ccopt eGR): There are 4 nets for routing of which 4 have one or more fixed wires.
(ccopt eGR): Start to route 4 all nets
[NR-eGR] Track table information for default rule: 
[NR-eGR] Metal1 has no routable track
[NR-eGR] Metal2 has single uniform track structure
[NR-eGR] Metal3 has single uniform track structure
[NR-eGR] Metal4 has single uniform track structure
[NR-eGR] Metal5 has single uniform track structure
[NR-eGR] Metal6 has single uniform track structure
[NR-eGR] Metal7 has single uniform track structure
[NR-eGR] Metal8 has single uniform track structure
[NR-eGR] Metal9 has single uniform track structure
[NR-eGR] Started Read PG Shapes ( Curr Mem: 1396.31 MB )
[NR-eGR] Read 7482 PG shapes
[NR-eGR] Finished Read PG Shapes ( CPU: 0.00 sec, Real: 0.00 sec, Curr Mem: 1396.31 MB )
[NR-eGR] #Routing Blockages  : 0
[NR-eGR] #Instance Blockages : 0
[NR-eGR] #PG Blockages       : 7482
[NR-eGR] #Halo Blockages     : 0
[NR-eGR] #Boundary Blockages : 0
[NR-eGR] Num Prerouted Nets = 0  Num Prerouted Wires = 0
[NR-eGR] Read numTotalNets=723  numIgnoredNets=719
[NR-eGR] Connected 0 must-join pins/ports
[NR-eGR] There are 4 clock nets ( 4 with NDR ).
[NR-eGR] ============ Routing rule table ============
[NR-eGR] Rule id: 0  Nets: 4 
[NR-eGR] Rule id: 1  Nets: 0 
[NR-eGR] ========================================
[NR-eGR] 
[NR-eGR] Layer group 1: route 4 net(s) in layer range [3, 4]
[NR-eGR] Early Global Route overflow of layer group 1: 0.00% H + 0.00% V. EstWL: 1.359810e+03um
[NR-eGR] Create a new net group with 1 nets and layer range [3, 6]
[NR-eGR] Layer group 2: route 1 net(s) in layer range [3, 6]
[NR-eGR] Early Global Route overflow of layer group 2: 0.00% H + 0.00% V. EstWL: 1.357200e+03um
[NR-eGR] Create a new net group with 1 nets and layer range [3, 8]
[NR-eGR] Layer group 3: route 1 net(s) in layer range [3, 8]
[NR-eGR] Early Global Route overflow of layer group 3: 0.00% H + 0.00% V. EstWL: 1.357200e+03um
[NR-eGR] Create a new net group with 1 nets and layer range [3, 9]
[NR-eGR] Layer group 4: route 1 net(s) in layer range [3, 9]
[NR-eGR] Early Global Route overflow of layer group 4: 0.00% H + 0.00% V. EstWL: 1.357200e+03um
[NR-eGR] Congestion Analysis By layer: (blocked Gcells are excluded) 
[NR-eGR]                        OverCon            
[NR-eGR]                         #Gcell     %Gcell
[NR-eGR]       Layer                (0)    OverCon 
[NR-eGR] ----------------------------------------------
[NR-eGR]  Metal1  (1)         0( 0.00%)   ( 0.00%) 
[NR-eGR]  Metal2  (2)         0( 0.00%)   ( 0.00%) 
[NR-eGR]  Metal3  (3)         0( 0.00%)   ( 0.00%) 
[NR-eGR]  Metal4  (4)         0( 0.00%)   ( 0.00%) 
[NR-eGR]  Metal5  (5)         0( 0.00%)   ( 0.00%) 
[NR-eGR]  Metal6  (6)         0( 0.00%)   ( 0.00%) 
[NR-eGR]  Metal7  (7)         0( 0.00%)   ( 0.00%) 
[NR-eGR]  Metal8  (8)         0( 0.00%)   ( 0.00%) 
[NR-eGR]  Metal9  (9)         0( 0.00%)   ( 0.00%) 
[NR-eGR] ----------------------------------------------
[NR-eGR] Total                0( 0.00%)   ( 0.00%) 
[NR-eGR] 
[NR-eGR] Overflow after Early Global Route (GR compatible) 0.00% H + 0.00% V
[NR-eGR] Overflow after Early Global Route 0.00% H + 0.00% V
[NR-eGR] Started Export DB wires ( Curr Mem: 1396.31 MB )
[NR-eGR] Started Export all nets ( Curr Mem: 1396.31 MB )
[NR-eGR] Finished Export all nets ( CPU: 0.00 sec, Real: 0.00 sec, Curr Mem: 1396.31 MB )
[NR-eGR] Started Set wire vias ( Curr Mem: 1396.31 MB )
[NR-eGR] Finished Set wire vias ( CPU: 0.00 sec, Real: 0.00 sec, Curr Mem: 1396.31 MB )
[NR-eGR] Finished Export DB wires ( CPU: 0.00 sec, Real: 0.00 sec, Curr Mem: 1396.31 MB )
[NR-eGR] --------------------------------------------------------------------------
[NR-eGR] Metal1  (1F) length: 0.000000e+00um, number of vias: 3021
[NR-eGR] Metal2  (2V) length: 7.582200e+03um, number of vias: 4569
[NR-eGR] Metal3  (3H) length: 9.495825e+03um, number of vias: 449
[NR-eGR] Metal4  (4V) length: 2.408160e+03um, number of vias: 119
[NR-eGR] Metal5  (5H) length: 1.201325e+03um, number of vias: 2
[NR-eGR] Metal6  (6V) length: 2.900000e-01um, number of vias: 0
[NR-eGR] Metal7  (7H) length: 0.000000e+00um, number of vias: 0
[NR-eGR] Metal8  (8V) length: 0.000000e+00um, number of vias: 0
[NR-eGR] Metal9  (9H) length: 0.000000e+00um, number of vias: 0
[NR-eGR] Total length: 2.068780e+04um, number of vias: 8160
[NR-eGR] --------------------------------------------------------------------------
[NR-eGR] Total eGR-routed clock nets wire length: 1.425640e+03um 
[NR-eGR] --------------------------------------------------------------------------
[NR-eGR] Report for selected net(s) only.
[NR-eGR] Metal1  (1H) length: 0.000000e+00um, number of vias: 257
[NR-eGR] Metal2  (2V) length: 3.648200e+02um, number of vias: 319
[NR-eGR] Metal3  (3H) length: 6.925200e+02um, number of vias: 109
[NR-eGR] Metal4  (4V) length: 3.665600e+02um, number of vias: 4
[NR-eGR] Metal5  (5H) length: 1.740000e+00um, number of vias: 0
[NR-eGR] Metal6  (6V) length: 0.000000e+00um, number of vias: 0
[NR-eGR] Metal7  (7H) length: 0.000000e+00um, number of vias: 0
[NR-eGR] Metal8  (8V) length: 0.000000e+00um, number of vias: 0
[NR-eGR] Metal9  (9H) length: 0.000000e+00um, number of vias: 0
[NR-eGR] Total length: 1.425640e+03um, number of vias: 689
[NR-eGR] --------------------------------------------------------------------------
[NR-eGR] Total routed clock nets wire length: 1.425640e+03um, number of vias: 689
[NR-eGR] --------------------------------------------------------------------------
[NR-eGR] Finished Early Global Route kernel ( CPU: 0.14 sec, Real: 0.14 sec, Curr Mem: 1396.31 MB )
        Early Global Route - eGR only step done. (took cpu=0:00:00.2 real=0:00:00.2)
Set FIXED routing status on 4 net(s)
      Routing using eGR only done.
Net route status summary:
  Clock:         4 (unrouted=0, trialRouted=0, noStatus=0, routed=0, fixed=4, [crossesIlmBoundary=0, tooFewTerms=0, (crossesIlmBoundary AND tooFewTerms=0)])
  Non-clock:  1358 (unrouted=639, trialRouted=719, noStatus=0, routed=0, fixed=0, [crossesIlmBoundary=0, tooFewTerms=637, (crossesIlmBoundary AND tooFewTerms=0)])

CCOPT: Done with clock implementation routing.

      Leaving CCOpt scope - Routing Tools done. (took cpu=0:00:00.2 real=0:00:00.2)
    Clock implementation routing done.
    Leaving CCOpt scope - extractRC...
    Updating RC parasitics by calling: "extractRC -noRouteCheck"...
Extraction called for design 'toll_gate' of instances=713 and nets=1362 using extraction engine 'preRoute' .
PreRoute RC Extraction called for design toll_gate.
RC Extraction called in multi-corner(1) mode.
**WARN: (IMPEXT-6197):	The Cap table file is not specified. This will result in lower parasitic accuracy when using preRoute extraction or postRoute extraction with effort level 'low'. It is recommended to generate the Cap table file using the 'generateCapTbl' command and specify it before extraction using 'create_rc_corner/update_rc_corner -cap_table'.
Type 'man IMPEXT-6197' for more detail.
RCMode: PreRoute
      RC Corner Indexes            0   
Capacitance Scaling Factor   : 1.00000 
Resistance Scaling Factor    : 1.00000 
Clock Cap. Scaling Factor    : 1.00000 
Clock Res. Scaling Factor    : 1.00000 
Shrink Factor                : 1.00000
PreRoute extraction is honoring NDR/Shielding/ExtraSpace for clock nets.
Updating RC grid for preRoute extraction ...
Initializing multi-corner resistance tables ...
PreRoute RC Extraction DONE (CPU Time: 0:00:00.0  Real Time: 0:00:00.0  MEM: 1396.312M)
    Updating RC parasitics by calling: "extractRC -noRouteCheck" done.
    Leaving CCOpt scope - extractRC done. (took cpu=0:00:00.0 real=0:00:00.0)
    Calling post conditioning for eGRPC...
      eGRPC...
        eGRPC active optimizations:
         - Move Down
         - Downsizing before DRV sizing
         - DRV fixing with cell sizing
         - Move to fanout
         - Cloning
        
        Currently running CTS, using active skew data
        Reset bufferability constraints...
        Resetting previous bufferability status on all nets so that eGRPC will attempt to fix all clock tree violations.
        Clock tree timing engine global stage delay update for delay1:both.late...
        Clock tree timing engine global stage delay update for delay1:both.late done. (took cpu=0:00:00.0 real=0:00:00.0)
        Reset bufferability constraints done. (took cpu=0:00:00.0 real=0:00:00.0)
        Clock DAG stats eGRPC initial state:
          cell counts      : b=3, i=0, icg=0, nicg=0, l=0, total=3
          cell areas       : b=63.580um^2, i=0.000um^2, icg=0.000um^2, nicg=0.000um^2, l=0.000um^2, total=63.580um^2
          cell capacitance : b=0.032pF, i=0.000pF, icg=0.000pF, nicg=0.000pF, l=0.000pF, total=0.032pF
          sink capacitance : count=251, total=0.435pF, avg=0.002pF, sd=0.000pF, min=0.002pF, max=0.002pF
          wire capacitance : top=0.000pF, trunk=0.014pF, leaf=0.160pF, total=0.173pF
          wire lengths     : top=0.000um, trunk=115.420um, leaf=1310.220um, total=1425.640um
          hp wire lengths  : top=0.000um, trunk=0.000um, leaf=351.625um, total=351.625um
        Clock DAG net violations eGRPC initial state: none
        Clock DAG primary half-corner transition distribution eGRPC initial state:
          Trunk : target=0.600ns count=1 avg=0.003ns sd=0.000ns min=0.003ns max=0.003ns {1 <= 0.360ns, 0 <= 0.480ns, 0 <= 0.540ns, 0 <= 0.570ns, 0 <= 0.600ns}
          Leaf  : target=0.600ns count=3 avg=0.126ns sd=0.001ns min=0.125ns max=0.126ns {3 <= 0.360ns, 0 <= 0.480ns, 0 <= 0.540ns, 0 <= 0.570ns, 0 <= 0.600ns}
        Clock DAG library cell distribution eGRPC initial state {count}:
           Bufs: CLKBUFX16: 3 
        Primary reporting skew groups eGRPC initial state:
          skew_group clk/sdc1: insertion delay [min=0.188, max=0.193, avg=0.191, sd=0.001], skew [0.005 vs 0.180], 100% {0.188, 0.193} (wid=0.015 ws=0.004) (gid=0.179 gs=0.002)
        Skew group summary eGRPC initial state:
          skew_group clk/sdc1: insertion delay [min=0.188, max=0.193, avg=0.191, sd=0.001], skew [0.005 vs 0.180], 100% {0.188, 0.193} (wid=0.015 ws=0.004) (gid=0.179 gs=0.002)
        eGRPC Moving buffers...
          Violation analysis...
          Violation analysis done. (took cpu=0:00:00.0 real=0:00:00.0)
          Clock DAG stats after 'eGRPC Moving buffers':
            cell counts      : b=3, i=0, icg=0, nicg=0, l=0, total=3
            cell areas       : b=63.580um^2, i=0.000um^2, icg=0.000um^2, nicg=0.000um^2, l=0.000um^2, total=63.580um^2
            cell capacitance : b=0.032pF, i=0.000pF, icg=0.000pF, nicg=0.000pF, l=0.000pF, total=0.032pF
            sink capacitance : count=251, total=0.435pF, avg=0.002pF, sd=0.000pF, min=0.002pF, max=0.002pF
            wire capacitance : top=0.000pF, trunk=0.014pF, leaf=0.160pF, total=0.173pF
            wire lengths     : top=0.000um, trunk=115.420um, leaf=1310.220um, total=1425.640um
            hp wire lengths  : top=0.000um, trunk=0.000um, leaf=351.625um, total=351.625um
          Clock DAG net violations after 'eGRPC Moving buffers': none
          Clock DAG primary half-corner transition distribution after 'eGRPC Moving buffers':
            Trunk : target=0.600ns count=1 avg=0.003ns sd=0.000ns min=0.003ns max=0.003ns {1 <= 0.360ns, 0 <= 0.480ns, 0 <= 0.540ns, 0 <= 0.570ns, 0 <= 0.600ns}
            Leaf  : target=0.600ns count=3 avg=0.126ns sd=0.001ns min=0.125ns max=0.126ns {3 <= 0.360ns, 0 <= 0.480ns, 0 <= 0.540ns, 0 <= 0.570ns, 0 <= 0.600ns}
          Clock DAG library cell distribution after 'eGRPC Moving buffers' {count}:
             Bufs: CLKBUFX16: 3 
          Primary reporting skew groups after 'eGRPC Moving buffers':
            skew_group clk/sdc1: insertion delay [min=0.188, max=0.193, avg=0.191, sd=0.001], skew [0.005 vs 0.180], 100% {0.188, 0.193} (wid=0.015 ws=0.004) (gid=0.179 gs=0.002)
          Skew group summary after 'eGRPC Moving buffers':
            skew_group clk/sdc1: insertion delay [min=0.188, max=0.193, avg=0.191, sd=0.001], skew [0.005 vs 0.180], 100% {0.188, 0.193} (wid=0.015 ws=0.004) (gid=0.179 gs=0.002)
          Legalizer API calls during this step: 0 succeeded with high effort: 0 succeeded with medium effort: 0 succeeded with low effort: 0 succeeded with basic effort: 0 succeeded with basic unbounded effort: 0
        eGRPC Moving buffers done. (took cpu=0:00:00.0 real=0:00:00.0)
        eGRPC Initial Pass of Downsizing Clock Tree cells...
          Artificially removing long paths...
            Legalizer API calls during this step: 0 succeeded with high effort: 0 succeeded with medium effort: 0 succeeded with low effort: 0 succeeded with basic effort: 0 succeeded with basic unbounded effort: 0
          Artificially removing long paths done. (took cpu=0:00:00.0 real=0:00:00.0)
          Modifying slew-target multiplier from 1 to 0.9
          Downsizing prefiltering...
          Downsizing prefiltering done.
          Downsizing: ...20% ...40% ...60% ...80% ...100% 
          DoDownSizing Summary : numSized = 0, numUnchanged = 2, numSkippedDueToOther = 0, numSkippedDueToCloseToSlewTarget = 0, numSkippedDueToCloseToSkewTarget = 2
          CCOpt-eGRPC Downsizing: considered: 2, tested: 0, violation detected: 0, violation ignored (due to small violation): 0, cannot run: 0, attempted: 2, unsuccessful: 0, sized: 0
          Reverting slew-target multiplier from 0.9 to 1
          Clock DAG stats after 'eGRPC Initial Pass of Downsizing Clock Tree cells':
            cell counts      : b=3, i=0, icg=0, nicg=0, l=0, total=3
            cell areas       : b=63.580um^2, i=0.000um^2, icg=0.000um^2, nicg=0.000um^2, l=0.000um^2, total=63.580um^2
            cell capacitance : b=0.032pF, i=0.000pF, icg=0.000pF, nicg=0.000pF, l=0.000pF, total=0.032pF
            sink capacitance : count=251, total=0.435pF, avg=0.002pF, sd=0.000pF, min=0.002pF, max=0.002pF
            wire capacitance : top=0.000pF, trunk=0.014pF, leaf=0.160pF, total=0.173pF
            wire lengths     : top=0.000um, trunk=115.420um, leaf=1310.220um, total=1425.640um
            hp wire lengths  : top=0.000um, trunk=0.000um, leaf=351.625um, total=351.625um
          Clock DAG net violations after 'eGRPC Initial Pass of Downsizing Clock Tree cells': none
          Clock DAG primary half-corner transition distribution after 'eGRPC Initial Pass of Downsizing Clock Tree cells':
            Trunk : target=0.600ns count=1 avg=0.003ns sd=0.000ns min=0.003ns max=0.003ns {1 <= 0.360ns, 0 <= 0.480ns, 0 <= 0.540ns, 0 <= 0.570ns, 0 <= 0.600ns}
            Leaf  : target=0.600ns count=3 avg=0.126ns sd=0.001ns min=0.125ns max=0.126ns {3 <= 0.360ns, 0 <= 0.480ns, 0 <= 0.540ns, 0 <= 0.570ns, 0 <= 0.600ns}
          Clock DAG library cell distribution after 'eGRPC Initial Pass of Downsizing Clock Tree cells' {count}:
             Bufs: CLKBUFX16: 3 
          Primary reporting skew groups after 'eGRPC Initial Pass of Downsizing Clock Tree cells':
            skew_group clk/sdc1: insertion delay [min=0.188, max=0.193, avg=0.191, sd=0.001], skew [0.005 vs 0.180], 100% {0.188, 0.193} (wid=0.015 ws=0.004) (gid=0.179 gs=0.002)
          Skew group summary after 'eGRPC Initial Pass of Downsizing Clock Tree cells':
            skew_group clk/sdc1: insertion delay [min=0.188, max=0.193, avg=0.191, sd=0.001], skew [0.005 vs 0.180], 100% {0.188, 0.193} (wid=0.015 ws=0.004) (gid=0.179 gs=0.002)
          Legalizer API calls during this step: 4 succeeded with high effort: 4 succeeded with medium effort: 0 succeeded with low effort: 0 succeeded with basic effort: 0 succeeded with basic unbounded effort: 0
        eGRPC Initial Pass of Downsizing Clock Tree cells done. (took cpu=0:00:00.0 real=0:00:00.0)
        eGRPC Fixing DRVs...
          Fixing clock tree DRVs: ...20% ...40% ...60% ...80% ...100% 
          CCOpt-eGRPC: considered: 4, tested: 4, violation detected: 0, violation ignored (due to small violation): 0, cannot run: 0, attempted: 0, unsuccessful: 0, sized: 0
          
          PRO Statistics: Fix DRVs (cell sizing):
          =======================================
          
          Cell changes by Net Type:
          
          -------------------------------------------------------------------------------------------------
          Net Type    Attempted    Upsized     Downsized    Swapped Same Size    Total Changed    Not Sized
          -------------------------------------------------------------------------------------------------
          top                0            0           0            0                    0                0
          trunk              0            0           0            0                    0                0
          leaf               0            0           0            0                    0                0
          -------------------------------------------------------------------------------------------------
          Total              0            0           0            0                    0                0
          -------------------------------------------------------------------------------------------------
          
          Upsized: 0, Downsized: 0, Sized but same area: 0, Unchanged: 0, Area change: 0.000um^2 (0.000%)
          Max. move: 0.000um, Min. move: 0.000um, Avg. move: N/A
          
          Clock DAG stats after 'eGRPC Fixing DRVs':
            cell counts      : b=3, i=0, icg=0, nicg=0, l=0, total=3
            cell areas       : b=63.580um^2, i=0.000um^2, icg=0.000um^2, nicg=0.000um^2, l=0.000um^2, total=63.580um^2
            cell capacitance : b=0.032pF, i=0.000pF, icg=0.000pF, nicg=0.000pF, l=0.000pF, total=0.032pF
            sink capacitance : count=251, total=0.435pF, avg=0.002pF, sd=0.000pF, min=0.002pF, max=0.002pF
            wire capacitance : top=0.000pF, trunk=0.014pF, leaf=0.160pF, total=0.173pF
            wire lengths     : top=0.000um, trunk=115.420um, leaf=1310.220um, total=1425.640um
            hp wire lengths  : top=0.000um, trunk=0.000um, leaf=351.625um, total=351.625um
          Clock DAG net violations after 'eGRPC Fixing DRVs': none
          Clock DAG primary half-corner transition distribution after 'eGRPC Fixing DRVs':
            Trunk : target=0.600ns count=1 avg=0.003ns sd=0.000ns min=0.003ns max=0.003ns {1 <= 0.360ns, 0 <= 0.480ns, 0 <= 0.540ns, 0 <= 0.570ns, 0 <= 0.600ns}
            Leaf  : target=0.600ns count=3 avg=0.126ns sd=0.001ns min=0.125ns max=0.126ns {3 <= 0.360ns, 0 <= 0.480ns, 0 <= 0.540ns, 0 <= 0.570ns, 0 <= 0.600ns}
          Clock DAG library cell distribution after 'eGRPC Fixing DRVs' {count}:
             Bufs: CLKBUFX16: 3 
          Primary reporting skew groups after 'eGRPC Fixing DRVs':
            skew_group clk/sdc1: insertion delay [min=0.188, max=0.193, avg=0.191, sd=0.001], skew [0.005 vs 0.180], 100% {0.188, 0.193} (wid=0.015 ws=0.004) (gid=0.179 gs=0.002)
          Skew group summary after 'eGRPC Fixing DRVs':
            skew_group clk/sdc1: insertion delay [min=0.188, max=0.193, avg=0.191, sd=0.001], skew [0.005 vs 0.180], 100% {0.188, 0.193} (wid=0.015 ws=0.004) (gid=0.179 gs=0.002)
          Legalizer API calls during this step: 0 succeeded with high effort: 0 succeeded with medium effort: 0 succeeded with low effort: 0 succeeded with basic effort: 0 succeeded with basic unbounded effort: 0
        eGRPC Fixing DRVs done. (took cpu=0:00:00.0 real=0:00:00.0)
        Reconnecting optimized routes...
        Reset timing graph...
Ignoring AAE DB Resetting ...
        Reset timing graph done.
        Reconnecting optimized routes done. (took cpu=0:00:00.0 real=0:00:00.0)
        Violation analysis...
        Violation analysis done. (took cpu=0:00:00.0 real=0:00:00.0)
        Reset timing graph...
Ignoring AAE DB Resetting ...
        Reset timing graph done.
        Set dirty flag on 0 instances, 0 nets
        Clock DAG stats before routing clock trees:
          cell counts      : b=3, i=0, icg=0, nicg=0, l=0, total=3
          cell areas       : b=63.580um^2, i=0.000um^2, icg=0.000um^2, nicg=0.000um^2, l=0.000um^2, total=63.580um^2
          cell capacitance : b=0.032pF, i=0.000pF, icg=0.000pF, nicg=0.000pF, l=0.000pF, total=0.032pF
          sink capacitance : count=251, total=0.435pF, avg=0.002pF, sd=0.000pF, min=0.002pF, max=0.002pF
          wire capacitance : top=0.000pF, trunk=0.014pF, leaf=0.160pF, total=0.173pF
          wire lengths     : top=0.000um, trunk=115.420um, leaf=1310.220um, total=1425.640um
          hp wire lengths  : top=0.000um, trunk=0.000um, leaf=351.625um, total=351.625um
        Clock DAG net violations before routing clock trees: none
        Clock DAG primary half-corner transition distribution before routing clock trees:
          Trunk : target=0.600ns count=1 avg=0.003ns sd=0.000ns min=0.003ns max=0.003ns {1 <= 0.360ns, 0 <= 0.480ns, 0 <= 0.540ns, 0 <= 0.570ns, 0 <= 0.600ns}
          Leaf  : target=0.600ns count=3 avg=0.126ns sd=0.001ns min=0.125ns max=0.126ns {3 <= 0.360ns, 0 <= 0.480ns, 0 <= 0.540ns, 0 <= 0.570ns, 0 <= 0.600ns}
        Clock DAG library cell distribution before routing clock trees {count}:
           Bufs: CLKBUFX16: 3 
        Primary reporting skew groups before routing clock trees:
          skew_group clk/sdc1: insertion delay [min=0.188, max=0.193, avg=0.191, sd=0.001], skew [0.005 vs 0.180], 100% {0.188, 0.193} (wid=0.015 ws=0.004) (gid=0.179 gs=0.002)
        Skew group summary before routing clock trees:
          skew_group clk/sdc1: insertion delay [min=0.188, max=0.193, avg=0.191, sd=0.001], skew [0.005 vs 0.180], 100% {0.188, 0.193} (wid=0.015 ws=0.004) (gid=0.179 gs=0.002)
      eGRPC done.
    Calling post conditioning for eGRPC done.
  eGR Post Conditioning loop iteration 0 done.
  Refine place not called during Post Conditioning. Calling it now the eGR->PC Loop is complete.
  Leaving CCOpt scope - ClockRefiner...
  Performing Single Pass Refine Place.
*** Starting refinePlace (0:00:40.5 mem=1396.3M) ***
Total net bbox length = 1.471e+04 (8.035e+03 6.679e+03) (ext = 8.284e+02)
Move report: Detail placement moves 37 insts, mean move: 1.70 um, max move: 4.93 um
	Max move on inst (u_account_balance/g13427): (11.89, 11.89) --> (14.21, 14.50)
	Runtime: CPU: 0:00:00.0 REAL: 0:00:00.0 MEM: 1396.3MB
Summary Report:
Instances move: 37 (out of 713 movable)
Instances flipped: 0
Mean displacement: 1.70 um
Max displacement: 4.93 um (Instance: u_account_balance/g13427) (11.89, 11.89) -> (14.21, 14.5)
	Length: 8 sites, height: 1 rows, site name: gsclib090site, cell type: AOI22X1
Total net bbox length = 1.476e+04 (8.060e+03 6.702e+03) (ext = 8.284e+02)
Runtime: CPU: 0:00:00.0 REAL: 0:00:00.0 MEM: 1396.3MB
*** Finished refinePlace (0:00:40.5 mem=1396.3M) ***
  ClockRefiner summary
  All clock instances: Moved 18, flipped 0 and cell swapped 0 (out of a total of 254).
  The largest move was 2.03 um for u_account_balance/balance_db_reg[3][5].
  Leaving CCOpt scope - ClockRefiner done. (took cpu=0:00:00.0 real=0:00:00.0)
  CCOpt::Phase::eGRPC done. (took cpu=0:00:00.3 real=0:00:00.3)
  CCOpt::Phase::Routing...
  Clock implementation routing...
    Leaving CCOpt scope - Routing Tools...
Net route status summary:
  Clock:         4 (unrouted=0, trialRouted=0, noStatus=0, routed=0, fixed=4, [crossesIlmBoundary=0, tooFewTerms=0, (crossesIlmBoundary AND tooFewTerms=0)])
  Non-clock:  1358 (unrouted=639, trialRouted=719, noStatus=0, routed=0, fixed=0, [crossesIlmBoundary=0, tooFewTerms=637, (crossesIlmBoundary AND tooFewTerms=0)])
    Routing using eGR in eGR->NR Step...
      Early Global Route - eGR->NR step...
(ccopt eGR): There are 4 nets for routing of which 4 have one or more fixed wires.
(ccopt eGR): Start to route 4 all nets
[NR-eGR] Track table information for default rule: 
[NR-eGR] Metal1 has no routable track
[NR-eGR] Metal2 has single uniform track structure
[NR-eGR] Metal3 has single uniform track structure
[NR-eGR] Metal4 has single uniform track structure
[NR-eGR] Metal5 has single uniform track structure
[NR-eGR] Metal6 has single uniform track structure
[NR-eGR] Metal7 has single uniform track structure
[NR-eGR] Metal8 has single uniform track structure
[NR-eGR] Metal9 has single uniform track structure
[NR-eGR] Started Read PG Shapes ( Curr Mem: 1396.31 MB )
[NR-eGR] Read 7482 PG shapes
[NR-eGR] Finished Read PG Shapes ( CPU: 0.00 sec, Real: 0.00 sec, Curr Mem: 1396.31 MB )
[NR-eGR] #Routing Blockages  : 0
[NR-eGR] #Instance Blockages : 0
[NR-eGR] #PG Blockages       : 7482
[NR-eGR] #Halo Blockages     : 0
[NR-eGR] #Boundary Blockages : 0
[NR-eGR] Num Prerouted Nets = 0  Num Prerouted Wires = 0
[NR-eGR] Read numTotalNets=723  numIgnoredNets=719
[NR-eGR] Connected 0 must-join pins/ports
[NR-eGR] There are 4 clock nets ( 4 with NDR ).
[NR-eGR] ============ Routing rule table ============
[NR-eGR] Rule id: 0  Nets: 4 
[NR-eGR] Rule id: 1  Nets: 0 
[NR-eGR] ========================================
[NR-eGR] 
[NR-eGR] Layer group 1: route 4 net(s) in layer range [3, 4]
[NR-eGR] Early Global Route overflow of layer group 1: 0.00% H + 0.00% V. EstWL: 1.357200e+03um
[NR-eGR] Create a new net group with 2 nets and layer range [3, 6]
[NR-eGR] Layer group 2: route 2 net(s) in layer range [3, 6]
[NR-eGR] Early Global Route overflow of layer group 2: 0.00% H + 0.00% V. EstWL: 1.354590e+03um
[NR-eGR] Create a new net group with 2 nets and layer range [3, 8]
[NR-eGR] Layer group 3: route 2 net(s) in layer range [3, 8]
[NR-eGR] Early Global Route overflow of layer group 3: 0.00% H + 0.00% V. EstWL: 1.354590e+03um
[NR-eGR] Create a new net group with 2 nets and layer range [3, 9]
[NR-eGR] Layer group 4: route 2 net(s) in layer range [3, 9]
[NR-eGR] Early Global Route overflow of layer group 4: 0.00% H + 0.00% V. EstWL: 1.354590e+03um
[NR-eGR] Create a new net group with 1 nets and layer range [2, 9]
[NR-eGR] Layer group 5: route 1 net(s) in layer range [2, 9]
[NR-eGR] Early Global Route overflow of layer group 5: 0.00% H + 0.00% V. EstWL: 1.759140e+03um
[NR-eGR] Congestion Analysis By layer: (blocked Gcells are excluded) 
[NR-eGR]                        OverCon            
[NR-eGR]                         #Gcell     %Gcell
[NR-eGR]       Layer                (0)    OverCon 
[NR-eGR] ----------------------------------------------
[NR-eGR]  Metal1  (1)         0( 0.00%)   ( 0.00%) 
[NR-eGR]  Metal2  (2)         0( 0.00%)   ( 0.00%) 
[NR-eGR]  Metal3  (3)         0( 0.00%)   ( 0.00%) 
[NR-eGR]  Metal4  (4)         0( 0.00%)   ( 0.00%) 
[NR-eGR]  Metal5  (5)         0( 0.00%)   ( 0.00%) 
[NR-eGR]  Metal6  (6)         0( 0.00%)   ( 0.00%) 
[NR-eGR]  Metal7  (7)         0( 0.00%)   ( 0.00%) 
[NR-eGR]  Metal8  (8)         0( 0.00%)   ( 0.00%) 
[NR-eGR]  Metal9  (9)         0( 0.00%)   ( 0.00%) 
[NR-eGR] ----------------------------------------------
[NR-eGR] Total                0( 0.00%)   ( 0.00%) 
[NR-eGR] 
[NR-eGR] Overflow after Early Global Route (GR compatible) 0.00% H + 0.00% V
[NR-eGR] Overflow after Early Global Route 0.00% H + 0.00% V
[NR-eGR] Started Export DB wires ( Curr Mem: 1396.31 MB )
[NR-eGR] Started Export route guide file ( Curr Mem: 1396.31 MB )
[NR-eGR] Finished Export route guide file ( CPU: 0.01 sec, Real: 0.00 sec, Curr Mem: 1396.31 MB )
[NR-eGR] Started Export all nets ( Curr Mem: 1396.31 MB )
[NR-eGR] Finished Export all nets ( CPU: 0.00 sec, Real: 0.00 sec, Curr Mem: 1396.31 MB )
[NR-eGR] Started Set wire vias ( Curr Mem: 1396.31 MB )
[NR-eGR] Finished Set wire vias ( CPU: 0.00 sec, Real: 0.00 sec, Curr Mem: 1396.31 MB )
[NR-eGR] Finished Export DB wires ( CPU: 0.01 sec, Real: 0.00 sec, Curr Mem: 1396.31 MB )
[NR-eGR] --------------------------------------------------------------------------
[NR-eGR] Metal1  (1F) length: 0.000000e+00um, number of vias: 3021
[NR-eGR] Metal2  (2V) length: 7.596845e+03um, number of vias: 4572
[NR-eGR] Metal3  (3H) length: 9.480455e+03um, number of vias: 450
[NR-eGR] Metal4  (4V) length: 2.400185e+03um, number of vias: 119
[NR-eGR] Metal5  (5H) length: 1.200455e+03um, number of vias: 2
[NR-eGR] Metal6  (6V) length: 2.900000e-01um, number of vias: 0
[NR-eGR] Metal7  (7H) length: 0.000000e+00um, number of vias: 0
[NR-eGR] Metal8  (8V) length: 0.000000e+00um, number of vias: 0
[NR-eGR] Metal9  (9H) length: 0.000000e+00um, number of vias: 0
[NR-eGR] Total length: 2.067823e+04um, number of vias: 8164
[NR-eGR] --------------------------------------------------------------------------
[NR-eGR] Total eGR-routed clock nets wire length: 1.416070e+03um 
[NR-eGR] --------------------------------------------------------------------------
[NR-eGR] Report for selected net(s) only.
[NR-eGR] Metal1  (1H) length: 0.000000e+00um, number of vias: 257
[NR-eGR] Metal2  (2V) length: 3.794650e+02um, number of vias: 322
[NR-eGR] Metal3  (3H) length: 6.771500e+02um, number of vias: 110
[NR-eGR] Metal4  (4V) length: 3.585850e+02um, number of vias: 4
[NR-eGR] Metal5  (5H) length: 8.700000e-01um, number of vias: 0
[NR-eGR] Metal6  (6V) length: 0.000000e+00um, number of vias: 0
[NR-eGR] Metal7  (7H) length: 0.000000e+00um, number of vias: 0
[NR-eGR] Metal8  (8V) length: 0.000000e+00um, number of vias: 0
[NR-eGR] Metal9  (9H) length: 0.000000e+00um, number of vias: 0
[NR-eGR] Total length: 1.416070e+03um, number of vias: 693
[NR-eGR] --------------------------------------------------------------------------
[NR-eGR] Total routed clock nets wire length: 1.416070e+03um, number of vias: 693
[NR-eGR] --------------------------------------------------------------------------
[NR-eGR] Finished Early Global Route kernel ( CPU: 0.14 sec, Real: 0.16 sec, Curr Mem: 1396.31 MB )
Generated NR early global route guides for clocks to: /tmp/innovus_temp_21512_edatools-server2.iiitd.edu.in_prerana25172_nWRcoA/.rgfFWp8ze
      Early Global Route - eGR->NR step done. (took cpu=0:00:00.2 real=0:00:00.2)
    Routing using eGR in eGR->NR Step done.
    Routing using NR in eGR->NR Step...

CCOPT: Preparing to route 4 clock nets with NanoRoute.
  All net are default rule.
  Removed pre-existing routes for 4 nets.
  Preferred NanoRoute mode settings: Current
**WARN: (IMPTCM-77):	Option "-routeExpDeterministicMultiThread" for command setNanoRouteMode is obsolete and will be removed in a future release. The obsolete option still works in this release but to avoid this warning and to ensure compatibility with future releases, remove the obsolete option from your script.
#WARNING (NRIF-47) This option supports a feature that is under development and experimental, use at your own risk.
#WARNING (NRIF-47) This option supports a feature that is under development and experimental, use at your own risk.
      Clock detailed routing...
        NanoRoute...
% Begin globalDetailRoute (date=11/10 17:51:26, mem=1024.0M)

globalDetailRoute

#Start globalDetailRoute on Mon Nov 10 17:51:26 2025
#
#WARNING (NRIG-1303) Congestion map does not match the GCELL grid, clearing map.
#WARNING (NRIG-39) NanoRoute cannot route to pin PIN/scan_en of net scan_en because it might be a logical pin and does not have physical shapes. To fix the problem, check the pin connection in the netlist and ensure the pin shapes exist in the floorplan.
#WARNING (NRIG-39) NanoRoute cannot route to pin PIN/DFT_sdi_1 of net DFT_sdi_1 because it might be a logical pin and does not have physical shapes. To fix the problem, check the pin connection in the netlist and ensure the pin shapes exist in the floorplan.
#WARNING (NRIG-39) NanoRoute cannot route to pin PIN/DFT_sdi_2 of net DFT_sdi_2 because it might be a logical pin and does not have physical shapes. To fix the problem, check the pin connection in the netlist and ensure the pin shapes exist in the floorplan.
#WARNING (NRIG-39) NanoRoute cannot route to pin PIN/DFT_sdo_1 of net DFT_sdo_1 because it might be a logical pin and does not have physical shapes. To fix the problem, check the pin connection in the netlist and ensure the pin shapes exist in the floorplan.
#WARNING (NRIG-39) NanoRoute cannot route to pin PIN/DFT_sdo_2 of net DFT_sdo_2 because it might be a logical pin and does not have physical shapes. To fix the problem, check the pin connection in the netlist and ensure the pin shapes exist in the floorplan.
#num needed restored net=0
#need_extraction net=0 (total=1362)
#NanoRoute Version 20.10-p004_1 NR200413-0234/20_10-UB
#Skip comparing routing design signature in db-snapshot flow
#Start routing data preparation on Mon Nov 10 17:51:26 2025
#
#Minimum voltage of a net in the design = 0.000.
#Maximum voltage of a net in the design = 0.900.
#Voltage range [0.000 - 0.900] has 1358 nets.
#Voltage range [0.000 - 0.000] has 3 nets.
#Voltage range [0.900 - 0.900] has 1 net.
# Metal1       H   Track-Pitch = 0.29000    Line-2-Via Pitch = 0.25500
# Metal2       V   Track-Pitch = 0.29000    Line-2-Via Pitch = 0.28500
# Metal3       H   Track-Pitch = 0.29000    Line-2-Via Pitch = 0.28500
# Metal4       V   Track-Pitch = 0.29000    Line-2-Via Pitch = 0.28500
# Metal5       H   Track-Pitch = 0.29000    Line-2-Via Pitch = 0.28500
# Metal6       V   Track-Pitch = 0.29000    Line-2-Via Pitch = 0.28500
# Metal7       H   Track-Pitch = 0.29000    Line-2-Via Pitch = 0.28500
# Metal8       V   Track-Pitch = 0.87000    Line-2-Via Pitch = 0.85000
# Metal9       H   Track-Pitch = 0.87000    Line-2-Via Pitch = 0.85000
#Monitoring time of adding inner blkg by smac
#cpu time = 00:00:00, elapsed time = 00:00:00, memory = 999.98 (MB), peak = 1048.37 (MB)
#Regenerating Ggrids automatically.
#Auto generating G-grids with size=15 tracks, using layer Metal3's pitch = 0.29000.
#Using automatically generated G-grids.
#Done routing data preparation.
#cpu time = 00:00:02, elapsed time = 00:00:02, memory = 1000.34 (MB), peak = 1048.37 (MB)
#reading routing guides ......
#
#Finished routing data preparation on Mon Nov 10 17:51:27 2025
#
#Cpu time = 00:00:02
#Elapsed time = 00:00:02
#Increased memory = 5.89 (MB)
#Total memory = 1000.46 (MB)
#Peak memory = 1048.37 (MB)
#
#
#Start global routing on Mon Nov 10 17:51:27 2025
#
#
#Start global routing initialization on Mon Nov 10 17:51:27 2025
#
#Number of eco nets is 0
#
#Start global routing data preparation on Mon Nov 10 17:51:27 2025
#
#Start routing resource analysis on Mon Nov 10 17:51:27 2025
#
#Routing resource analysis is done on Mon Nov 10 17:51:28 2025
#
#  Resource Analysis:
#
#               Routing  #Avail      #Track     #Total     %Gcell
#  Layer      Direction   Track     Blocked      Gcell    Blocked
#  --------------------------------------------------------------
#  Metal1         H         352           0         552    79.17%
#  Metal2         V         367           0         552     0.00%
#  Metal3         H         352           0         552     0.00%
#  Metal4         V         367           0         552     0.00%
#  Metal5         H         352           0         552     0.00%
#  Metal6         V         367           0         552     0.00%
#  Metal7         H         352           0         552     0.00%
#  Metal8         V         122           0         552     8.70%
#  Metal9         H         117           0         552    13.22%
#  --------------------------------------------------------------
#  Total                   2748       0.00%        4968    11.23%
#
#  4 nets (0.29%) with 1 preferred extra spacing.
#
#
#
#Global routing data preparation is done on Mon Nov 10 17:51:28 2025
#
#cpu time = 00:00:00, elapsed time = 00:00:00, memory = 1000.82 (MB), peak = 1048.37 (MB)
#
#Routing guide is on.
#
#Global routing initialization is done on Mon Nov 10 17:51:28 2025
#
#cpu time = 00:00:00, elapsed time = 00:00:00, memory = 1000.88 (MB), peak = 1048.37 (MB)
#
#start global routing iteration 1...
#cpu time = 00:00:00, elapsed time = 00:00:00, memory = 1003.86 (MB), peak = 1048.37 (MB)
#
#start global routing iteration 2...
#cpu time = 00:00:00, elapsed time = 00:00:00, memory = 1003.95 (MB), peak = 1048.37 (MB)
#
#
#Total number of trivial nets (e.g. < 2 pins) = 639 (skipped).
#Total number of selected nets for routing = 4.
#Total number of unselected nets (but routable) for routing = 719 (skipped).
#Total number of nets in the design = 1362.
#
#719 skipped nets do not have any wires.
#4 routable nets have only global wires.
#4 global routed or unrouted (routable) nets have been constrained (e.g. have preferred extra spacing, require shielding etc.)
#
#Routed net constraints summary:
#------------------------------------------------
#        Rules   Pref Extra Space   Unconstrained  
#------------------------------------------------
#      Default                  4               0  
#------------------------------------------------
#        Total                  4               0  
#------------------------------------------------
#
#Routing constraints summary of the whole design:
#------------------------------------------------
#        Rules   Pref Extra Space   Unconstrained  
#------------------------------------------------
#      Default                  4             719  
#------------------------------------------------
#        Total                  4             719  
#------------------------------------------------
#
#
#  Congestion Analysis: (blocked Gcells are excluded)
#
#                 OverCon          
#                  #Gcell    %Gcell
#     Layer           (1)   OverCon
#  --------------------------------
#  Metal1        0(0.00%)   (0.00%)
#  Metal2        0(0.00%)   (0.00%)
#  Metal3        0(0.00%)   (0.00%)
#  Metal4        0(0.00%)   (0.00%)
#  Metal5        0(0.00%)   (0.00%)
#  Metal6        0(0.00%)   (0.00%)
#  Metal7        0(0.00%)   (0.00%)
#  Metal8        0(0.00%)   (0.00%)
#  Metal9        0(0.00%)   (0.00%)
#  --------------------------------
#     Total      0(0.00%)   (0.00%)
#
#  The worst congested Gcell overcon (routing demand over resource in number of tracks) = 1
#  Overflow after GR: 0.00% H + 0.00% V
#
#Complete Global Routing.
#Total number of nets with non-default rule or having extra spacing = 4
#Total wire length = 1351 um.
#Total half perimeter of net bounding box = 467 um.
#Total wire length on LAYER Metal1 = 0 um.
#Total wire length on LAYER Metal2 = 316 um.
#Total wire length on LAYER Metal3 = 657 um.
#Total wire length on LAYER Metal4 = 378 um.
#Total wire length on LAYER Metal5 = 0 um.
#Total wire length on LAYER Metal6 = 0 um.
#Total wire length on LAYER Metal7 = 0 um.
#Total wire length on LAYER Metal8 = 0 um.
#Total wire length on LAYER Metal9 = 0 um.
#Total number of vias = 529
#Up-Via Summary (total 529):
#           
#-----------------------
# Metal1            257
# Metal2            182
# Metal3             90
#-----------------------
#                   529 
#
#Total number of involved priority nets 4
#Maximum src to sink distance for priority net 119.4
#Average of max src_to_sink distance for priority net 101.3
#Average of ave src_to_sink distance for priority net 57.8
#Max overcon = 0 track.
#Total overcon = 0.00%.
#Worst layer Gcell overcon rate = 0.00%.
#
#Global routing statistics:
#Cpu time = 00:00:00
#Elapsed time = 00:00:00
#Increased memory = 3.61 (MB)
#Total memory = 1004.08 (MB)
#Peak memory = 1048.37 (MB)
#
#Finished global routing on Mon Nov 10 17:51:28 2025
#
#
#reading routing guides ......
#cpu time = 00:00:00, elapsed time = 00:00:00, memory = 1004.11 (MB), peak = 1048.37 (MB)
#Start Track Assignment.
#Done with 124 horizontal wires in 1 hboxes and 138 vertical wires in 1 hboxes.
#Done with 125 horizontal wires in 1 hboxes and 140 vertical wires in 1 hboxes.
#Complete Track Assignment.
#Total number of nets with non-default rule or having extra spacing = 4
#Total wire length = 1507 um.
#Total half perimeter of net bounding box = 467 um.
#Total wire length on LAYER Metal1 = 132 um.
#Total wire length on LAYER Metal2 = 326 um.
#Total wire length on LAYER Metal3 = 665 um.
#Total wire length on LAYER Metal4 = 384 um.
#Total wire length on LAYER Metal5 = 0 um.
#Total wire length on LAYER Metal6 = 0 um.
#Total wire length on LAYER Metal7 = 0 um.
#Total wire length on LAYER Metal8 = 0 um.
#Total wire length on LAYER Metal9 = 0 um.
#Total number of vias = 529
#Up-Via Summary (total 529):
#           
#-----------------------
# Metal1            257
# Metal2            182
# Metal3             90
#-----------------------
#                   529 
#
#cpu time = 00:00:00, elapsed time = 00:00:00, memory = 1004.34 (MB), peak = 1048.37 (MB)
#
#Routing data preparation, pin analysis, global routing and track assignment statistics:
#Cpu time = 00:00:02
#Elapsed time = 00:00:02
#Increased memory = 9.83 (MB)
#Total memory = 1004.35 (MB)
#Peak memory = 1048.37 (MB)
#
#Start Detail Routing..
#start initial detail routing ...
# ECO: 0.0% of the total area was rechecked for DRC, and 100.0% required routing.
#   number of violations = 0
#cpu time = 00:00:01, elapsed time = 00:00:01, memory = 1012.44 (MB), peak = 1048.37 (MB)
#Complete Detail Routing.
#Total number of nets with non-default rule or having extra spacing = 4
#Total wire length = 1530 um.
#Total half perimeter of net bounding box = 467 um.
#Total wire length on LAYER Metal1 = 0 um.
#Total wire length on LAYER Metal2 = 94 um.
#Total wire length on LAYER Metal3 = 843 um.
#Total wire length on LAYER Metal4 = 593 um.
#Total wire length on LAYER Metal5 = 0 um.
#Total wire length on LAYER Metal6 = 0 um.
#Total wire length on LAYER Metal7 = 0 um.
#Total wire length on LAYER Metal8 = 0 um.
#Total wire length on LAYER Metal9 = 0 um.
#Total number of vias = 672
#Up-Via Summary (total 672):
#           
#-----------------------
# Metal1            257
# Metal2            238
# Metal3            177
#-----------------------
#                   672 
#
#Total number of DRC violations = 0
#Cpu time = 00:00:01
#Elapsed time = 00:00:01
#Increased memory = 4.51 (MB)
#Total memory = 1008.87 (MB)
#Peak memory = 1048.37 (MB)
#detailRoute Statistics:
#Cpu time = 00:00:01
#Elapsed time = 00:00:01
#Increased memory = 4.54 (MB)
#Total memory = 1008.88 (MB)
#Peak memory = 1048.37 (MB)
#Skip updating routing design signature in db-snapshot flow
#
#globalDetailRoute statistics:
#Cpu time = 00:00:03
#Elapsed time = 00:00:03
#Increased memory = -5.02 (MB)
#Total memory = 1019.01 (MB)
#Peak memory = 1048.37 (MB)
#Number of warnings = 6
#Total number of warnings = 16
#Number of fails = 0
#Total number of fails = 0
#Complete globalDetailRoute on Mon Nov 10 17:51:29 2025
#
% End globalDetailRoute (date=11/10 17:51:29, total cpu=0:00:03.5, real=0:00:03.0, peak res=1024.0M, current mem=1019.0M)
        NanoRoute done. (took cpu=0:00:03.5 real=0:00:03.5)
      Clock detailed routing done.
Checking guided vs. routed lengths for 4 nets...

      
      Guided max path lengths
      =======================
      
      ---------------------------------------
      From (um)    To (um)    Number of paths
      ---------------------------------------
        80.000     100.000           2
       100.000     120.000           2
      ---------------------------------------
      
      Deviation of routing from guided max path lengths
      =================================================
      
      -------------------------------------
      From (%)    To (%)    Number of paths
      -------------------------------------
      below       0.000            2
       0.000      1.000            1
       1.000      2.000            0
       2.000      3.000            0
       3.000      4.000            0
       4.000      5.000            1
      -------------------------------------
      

    Top 4 notable deviations of routed length from guided length
    =============================================================

    Net u_account_balance/CTS_1 (85 terminals)
    Guided length:  max path =    81.490um, total =   429.777um
    Routed length:  max path =    82.070um, total =   525.900um
    Deviation:      max path =     0.712%,  total =    22.366%

    Net CTS_2 (83 terminals)
    Guided length:  max path =    83.230um, total =   431.375um
    Routed length:  max path =    87.290um, total =   520.075um
    Deviation:      max path =     4.878%,  total =    20.562%

    Net CTS_3 (86 terminals)
    Guided length:  max path =   106.430um, total =   416.150um
    Routed length:  max path =   100.050um, total =   489.645um
    Deviation:      max path =    -5.995%,  total =    17.661%

    Net clk (4 terminals)
    Guided length:  max path =   115.420um, total =   115.420um
    Routed length:  max path =   114.985um, total =   117.045um
    Deviation:      max path =    -0.377%,  total =     1.408%

Set FIXED routing status on 4 net(s)
Set FIXED placed status on 3 instance(s)
      Route Remaining Unrouted Nets...
Running earlyGlobalRoute to complete any remaining unrouted nets.
Updating RC grid for preRoute extraction ...
Initializing multi-corner resistance tables ...
[NR-eGR] Started Early Global Route kernel ( Curr Mem: 1366.73 MB )
[NR-eGR] Track table information for default rule: 
[NR-eGR] Metal1 has no routable track
[NR-eGR] Metal2 has single uniform track structure
[NR-eGR] Metal3 has single uniform track structure
[NR-eGR] Metal4 has single uniform track structure
[NR-eGR] Metal5 has single uniform track structure
[NR-eGR] Metal6 has single uniform track structure
[NR-eGR] Metal7 has single uniform track structure
[NR-eGR] Metal8 has single uniform track structure
[NR-eGR] Metal9 has single uniform track structure
[NR-eGR] Started Read PG Shapes ( Curr Mem: 1366.73 MB )
[NR-eGR] Read 5806 PG shapes
[NR-eGR] Finished Read PG Shapes ( CPU: 0.00 sec, Real: 0.00 sec, Curr Mem: 1366.73 MB )
[NR-eGR] #Routing Blockages  : 0
[NR-eGR] #Instance Blockages : 0
[NR-eGR] #PG Blockages       : 5806
[NR-eGR] #Halo Blockages     : 0
[NR-eGR] #Boundary Blockages : 0
[NR-eGR] Num Prerouted Nets = 4  Num Prerouted Wires = 683
[NR-eGR] Read numTotalNets=723  numIgnoredNets=4
[NR-eGR] ============ Routing rule table ============
[NR-eGR] Rule id: 0  Nets: 0 
[NR-eGR] Rule id: 1  Nets: 719 
[NR-eGR] ========================================
[NR-eGR] 
[NR-eGR] Layer group 1: route 719 net(s) in layer range [2, 9]
[NR-eGR] Early Global Route overflow of layer group 1: 0.00% H + 0.00% V. EstWL: 1.835613e+04um
[NR-eGR] Congestion Analysis By layer: (blocked Gcells are excluded) 
[NR-eGR]                        OverCon            
[NR-eGR]                         #Gcell     %Gcell
[NR-eGR]       Layer                (0)    OverCon 
[NR-eGR] ----------------------------------------------
[NR-eGR]  Metal1  (1)         0( 0.00%)   ( 0.00%) 
[NR-eGR]  Metal2  (2)         0( 0.00%)   ( 0.00%) 
[NR-eGR]  Metal3  (3)         0( 0.00%)   ( 0.00%) 
[NR-eGR]  Metal4  (4)         0( 0.00%)   ( 0.00%) 
[NR-eGR]  Metal5  (5)         0( 0.00%)   ( 0.00%) 
[NR-eGR]  Metal6  (6)         0( 0.00%)   ( 0.00%) 
[NR-eGR]  Metal7  (7)         0( 0.00%)   ( 0.00%) 
[NR-eGR]  Metal8  (8)         0( 0.00%)   ( 0.00%) 
[NR-eGR]  Metal9  (9)         0( 0.00%)   ( 0.00%) 
[NR-eGR] ----------------------------------------------
[NR-eGR] Total                0( 0.00%)   ( 0.00%) 
[NR-eGR] 
[NR-eGR] Overflow after Early Global Route (GR compatible) 0.00% H + 0.00% V
[NR-eGR] Overflow after Early Global Route 0.00% H + 0.00% V
[NR-eGR] Started Export DB wires ( Curr Mem: 1366.73 MB )
[NR-eGR] Started Export all nets ( Curr Mem: 1366.73 MB )
[NR-eGR] Finished Export all nets ( CPU: 0.00 sec, Real: 0.00 sec, Curr Mem: 1366.73 MB )
[NR-eGR] Started Set wire vias ( Curr Mem: 1366.73 MB )
[NR-eGR] Finished Set wire vias ( CPU: 0.00 sec, Real: 0.00 sec, Curr Mem: 1366.73 MB )
[NR-eGR] Finished Export DB wires ( CPU: 0.00 sec, Real: 0.01 sec, Curr Mem: 1366.73 MB )
[NR-eGR] --------------------------------------------------------------------------
[NR-eGR] Metal1  (1F) length: 0.000000e+00um, number of vias: 3021
[NR-eGR] Metal2  (2V) length: 7.396615e+03um, number of vias: 4508
[NR-eGR] Metal3  (3H) length: 9.465955e+03um, number of vias: 537
[NR-eGR] Metal4  (4V) length: 2.608695e+03um, number of vias: 143
[NR-eGR] Metal5  (5H) length: 1.362130e+03um, number of vias: 0
[NR-eGR] Metal6  (6V) length: 0.000000e+00um, number of vias: 0
[NR-eGR] Metal7  (7H) length: 0.000000e+00um, number of vias: 0
[NR-eGR] Metal8  (8V) length: 0.000000e+00um, number of vias: 0
[NR-eGR] Metal9  (9H) length: 0.000000e+00um, number of vias: 0
[NR-eGR] Total length: 2.083340e+04um, number of vias: 8209
[NR-eGR] --------------------------------------------------------------------------
[NR-eGR] Total eGR-routed clock nets wire length: 0.000000e+00um 
[NR-eGR] --------------------------------------------------------------------------
[NR-eGR] Finished Early Global Route kernel ( CPU: 0.11 sec, Real: 0.10 sec, Curr Mem: 1366.73 MB )
      Route Remaining Unrouted Nets done. (took cpu=0:00:00.1 real=0:00:00.1)
    Routing using NR in eGR->NR Step done.
Net route status summary:
  Clock:         4 (unrouted=0, trialRouted=0, noStatus=0, routed=0, fixed=4, [crossesIlmBoundary=0, tooFewTerms=0, (crossesIlmBoundary AND tooFewTerms=0)])
  Non-clock:  1358 (unrouted=639, trialRouted=719, noStatus=0, routed=0, fixed=0, [crossesIlmBoundary=0, tooFewTerms=637, (crossesIlmBoundary AND tooFewTerms=0)])

CCOPT: Done with clock implementation routing.

    Leaving CCOpt scope - Routing Tools done. (took cpu=0:00:03.8 real=0:00:03.8)
  Clock implementation routing done.
  Leaving CCOpt scope - extractRC...
  Updating RC parasitics by calling: "extractRC -noRouteCheck"...
Extraction called for design 'toll_gate' of instances=713 and nets=1362 using extraction engine 'preRoute' .
PreRoute RC Extraction called for design toll_gate.
RC Extraction called in multi-corner(1) mode.
**WARN: (IMPEXT-6197):	The Cap table file is not specified. This will result in lower parasitic accuracy when using preRoute extraction or postRoute extraction with effort level 'low'. It is recommended to generate the Cap table file using the 'generateCapTbl' command and specify it before extraction using 'create_rc_corner/update_rc_corner -cap_table'.
Type 'man IMPEXT-6197' for more detail.
RCMode: PreRoute
      RC Corner Indexes            0   
Capacitance Scaling Factor   : 1.00000 
Resistance Scaling Factor    : 1.00000 
Clock Cap. Scaling Factor    : 1.00000 
Clock Res. Scaling Factor    : 1.00000 
Shrink Factor                : 1.00000
PreRoute extraction is honoring NDR/Shielding/ExtraSpace for clock nets.
Updating RC grid for preRoute extraction ...
Initializing multi-corner resistance tables ...
PreRoute RC Extraction DONE (CPU Time: 0:00:00.0  Real Time: 0:00:00.0  MEM: 1366.727M)
  Updating RC parasitics by calling: "extractRC -noRouteCheck" done.
  Leaving CCOpt scope - extractRC done. (took cpu=0:00:00.0 real=0:00:00.0)
  Clock tree timing engine global stage delay update for delay1:both.late...
  Clock tree timing engine global stage delay update for delay1:both.late done. (took cpu=0:00:00.0 real=0:00:00.0)
  Clock DAG stats after routing clock trees:
    cell counts      : b=3, i=0, icg=0, nicg=0, l=0, total=3
    cell areas       : b=63.580um^2, i=0.000um^2, icg=0.000um^2, nicg=0.000um^2, l=0.000um^2, total=63.580um^2
    cell capacitance : b=0.032pF, i=0.000pF, icg=0.000pF, nicg=0.000pF, l=0.000pF, total=0.032pF
    sink capacitance : count=251, total=0.435pF, avg=0.002pF, sd=0.000pF, min=0.002pF, max=0.002pF
    wire capacitance : top=0.000pF, trunk=0.014pF, leaf=0.171pF, total=0.185pF
    wire lengths     : top=0.000um, trunk=114.985um, leaf=1414.765um, total=1529.750um
    hp wire lengths  : top=0.000um, trunk=0.000um, leaf=351.625um, total=351.625um
  Clock DAG net violations after routing clock trees: none
  Clock DAG primary half-corner transition distribution after routing clock trees:
    Trunk : target=0.600ns count=1 avg=0.003ns sd=0.000ns min=0.003ns max=0.003ns {1 <= 0.360ns, 0 <= 0.480ns, 0 <= 0.540ns, 0 <= 0.570ns, 0 <= 0.600ns}
    Leaf  : target=0.600ns count=3 avg=0.127ns sd=0.001ns min=0.126ns max=0.128ns {3 <= 0.360ns, 0 <= 0.480ns, 0 <= 0.540ns, 0 <= 0.570ns, 0 <= 0.600ns}
  Clock DAG library cell distribution after routing clock trees {count}:
     Bufs: CLKBUFX16: 3 
  Primary reporting skew groups after routing clock trees:
    skew_group clk/sdc1: insertion delay [min=0.191, max=0.195, avg=0.193, sd=0.001], skew [0.004 vs 0.180], 100% {0.191, 0.195} (wid=0.015 ws=0.004) (gid=0.181 gs=0.002)
  Skew group summary after routing clock trees:
    skew_group clk/sdc1: insertion delay [min=0.191, max=0.195, avg=0.193, sd=0.001], skew [0.004 vs 0.180], 100% {0.191, 0.195} (wid=0.015 ws=0.004) (gid=0.181 gs=0.002)
  CCOpt::Phase::Routing done. (took cpu=0:00:03.9 real=0:00:03.9)
  CCOpt::Phase::PostConditioning...
  Post Conditioning - Blocking space for clock sinks to ensure they remain legal.
  Removing CTS place status from clock tree and sinks.
  Switching to inst based legalization.
  PostConditioning...
    PostConditioning active optimizations:
     - DRV fixing with cell sizing and buffering
     - Skew fixing with cell sizing
    
    Currently running CTS, using active skew data
    Reset bufferability constraints...
    Resetting previous bufferability status on all nets so that PostConditioning will attempt to fix all clock tree violations.
    Reset bufferability constraints done. (took cpu=0:00:00.0 real=0:00:00.0)
    PostConditioning Upsizing To Fix DRVs...
      Fixing clock tree DRVs with upsizing: ...20% ...40% ...60% ...80% ...100% 
      CCOpt-PostConditioning: considered: 4, tested: 4, violation detected: 0, violation ignored (due to small violation): 0, cannot run: 0, attempted: 0, unsuccessful: 0, sized: 0
      
      PRO Statistics: Fix DRVs (initial upsizing):
      ============================================
      
      Cell changes by Net Type:
      
      -------------------------------------------------------------------------------------------------
      Net Type    Attempted    Upsized     Downsized    Swapped Same Size    Total Changed    Not Sized
      -------------------------------------------------------------------------------------------------
      top                0            0           0            0                    0                0
      trunk              0            0           0            0                    0                0
      leaf               0            0           0            0                    0                0
      -------------------------------------------------------------------------------------------------
      Total              0            0           0            0                    0                0
      -------------------------------------------------------------------------------------------------
      
      Upsized: 0, Downsized: 0, Sized but same area: 0, Unchanged: 0, Area change: 0.000um^2 (0.000%)
      Max. move: 0.000um, Min. move: 0.000um, Avg. move: N/A
      
      Clock DAG stats after 'PostConditioning Upsizing To Fix DRVs':
        cell counts      : b=3, i=0, icg=0, nicg=0, l=0, total=3
        cell areas       : b=63.580um^2, i=0.000um^2, icg=0.000um^2, nicg=0.000um^2, l=0.000um^2, total=63.580um^2
        cell capacitance : b=0.032pF, i=0.000pF, icg=0.000pF, nicg=0.000pF, l=0.000pF, total=0.032pF
        sink capacitance : count=251, total=0.435pF, avg=0.002pF, sd=0.000pF, min=0.002pF, max=0.002pF
        wire capacitance : top=0.000pF, trunk=0.014pF, leaf=0.171pF, total=0.185pF
        wire lengths     : top=0.000um, trunk=114.985um, leaf=1414.765um, total=1529.750um
        hp wire lengths  : top=0.000um, trunk=0.000um, leaf=351.625um, total=351.625um
      Clock DAG net violations after 'PostConditioning Upsizing To Fix DRVs': none
      Clock DAG primary half-corner transition distribution after 'PostConditioning Upsizing To Fix DRVs':
        Trunk : target=0.600ns count=1 avg=0.003ns sd=0.000ns min=0.003ns max=0.003ns {1 <= 0.360ns, 0 <= 0.480ns, 0 <= 0.540ns, 0 <= 0.570ns, 0 <= 0.600ns}
        Leaf  : target=0.600ns count=3 avg=0.127ns sd=0.001ns min=0.126ns max=0.128ns {3 <= 0.360ns, 0 <= 0.480ns, 0 <= 0.540ns, 0 <= 0.570ns, 0 <= 0.600ns}
      Clock DAG library cell distribution after 'PostConditioning Upsizing To Fix DRVs' {count}:
         Bufs: CLKBUFX16: 3 
      Primary reporting skew groups after 'PostConditioning Upsizing To Fix DRVs':
        skew_group clk/sdc1: insertion delay [min=0.191, max=0.195, avg=0.193, sd=0.001], skew [0.004 vs 0.180], 100% {0.191, 0.195} (wid=0.015 ws=0.004) (gid=0.181 gs=0.002)
      Skew group summary after 'PostConditioning Upsizing To Fix DRVs':
        skew_group clk/sdc1: insertion delay [min=0.191, max=0.195, avg=0.193, sd=0.001], skew [0.004 vs 0.180], 100% {0.191, 0.195} (wid=0.015 ws=0.004) (gid=0.181 gs=0.002)
      Legalizer API calls during this step: 0 succeeded with high effort: 0 succeeded with medium effort: 0 succeeded with low effort: 0 succeeded with basic effort: 0 succeeded with basic unbounded effort: 0
    PostConditioning Upsizing To Fix DRVs done. (took cpu=0:00:00.0 real=0:00:00.0)
    Recomputing CTS skew targets...
    Resolving skew group constraints...
      Solving LP: 1 skew groups; 2 fragments, 2 fraglets and 3 vertices; 25 variables and 66 constraints; tolerance 1
    Resolving skew group constraints done.
    Recomputing CTS skew targets done. (took cpu=0:00:00.0 real=0:00:00.0)
    PostConditioning Fixing DRVs...
      Fixing clock tree DRVs: ...20% ...40% ...60% ...80% ...100% 
      CCOpt-PostConditioning: considered: 4, tested: 4, violation detected: 0, violation ignored (due to small violation): 0, cannot run: 0, attempted: 0, unsuccessful: 0, sized: 0
      
      PRO Statistics: Fix DRVs (cell sizing):
      =======================================
      
      Cell changes by Net Type:
      
      -------------------------------------------------------------------------------------------------
      Net Type    Attempted    Upsized     Downsized    Swapped Same Size    Total Changed    Not Sized
      -------------------------------------------------------------------------------------------------
      top                0            0           0            0                    0                0
      trunk              0            0           0            0                    0                0
      leaf               0            0           0            0                    0                0
      -------------------------------------------------------------------------------------------------
      Total              0            0           0            0                    0                0
      -------------------------------------------------------------------------------------------------
      
      Upsized: 0, Downsized: 0, Sized but same area: 0, Unchanged: 0, Area change: 0.000um^2 (0.000%)
      Max. move: 0.000um, Min. move: 0.000um, Avg. move: N/A
      
      Clock DAG stats after 'PostConditioning Fixing DRVs':
        cell counts      : b=3, i=0, icg=0, nicg=0, l=0, total=3
        cell areas       : b=63.580um^2, i=0.000um^2, icg=0.000um^2, nicg=0.000um^2, l=0.000um^2, total=63.580um^2
        cell capacitance : b=0.032pF, i=0.000pF, icg=0.000pF, nicg=0.000pF, l=0.000pF, total=0.032pF
        sink capacitance : count=251, total=0.435pF, avg=0.002pF, sd=0.000pF, min=0.002pF, max=0.002pF
        wire capacitance : top=0.000pF, trunk=0.014pF, leaf=0.171pF, total=0.185pF
        wire lengths     : top=0.000um, trunk=114.985um, leaf=1414.765um, total=1529.750um
        hp wire lengths  : top=0.000um, trunk=0.000um, leaf=351.625um, total=351.625um
      Clock DAG net violations after 'PostConditioning Fixing DRVs': none
      Clock DAG primary half-corner transition distribution after 'PostConditioning Fixing DRVs':
        Trunk : target=0.600ns count=1 avg=0.003ns sd=0.000ns min=0.003ns max=0.003ns {1 <= 0.360ns, 0 <= 0.480ns, 0 <= 0.540ns, 0 <= 0.570ns, 0 <= 0.600ns}
        Leaf  : target=0.600ns count=3 avg=0.127ns sd=0.001ns min=0.126ns max=0.128ns {3 <= 0.360ns, 0 <= 0.480ns, 0 <= 0.540ns, 0 <= 0.570ns, 0 <= 0.600ns}
      Clock DAG library cell distribution after 'PostConditioning Fixing DRVs' {count}:
         Bufs: CLKBUFX16: 3 
      Primary reporting skew groups after 'PostConditioning Fixing DRVs':
        skew_group clk/sdc1: insertion delay [min=0.191, max=0.195, avg=0.193, sd=0.001], skew [0.004 vs 0.180], 100% {0.191, 0.195} (wid=0.015 ws=0.004) (gid=0.181 gs=0.002)
      Skew group summary after 'PostConditioning Fixing DRVs':
        skew_group clk/sdc1: insertion delay [min=0.191, max=0.195, avg=0.193, sd=0.001], skew [0.004 vs 0.180], 100% {0.191, 0.195} (wid=0.015 ws=0.004) (gid=0.181 gs=0.002)
      Legalizer API calls during this step: 0 succeeded with high effort: 0 succeeded with medium effort: 0 succeeded with low effort: 0 succeeded with basic effort: 0 succeeded with basic unbounded effort: 0
    PostConditioning Fixing DRVs done. (took cpu=0:00:00.0 real=0:00:00.0)
    Buffering to fix DRVs...
    Fixing DRVs with route buffering pass 1. Quick buffering: enabled
    Rebuffering to fix clock tree DRVs: ...20% ...40% ...60% ...80% ...100% 
    Inserted 0 buffers and inverters.
    success count. Default: 0, QS: 0, QD: 0, FS: 0, MQS: 0
    CCOpt-PostConditioning: nets considered: 4, nets tested: 4, nets violation detected: 0, nets violation ignored (due to small violation): 0, nets cannot run: 0, nets attempted: 0, nets unsuccessful: 0, buffered: 0
    Clock DAG stats PostConditioning after re-buffering DRV fixing:
      cell counts      : b=3, i=0, icg=0, nicg=0, l=0, total=3
      cell areas       : b=63.580um^2, i=0.000um^2, icg=0.000um^2, nicg=0.000um^2, l=0.000um^2, total=63.580um^2
      cell capacitance : b=0.032pF, i=0.000pF, icg=0.000pF, nicg=0.000pF, l=0.000pF, total=0.032pF
      sink capacitance : count=251, total=0.435pF, avg=0.002pF, sd=0.000pF, min=0.002pF, max=0.002pF
      wire capacitance : top=0.000pF, trunk=0.014pF, leaf=0.171pF, total=0.185pF
      wire lengths     : top=0.000um, trunk=114.985um, leaf=1414.765um, total=1529.750um
      hp wire lengths  : top=0.000um, trunk=0.000um, leaf=351.625um, total=351.625um
    Clock DAG net violations PostConditioning after re-buffering DRV fixing: none
    Clock DAG primary half-corner transition distribution PostConditioning after re-buffering DRV fixing:
      Trunk : target=0.600ns count=1 avg=0.003ns sd=0.000ns min=0.003ns max=0.003ns {1 <= 0.360ns, 0 <= 0.480ns, 0 <= 0.540ns, 0 <= 0.570ns, 0 <= 0.600ns}
      Leaf  : target=0.600ns count=3 avg=0.127ns sd=0.001ns min=0.126ns max=0.128ns {3 <= 0.360ns, 0 <= 0.480ns, 0 <= 0.540ns, 0 <= 0.570ns, 0 <= 0.600ns}
    Clock DAG library cell distribution PostConditioning after re-buffering DRV fixing {count}:
       Bufs: CLKBUFX16: 3 
    Primary reporting skew groups PostConditioning after re-buffering DRV fixing:
      skew_group clk/sdc1: insertion delay [min=0.191, max=0.195, avg=0.193, sd=0.001], skew [0.004 vs 0.180], 100% {0.191, 0.195} (wid=0.015 ws=0.004) (gid=0.181 gs=0.002)
    Skew group summary PostConditioning after re-buffering DRV fixing:
      skew_group clk/sdc1: insertion delay [min=0.191, max=0.195, avg=0.193, sd=0.001], skew [0.004 vs 0.180], 100% {0.191, 0.195} (wid=0.015 ws=0.004) (gid=0.181 gs=0.002)
    Buffering to fix DRVs done. (took cpu=0:00:00.0 real=0:00:00.0)
    PostConditioning Fixing Skew by cell sizing...
      Resized 0 clock insts to decrease delay.
      Resized 0 clock insts to increase delay.
      
      PRO Statistics: Fix Skew (cell sizing):
      =======================================
      
      Cell changes by Net Type:
      
      -------------------------------------------------------------------------------------------------
      Net Type    Attempted    Upsized     Downsized    Swapped Same Size    Total Changed    Not Sized
      -------------------------------------------------------------------------------------------------
      top                0            0           0            0                    0                0
      trunk              0            0           0            0                    0                0
      leaf               0            0           0            0                    0                0
      -------------------------------------------------------------------------------------------------
      Total              0            0           0            0                    0                0
      -------------------------------------------------------------------------------------------------
      
      Upsized: 0, Downsized: 0, Sized but same area: 0, Unchanged: 0, Area change: 0.000um^2 (0.000%)
      Max. move: 0.000um, Min. move: 0.000um, Avg. move: N/A
      
      Clock DAG stats after 'PostConditioning Fixing Skew by cell sizing':
        cell counts      : b=3, i=0, icg=0, nicg=0, l=0, total=3
        cell areas       : b=63.580um^2, i=0.000um^2, icg=0.000um^2, nicg=0.000um^2, l=0.000um^2, total=63.580um^2
        cell capacitance : b=0.032pF, i=0.000pF, icg=0.000pF, nicg=0.000pF, l=0.000pF, total=0.032pF
        sink capacitance : count=251, total=0.435pF, avg=0.002pF, sd=0.000pF, min=0.002pF, max=0.002pF
        wire capacitance : top=0.000pF, trunk=0.014pF, leaf=0.171pF, total=0.185pF
        wire lengths     : top=0.000um, trunk=114.985um, leaf=1414.765um, total=1529.750um
        hp wire lengths  : top=0.000um, trunk=0.000um, leaf=351.625um, total=351.625um
      Clock DAG net violations after 'PostConditioning Fixing Skew by cell sizing': none
      Clock DAG primary half-corner transition distribution after 'PostConditioning Fixing Skew by cell sizing':
        Trunk : target=0.600ns count=1 avg=0.003ns sd=0.000ns min=0.003ns max=0.003ns {1 <= 0.360ns, 0 <= 0.480ns, 0 <= 0.540ns, 0 <= 0.570ns, 0 <= 0.600ns}
        Leaf  : target=0.600ns count=3 avg=0.127ns sd=0.001ns min=0.126ns max=0.128ns {3 <= 0.360ns, 0 <= 0.480ns, 0 <= 0.540ns, 0 <= 0.570ns, 0 <= 0.600ns}
      Clock DAG library cell distribution after 'PostConditioning Fixing Skew by cell sizing' {count}:
         Bufs: CLKBUFX16: 3 
      Primary reporting skew groups after 'PostConditioning Fixing Skew by cell sizing':
        skew_group clk/sdc1: insertion delay [min=0.191, max=0.195, avg=0.193, sd=0.001], skew [0.004 vs 0.180], 100% {0.191, 0.195} (wid=0.015 ws=0.004) (gid=0.181 gs=0.002)
      Skew group summary after 'PostConditioning Fixing Skew by cell sizing':
        skew_group clk/sdc1: insertion delay [min=0.191, max=0.195, avg=0.193, sd=0.001], skew [0.004 vs 0.180], 100% {0.191, 0.195} (wid=0.015 ws=0.004) (gid=0.181 gs=0.002)
      Legalizer API calls during this step: 0 succeeded with high effort: 0 succeeded with medium effort: 0 succeeded with low effort: 0 succeeded with basic effort: 0 succeeded with basic unbounded effort: 0
    PostConditioning Fixing Skew by cell sizing done. (took cpu=0:00:00.0 real=0:00:00.0)
    Reconnecting optimized routes...
    Reset timing graph...
Ignoring AAE DB Resetting ...
    Reset timing graph done.
    Reconnecting optimized routes done. (took cpu=0:00:00.0 real=0:00:00.0)
Skipping refinePlace: no changes were made during DRV and/or skew fixing steps so it is unnecessary.
    Set dirty flag on 0 instances, 0 nets
  PostConditioning done.
Net route status summary:
  Clock:         4 (unrouted=0, trialRouted=0, noStatus=0, routed=0, fixed=4, [crossesIlmBoundary=0, tooFewTerms=0, (crossesIlmBoundary AND tooFewTerms=0)])
  Non-clock:  1358 (unrouted=639, trialRouted=719, noStatus=0, routed=0, fixed=0, [crossesIlmBoundary=0, tooFewTerms=637, (crossesIlmBoundary AND tooFewTerms=0)])
  Update timing and DAG stats after post-conditioning...
  Update timing and DAG stats after post-conditioning done. (took cpu=0:00:00.0 real=0:00:00.0)
  Clock tree timing engine global stage delay update for delay1:both.late...
  Clock tree timing engine global stage delay update for delay1:both.late done. (took cpu=0:00:00.0 real=0:00:00.0)
  Clock DAG stats after post-conditioning:
    cell counts      : b=3, i=0, icg=0, nicg=0, l=0, total=3
    cell areas       : b=63.580um^2, i=0.000um^2, icg=0.000um^2, nicg=0.000um^2, l=0.000um^2, total=63.580um^2
    cell capacitance : b=0.032pF, i=0.000pF, icg=0.000pF, nicg=0.000pF, l=0.000pF, total=0.032pF
    sink capacitance : count=251, total=0.435pF, avg=0.002pF, sd=0.000pF, min=0.002pF, max=0.002pF
    wire capacitance : top=0.000pF, trunk=0.014pF, leaf=0.171pF, total=0.185pF
    wire lengths     : top=0.000um, trunk=114.985um, leaf=1414.765um, total=1529.750um
    hp wire lengths  : top=0.000um, trunk=0.000um, leaf=351.625um, total=351.625um
  Clock DAG net violations after post-conditioning: none
  Clock DAG primary half-corner transition distribution after post-conditioning:
    Trunk : target=0.600ns count=1 avg=0.003ns sd=0.000ns min=0.003ns max=0.003ns {1 <= 0.360ns, 0 <= 0.480ns, 0 <= 0.540ns, 0 <= 0.570ns, 0 <= 0.600ns}
    Leaf  : target=0.600ns count=3 avg=0.127ns sd=0.001ns min=0.126ns max=0.128ns {3 <= 0.360ns, 0 <= 0.480ns, 0 <= 0.540ns, 0 <= 0.570ns, 0 <= 0.600ns}
  Clock DAG library cell distribution after post-conditioning {count}:
     Bufs: CLKBUFX16: 3 
  Primary reporting skew groups after post-conditioning:
    skew_group clk/sdc1: insertion delay [min=0.191, max=0.195, avg=0.193, sd=0.001], skew [0.004 vs 0.180], 100% {0.191, 0.195} (wid=0.015 ws=0.004) (gid=0.181 gs=0.002)
  Skew group summary after post-conditioning:
    skew_group clk/sdc1: insertion delay [min=0.191, max=0.195, avg=0.193, sd=0.001], skew [0.004 vs 0.180], 100% {0.191, 0.195} (wid=0.015 ws=0.004) (gid=0.181 gs=0.002)
  CCOpt::Phase::PostConditioning done. (took cpu=0:00:00.1 real=0:00:00.1)
  Setting CTS place status to fixed for clock tree and sinks.
  Post-balance tidy up or trial balance steps...
  
  Clock DAG stats at end of CTS:
  ==============================
  
  ------------------------------------------------------------
  Cell type                     Count    Area      Capacitance
  ------------------------------------------------------------
  Buffers                         3      63.580       0.032
  Inverters                       0       0.000       0.000
  Integrated Clock Gates          0       0.000       0.000
  Non-Integrated Clock Gates      0       0.000       0.000
  Clock Logic                     0       0.000       0.000
  All                             3      63.580       0.032
  ------------------------------------------------------------
  
  
  Clock DAG wire lengths at end of CTS:
  =====================================
  
  --------------------
  Type     Wire Length
  --------------------
  Top          0.000
  Trunk      114.985
  Leaf      1414.765
  Total     1529.750
  --------------------
  
  
  Clock DAG hp wire lengths at end of CTS:
  ========================================
  
  -----------------------
  Type     hp Wire Length
  -----------------------
  Top           0.000
  Trunk         0.000
  Leaf        351.625
  Total       351.625
  -----------------------
  
  
  Clock DAG capacitances at end of CTS:
  =====================================
  
  --------------------------------
  Type     Gate     Wire     Total
  --------------------------------
  Top      0.000    0.000    0.000
  Trunk    0.032    0.014    0.046
  Leaf     0.435    0.171    0.606
  Total    0.467    0.185    0.652
  --------------------------------
  
  
  Clock DAG sink capacitances at end of CTS:
  ==========================================
  
  --------------------------------------------------------
  Count    Total    Average    Std. Dev.    Min      Max
  --------------------------------------------------------
   251     0.435     0.002       0.000      0.002    0.002
  --------------------------------------------------------
  
  
  Clock DAG net violations at end of CTS:
  =======================================
  
  None
  
  
  Clock DAG primary half-corner transition distribution at end of CTS:
  ====================================================================
  
  --------------------------------------------------------------------------------------------------------------------------------------------------------------
  Net Type    Target    Count    Average    Std. Dev.    Min      Max      Distribution                                                              Over Target
  --------------------------------------------------------------------------------------------------------------------------------------------------------------
  Trunk       0.600       1       0.003       0.000      0.003    0.003    {1 <= 0.360ns, 0 <= 0.480ns, 0 <= 0.540ns, 0 <= 0.570ns, 0 <= 0.600ns}         -
  Leaf        0.600       3       0.127       0.001      0.126    0.128    {3 <= 0.360ns, 0 <= 0.480ns, 0 <= 0.540ns, 0 <= 0.570ns, 0 <= 0.600ns}         -
  --------------------------------------------------------------------------------------------------------------------------------------------------------------
  
  
  Clock DAG library cell distribution at end of CTS:
  ==================================================
  
  ------------------------------------------
  Name         Type      Inst     Inst Area 
                         Count    (um^2)
  ------------------------------------------
  CLKBUFX16    buffer      3        63.580
  ------------------------------------------
  
  
  Primary reporting skew groups summary at end of CTS:
  ====================================================
  
  ------------------------------------------------------------------------------------------------------------------------------------------------------------
  Half-corner         Skew Group    Min ID    Max ID    Skew     Skew target    Wire skew    Worst sink skew    Average ID    Std.Dev    Skew window occupancy
  ------------------------------------------------------------------------------------------------------------------------------------------------------------
  delay1:both.late    clk/sdc1      0.191     0.195     0.004       0.180         0.004           0.003           0.193        0.001     100% {0.191, 0.195}
  ------------------------------------------------------------------------------------------------------------------------------------------------------------
  
  
  Skew group summary at end of CTS:
  =================================
  
  ------------------------------------------------------------------------------------------------------------------------------------------------------------
  Half-corner         Skew Group    Min ID    Max ID    Skew     Skew target    Wire skew    Worst sink skew    Average ID    Std.Dev    Skew window occupancy
  ------------------------------------------------------------------------------------------------------------------------------------------------------------
  delay1:both.late    clk/sdc1      0.191     0.195     0.004       0.180         0.004           0.003           0.193        0.001     100% {0.191, 0.195}
  ------------------------------------------------------------------------------------------------------------------------------------------------------------
  
  
  Found a total of 0 clock tree pins with a slew violation.
  
  Post-balance tidy up or trial balance steps done. (took cpu=0:00:00.0 real=0:00:00.0)
Synthesizing clock trees done.
Tidy Up And Update Timing...
External - Set all clocks to propagated mode...
**WARN: (IMPCCOPT-2015):	Innovus will not update I/O latencies for the following reason(s):
 * The following are in propagated mode:
   - Root pin clk of SDC clock clk in view view1

Setting all clocks to propagated mode.
sdc1
External - Set all clocks to propagated mode done. (took cpu=0:00:00.0 real=0:00:00.0)
Clock DAG stats after update timingGraph:
  cell counts      : b=3, i=0, icg=0, nicg=0, l=0, total=3
  cell areas       : b=63.580um^2, i=0.000um^2, icg=0.000um^2, nicg=0.000um^2, l=0.000um^2, total=63.580um^2
  cell capacitance : b=0.032pF, i=0.000pF, icg=0.000pF, nicg=0.000pF, l=0.000pF, total=0.032pF
  sink capacitance : count=251, total=0.435pF, avg=0.002pF, sd=0.000pF, min=0.002pF, max=0.002pF
  wire capacitance : top=0.000pF, trunk=0.014pF, leaf=0.171pF, total=0.185pF
  wire lengths     : top=0.000um, trunk=114.985um, leaf=1414.765um, total=1529.750um
  hp wire lengths  : top=0.000um, trunk=0.000um, leaf=351.625um, total=351.625um
Clock DAG net violations after update timingGraph: none
Clock DAG primary half-corner transition distribution after update timingGraph:
  Trunk : target=0.600ns count=1 avg=0.003ns sd=0.000ns min=0.003ns max=0.003ns {1 <= 0.360ns, 0 <= 0.480ns, 0 <= 0.540ns, 0 <= 0.570ns, 0 <= 0.600ns}
  Leaf  : target=0.600ns count=3 avg=0.127ns sd=0.001ns min=0.126ns max=0.128ns {3 <= 0.360ns, 0 <= 0.480ns, 0 <= 0.540ns, 0 <= 0.570ns, 0 <= 0.600ns}
Clock DAG library cell distribution after update timingGraph {count}:
   Bufs: CLKBUFX16: 3 
Primary reporting skew groups after update timingGraph:
  skew_group clk/sdc1: insertion delay [min=0.191, max=0.195, avg=0.193, sd=0.001], skew [0.004 vs 0.180], 100% {0.191, 0.195} (wid=0.015 ws=0.004) (gid=0.181 gs=0.002)
Skew group summary after update timingGraph:
  skew_group clk/sdc1: insertion delay [min=0.191, max=0.195, avg=0.193, sd=0.001], skew [0.004 vs 0.180], 100% {0.191, 0.195} (wid=0.015 ws=0.004) (gid=0.181 gs=0.002)
Logging CTS constraint violations...
  No violations found.
Logging CTS constraint violations done.
Tidy Up And Update Timing done. (took cpu=0:00:00.0 real=0:00:00.0)
Runtime done. (took cpu=0:00:10.4 real=0:00:10.4)
Runtime Summary
===============
Clock Runtime:  (56%) Core CTS           5.76 (Init 4.28, Construction 0.54, Implementation 0.48, eGRPC 0.28, PostConditioning 0.11, Other 0.09)
Clock Runtime:  (39%) CTS services       4.07 (RefinePlace 0.13, EarlyGlobalClock 0.38, NanoRoute 3.52, ExtractRC 0.05, TimingAnalysis 0.00)
Clock Runtime:   (4%) Other CTS          0.45 (Init 0.17, CongRepair/EGR-DP 0.26, TimingUpdate 0.03, Other 0.00)
Clock Runtime: (100%) Total             10.29

Synthesizing clock trees with CCOpt done.
DBG: sciUnitLenDelay = 0.123450
Set analysis mode to hold.
#################################################################################
# Design Stage: PreRoute
# Design Name: toll_gate
# Design Mode: 90nm
# Analysis Mode: MMMC Non-OCV 
# Parasitics Mode: No SPEF/RCDB
# Signoff Settings: SI Off 
#################################################################################
Calculate delays in Single mode...
Start delay calculation (fullDC) (1 T). (MEM=1407.91)
**WARN: (IMPESI-3025):	Delay calculation was forced to extrapolate the slew on instance CTS_ccl_a_buf_00009, Cell type : CLKBUFX16, Arc : Av->Yv because it's outside the characterized table range. The actual slew is 0.0034 ns and the lower bound in the table is 0.0600 ns. In some cases, extrapolation can reduce the accuracy of delay calculation.
**WARN: (IMPESI-3025):	Delay calculation was forced to extrapolate the slew on instance CTS_ccl_a_buf_00009, Cell type : CLKBUFX16, Arc : A^->Y^ because it's outside the characterized table range. The actual slew is 0.0034 ns and the lower bound in the table is 0.0600 ns. In some cases, extrapolation can reduce the accuracy of delay calculation.
**WARN: (IMPESI-3025):	Delay calculation was forced to extrapolate the slew on instance CTS_ccl_a_buf_00005, Cell type : CLKBUFX16, Arc : Av->Yv because it's outside the characterized table range. The actual slew is 0.0033 ns and the lower bound in the table is 0.0600 ns. In some cases, extrapolation can reduce the accuracy of delay calculation.
**WARN: (IMPESI-3025):	Delay calculation was forced to extrapolate the slew on instance CTS_ccl_a_buf_00005, Cell type : CLKBUFX16, Arc : A^->Y^ because it's outside the characterized table range. The actual slew is 0.0033 ns and the lower bound in the table is 0.0600 ns. In some cases, extrapolation can reduce the accuracy of delay calculation.
**WARN: (IMPESI-3025):	Delay calculation was forced to extrapolate the slew on instance u_account_balance/CTS_ccl_a_buf_00007, Cell type : CLKBUFX16, Arc : Av->Yv because it's outside the characterized table range. The actual slew is 0.0034 ns and the lower bound in the table is 0.0600 ns. In some cases, extrapolation can reduce the accuracy of delay calculation.
**WARN: (IMPESI-3025):	Delay calculation was forced to extrapolate the slew on instance u_account_balance/CTS_ccl_a_buf_00007, Cell type : CLKBUFX16, Arc : A^->Y^ because it's outside the characterized table range. The actual slew is 0.0034 ns and the lower bound in the table is 0.0600 ns. In some cases, extrapolation can reduce the accuracy of delay calculation.
**WARN: (IMPESI-3025):	Delay calculation was forced to extrapolate the slew on instance u_account_balance/g4365, Cell type : CLKINVX1, Arc : Av->Y^ because it's outside the characterized table range. The actual slew is 0.0035 ns and the lower bound in the table is 0.0168 ns. In some cases, extrapolation can reduce the accuracy of delay calculation.
**WARN: (IMPESI-3025):	Delay calculation was forced to extrapolate the slew on instance u_account_balance/g4365, Cell type : CLKINVX1, Arc : A^->Yv because it's outside the characterized table range. The actual slew is 0.0035 ns and the lower bound in the table is 0.0168 ns. In some cases, extrapolation can reduce the accuracy of delay calculation.
**WARN: (IMPESI-3025):	Delay calculation was forced to extrapolate the slew on instance g224, Cell type : INVXL, Arc : Av->Y^ because it's outside the characterized table range. The actual slew is 0.0030 ns and the lower bound in the table is 0.0168 ns. In some cases, extrapolation can reduce the accuracy of delay calculation.
**WARN: (IMPESI-3025):	Delay calculation was forced to extrapolate the slew on instance g224, Cell type : INVXL, Arc : A^->Yv because it's outside the characterized table range. The actual slew is 0.0030 ns and the lower bound in the table is 0.0168 ns. In some cases, extrapolation can reduce the accuracy of delay calculation.
**WARN: (IMPESI-3025):	Delay calculation was forced to extrapolate the slew on instance g428, Cell type : NAND2BX1, Arc : ANv->Yv because it's outside the characterized table range. The actual slew is 0.0038 ns and the lower bound in the table is 0.0168 ns. In some cases, extrapolation can reduce the accuracy of delay calculation.
**WARN: (IMPESI-3025):	Delay calculation was forced to extrapolate the slew on instance g428, Cell type : NAND2BX1, Arc : AN^->Y^ because it's outside the characterized table range. The actual slew is 0.0038 ns and the lower bound in the table is 0.0168 ns. In some cases, extrapolation can reduce the accuracy of delay calculation.
**WARN: (IMPESI-3025):	Delay calculation was forced to extrapolate the slew on instance g425, Cell type : NOR2XL, Arc : Av->Y^ because it's outside the characterized table range. The actual slew is 0.0037 ns and the lower bound in the table is 0.0168 ns. In some cases, extrapolation can reduce the accuracy of delay calculation.
**WARN: (IMPESI-3025):	Delay calculation was forced to extrapolate the slew on instance g425, Cell type : NOR2XL, Arc : A^->Yv because it's outside the characterized table range. The actual slew is 0.0037 ns and the lower bound in the table is 0.0168 ns. In some cases, extrapolation can reduce the accuracy of delay calculation.
**WARN: (IMPESI-3025):	Delay calculation was forced to extrapolate the slew on instance u_account_balance/g13463, Cell type : INVX8, Arc : Av->Y^ because it's outside the characterized table range. The actual slew is 0.7509 ns and the upper bound in the table is 0.6120 ns. In some cases, extrapolation can reduce the accuracy of delay calculation.
**WARN: (IMPESI-3025):	Delay calculation was forced to extrapolate the slew on instance u_account_balance/g13463, Cell type : INVX8, Arc : A^->Yv because it's outside the characterized table range. The actual slew is 0.8965 ns and the upper bound in the table is 0.6120 ns. In some cases, extrapolation can reduce the accuracy of delay calculation.
**WARN: (IMPESI-3025):	Delay calculation was forced to extrapolate the slew on instance u_account_balance/g13457, Cell type : NAND2X1, Arc : Bv->Y^ because it's outside the characterized table range. The actual slew is 0.7509 ns and the upper bound in the table is 0.6120 ns. In some cases, extrapolation can reduce the accuracy of delay calculation.
**WARN: (IMPESI-3025):	Delay calculation was forced to extrapolate the slew on instance u_account_balance/g13457, Cell type : NAND2X1, Arc : B^->Yv because it's outside the characterized table range. The actual slew is 0.8966 ns and the upper bound in the table is 0.6120 ns. In some cases, extrapolation can reduce the accuracy of delay calculation.
**WARN: (IMPESI-3025):	Delay calculation was forced to extrapolate the slew on instance u_account_balance/g13452, Cell type : NOR2XL, Arc : Bv->Y^ because it's outside the characterized table range. The actual slew is 0.7509 ns and the upper bound in the table is 0.6120 ns. In some cases, extrapolation can reduce the accuracy of delay calculation.
**WARN: (IMPESI-3025):	Delay calculation was forced to extrapolate the slew on instance u_account_balance/g13452, Cell type : NOR2XL, Arc : B^->Yv because it's outside the characterized table range. The actual slew is 0.8965 ns and the upper bound in the table is 0.6120 ns. In some cases, extrapolation can reduce the accuracy of delay calculation.
Total number of fetched objects 725
End delay calculation. (MEM=1396.62 CPU=0:00:00.1 REAL=0:00:00.0)
End delay calculation (fullDC). (MEM=1396.62 CPU=0:00:00.1 REAL=0:00:00.0)
DBG: scgNrActiveHoldView = 1
*** Scan Trace Summary (runtime: cpu: 0:00:00.0 , real: 0:00:00.0): 
Successfully traced 2 scan chains (total 56 scan bits).
*** Scan Sanity Check Summary:
*** 2 scan chains passed sanity check.
Set setup analysis mode.
*** Summary: Scan Reorder within scan chain
Initial total scan wire length:     1068.360 (floating:      780.100)
Final   total scan wire length:     1068.360 (floating:      780.100)
Improvement:        0.000   percent  0.00 (floating improvement:        0.000   percent  0.00)
Initial scan reorder max long connection: not available for -stitchChainsAfterFreeMerging
Final   scan reorder max long connection:       64.380
Total net length = 1.490e+04 (8.083e+03 6.821e+03) (ext = 9.993e+02)
*** End of ScanReorder (cpu=0:00:00.2, real=0:00:00.0, mem=1574.4M) ***
**optDesign ... cpu = 0:00:00, real = 0:00:00, mem = 1017.3M, totSessionCpu=0:00:45 **
**WARN: (IMPOPT-576):	5 nets have unplaced terms. 
Type 'man IMPOPT-576' for more detail.
**INFO: setDesignMode -flowEffort standard -> setting 'setOptMode -allEndPoints true' for the duration of this command.
Need call spDPlaceInit before registerPrioInstLoc.
GigaOpt running with 1 threads.
**WARN: (IMPOPT-665):	scan_en : Net has unplaced terms or is connected to uplaced instances in design. 
Type 'man IMPOPT-665' for more detail.
**WARN: (IMPOPT-665):	DFT_sdi_1 : Net has unplaced terms or is connected to uplaced instances in design. 
Type 'man IMPOPT-665' for more detail.
**WARN: (IMPOPT-665):	DFT_sdi_2 : Net has unplaced terms or is connected to uplaced instances in design. 
Type 'man IMPOPT-665' for more detail.
**WARN: (IMPOPT-665):	DFT_sdo_1 : Net has unplaced terms or is connected to uplaced instances in design. 
Type 'man IMPOPT-665' for more detail.
**WARN: (IMPOPT-665):	DFT_sdo_2 : Net has unplaced terms or is connected to uplaced instances in design. 
Type 'man IMPOPT-665' for more detail.
Setting timing_disable_library_data_to_data_checks to 'true'.
Setting timing_disable_user_data_to_data_checks to 'true'.
**optDesign ... cpu = 0:00:01, real = 0:00:00, mem = 1039.1M, totSessionCpu=0:00:45 **
*** optDesign -postCTS ***
DRC Margin: user margin 0.0; extra margin 0.2
Hold Target Slack: user slack 0
Setup Target Slack: user slack 0; extra slack 0.0
setUsefulSkewMode -ecoRoute false
No user sequential activity specified, applying default sequential activity of "0.2" for Dynamic Power reporting.
'set_default_switching_activity' finished successfully.
Multi-VT timing optimization disabled based on library information.
Start to check current routing status for nets...
All nets are already routed correctly.
End to check current routing status for nets (mem=1366.2M)

Footprint cell information for calculating maxBufDist
*info: There are 16 candidate Buffer cells
*info: There are 19 candidate Inverter cells

Compute RC Scale Done ...
Starting delay calculation for Setup views
#################################################################################
# Design Stage: PreRoute
# Design Name: toll_gate
# Design Mode: 90nm
# Analysis Mode: MMMC Non-OCV 
# Parasitics Mode: No SPEF/RCDB
# Signoff Settings: SI Off 
#################################################################################
Calculate delays in Single mode...
Start delay calculation (fullDC) (1 T). (MEM=1523.98)
Total number of fetched objects 725
End delay calculation. (MEM=1518.18 CPU=0:00:00.1 REAL=0:00:00.0)
End delay calculation (fullDC). (MEM=1518.18 CPU=0:00:00.1 REAL=0:00:00.0)
*** Done Building Timing Graph (cpu=0:00:00.2 real=0:00:00.0 totSessionCpu=0:00:46.3 mem=1518.2M)

------------------------------------------------------------
             Initial Summary                             
------------------------------------------------------------

Setup views included:
 view1 

+--------------------+---------+---------+---------+
|     Setup mode     |   all   | reg2reg | default |
+--------------------+---------+---------+---------+
|           WNS (ns):| -0.197  | -0.197  |  0.000  |
|           TNS (ns):| -1.425  | -1.425  |  0.000  |
|    Violating Paths:|   33    |   33    |    0    |
|          All Paths:|   695   |   695   |    0    |
+--------------------+---------+---------+---------+

+----------------+-------------------------------+------------------+
|                |              Real             |       Total      |
|    DRVs        +------------------+------------+------------------|
|                |  Nr nets(terms)  | Worst Vio  |  Nr nets(terms)  |
+----------------+------------------+------------+------------------+
|   max_cap      |      1 (1)       |   -0.002   |      1 (1)       |
|   max_tran     |      0 (0)       |   0.000    |      0 (0)       |
|   max_fanout   |      0 (0)       |     0      |      0 (0)       |
|   max_length   |      0 (0)       |     0      |      0 (0)       |
+----------------+------------------+------------+------------------+

Density: 80.343%
------------------------------------------------------------
**optDesign ... cpu = 0:00:02, real = 0:00:01, mem = 1127.8M, totSessionCpu=0:00:46 **
** INFO : this run is activating low effort ccoptDesign flow
*** Starting optimizing excluded clock nets MEM= 1453.4M) ***
*info: No excluded clock nets to be optimized.
*** Finished optimizing excluded clock nets (CPU Time= 0:00:00.0  MEM= 1453.4M) ***
*** Starting optimizing excluded clock nets MEM= 1453.4M) ***
*info: No excluded clock nets to be optimized.
*** Finished optimizing excluded clock nets (CPU Time= 0:00:00.0  MEM= 1453.4M) ***
Info: Done creating the CCOpt slew target map.
Begin: GigaOpt high fanout net optimization
Info: 4 nets with fixed/cover wires excluded.
Info: 4 clock nets excluded from IPO operation.
*** DrvOpt [begin] : cpu/real = 0:00:00.0/0:00:00.0 (0.0), totSession cpu/real = 0:00:46.5/0:00:57.6 (0.8), mem = 1453.4M
*** DrvOpt [finish] : cpu/real = 0:00:02.2/0:00:02.2 (1.0), totSession cpu/real = 0:00:48.7/0:00:59.8 (0.8), mem = 1467.4M
End: GigaOpt high fanout net optimization
Begin: GigaOpt DRV Optimization
Info: 4 nets with fixed/cover wires excluded.
Info: 4 clock nets excluded from IPO operation.
*** DrvOpt [begin] : cpu/real = 0:00:00.0/0:00:00.0 (0.0), totSession cpu/real = 0:00:48.7/0:00:59.8 (0.8), mem = 1467.4M
+-------------------------------------------------------------------------------------------------------------------------------------------------------+
|        max-tran       |        max-cap        |  max-fanout |  max-length |       setup       |        |        |        |       |          |         |
+-------------------------------------------------------------------------------------------------------------------------------------------------------+
| nets | terms|  wViol  | nets | terms|  wViol  | nets | terms| nets | terms|   WNS   |   TNS   |  #Buf  |  #Inv  | #Resize|Density|   Real   |   Mem   |
+-------------------------------------------------------------------------------------------------------------------------------------------------------+
|     0|     0|     0.00|     2|     2|    -0.01|     0|     0|     0|     0|    -0.20|    -1.43|       0|       0|       0|  80.34|          |         |
|     0|     0|     0.00|     0|     0|     0.00|     0|     0|     0|     0|    -0.20|    -1.09|       0|       0|       2|  80.36| 0:00:00.0|  1537.2M|
|     0|     0|     0.00|     0|     0|     0.00|     0|     0|     0|     0|    -0.20|    -1.09|       0|       0|       0|  80.36| 0:00:00.0|  1537.2M|
+-------------------------------------------------------------------------------------------------------------------------------------------------------+
Bottom Preferred Layer:
+---------------+------------+----------+
|     Layer     |    CLK     |   Rule   |
+---------------+------------+----------+
| Metal3 (z=3)  |          4 | default  |
+---------------+------------+----------+
Via Pillar Rule:
    None

*** Finish DRV Fixing (cpu=0:00:00.1 real=0:00:00.0 mem=1537.2M) ***

*** Starting refinePlace (0:00:50.9 mem=1537.2M) ***
Total net bbox length = 1.476e+04 (8.061e+03 6.701e+03) (ext = 8.284e+02)
Move report: Detail placement moves 0 insts, mean move: 0.00 um, max move: 0.00 um
	Runtime: CPU: 0:00:00.0 REAL: 0:00:00.0 MEM: 1537.2MB
Summary Report:
Instances move: 0 (out of 710 movable)
Instances flipped: 0
Mean displacement: 0.00 um
Max displacement: 0.00 um 
Total net bbox length = 1.476e+04 (8.061e+03 6.701e+03) (ext = 8.284e+02)
Runtime: CPU: 0:00:00.0 REAL: 0:00:00.0 MEM: 1537.2MB
*** Finished refinePlace (0:00:50.9 mem=1537.2M) ***
*** maximum move = 0.00 um ***
*** Finished re-routing un-routed nets (1537.2M) ***

*** Finish Physical Update (cpu=0:00:00.1 real=0:00:00.0 mem=1537.2M) ***
*** DrvOpt [finish] : cpu/real = 0:00:02.2/0:00:02.2 (1.0), totSession cpu/real = 0:00:50.9/0:01:02.0 (0.8), mem = 1518.1M
End: GigaOpt DRV Optimization
**optDesign ... cpu = 0:00:06, real = 0:00:06, mem = 1144.8M, totSessionCpu=0:00:51 **
Begin: GigaOpt Global Optimization
*info: use new DP (enabled)
Info: 4 nets with fixed/cover wires excluded.
Info: 4 clock nets excluded from IPO operation.
*** SetupOpt [begin] : cpu/real = 0:00:00.0/0:00:00.0 (0.0), totSession cpu/real = 0:00:50.9/0:01:02.0 (0.8), mem = 1476.1M
*info: 4 clock nets excluded
*info: 2 special nets excluded.
*info: 36 no-driver nets excluded.
*info: 4 nets with fixed/cover wires excluded.
** GigaOpt Global Opt WNS Slack -0.197  TNS Slack -1.089 
+--------+--------+----------+------------+--------+----------+---------+---------------------------------------------------+
|  WNS   |  TNS   | Density  |    Real    |  Mem   |Worst View|Pathgroup|                     End Point                     |
+--------+--------+----------+------------+--------+----------+---------+---------------------------------------------------+
|  -0.197|  -1.089|    80.36%|   0:00:00.0| 1495.2M|     view1|  reg2reg| u_account_balance/balance_db_reg[1][10]/D         |
|   0.000|   0.000|    80.46%|   0:00:00.0| 1542.4M|        NA|       NA| NA                                                |
+--------+--------+----------+------------+--------+----------+---------+---------------------------------------------------+

*** Finish post-CTS Global Setup Fixing (cpu=0:00:00.1 real=0:00:00.0 mem=1542.4M) ***

*** Finish post-CTS Setup Fixing (cpu=0:00:00.1 real=0:00:00.0 mem=1542.4M) ***
Bottom Preferred Layer:
+---------------+------------+----------+
|     Layer     |    CLK     |   Rule   |
+---------------+------------+----------+
| Metal3 (z=3)  |          4 | default  |
+---------------+------------+----------+
Via Pillar Rule:
    None
** GigaOpt Global Opt End WNS Slack 0.000  TNS Slack 0.000 
*** SetupOpt [finish] : cpu/real = 0:00:05.5/0:00:05.5 (1.0), totSession cpu/real = 0:00:56.4/0:01:07.5 (0.8), mem = 1523.3M
End: GigaOpt Global Optimization
*** Timing Is met
*** Check timing (0:00:00.0)
Info: 4 nets with fixed/cover wires excluded.
Info: 4 clock nets excluded from IPO operation.

Active setup views:
 view1
  Dominating endpoints: 0
  Dominating TNS: -0.000

Info: 4 nets with fixed/cover wires excluded.
Info: 4 clock nets excluded from IPO operation.
Begin: Area Reclaim Optimization
*** AreaOpt [begin] : cpu/real = 0:00:00.0/0:00:00.0 (0.0), totSession cpu/real = 0:00:57.0/0:01:08.1 (0.8), mem = 1498.4M
Usable buffer cells for single buffer setup transform:
CLKBUFX2 BUFX2 CLKBUFX3 BUFX3 CLKBUFX4 BUFX4 CLKBUFX6 BUFX6 CLKBUFX8 BUFX8 CLKBUFX12 BUFX12 CLKBUFX16 BUFX16 CLKBUFX20 BUFX20 
Number of usable buffer cells above: 16
Reclaim Optimization WNS Slack 0.020  TNS Slack 0.000 Density 80.46
+----------+---------+--------+--------+------------+--------+
| Density  | Commits |  WNS   |  TNS   |    Real    |  Mem   |
+----------+---------+--------+--------+------------+--------+
|    80.46%|        -|   0.020|   0.000|   0:00:00.0| 1498.4M|
|    80.46%|        0|   0.020|   0.000|   0:00:00.0| 1517.5M|
|    80.46%|        0|   0.020|   0.000|   0:00:00.0| 1517.5M|
|    80.46%|        0|   0.020|   0.000|   0:00:00.0| 1517.5M|
|    80.19%|       14|   0.072|   0.000|   0:00:00.0| 1541.1M|
|    80.19%|        0|   0.072|   0.000|   0:00:00.0| 1541.1M|
|    80.19%|        0|   0.072|   0.000|   0:00:00.0| 1541.1M|
+----------+---------+--------+--------+------------+--------+
Reclaim Optimization End WNS Slack 0.072  TNS Slack 0.000 Density 80.19
Bottom Preferred Layer:
+---------------+------------+----------+
|     Layer     |    CLK     |   Rule   |
+---------------+------------+----------+
| Metal3 (z=3)  |          4 | default  |
+---------------+------------+----------+
Via Pillar Rule:
    None
End: Core Area Reclaim Optimization (cpu = 0:00:01.5) (real = 0:00:02.0) **
*** Starting refinePlace (0:00:58.0 mem=1541.1M) ***
Total net bbox length = 1.476e+04 (8.060e+03 6.700e+03) (ext = 8.284e+02)
Move report: Detail placement moves 4 insts, mean move: 0.58 um, max move: 1.16 um
	Max move on inst (u_account_balance/g4359): (30.16, 35.38) --> (31.32, 35.38)
	Runtime: CPU: 0:00:00.0 REAL: 0:00:00.0 MEM: 1541.1MB
Summary Report:
Instances move: 4 (out of 711 movable)
Instances flipped: 0
Mean displacement: 0.58 um
Max displacement: 1.16 um (Instance: u_account_balance/g4359) (30.16, 35.38) -> (31.32, 35.38)
	Length: 5 sites, height: 1 rows, site name: gsclib090site, cell type: NOR2X1
Total net bbox length = 1.476e+04 (8.062e+03 6.700e+03) (ext = 8.284e+02)
Runtime: CPU: 0:00:00.0 REAL: 0:00:00.0 MEM: 1541.1MB
*** Finished refinePlace (0:00:58.0 mem=1541.1M) ***
*** maximum move = 1.16 um ***
*** Finished re-routing un-routed nets (1541.1M) ***

*** Finish Physical Update (cpu=0:00:00.1 real=0:00:00.0 mem=1541.1M) ***
*** AreaOpt [finish] : cpu/real = 0:00:01.0/0:00:01.0 (1.0), totSession cpu/real = 0:00:58.0/0:01:09.2 (0.8), mem = 1541.1M
End: Area Reclaim Optimization (cpu=0:00:02, real=0:00:02, mem=1479.99M, totSessionCpu=0:00:58).
[NR-eGR] Track table information for default rule: 
[NR-eGR] Metal1 has no routable track
[NR-eGR] Metal2 has single uniform track structure
[NR-eGR] Metal3 has single uniform track structure
[NR-eGR] Metal4 has single uniform track structure
[NR-eGR] Metal5 has single uniform track structure
[NR-eGR] Metal6 has single uniform track structure
[NR-eGR] Metal7 has single uniform track structure
[NR-eGR] Metal8 has single uniform track structure
[NR-eGR] Metal9 has single uniform track structure
[NR-eGR] Started Read PG Shapes ( Curr Mem: 1479.99 MB )
[NR-eGR] Read 5806 PG shapes
[NR-eGR] Finished Read PG Shapes ( CPU: 0.00 sec, Real: 0.00 sec, Curr Mem: 1479.99 MB )
[NR-eGR] #Routing Blockages  : 0
[NR-eGR] #Instance Blockages : 0
[NR-eGR] #PG Blockages       : 5806
[NR-eGR] #Halo Blockages     : 0
[NR-eGR] #Boundary Blockages : 0
[NR-eGR] Num Prerouted Nets = 4  Num Prerouted Wires = 683
[NR-eGR] Read numTotalNets=724  numIgnoredNets=4
[NR-eGR] ============ Routing rule table ============
[NR-eGR] Rule id: 0  Nets: 720 
[NR-eGR] Rule id: 1  Nets: 0 
[NR-eGR] ========================================
[NR-eGR] 
[NR-eGR] Layer group 1: route 720 net(s) in layer range [2, 9]
[NR-eGR] Early Global Route overflow of layer group 1: 0.00% H + 0.00% V. EstWL: 1.835874e+04um
[NR-eGR] Congestion Analysis By layer: (blocked Gcells are excluded) 
[NR-eGR]                        OverCon            
[NR-eGR]                         #Gcell     %Gcell
[NR-eGR]       Layer                (0)    OverCon 
[NR-eGR] ----------------------------------------------
[NR-eGR]  Metal1  (1)         0( 0.00%)   ( 0.00%) 
[NR-eGR]  Metal2  (2)         0( 0.00%)   ( 0.00%) 
[NR-eGR]  Metal3  (3)         0( 0.00%)   ( 0.00%) 
[NR-eGR]  Metal4  (4)         0( 0.00%)   ( 0.00%) 
[NR-eGR]  Metal5  (5)         0( 0.00%)   ( 0.00%) 
[NR-eGR]  Metal6  (6)         0( 0.00%)   ( 0.00%) 
[NR-eGR]  Metal7  (7)         0( 0.00%)   ( 0.00%) 
[NR-eGR]  Metal8  (8)         0( 0.00%)   ( 0.00%) 
[NR-eGR]  Metal9  (9)         0( 0.00%)   ( 0.00%) 
[NR-eGR] ----------------------------------------------
[NR-eGR] Total                0( 0.00%)   ( 0.00%) 
[NR-eGR] 
[NR-eGR] Overflow after Early Global Route (GR compatible) 0.00% H + 0.00% V
[NR-eGR] Overflow after Early Global Route 0.00% H + 0.00% V
[NR-eGR] Started Export DB wires ( Curr Mem: 1479.99 MB )
[NR-eGR] Started Export all nets ( Curr Mem: 1479.99 MB )
[NR-eGR] Finished Export all nets ( CPU: 0.01 sec, Real: 0.01 sec, Curr Mem: 1479.99 MB )
[NR-eGR] Started Set wire vias ( Curr Mem: 1479.99 MB )
[NR-eGR] Finished Set wire vias ( CPU: 0.00 sec, Real: 0.00 sec, Curr Mem: 1479.99 MB )
[NR-eGR] Finished Export DB wires ( CPU: 0.02 sec, Real: 0.02 sec, Curr Mem: 1479.99 MB )
[NR-eGR] --------------------------------------------------------------------------
[NR-eGR] Metal1  (1F) length: 0.000000e+00um, number of vias: 3023
[NR-eGR] Metal2  (2V) length: 7.396190e+03um, number of vias: 4513
[NR-eGR] Metal3  (3H) length: 9.479005e+03um, number of vias: 531
[NR-eGR] Metal4  (4V) length: 2.608405e+03um, number of vias: 140
[NR-eGR] Metal5  (5H) length: 1.342700e+03um, number of vias: 0
[NR-eGR] Metal6  (6V) length: 0.000000e+00um, number of vias: 0
[NR-eGR] Metal7  (7H) length: 0.000000e+00um, number of vias: 0
[NR-eGR] Metal8  (8V) length: 0.000000e+00um, number of vias: 0
[NR-eGR] Metal9  (9H) length: 0.000000e+00um, number of vias: 0
[NR-eGR] Total length: 2.082630e+04um, number of vias: 8207
[NR-eGR] --------------------------------------------------------------------------
[NR-eGR] Total eGR-routed clock nets wire length: 0.000000e+00um 
[NR-eGR] --------------------------------------------------------------------------
[NR-eGR] Finished Early Global Route kernel ( CPU: 0.15 sec, Real: 0.15 sec, Curr Mem: 1465.79 MB )
Extraction called for design 'toll_gate' of instances=714 and nets=766 using extraction engine 'preRoute' .
PreRoute RC Extraction called for design toll_gate.
RC Extraction called in multi-corner(1) mode.
**WARN: (IMPEXT-6197):	The Cap table file is not specified. This will result in lower parasitic accuracy when using preRoute extraction or postRoute extraction with effort level 'low'. It is recommended to generate the Cap table file using the 'generateCapTbl' command and specify it before extraction using 'create_rc_corner/update_rc_corner -cap_table'.
Type 'man IMPEXT-6197' for more detail.
RCMode: PreRoute
      RC Corner Indexes            0   
Capacitance Scaling Factor   : 1.00000 
Resistance Scaling Factor    : 1.00000 
Clock Cap. Scaling Factor    : 1.00000 
Clock Res. Scaling Factor    : 1.00000 
Shrink Factor                : 1.00000
PreRoute extraction is honoring NDR/Shielding/ExtraSpace for clock nets.
Updating RC grid for preRoute extraction ...
Initializing multi-corner resistance tables ...
PreRoute RC Extraction DONE (CPU Time: 0:00:00.0  Real Time: 0:00:00.0  MEM: 1465.789M)
Compute RC Scale Done ...
[hotspot] +------------+---------------+---------------+
[hotspot] |            |   max hotspot | total hotspot |
[hotspot] +------------+---------------+---------------+
[hotspot] | normalized |          0.00 |          0.00 |
[hotspot] +------------+---------------+---------------+
Local HotSpot Analysis: normalized max congestion hotspot area = 0.00, normalized total congestion hotspot area = 0.00 (area is in unit of 4 std-cell row bins)
#################################################################################
# Design Stage: PreRoute
# Design Name: toll_gate
# Design Mode: 90nm
# Analysis Mode: MMMC Non-OCV 
# Parasitics Mode: No SPEF/RCDB
# Signoff Settings: SI Off 
#################################################################################
Calculate delays in Single mode...
Start delay calculation (fullDC) (1 T). (MEM=1455.79)
Total number of fetched objects 726
End delay calculation. (MEM=1498.43 CPU=0:00:00.1 REAL=0:00:00.0)
End delay calculation (fullDC). (MEM=1498.43 CPU=0:00:00.1 REAL=0:00:00.0)
Begin: GigaOpt postEco DRV Optimization
Info: 4 nets with fixed/cover wires excluded.
Info: 4 clock nets excluded from IPO operation.
*** DrvOpt [begin] : cpu/real = 0:00:00.0/0:00:00.0 (0.0), totSession cpu/real = 0:00:58.4/0:01:09.6 (0.8), mem = 1498.4M
+-------------------------------------------------------------------------------------------------------------------------------------------------------+
|        max-tran       |        max-cap        |  max-fanout |  max-length |       setup       |        |        |        |       |          |         |
+-------------------------------------------------------------------------------------------------------------------------------------------------------+
| nets | terms|  wViol  | nets | terms|  wViol  | nets | terms| nets | terms|   WNS   |   TNS   |  #Buf  |  #Inv  | #Resize|Density|   Real   |   Mem   |
+-------------------------------------------------------------------------------------------------------------------------------------------------------+
|     0|     0|     0.00|     0|     0|     0.00|     0|     0|     0|     0|     0.10|     0.00|       0|       0|       0|  80.19|          |         |
|     0|     0|     0.00|     0|     0|     0.00|     0|     0|     0|     0|     0.10|     0.00|       0|       0|       0|  80.19| 0:00:00.0|  1539.5M|
+-------------------------------------------------------------------------------------------------------------------------------------------------------+
Bottom Preferred Layer:
+---------------+------------+----------+
|     Layer     |    CLK     |   Rule   |
+---------------+------------+----------+
| Metal3 (z=3)  |          4 | default  |
+---------------+------------+----------+
Via Pillar Rule:
    None

*** Finish DRV Fixing (cpu=0:00:00.0 real=0:00:00.0 mem=1539.5M) ***

*** DrvOpt [finish] : cpu/real = 0:00:01.5/0:00:01.5 (1.0), totSession cpu/real = 0:00:59.9/0:01:11.0 (0.8), mem = 1520.4M
End: GigaOpt postEco DRV Optimization
Running refinePlace -preserveRouting true -hardFence false
*** Starting refinePlace (0:00:59.9 mem=1520.4M) ***
Density distribution unevenness ratio = 1.638%
Move report: Detail placement moves 0 insts, mean move: 0.00 um, max move: 0.00 um
	Runtime: CPU: 0:00:00.0 REAL: 0:00:00.0 MEM: 1520.4MB
Summary Report:
Instances move: 0 (out of 711 movable)
Instances flipped: 0
Mean displacement: 0.00 um
Max displacement: 0.00 um 
Runtime: CPU: 0:00:00.0 REAL: 0:00:00.0 MEM: 1520.4MB
*** Finished refinePlace (0:01:00.0 mem=1520.4M) ***

Active setup views:
 view1
  Dominating endpoints: 0
  Dominating TNS: -0.000

Extraction called for design 'toll_gate' of instances=714 and nets=766 using extraction engine 'preRoute' .
PreRoute RC Extraction called for design toll_gate.
RC Extraction called in multi-corner(1) mode.
**WARN: (IMPEXT-6197):	The Cap table file is not specified. This will result in lower parasitic accuracy when using preRoute extraction or postRoute extraction with effort level 'low'. It is recommended to generate the Cap table file using the 'generateCapTbl' command and specify it before extraction using 'create_rc_corner/update_rc_corner -cap_table'.
Type 'man IMPEXT-6197' for more detail.
RCMode: PreRoute
      RC Corner Indexes            0   
Capacitance Scaling Factor   : 1.00000 
Resistance Scaling Factor    : 1.00000 
Clock Cap. Scaling Factor    : 1.00000 
Clock Res. Scaling Factor    : 1.00000 
Shrink Factor                : 1.00000
PreRoute extraction is honoring NDR/Shielding/ExtraSpace for clock nets.
Updating RC grid for preRoute extraction ...
Initializing multi-corner resistance tables ...
PreRoute RC Extraction DONE (CPU Time: 0:00:00.0  Real Time: 0:00:00.0  MEM: 1506.227M)
Starting delay calculation for Setup views
#################################################################################
# Design Stage: PreRoute
# Design Name: toll_gate
# Design Mode: 90nm
# Analysis Mode: MMMC Non-OCV 
# Parasitics Mode: No SPEF/RCDB
# Signoff Settings: SI Off 
#################################################################################
Calculate delays in Single mode...
Start delay calculation (fullDC) (1 T). (MEM=1504.23)
Total number of fetched objects 726
End delay calculation. (MEM=1502.95 CPU=0:00:00.1 REAL=0:00:00.0)
End delay calculation (fullDC). (MEM=1502.95 CPU=0:00:00.1 REAL=0:00:00.0)
*** Done Building Timing Graph (cpu=0:00:00.2 real=0:00:00.0 totSessionCpu=0:01:00 mem=1502.9M)
Reported timing to dir ./timingReports
**optDesign ... cpu = 0:00:15, real = 0:00:15, mem = 1150.7M, totSessionCpu=0:01:00 **

------------------------------------------------------------
     optDesign Final Summary                             
------------------------------------------------------------

Setup views included:
 view1 

+--------------------+---------+---------+---------+
|     Setup mode     |   all   | reg2reg | default |
+--------------------+---------+---------+---------+
|           WNS (ns):|  0.102  |  0.102  |  0.000  |
|           TNS (ns):|  0.000  |  0.000  |  0.000  |
|    Violating Paths:|    0    |    0    |    0    |
|          All Paths:|   695   |   695   |    0    |
+--------------------+---------+---------+---------+

+----------------+-------------------------------+------------------+
|                |              Real             |       Total      |
|    DRVs        +------------------+------------+------------------|
|                |  Nr nets(terms)  | Worst Vio  |  Nr nets(terms)  |
+----------------+------------------+------------+------------------+
|   max_cap      |      0 (0)       |   0.000    |      0 (0)       |
|   max_tran     |      0 (0)       |   0.000    |      0 (0)       |
|   max_fanout   |      0 (0)       |     0      |      0 (0)       |
|   max_length   |      0 (0)       |     0      |      0 (0)       |
+----------------+------------------+------------+------------------+

Density: 80.187%
Routing Overflow: 0.00% H and 0.00% V
------------------------------------------------------------
**optDesign ... cpu = 0:00:16, real = 0:00:17, mem = 1151.4M, totSessionCpu=0:01:00 **
*** Finished optDesign ***
Info: Destroy the CCOpt slew target map.
Set place::cacheFPlanSiteMark to 0

*** Summary of all messages that are not suppressed in this session:
Severity  ID               Count  Summary                                  
WARNING   IMPEXT-6197          5  The Cap table file is not specified. Thi...
WARNING   IMPESI-3025        902  Delay calculation was forced to extrapol...
WARNING   IMPOPT-576           1  %d nets have unplaced terms.             
WARNING   IMPOPT-665           5  %s : Net has unplaced terms or is connec...
WARNING   IMPCCOPT-1285        5  The lib cell '%s' specified in %s %s. %s...
WARNING   IMPCCOPT-1361        3  Routing configuration for %s nets in clo...
WARNING   IMPCCOPT-2197        6  Unable to find a suitable hinst for a %s...
WARNING   IMPCCOPT-2015        2  %s will not update I/O latencies for the...
WARNING   IMPTCM-77            1  Option "%s" for command %s is obsolete a...
*** Message Summary: 930 warning(s), 0 error(s)

#% End ccopt_design (date=11/10 17:51:47, total cpu=0:00:24.1, real=0:00:26.0, peak res=1175.0M, current mem=1073.4M)
<CMD> report_timing -early -view {view1} -max_paths 100 > cts_reports/timing/timing_post_PnR_early.txt
#################################################################################
# Design Stage: PreRoute
# Design Name: toll_gate
# Design Mode: 90nm
# Analysis Mode: MMMC Non-OCV 
# Parasitics Mode: No SPEF/RCDB
# Signoff Settings: SI Off 
#################################################################################
Calculate delays in Single mode...
Start delay calculation (fullDC) (1 T). (MEM=1380.02)
Total number of fetched objects 726
End delay calculation. (MEM=1428.66 CPU=0:00:00.1 REAL=0:00:00.0)
End delay calculation (fullDC). (MEM=1428.66 CPU=0:00:00.1 REAL=0:00:00.0)
<CMD> report_timing -late  -max_paths 100 > cts_reports/timing/timing_post_PnR_late.txt
#################################################################################
# Design Stage: PreRoute
# Design Name: toll_gate
# Design Mode: 90nm
# Analysis Mode: MMMC Non-OCV 
# Parasitics Mode: No SPEF/RCDB
# Signoff Settings: SI Off 
#################################################################################
Calculate delays in Single mode...
Start delay calculation (fullDC) (1 T). (MEM=1412.45)
Total number of fetched objects 726
End delay calculation. (MEM=1428.66 CPU=0:00:00.1 REAL=0:00:00.0)
End delay calculation (fullDC). (MEM=1428.66 CPU=0:00:00.1 REAL=0:00:00.0)
<CMD> report_area -detail > cts_reports/area/area_post_pnr2.rpt
<CMD> report_power -rail_analysis_format VS -outfile cts_reports/ctsafteranalysis.rpt
Using Power View: view1.

Begin Power Analysis

             0V	    VSS
           0.9V	    VDD
Begin Processing Timing Library for Power Calculation

Begin Processing Timing Library for Power Calculation



Begin Processing Power Net/Grid for Power Calculation

Ended Processing Power Net/Grid for Power Calculation: (cpu=0:00:00, real=0:00:00, mem(process/total/peak)=1084.80MB/2596.56MB/1139.27MB)

Begin Processing Timing Window Data for Power Calculation

Ended Processing Timing Window Data for Power Calculation: (cpu=0:00:00, real=0:00:00, mem(process/total/peak)=1084.80MB/2596.56MB/1139.27MB)

Begin Processing User Attributes

Ended Processing User Attributes: (cpu=0:00:00, real=0:00:00, mem(process/total/peak)=1084.80MB/2596.56MB/1139.27MB)

Begin Processing Signal Activity


Starting Levelizing
2025-Nov-10 17:51:47 (2025-Nov-10 12:21:47 GMT)
2025-Nov-10 17:51:47 (2025-Nov-10 12:21:47 GMT): 10%
2025-Nov-10 17:51:47 (2025-Nov-10 12:21:47 GMT): 20%
2025-Nov-10 17:51:47 (2025-Nov-10 12:21:47 GMT): 30%
2025-Nov-10 17:51:47 (2025-Nov-10 12:21:47 GMT): 40%
2025-Nov-10 17:51:47 (2025-Nov-10 12:21:47 GMT): 50%
2025-Nov-10 17:51:47 (2025-Nov-10 12:21:47 GMT): 60%
2025-Nov-10 17:51:47 (2025-Nov-10 12:21:47 GMT): 70%
2025-Nov-10 17:51:47 (2025-Nov-10 12:21:47 GMT): 80%
2025-Nov-10 17:51:47 (2025-Nov-10 12:21:47 GMT): 90%

Finished Levelizing
2025-Nov-10 17:51:47 (2025-Nov-10 12:21:47 GMT)

Starting Activity Propagation
2025-Nov-10 17:51:47 (2025-Nov-10 12:21:47 GMT)
2025-Nov-10 17:51:47 (2025-Nov-10 12:21:47 GMT): 10%
2025-Nov-10 17:51:47 (2025-Nov-10 12:21:47 GMT): 20%

Finished Activity Propagation
2025-Nov-10 17:51:47 (2025-Nov-10 12:21:47 GMT)
Ended Processing Signal Activity: (cpu=0:00:00, real=0:00:00, mem(process/total/peak)=1084.80MB/2596.56MB/1139.27MB)

Begin Power Computation

      ----------------------------------------------------------
      # of cell(s) missing both power/leakage table: 0
      # of cell(s) missing power table: 0
      # of cell(s) missing leakage table: 0
      # of MSMV cell(s) missing power_level: 0
      ----------------------------------------------------------



Starting Calculating power
2025-Nov-10 17:51:47 (2025-Nov-10 12:21:47 GMT)
 ... Calculating switching power
2025-Nov-10 17:51:47 (2025-Nov-10 12:21:47 GMT): 10%
2025-Nov-10 17:51:47 (2025-Nov-10 12:21:47 GMT): 20%
2025-Nov-10 17:51:47 (2025-Nov-10 12:21:47 GMT): 30%
2025-Nov-10 17:51:47 (2025-Nov-10 12:21:47 GMT): 40%
2025-Nov-10 17:51:47 (2025-Nov-10 12:21:47 GMT): 50%
 ... Calculating internal and leakage power
2025-Nov-10 17:51:48 (2025-Nov-10 12:21:48 GMT): 60%
2025-Nov-10 17:51:48 (2025-Nov-10 12:21:48 GMT): 70%
2025-Nov-10 17:51:48 (2025-Nov-10 12:21:48 GMT): 80%
2025-Nov-10 17:51:48 (2025-Nov-10 12:21:48 GMT): 90%

Finished Calculating power
2025-Nov-10 17:51:48 (2025-Nov-10 12:21:48 GMT)
Ended Power Computation: (cpu=0:00:00, real=0:00:00, mem(process/total/peak)=1084.80MB/2596.56MB/1139.27MB)

Begin Processing User Attributes

Ended Processing User Attributes: (cpu=0:00:00, real=0:00:00, mem(process/total/peak)=1084.80MB/2596.56MB/1139.27MB)

Ended Power Analysis: (cpu=0:00:00, real=0:00:00, mem(process/total/peak)=1084.80MB/2596.56MB/1139.27MB)

Begin Boundary Leakage Calculation
Ended Boundary Leakage Calculation: (cpu=0:00:00, real=0:00:00,
mem(process/total/peak)=1084.80MB/2596.56MB/1139.27MB)
Begin Static Power Report Generation
*



Total Power
-----------------------------------------------------------------------------------------
Total Internal Power:        1.03571473 	   81.4460%
Total Switching Power:       0.19272184 	   15.1552%
Total Leakage Power:         0.04322178 	    3.3989%
Total Power:                 1.27165834
-----------------------------------------------------------------------------------------
Ended Static Power Report Generation: (cpu=0:00:00, real=0:00:00,
mem(process/total/peak)=1084.98MB/2596.56MB/1139.27MB)


Output file is cts_reports/ctsafteranalysis.rpt.
<CMD> optDesign -postCTS
**optDesign ... cpu = 0:00:00, real = 0:00:00, mem = 1074.6M, totSessionCpu=0:01:01 **
**WARN: (IMPOPT-576):	5 nets have unplaced terms. 
Type 'man IMPOPT-576' for more detail.
**INFO: User settings:
setDesignMode -flowEffort                  standard
setDesignMode -process                     90
setExtractRCMode -coupling_c_th            0.2
setExtractRCMode -engine                   preRoute
setExtractRCMode -relative_c_th            1
setExtractRCMode -total_c_th               0
setUsefulSkewMode -ecoRoute                false
setDelayCalMode -enable_high_fanout        true
setDelayCalMode -eng_copyNetPropToNewNet   true
setDelayCalMode -engine                    aae
setDelayCalMode -ignoreNetLoad             false
setDelayCalMode -reportOutBound            true
setOptMode -activeHoldViews                { view1 }
setOptMode -activeSetupViews               { view1 }
setOptMode -autoSetupViews                 { view1}
setOptMode -autoTDGRSetupViews             { view1}
setOptMode -drcMargin                      0
setOptMode -fixDrc                         true
setOptMode -preserveAllSequential          false
setOptMode -setupTargetSlack               0
setPlaceMode -place_design_floorplan_mode  false
setAnalysisMode -analysisType              single
setAnalysisMode -clkSrcPath                true
setAnalysisMode -clockPropagation          sdcControl
setAnalysisMode -virtualIPO                false

**INFO: setDesignMode -flowEffort standard -> setting 'setOptMode -allEndPoints true' for the duration of this command.
Need call spDPlaceInit before registerPrioInstLoc.
GigaOpt running with 1 threads.
**WARN: (IMPOPT-665):	scan_en : Net has unplaced terms or is connected to uplaced instances in design. 
Type 'man IMPOPT-665' for more detail.
**WARN: (IMPOPT-665):	DFT_sdi_1 : Net has unplaced terms or is connected to uplaced instances in design. 
Type 'man IMPOPT-665' for more detail.
**WARN: (IMPOPT-665):	DFT_sdi_2 : Net has unplaced terms or is connected to uplaced instances in design. 
Type 'man IMPOPT-665' for more detail.
**WARN: (IMPOPT-665):	DFT_sdo_1 : Net has unplaced terms or is connected to uplaced instances in design. 
Type 'man IMPOPT-665' for more detail.
**WARN: (IMPOPT-665):	DFT_sdo_2 : Net has unplaced terms or is connected to uplaced instances in design. 
Type 'man IMPOPT-665' for more detail.
**optDesign ... cpu = 0:00:01, real = 0:00:00, mem = 1119.8M, totSessionCpu=0:01:02 **
*** optDesign -postCTS ***
DRC Margin: user margin 0.0; extra margin 0.2
Hold Target Slack: user slack 0
Setup Target Slack: user slack 0; extra slack 0.0
setUsefulSkewMode -ecoRoute false
Multi-VT timing optimization disabled based on library information.
Start to check current routing status for nets...
All nets are already routed correctly.
End to check current routing status for nets (mem=1448.3M)
Compute RC Scale Done ...

------------------------------------------------------------
             Initial Summary                             
------------------------------------------------------------

Setup views included:
 view1 

+--------------------+---------+---------+---------+
|     Setup mode     |   all   | reg2reg | default |
+--------------------+---------+---------+---------+
|           WNS (ns):|  0.102  |  0.102  |  0.000  |
|           TNS (ns):|  0.000  |  0.000  |  0.000  |
|    Violating Paths:|    0    |    0    |    0    |
|          All Paths:|   695   |   695   |    0    |
+--------------------+---------+---------+---------+

+----------------+-------------------------------+------------------+
|                |              Real             |       Total      |
|    DRVs        +------------------+------------+------------------|
|                |  Nr nets(terms)  | Worst Vio  |  Nr nets(terms)  |
+----------------+------------------+------------+------------------+
|   max_cap      |      0 (0)       |   0.000    |      0 (0)       |
|   max_tran     |      0 (0)       |   0.000    |      0 (0)       |
|   max_fanout   |      0 (0)       |     0      |      0 (0)       |
|   max_length   |      0 (0)       |     0      |      0 (0)       |
+----------------+------------------+------------+------------------+

Density: 80.187%
------------------------------------------------------------
**optDesign ... cpu = 0:00:01, real = 0:00:01, mem = 1186.4M, totSessionCpu=0:01:02 **
** INFO : this run is activating low effort ccoptDesign flow
*** Starting optimizing excluded clock nets MEM= 1513.0M) ***
*info: No excluded clock nets to be optimized.
*** Finished optimizing excluded clock nets (CPU Time= 0:00:00.0  MEM= 1513.0M) ***
*** Starting optimizing excluded clock nets MEM= 1513.0M) ***
*info: No excluded clock nets to be optimized.
*** Finished optimizing excluded clock nets (CPU Time= 0:00:00.0  MEM= 1513.0M) ***
Info: Done creating the CCOpt slew target map.
Begin: GigaOpt high fanout net optimization
Info: 4 nets with fixed/cover wires excluded.
Info: 4 clock nets excluded from IPO operation.
*** DrvOpt [begin] : cpu/real = 0:00:00.0/0:00:00.0 (0.0), totSession cpu/real = 0:01:02.2/0:01:14.9 (0.8), mem = 1517.0M
*** DrvOpt [finish] : cpu/real = 0:00:02.5/0:00:02.5 (1.0), totSession cpu/real = 0:01:04.7/0:01:17.4 (0.8), mem = 1525.0M
End: GigaOpt high fanout net optimization
Begin: GigaOpt Global Optimization
*info: use new DP (enabled)
Info: 4 nets with fixed/cover wires excluded.
Info: 4 clock nets excluded from IPO operation.
*** SetupOpt [begin] : cpu/real = 0:00:00.0/0:00:00.0 (0.0), totSession cpu/real = 0:01:04.7/0:01:17.5 (0.8), mem = 1525.0M
*info: 4 clock nets excluded
*info: 2 special nets excluded.
*info: 36 no-driver nets excluded.
*info: 4 nets with fixed/cover wires excluded.
** GigaOpt Global Opt WNS Slack 0.000  TNS Slack 0.000 
+--------+--------+----------+------------+--------+----------+---------+---------------------------------------------------+
|  WNS   |  TNS   | Density  |    Real    |  Mem   |Worst View|Pathgroup|                     End Point                     |
+--------+--------+----------+------------+--------+----------+---------+---------------------------------------------------+
|   0.000|   0.000|    80.19%|   0:00:00.0| 1544.1M|     view1|       NA| NA                                                |
+--------+--------+----------+------------+--------+----------+---------+---------------------------------------------------+

*** Finish post-CTS Global Setup Fixing (cpu=0:00:00.1 real=0:00:00.0 mem=1544.1M) ***

*** Finish post-CTS Setup Fixing (cpu=0:00:00.1 real=0:00:00.0 mem=1544.1M) ***
Bottom Preferred Layer:
+---------------+------------+----------+
|     Layer     |    CLK     |   Rule   |
+---------------+------------+----------+
| Metal3 (z=3)  |          4 | default  |
+---------------+------------+----------+
Via Pillar Rule:
    None
** GigaOpt Global Opt End WNS Slack 0.000  TNS Slack 0.000 
*** SetupOpt [finish] : cpu/real = 0:00:05.3/0:00:05.4 (1.0), totSession cpu/real = 0:01:10.1/0:01:22.8 (0.8), mem = 1525.0M
End: GigaOpt Global Optimization
*** Timing Is met
*** Check timing (0:00:00.0)
Info: 4 nets with fixed/cover wires excluded.
Info: 4 clock nets excluded from IPO operation.
Info: 4 nets with fixed/cover wires excluded.
Info: 4 clock nets excluded from IPO operation.
Begin: Area Reclaim Optimization
*** AreaOpt [begin] : cpu/real = 0:00:00.0/0:00:00.0 (0.0), totSession cpu/real = 0:01:10.7/0:01:23.4 (0.8), mem = 1539.1M
Usable buffer cells for single buffer setup transform:
CLKBUFX2 BUFX2 CLKBUFX3 BUFX3 CLKBUFX4 BUFX4 CLKBUFX6 BUFX6 CLKBUFX8 BUFX8 CLKBUFX12 BUFX12 CLKBUFX16 BUFX16 CLKBUFX20 BUFX20 
Number of usable buffer cells above: 16
Reclaim Optimization WNS Slack 0.072  TNS Slack 0.000 Density 80.19
+----------+---------+--------+--------+------------+--------+
| Density  | Commits |  WNS   |  TNS   |    Real    |  Mem   |
+----------+---------+--------+--------+------------+--------+
|    80.19%|        -|   0.072|   0.000|   0:00:00.0| 1539.1M|
|    80.19%|        0|   0.072|   0.000|   0:00:00.0| 1558.2M|
|    80.19%|        0|   0.072|   0.000|   0:00:00.0| 1558.2M|
|    80.19%|        0|   0.072|   0.000|   0:00:00.0| 1558.2M|
|    80.19%|        0|   0.072|   0.000|   0:00:00.0| 1558.2M|
|    80.19%|        0|   0.072|   0.000|   0:00:00.0| 1558.2M|
+----------+---------+--------+--------+------------+--------+
Reclaim Optimization End WNS Slack 0.072  TNS Slack 0.000 Density 80.19
Bottom Preferred Layer:
+---------------+------------+----------+
|     Layer     |    CLK     |   Rule   |
+---------------+------------+----------+
| Metal3 (z=3)  |          4 | default  |
+---------------+------------+----------+
Via Pillar Rule:
    None
End: Core Area Reclaim Optimization (cpu = 0:00:01.2) (real = 0:00:01.0) **
*** Starting refinePlace (0:01:11 mem=1558.2M) ***
Total net bbox length = 1.476e+04 (8.062e+03 6.700e+03) (ext = 8.284e+02)
Move report: Detail placement moves 0 insts, mean move: 0.00 um, max move: 0.00 um
	Runtime: CPU: 0:00:00.0 REAL: 0:00:00.0 MEM: 1558.2MB
Summary Report:
Instances move: 0 (out of 711 movable)
Instances flipped: 0
Mean displacement: 0.00 um
Max displacement: 0.00 um 
Total net bbox length = 1.476e+04 (8.062e+03 6.700e+03) (ext = 8.284e+02)
Runtime: CPU: 0:00:00.0 REAL: 0:00:00.0 MEM: 1558.2MB
*** Finished refinePlace (0:01:11 mem=1558.2M) ***
*** maximum move = 0.00 um ***
*** Finished re-routing un-routed nets (1558.2M) ***

*** Finish Physical Update (cpu=0:00:00.1 real=0:00:00.0 mem=1577.3M) ***
*** AreaOpt [finish] : cpu/real = 0:00:00.7/0:00:00.7 (1.0), totSession cpu/real = 0:01:11.4/0:01:24.2 (0.8), mem = 1577.3M
End: Area Reclaim Optimization (cpu=0:00:01, real=0:00:01, mem=1520.22M, totSessionCpu=0:01:11).
[NR-eGR] Track table information for default rule: 
[NR-eGR] Metal1 has no routable track
[NR-eGR] Metal2 has single uniform track structure
[NR-eGR] Metal3 has single uniform track structure
[NR-eGR] Metal4 has single uniform track structure
[NR-eGR] Metal5 has single uniform track structure
[NR-eGR] Metal6 has single uniform track structure
[NR-eGR] Metal7 has single uniform track structure
[NR-eGR] Metal8 has single uniform track structure
[NR-eGR] Metal9 has single uniform track structure
[NR-eGR] Started Read PG Shapes ( Curr Mem: 1520.22 MB )
[NR-eGR] Read 5806 PG shapes
[NR-eGR] Finished Read PG Shapes ( CPU: 0.01 sec, Real: 0.00 sec, Curr Mem: 1520.22 MB )
[NR-eGR] #Routing Blockages  : 0
[NR-eGR] #Instance Blockages : 0
[NR-eGR] #PG Blockages       : 5806
[NR-eGR] #Halo Blockages     : 0
[NR-eGR] #Boundary Blockages : 0
[NR-eGR] Num Prerouted Nets = 4  Num Prerouted Wires = 683
[NR-eGR] Read numTotalNets=724  numIgnoredNets=4
[NR-eGR] ============ Routing rule table ============
[NR-eGR] Rule id: 0  Nets: 720 
[NR-eGR] Rule id: 1  Nets: 0 
[NR-eGR] ========================================
[NR-eGR] 
[NR-eGR] Layer group 1: route 720 net(s) in layer range [2, 9]
[NR-eGR] Early Global Route overflow of layer group 1: 0.00% H + 0.00% V. EstWL: 1.835874e+04um
[NR-eGR] Congestion Analysis By layer: (blocked Gcells are excluded) 
[NR-eGR]                        OverCon            
[NR-eGR]                         #Gcell     %Gcell
[NR-eGR]       Layer                (0)    OverCon 
[NR-eGR] ----------------------------------------------
[NR-eGR]  Metal1  (1)         0( 0.00%)   ( 0.00%) 
[NR-eGR]  Metal2  (2)         0( 0.00%)   ( 0.00%) 
[NR-eGR]  Metal3  (3)         0( 0.00%)   ( 0.00%) 
[NR-eGR]  Metal4  (4)         0( 0.00%)   ( 0.00%) 
[NR-eGR]  Metal5  (5)         0( 0.00%)   ( 0.00%) 
[NR-eGR]  Metal6  (6)         0( 0.00%)   ( 0.00%) 
[NR-eGR]  Metal7  (7)         0( 0.00%)   ( 0.00%) 
[NR-eGR]  Metal8  (8)         0( 0.00%)   ( 0.00%) 
[NR-eGR]  Metal9  (9)         0( 0.00%)   ( 0.00%) 
[NR-eGR] ----------------------------------------------
[NR-eGR] Total                0( 0.00%)   ( 0.00%) 
[NR-eGR] 
[NR-eGR] Overflow after Early Global Route (GR compatible) 0.00% H + 0.00% V
[NR-eGR] Overflow after Early Global Route 0.00% H + 0.00% V
[NR-eGR] Started Export DB wires ( Curr Mem: 1520.22 MB )
[NR-eGR] Started Export all nets ( Curr Mem: 1520.22 MB )
[NR-eGR] Finished Export all nets ( CPU: 0.01 sec, Real: 0.01 sec, Curr Mem: 1520.22 MB )
[NR-eGR] Started Set wire vias ( Curr Mem: 1520.22 MB )
[NR-eGR] Finished Set wire vias ( CPU: 0.00 sec, Real: 0.00 sec, Curr Mem: 1520.22 MB )
[NR-eGR] Finished Export DB wires ( CPU: 0.01 sec, Real: 0.02 sec, Curr Mem: 1520.22 MB )
[NR-eGR] --------------------------------------------------------------------------
[NR-eGR] Metal1  (1F) length: 0.000000e+00um, number of vias: 3023
[NR-eGR] Metal2  (2V) length: 7.396190e+03um, number of vias: 4513
[NR-eGR] Metal3  (3H) length: 9.479005e+03um, number of vias: 531
[NR-eGR] Metal4  (4V) length: 2.608405e+03um, number of vias: 140
[NR-eGR] Metal5  (5H) length: 1.342700e+03um, number of vias: 0
[NR-eGR] Metal6  (6V) length: 0.000000e+00um, number of vias: 0
[NR-eGR] Metal7  (7H) length: 0.000000e+00um, number of vias: 0
[NR-eGR] Metal8  (8V) length: 0.000000e+00um, number of vias: 0
[NR-eGR] Metal9  (9H) length: 0.000000e+00um, number of vias: 0
[NR-eGR] Total length: 2.082630e+04um, number of vias: 8207
[NR-eGR] --------------------------------------------------------------------------
[NR-eGR] Total eGR-routed clock nets wire length: 0.000000e+00um 
[NR-eGR] --------------------------------------------------------------------------
[NR-eGR] Finished Early Global Route kernel ( CPU: 0.13 sec, Real: 0.13 sec, Curr Mem: 1506.02 MB )
Extraction called for design 'toll_gate' of instances=714 and nets=766 using extraction engine 'preRoute' .
PreRoute RC Extraction called for design toll_gate.
RC Extraction called in multi-corner(1) mode.
**WARN: (IMPEXT-6197):	The Cap table file is not specified. This will result in lower parasitic accuracy when using preRoute extraction or postRoute extraction with effort level 'low'. It is recommended to generate the Cap table file using the 'generateCapTbl' command and specify it before extraction using 'create_rc_corner/update_rc_corner -cap_table'.
Type 'man IMPEXT-6197' for more detail.
RCMode: PreRoute
      RC Corner Indexes            0   
Capacitance Scaling Factor   : 1.00000 
Resistance Scaling Factor    : 1.00000 
Clock Cap. Scaling Factor    : 1.00000 
Clock Res. Scaling Factor    : 1.00000 
Shrink Factor                : 1.00000
PreRoute extraction is honoring NDR/Shielding/ExtraSpace for clock nets.
Updating RC grid for preRoute extraction ...
Initializing multi-corner resistance tables ...
PreRoute RC Extraction DONE (CPU Time: 0:00:00.0  Real Time: 0:00:00.0  MEM: 1506.016M)
Compute RC Scale Done ...
[hotspot] +------------+---------------+---------------+
[hotspot] |            |   max hotspot | total hotspot |
[hotspot] +------------+---------------+---------------+
[hotspot] | normalized |          0.00 |          0.00 |
[hotspot] +------------+---------------+---------------+
Local HotSpot Analysis: normalized max congestion hotspot area = 0.00, normalized total congestion hotspot area = 0.00 (area is in unit of 4 std-cell row bins)
#################################################################################
# Design Stage: PreRoute
# Design Name: toll_gate
# Design Mode: 90nm
# Analysis Mode: MMMC Non-OCV 
# Parasitics Mode: No SPEF/RCDB
# Signoff Settings: SI Off 
#################################################################################
Calculate delays in Single mode...
Start delay calculation (fullDC) (1 T). (MEM=1504.02)
Total number of fetched objects 726
End delay calculation. (MEM=1545.91 CPU=0:00:00.1 REAL=0:00:00.0)
End delay calculation (fullDC). (MEM=1545.91 CPU=0:00:00.1 REAL=0:00:00.0)
Begin: GigaOpt postEco DRV Optimization
Info: 4 nets with fixed/cover wires excluded.
Info: 4 clock nets excluded from IPO operation.
*** DrvOpt [begin] : cpu/real = 0:00:00.0/0:00:00.0 (0.0), totSession cpu/real = 0:01:11.8/0:01:24.6 (0.8), mem = 1545.9M
+-------------------------------------------------------------------------------------------------------------------------------------------------------+
|        max-tran       |        max-cap        |  max-fanout |  max-length |       setup       |        |        |        |       |          |         |
+-------------------------------------------------------------------------------------------------------------------------------------------------------+
| nets | terms|  wViol  | nets | terms|  wViol  | nets | terms| nets | terms|   WNS   |   TNS   |  #Buf  |  #Inv  | #Resize|Density|   Real   |   Mem   |
+-------------------------------------------------------------------------------------------------------------------------------------------------------+
|     0|     0|     0.00|     0|     0|     0.00|     0|     0|     0|     0|     0.10|     0.00|       0|       0|       0|  80.19|          |         |
|     0|     0|     0.00|     0|     0|     0.00|     0|     0|     0|     0|     0.10|     0.00|       0|       0|       0|  80.19| 0:00:00.0|  1587.0M|
+-------------------------------------------------------------------------------------------------------------------------------------------------------+
Bottom Preferred Layer:
+---------------+------------+----------+
|     Layer     |    CLK     |   Rule   |
+---------------+------------+----------+
| Metal3 (z=3)  |          4 | default  |
+---------------+------------+----------+
Via Pillar Rule:
    None

*** Finish DRV Fixing (cpu=0:00:00.0 real=0:00:00.0 mem=1587.0M) ***

*** DrvOpt [finish] : cpu/real = 0:00:01.5/0:00:01.5 (1.0), totSession cpu/real = 0:01:13.3/0:01:26.0 (0.9), mem = 1567.9M
End: GigaOpt postEco DRV Optimization
Running refinePlace -preserveRouting true -hardFence false
*** Starting refinePlace (0:01:13 mem=1567.9M) ***
Density distribution unevenness ratio = 1.638%
Move report: Detail placement moves 0 insts, mean move: 0.00 um, max move: 0.00 um
	Runtime: CPU: 0:00:00.0 REAL: 0:00:00.0 MEM: 1567.9MB
Summary Report:
Instances move: 0 (out of 711 movable)
Instances flipped: 0
Mean displacement: 0.00 um
Max displacement: 0.00 um 
Runtime: CPU: 0:00:00.0 REAL: 0:00:00.0 MEM: 1567.9MB
*** Finished refinePlace (0:01:13 mem=1567.9M) ***

Active setup views:
 view1
  Dominating endpoints: 0
  Dominating TNS: -0.000

Extraction called for design 'toll_gate' of instances=714 and nets=766 using extraction engine 'preRoute' .
PreRoute RC Extraction called for design toll_gate.
RC Extraction called in multi-corner(1) mode.
**WARN: (IMPEXT-6197):	The Cap table file is not specified. This will result in lower parasitic accuracy when using preRoute extraction or postRoute extraction with effort level 'low'. It is recommended to generate the Cap table file using the 'generateCapTbl' command and specify it before extraction using 'create_rc_corner/update_rc_corner -cap_table'.
Type 'man IMPEXT-6197' for more detail.
RCMode: PreRoute
      RC Corner Indexes            0   
Capacitance Scaling Factor   : 1.00000 
Resistance Scaling Factor    : 1.00000 
Clock Cap. Scaling Factor    : 1.00000 
Clock Res. Scaling Factor    : 1.00000 
Shrink Factor                : 1.00000
PreRoute extraction is honoring NDR/Shielding/ExtraSpace for clock nets.
Updating RC grid for preRoute extraction ...
Initializing multi-corner resistance tables ...
PreRoute RC Extraction DONE (CPU Time: 0:00:00.0  Real Time: 0:00:00.0  MEM: 1553.711M)
Starting delay calculation for Setup views
#################################################################################
# Design Stage: PreRoute
# Design Name: toll_gate
# Design Mode: 90nm
# Analysis Mode: MMMC Non-OCV 
# Parasitics Mode: No SPEF/RCDB
# Signoff Settings: SI Off 
#################################################################################
Calculate delays in Single mode...
Start delay calculation (fullDC) (1 T). (MEM=1551.71)
Total number of fetched objects 726
End delay calculation. (MEM=1545.91 CPU=0:00:00.1 REAL=0:00:00.0)
End delay calculation (fullDC). (MEM=1545.91 CPU=0:00:00.2 REAL=0:00:00.0)
*** Done Building Timing Graph (cpu=0:00:00.2 real=0:00:00.0 totSessionCpu=0:01:14 mem=1545.9M)
Reported timing to dir ./timingReports
**optDesign ... cpu = 0:00:13, real = 0:00:12, mem = 1197.5M, totSessionCpu=0:01:14 **

------------------------------------------------------------
     optDesign Final Summary                             
------------------------------------------------------------

Setup views included:
 view1 

+--------------------+---------+---------+---------+
|     Setup mode     |   all   | reg2reg | default |
+--------------------+---------+---------+---------+
|           WNS (ns):|  0.102  |  0.102  |  0.000  |
|           TNS (ns):|  0.000  |  0.000  |  0.000  |
|    Violating Paths:|    0    |    0    |    0    |
|          All Paths:|   695   |   695   |    0    |
+--------------------+---------+---------+---------+

+----------------+-------------------------------+------------------+
|                |              Real             |       Total      |
|    DRVs        +------------------+------------+------------------|
|                |  Nr nets(terms)  | Worst Vio  |  Nr nets(terms)  |
+----------------+------------------+------------+------------------+
|   max_cap      |      0 (0)       |   0.000    |      0 (0)       |
|   max_tran     |      0 (0)       |   0.000    |      0 (0)       |
|   max_fanout   |      0 (0)       |     0      |      0 (0)       |
|   max_length   |      0 (0)       |     0      |      0 (0)       |
+----------------+------------------+------------+------------------+

Density: 80.187%
Routing Overflow: 0.00% H and 0.00% V
------------------------------------------------------------
**optDesign ... cpu = 0:00:13, real = 0:00:14, mem = 1198.4M, totSessionCpu=0:01:14 **
*** Finished optDesign ***
Info: Destroy the CCOpt slew target map.
<CMD> optDesign -postCTS -hold
**optDesign ... cpu = 0:00:00, real = 0:00:00, mem = 1121.6M, totSessionCpu=0:01:14 **
**WARN: (IMPOPT-576):	5 nets have unplaced terms. 
Type 'man IMPOPT-576' for more detail.
**INFO: User settings:
setDesignMode -flowEffort                  standard
setDesignMode -process                     90
setExtractRCMode -coupling_c_th            0.2
setExtractRCMode -engine                   preRoute
setExtractRCMode -relative_c_th            1
setExtractRCMode -total_c_th               0
setUsefulSkewMode -ecoRoute                false
setDelayCalMode -enable_high_fanout        true
setDelayCalMode -eng_copyNetPropToNewNet   true
setDelayCalMode -engine                    aae
setDelayCalMode -ignoreNetLoad             false
setDelayCalMode -reportOutBound            true
setOptMode -activeSetupViews               { view1 }
setOptMode -autoSetupViews                 { view1}
setOptMode -autoTDGRSetupViews             { view1}
setOptMode -drcMargin                      0
setOptMode -fixDrc                         true
setOptMode -preserveAllSequential          false
setOptMode -setupTargetSlack               0
setPlaceMode -place_design_floorplan_mode  false
setAnalysisMode -analysisType              single
setAnalysisMode -clkSrcPath                true
setAnalysisMode -clockPropagation          sdcControl
setAnalysisMode -virtualIPO                false

**INFO: setDesignMode -flowEffort standard -> setting 'setOptMode -allEndPoints true' for the duration of this command.
GigaOpt running with 1 threads.
Need call spDPlaceInit before registerPrioInstLoc.
**WARN: (IMPOPT-665):	scan_en : Net has unplaced terms or is connected to uplaced instances in design. 
Type 'man IMPOPT-665' for more detail.
**WARN: (IMPOPT-665):	DFT_sdi_1 : Net has unplaced terms or is connected to uplaced instances in design. 
Type 'man IMPOPT-665' for more detail.
**WARN: (IMPOPT-665):	DFT_sdi_2 : Net has unplaced terms or is connected to uplaced instances in design. 
Type 'man IMPOPT-665' for more detail.
**WARN: (IMPOPT-665):	DFT_sdo_1 : Net has unplaced terms or is connected to uplaced instances in design. 
Type 'man IMPOPT-665' for more detail.
**WARN: (IMPOPT-665):	DFT_sdo_2 : Net has unplaced terms or is connected to uplaced instances in design. 
Type 'man IMPOPT-665' for more detail.
**optDesign ... cpu = 0:00:01, real = 0:00:01, mem = 1125.8M, totSessionCpu=0:01:14 **
*** optDesign -postCTS ***
DRC Margin: user margin 0.0
Hold Target Slack: user slack 0
Setup Target Slack: user slack 0;
setUsefulSkewMode -ecoRoute false
Start to check current routing status for nets...
All nets are already routed correctly.
End to check current routing status for nets (mem=1456.9M)
Compute RC Scale Done ...
GigaOpt Hold Optimizer is used
Starting initialization (fixHold) cpu=0:00:00.0 real=0:00:00.0 totSessionCpu=0:01:17 mem=1597.6M ***
Running 'saveTimingGraph -compress -file /tmp/innovus_temp_21512_edatools-server2.iiitd.edu.in_prerana25172_nWRcoA/opt_timing_graph_YUj6B7/timingGraph.tgz -dir /tmp/innovus_temp_21512_edatools-server2.iiitd.edu.in_prerana25172_nWRcoA/opt_timing_graph_YUj6B7 -prefix timingGraph'
Done saveTimingGraph
Starting delay calculation for Hold views
#################################################################################
# Design Stage: PreRoute
# Design Name: toll_gate
# Design Mode: 90nm
# Analysis Mode: MMMC Non-OCV 
# Parasitics Mode: No SPEF/RCDB
# Signoff Settings: SI Off 
#################################################################################
Calculate delays in Single mode...
Start delay calculation (fullDC) (1 T). (MEM=1581.35)
**WARN: (IMPESI-3025):	Delay calculation was forced to extrapolate the slew on instance CTS_ccl_a_buf_00009, Cell type : CLKBUFX16, Arc : Av->Yv because it's outside the characterized table range. The actual slew is 0.0034 ns and the lower bound in the table is 0.0600 ns. In some cases, extrapolation can reduce the accuracy of delay calculation.
**WARN: (IMPESI-3025):	Delay calculation was forced to extrapolate the slew on instance CTS_ccl_a_buf_00009, Cell type : CLKBUFX16, Arc : A^->Y^ because it's outside the characterized table range. The actual slew is 0.0034 ns and the lower bound in the table is 0.0600 ns. In some cases, extrapolation can reduce the accuracy of delay calculation.
**WARN: (IMPESI-3025):	Delay calculation was forced to extrapolate the slew on instance CTS_ccl_a_buf_00005, Cell type : CLKBUFX16, Arc : Av->Yv because it's outside the characterized table range. The actual slew is 0.0033 ns and the lower bound in the table is 0.0600 ns. In some cases, extrapolation can reduce the accuracy of delay calculation.
**WARN: (IMPESI-3025):	Delay calculation was forced to extrapolate the slew on instance CTS_ccl_a_buf_00005, Cell type : CLKBUFX16, Arc : A^->Y^ because it's outside the characterized table range. The actual slew is 0.0033 ns and the lower bound in the table is 0.0600 ns. In some cases, extrapolation can reduce the accuracy of delay calculation.
**WARN: (IMPESI-3025):	Delay calculation was forced to extrapolate the slew on instance u_account_balance/CTS_ccl_a_buf_00007, Cell type : CLKBUFX16, Arc : Av->Yv because it's outside the characterized table range. The actual slew is 0.0034 ns and the lower bound in the table is 0.0600 ns. In some cases, extrapolation can reduce the accuracy of delay calculation.
**WARN: (IMPESI-3025):	Delay calculation was forced to extrapolate the slew on instance u_account_balance/CTS_ccl_a_buf_00007, Cell type : CLKBUFX16, Arc : A^->Y^ because it's outside the characterized table range. The actual slew is 0.0034 ns and the lower bound in the table is 0.0600 ns. In some cases, extrapolation can reduce the accuracy of delay calculation.
**WARN: (IMPESI-3025):	Delay calculation was forced to extrapolate the slew on instance u_account_balance/g4365, Cell type : CLKINVX1, Arc : Av->Y^ because it's outside the characterized table range. The actual slew is 0.0035 ns and the lower bound in the table is 0.0168 ns. In some cases, extrapolation can reduce the accuracy of delay calculation.
**WARN: (IMPESI-3025):	Delay calculation was forced to extrapolate the slew on instance u_account_balance/g4365, Cell type : CLKINVX1, Arc : A^->Yv because it's outside the characterized table range. The actual slew is 0.0035 ns and the lower bound in the table is 0.0168 ns. In some cases, extrapolation can reduce the accuracy of delay calculation.
**WARN: (IMPESI-3025):	Delay calculation was forced to extrapolate the slew on instance g224, Cell type : INVXL, Arc : Av->Y^ because it's outside the characterized table range. The actual slew is 0.0030 ns and the lower bound in the table is 0.0168 ns. In some cases, extrapolation can reduce the accuracy of delay calculation.
**WARN: (IMPESI-3025):	Delay calculation was forced to extrapolate the slew on instance g224, Cell type : INVXL, Arc : A^->Yv because it's outside the characterized table range. The actual slew is 0.0030 ns and the lower bound in the table is 0.0168 ns. In some cases, extrapolation can reduce the accuracy of delay calculation.
**WARN: (IMPESI-3025):	Delay calculation was forced to extrapolate the slew on instance g428, Cell type : NAND2BX1, Arc : ANv->Yv because it's outside the characterized table range. The actual slew is 0.0038 ns and the lower bound in the table is 0.0168 ns. In some cases, extrapolation can reduce the accuracy of delay calculation.
**WARN: (IMPESI-3025):	Delay calculation was forced to extrapolate the slew on instance g428, Cell type : NAND2BX1, Arc : AN^->Y^ because it's outside the characterized table range. The actual slew is 0.0038 ns and the lower bound in the table is 0.0168 ns. In some cases, extrapolation can reduce the accuracy of delay calculation.
**WARN: (IMPESI-3025):	Delay calculation was forced to extrapolate the slew on instance g425, Cell type : NOR2XL, Arc : Av->Y^ because it's outside the characterized table range. The actual slew is 0.0038 ns and the lower bound in the table is 0.0168 ns. In some cases, extrapolation can reduce the accuracy of delay calculation.
**WARN: (IMPESI-3025):	Delay calculation was forced to extrapolate the slew on instance g425, Cell type : NOR2XL, Arc : A^->Yv because it's outside the characterized table range. The actual slew is 0.0038 ns and the lower bound in the table is 0.0168 ns. In some cases, extrapolation can reduce the accuracy of delay calculation.
**WARN: (IMPESI-3025):	Delay calculation was forced to extrapolate the slew on instance u_account_balance/g13463, Cell type : CLKINVX3, Arc : Av->Y^ because it's outside the characterized table range. The actual slew is 0.6767 ns and the upper bound in the table is 0.6120 ns. In some cases, extrapolation can reduce the accuracy of delay calculation.
**WARN: (IMPESI-3025):	Delay calculation was forced to extrapolate the slew on instance u_account_balance/g13463, Cell type : CLKINVX3, Arc : A^->Yv because it's outside the characterized table range. The actual slew is 0.8072 ns and the upper bound in the table is 0.6120 ns. In some cases, extrapolation can reduce the accuracy of delay calculation.
**WARN: (IMPESI-3025):	Delay calculation was forced to extrapolate the slew on instance u_account_balance/g13457, Cell type : NAND2X2, Arc : Bv->Y^ because it's outside the characterized table range. The actual slew is 0.6767 ns and the upper bound in the table is 0.6120 ns. In some cases, extrapolation can reduce the accuracy of delay calculation.
**WARN: (IMPESI-3025):	Delay calculation was forced to extrapolate the slew on instance u_account_balance/g13457, Cell type : NAND2X2, Arc : B^->Yv because it's outside the characterized table range. The actual slew is 0.8073 ns and the upper bound in the table is 0.6120 ns. In some cases, extrapolation can reduce the accuracy of delay calculation.
**WARN: (IMPESI-3025):	Delay calculation was forced to extrapolate the slew on instance u_account_balance/g13452, Cell type : NOR2XL, Arc : Bv->Y^ because it's outside the characterized table range. The actual slew is 0.6767 ns and the upper bound in the table is 0.6120 ns. In some cases, extrapolation can reduce the accuracy of delay calculation.
**WARN: (IMPESI-3025):	Delay calculation was forced to extrapolate the slew on instance u_account_balance/g13452, Cell type : NOR2XL, Arc : B^->Yv because it's outside the characterized table range. The actual slew is 0.8072 ns and the upper bound in the table is 0.6120 ns. In some cases, extrapolation can reduce the accuracy of delay calculation.
Total number of fetched objects 726
End delay calculation. (MEM=1565.55 CPU=0:00:00.1 REAL=0:00:00.0)
End delay calculation (fullDC). (MEM=1565.55 CPU=0:00:00.1 REAL=0:00:00.0)
*** Done Building Timing Graph (cpu=0:00:00.2 real=0:00:00.0 totSessionCpu=0:01:17 mem=1565.5M)

Active hold views:
 view1
  Dominating endpoints: 0
  Dominating TNS: -0.000

Done building cte hold timing graph (fixHold) cpu=0:00:00.4 real=0:00:00.0 totSessionCpu=0:01:17 mem=1580.8M ***
Done building hold timer [1 node(s), 0 edge(s), 1 view(s)] (fixHold) cpu=0:00:00.4 real=0:00:00.0 totSessionCpu=0:01:17 mem=1580.8M ***
Running 'restoreTimingGraph -file /tmp/innovus_temp_21512_edatools-server2.iiitd.edu.in_prerana25172_nWRcoA/opt_timing_graph_YUj6B7/timingGraph.tgz -dir /tmp/innovus_temp_21512_edatools-server2.iiitd.edu.in_prerana25172_nWRcoA/opt_timing_graph_YUj6B7 -prefix timingGraph'
Done restoreTimingGraph
Done building cte setup timing graph (fixHold) cpu=0:00:00.6 real=0:00:01.0 totSessionCpu=0:01:17 mem=1586.8M ***

*Info: minBufDelay = 99.6 ps, libStdDelay = 35.8 ps, minBufSize = 18165600 (6.0)
*Info: worst delay setup view: view1

------------------------------------------------------------
             Initial Summary                             
------------------------------------------------------------

Setup views included:
 view1
Hold  views included:
 view1

+--------------------+---------+---------+---------+
|     Setup mode     |   all   | reg2reg | default |
+--------------------+---------+---------+---------+
|           WNS (ns):|  0.102  |  0.102  |  0.000  |
|           TNS (ns):|  0.000  |  0.000  |  0.000  |
|    Violating Paths:|    0    |    0    |    0    |
|          All Paths:|   695   |   695   |    0    |
+--------------------+---------+---------+---------+

+--------------------+---------+---------+---------+
|     Hold mode      |   all   | reg2reg | default |
+--------------------+---------+---------+---------+
|           WNS (ns):|  0.306  |  0.310  |  0.306  |
|           TNS (ns):|  0.000  |  0.000  |  0.000  |
|    Violating Paths:|    0    |    0    |    0    |
|          All Paths:|   753   |   695   |   309   |
+--------------------+---------+---------+---------+

+----------------+-------------------------------+------------------+
|                |              Real             |       Total      |
|    DRVs        +------------------+------------+------------------|
|                |  Nr nets(terms)  | Worst Vio  |  Nr nets(terms)  |
+----------------+------------------+------------+------------------+
|   max_cap      |      0 (0)       |   0.000    |      0 (0)       |
|   max_tran     |      0 (0)       |   0.000    |      0 (0)       |
|   max_fanout   |      0 (0)       |     0      |      0 (0)       |
|   max_length   |      0 (0)       |     0      |      0 (0)       |
+----------------+------------------+------------+------------------+

Density: 80.187%
------------------------------------------------------------
**optDesign ... cpu = 0:00:04, real = 0:00:04, mem = 1242.0M, totSessionCpu=0:01:18 **
*** HoldOpt [begin] : cpu/real = 0:00:00.0/0:00:00.0 (0.0), totSession cpu/real = 0:01:17.9/0:01:32.5 (0.8), mem = 1574.8M
*info: Run optDesign holdfix with 1 thread.
Info: 4 nets with fixed/cover wires excluded.
Info: 4 clock nets excluded from IPO operation.
*** Hold timing is met. Hold fixing is not needed 
**INFO: total 0 insts, 0 nets marked don't touch
**INFO: total 0 insts, 0 nets marked don't touch DB property
**INFO: total 0 insts, 0 nets unmarked don't touch

*** HoldOpt [finish] : cpu/real = 0:00:00.0/0:00:00.0 (0.0), totSession cpu/real = 0:01:17.9/0:01:32.5 (0.8), mem = 1575.8M

Active setup views:
 view1
  Dominating endpoints: 0
  Dominating TNS: -0.000

Reported timing to dir ./timingReports
**optDesign ... cpu = 0:00:04, real = 0:00:04, mem = 1244.3M, totSessionCpu=0:01:18 **
Running 'saveTimingGraph -compress -file /tmp/innovus_temp_21512_edatools-server2.iiitd.edu.in_prerana25172_nWRcoA/opt_timing_graph_bRtVRF/timingGraph.tgz -dir /tmp/innovus_temp_21512_edatools-server2.iiitd.edu.in_prerana25172_nWRcoA/opt_timing_graph_bRtVRF -prefix timingGraph'
Done saveTimingGraph
Starting delay calculation for Hold views
#################################################################################
# Design Stage: PreRoute
# Design Name: toll_gate
# Design Mode: 90nm
# Analysis Mode: MMMC Non-OCV 
# Parasitics Mode: No SPEF/RCDB
# Signoff Settings: SI Off 
#################################################################################
Calculate delays in Single mode...
Start delay calculation (fullDC) (1 T). (MEM=1590.16)
Total number of fetched objects 726
End delay calculation. (MEM=1604.18 CPU=0:00:00.1 REAL=0:00:00.0)
End delay calculation (fullDC). (MEM=1604.18 CPU=0:00:00.1 REAL=0:00:00.0)
*** Done Building Timing Graph (cpu=0:00:00.2 real=0:00:00.0 totSessionCpu=0:01:18 mem=1604.2M)
Running 'restoreTimingGraph -file /tmp/innovus_temp_21512_edatools-server2.iiitd.edu.in_prerana25172_nWRcoA/opt_timing_graph_bRtVRF/timingGraph.tgz -dir /tmp/innovus_temp_21512_edatools-server2.iiitd.edu.in_prerana25172_nWRcoA/opt_timing_graph_bRtVRF -prefix timingGraph'
Done restoreTimingGraph

------------------------------------------------------------
     optDesign Final Summary                             
------------------------------------------------------------

Setup views included:
 view1 
Hold  views included:
 view1

+--------------------+---------+---------+---------+
|     Setup mode     |   all   | reg2reg | default |
+--------------------+---------+---------+---------+
|           WNS (ns):|  0.102  |  0.102  |  0.000  |
|           TNS (ns):|  0.000  |  0.000  |  0.000  |
|    Violating Paths:|    0    |    0    |    0    |
|          All Paths:|   695   |   695   |    0    |
+--------------------+---------+---------+---------+

+--------------------+---------+---------+---------+
|     Hold mode      |   all   | reg2reg | default |
+--------------------+---------+---------+---------+
|           WNS (ns):|  0.306  |  0.310  |  0.306  |
|           TNS (ns):|  0.000  |  0.000  |  0.000  |
|    Violating Paths:|    0    |    0    |    0    |
|          All Paths:|   753   |   695   |   309   |
+--------------------+---------+---------+---------+

+----------------+-------------------------------+------------------+
|                |              Real             |       Total      |
|    DRVs        +------------------+------------+------------------|
|                |  Nr nets(terms)  | Worst Vio  |  Nr nets(terms)  |
+----------------+------------------+------------+------------------+
|   max_cap      |      0 (0)       |   0.000    |      0 (0)       |
|   max_tran     |      0 (0)       |   0.000    |      0 (0)       |
|   max_fanout   |      0 (0)       |     0      |      0 (0)       |
|   max_length   |      0 (0)       |     0      |      0 (0)       |
+----------------+------------------+------------+------------------+

Density: 80.187%
Routing Overflow: 0.00% H and 0.00% V
------------------------------------------------------------
**optDesign ... cpu = 0:00:05, real = 0:00:07, mem = 1247.0M, totSessionCpu=0:01:19 **
*** Finished optDesign ***
Info: Destroy the CCOpt slew target map.
<CMD> report_timing -early -view {view1} -max_paths 100 > optimised_cts_reports/timing/timing_post_PnR_early.txt
#################################################################################
# Design Stage: PreRoute
# Design Name: toll_gate
# Design Mode: 90nm
# Analysis Mode: MMMC Non-OCV 
# Parasitics Mode: No SPEF/RCDB
# Signoff Settings: SI Off 
#################################################################################
Calculate delays in Single mode...
Start delay calculation (fullDC) (1 T). (MEM=1559.43)
Total number of fetched objects 726
End delay calculation. (MEM=1579.45 CPU=0:00:00.1 REAL=0:00:00.0)
End delay calculation (fullDC). (MEM=1579.45 CPU=0:00:00.1 REAL=0:00:00.0)
<CMD> report_timing -late  -max_paths 100 > optimised_cts_reports/timing/timing_post_PnR_late.txt
#################################################################################
# Design Stage: PreRoute
# Design Name: toll_gate
# Design Mode: 90nm
# Analysis Mode: MMMC Non-OCV 
# Parasitics Mode: No SPEF/RCDB
# Signoff Settings: SI Off 
#################################################################################
Calculate delays in Single mode...
Start delay calculation (fullDC) (1 T). (MEM=1563.24)
Total number of fetched objects 726
End delay calculation. (MEM=1579.45 CPU=0:00:00.1 REAL=0:00:00.0)
End delay calculation (fullDC). (MEM=1579.45 CPU=0:00:00.1 REAL=0:00:00.0)
<CMD> report_area -detail > optimised_cts_reports/area/area_post_pnr3.rpt
<CMD> report_power -rail_analysis_format VS -outfile optimised_cts_reports/ctsafteranalysispostoptimization.rpt
Using Power View: view1.

Begin Power Analysis

             0V	    VSS
           0.9V	    VDD

Begin Processing Timing Library for Power Calculation

Begin Processing Timing Library for Power Calculation



Begin Processing Power Net/Grid for Power Calculation

Ended Processing Power Net/Grid for Power Calculation: (cpu=0:00:00, real=0:00:00, mem(process/total/peak)=1253.18MB/2747.35MB/1253.18MB)

Begin Processing Timing Window Data for Power Calculation

Ended Processing Timing Window Data for Power Calculation: (cpu=0:00:00, real=0:00:00, mem(process/total/peak)=1253.18MB/2747.35MB/1253.18MB)

Begin Processing User Attributes

Ended Processing User Attributes: (cpu=0:00:00, real=0:00:00, mem(process/total/peak)=1253.18MB/2747.35MB/1253.18MB)

Begin Processing Signal Activity


Starting Levelizing
2025-Nov-10 17:52:09 (2025-Nov-10 12:22:09 GMT)
2025-Nov-10 17:52:09 (2025-Nov-10 12:22:09 GMT): 10%
2025-Nov-10 17:52:09 (2025-Nov-10 12:22:09 GMT): 20%
2025-Nov-10 17:52:09 (2025-Nov-10 12:22:09 GMT): 30%
2025-Nov-10 17:52:09 (2025-Nov-10 12:22:09 GMT): 40%
2025-Nov-10 17:52:09 (2025-Nov-10 12:22:09 GMT): 50%
2025-Nov-10 17:52:09 (2025-Nov-10 12:22:09 GMT): 60%
2025-Nov-10 17:52:09 (2025-Nov-10 12:22:09 GMT): 70%
2025-Nov-10 17:52:09 (2025-Nov-10 12:22:09 GMT): 80%
2025-Nov-10 17:52:09 (2025-Nov-10 12:22:09 GMT): 90%

Finished Levelizing
2025-Nov-10 17:52:09 (2025-Nov-10 12:22:09 GMT)

Starting Activity Propagation
2025-Nov-10 17:52:09 (2025-Nov-10 12:22:09 GMT)
2025-Nov-10 17:52:09 (2025-Nov-10 12:22:09 GMT): 10%
2025-Nov-10 17:52:09 (2025-Nov-10 12:22:09 GMT): 20%

Finished Activity Propagation
2025-Nov-10 17:52:09 (2025-Nov-10 12:22:09 GMT)
Ended Processing Signal Activity: (cpu=0:00:00, real=0:00:00, mem(process/total/peak)=1253.18MB/2747.35MB/1253.18MB)

Begin Power Computation

      ----------------------------------------------------------
      # of cell(s) missing both power/leakage table: 0
      # of cell(s) missing power table: 0
      # of cell(s) missing leakage table: 0
      # of MSMV cell(s) missing power_level: 0
      ----------------------------------------------------------



Starting Calculating power
2025-Nov-10 17:52:09 (2025-Nov-10 12:22:09 GMT)
 ... Calculating switching power
2025-Nov-10 17:52:09 (2025-Nov-10 12:22:09 GMT): 10%
2025-Nov-10 17:52:09 (2025-Nov-10 12:22:09 GMT): 20%
2025-Nov-10 17:52:09 (2025-Nov-10 12:22:09 GMT): 30%
2025-Nov-10 17:52:09 (2025-Nov-10 12:22:09 GMT): 40%
2025-Nov-10 17:52:09 (2025-Nov-10 12:22:09 GMT): 50%
 ... Calculating internal and leakage power
2025-Nov-10 17:52:09 (2025-Nov-10 12:22:09 GMT): 60%
2025-Nov-10 17:52:09 (2025-Nov-10 12:22:09 GMT): 70%
2025-Nov-10 17:52:09 (2025-Nov-10 12:22:09 GMT): 80%
2025-Nov-10 17:52:09 (2025-Nov-10 12:22:09 GMT): 90%

Finished Calculating power
2025-Nov-10 17:52:09 (2025-Nov-10 12:22:09 GMT)
Ended Power Computation: (cpu=0:00:00, real=0:00:00, mem(process/total/peak)=1253.18MB/2747.35MB/1253.18MB)

Begin Processing User Attributes

Ended Processing User Attributes: (cpu=0:00:00, real=0:00:00, mem(process/total/peak)=1253.18MB/2747.35MB/1253.18MB)

Ended Power Analysis: (cpu=0:00:00, real=0:00:00, mem(process/total/peak)=1253.18MB/2747.35MB/1253.18MB)

Begin Boundary Leakage Calculation
Ended Boundary Leakage Calculation: (cpu=0:00:00, real=0:00:00,
mem(process/total/peak)=1253.18MB/2747.35MB/1253.18MB)
Begin Static Power Report Generation
*



Total Power
-----------------------------------------------------------------------------------------
Total Internal Power:        1.03571473 	   81.4460%
Total Switching Power:       0.19272184 	   15.1552%
Total Leakage Power:         0.04322178 	    3.3989%
Total Power:                 1.27165834
-----------------------------------------------------------------------------------------
Ended Static Power Report Generation: (cpu=0:00:00, real=0:00:00,
mem(process/total/peak)=1253.33MB/2747.35MB/1253.33MB)


Output file is optimised_cts_reports/ctsafteranalysispostoptimization.rpt.
<CMD> ccopt_pro -enable_drv_fixing true -enable_drv_fixing_by_rebuffering true -enable_refine_place true -enable_routing_eco true -enable_skew_fixing true -enable_skew_fixing_by_rebuffering true -enable_timing_update true
Running CCOpt-PRO on entire clock network
Net route status summary:
  Clock:         4 (unrouted=0, trialRouted=0, noStatus=0, routed=0, fixed=4, [crossesIlmBoundary=0, tooFewTerms=0, (crossesIlmBoundary AND tooFewTerms=0)])
  Non-clock:   762 (unrouted=42, trialRouted=720, noStatus=0, routed=0, fixed=0, [crossesIlmBoundary=0, tooFewTerms=40, (crossesIlmBoundary AND tooFewTerms=0)])
Clock tree cells fixed by user: 0 out of 3 (0%)
PostConditioning...
Relaxing adjacent_rows_legal and cell_density for the duration of PRO. To stop this set pro_respect_cell_density_and_adjacent_row_legal to true.
Initializing clock structures...
  Creating own balancer
  Permitting the movement of (non-FIXED) datapath insts as required for sized/new clock tree insts
  Removing CTS place status from clock tree and sinks.
  Initializing legalizer
  Using cell based legalization.
  Reconstructing clock tree datastructures...
    Validating CTS configuration...
    Checking module port directions...
    Checking module port directions done. (took cpu=0:00:00.0 real=0:00:00.0)
    Non-default CCOpt properties:
    adjacent_rows_legal: true (default: false)
    allow_non_fterm_identical_swaps: 0 (default: true)
    buffer_cells is set for at least one object
    cell_density is set for at least one object
    cell_halo_rows: 0 (default: 1)
    cell_halo_sites: 0 (default: 4)
    clock_nets_detailed_routed: 1 (default: false)
    expand_multi_child_regions is set for at least one object
    recluster_to_reduce_power is set for at least one object
    route_type is set for at least one object
    source_latency is set for at least one object
    target_insertion_delay is set for at least one object
    target_max_trans_sdc is set for at least one object
    target_skew is set for at least one object
    target_skew_wire is set for at least one object
    Route type trimming info:
      No route type modifications were made.
**WARN: (IMPCCOPT-1285):	The lib cell 'CLKINVX3' specified in the buffer_cells property  isn't a buffer..  This cell will not be used when synthesizing -clock_tree clk -power_domain auto-default.
**WARN: (IMPCCOPT-1285):	The lib cell 'CLKINVX2' specified in the buffer_cells property  isn't a buffer..  This cell will not be used when synthesizing -clock_tree clk -power_domain auto-default.
**WARN: (IMPCCOPT-1285):	The lib cell 'CLKINVX8' specified in the buffer_cells property  isn't a buffer..  This cell will not be used when synthesizing -clock_tree clk -power_domain auto-default.
**WARN: (IMPCCOPT-1285):	The lib cell 'CLKINVX12' specified in the buffer_cells property  isn't a buffer..  This cell will not be used when synthesizing -clock_tree clk -power_domain auto-default.
**WARN: (IMPCCOPT-1285):	The lib cell 'CLKINVX16' specified in the buffer_cells property  isn't a buffer..  This cell will not be used when synthesizing -clock_tree clk -power_domain auto-default.
    Clock tree balancer configuration for clock_tree clk:
    Non-default CCOpt properties:
      cell_density: 1 (default: 0.75)
      expand_multi_child_regions: true (default: false)
      recluster_to_reduce_power: true (default: false)
      route_type (leaf): default_route_type_leaf (default: default)
      route_type (trunk): default_route_type_nonleaf (default: default)
      route_type (top): default_route_type_nonleaf (default: default)
    For power domain auto-default:
      Buffers:     {CLKBUFX16 CLKBUFX12 CLKBUFX8 CLKBUFX3 CLKBUFX2}
      Inverters:   {INVX20 INVX16 INVX12 INVX8 INVX6 INVX2 INVX1 CLKINVX1}
      Clock gates (with test): TLATNTSCAX20 TLATNTSCAX16 TLATNTSCAX12 TLATNTSCAX8 TLATNTSCAX6 TLATNTSCAX4 TLATNTSCAX3 TLATNTSCAX2 
      Clock gates   (no test): TLATNCAX20 TLATNCAX16 TLATNCAX12 TLATNCAX8 TLATNCAX6 TLATNCAX4 TLATNCAX3 TLATNCAX2 
      Unblocked area available for placement of any clock cells in power_domain auto-default: 9237.208um^2
    Top Routing info:
      Route-type name: default_route_type_nonleaf; Top/bottom preferred layer name: Metal4/Metal3; 
      Unshielded; Mask Constraint: 0; Source: route_type.
    Trunk Routing info:
      Route-type name: default_route_type_nonleaf; Top/bottom preferred layer name: Metal4/Metal3; 
      Unshielded; Preferred extra space: 1; Mask Constraint: 0; Source: route_type.
    Leaf Routing info:
      Route-type name: default_route_type_leaf; Top/bottom preferred layer name: Metal4/Metal3; 
      Unshielded; Preferred extra space: 1; Mask Constraint: 0; Source: route_type.
    For timing_corner delay1:both, late and power domain auto-default:
      Slew time target (leaf):    0.600ns
      Slew time target (trunk):   0.600ns
      Slew time target (top):     0.600ns (Note: no nets are considered top nets in this clock tree)
      Buffer unit delay: 0.180ns
      Buffer max distance: 2882.137um
    Fastest wire driving cells and distances:
      Buffer    : {lib_cell:CLKBUFX16, fastest_considered_half_corner=delay1:both.late, optimalDrivingDistance=2713.584um, saturatedSlew=0.454ns, speed=5184.532um per ns, cellArea=7.810um^2 per 1000um}
      Inverter  : {lib_cell:INVX20, fastest_considered_half_corner=delay1:both.late, optimalDrivingDistance=1336.809um, saturatedSlew=0.204ns, speed=6989.851um per ns, cellArea=14.721um^2 per 1000um}
      Clock gate (with test): {lib_cell:TLATNTSCAX16, fastest_considered_half_corner=delay1:both.late, optimalDrivingDistance=2908.438um, saturatedSlew=0.499ns, speed=3412.057um per ns, cellArea=12.752um^2 per 1000um}
      Clock gate   (no test): {lib_cell:TLATNCAX20, fastest_considered_half_corner=delay1:both.late, optimalDrivingDistance=3020.752um, saturatedSlew=0.499ns, speed=3449.135um per ns, cellArea=13.280um^2 per 1000um}
    
    
    Logic Sizing Table:
    
    ----------------------------------------------------------
    Cell    Instance count    Source    Eligible library cells
    ----------------------------------------------------------
      (empty table)
    ----------------------------------------------------------
    
    
    Clock tree balancer configuration for skew_group clk/sdc1:
      Sources:                     pin clk
      Total number of sinks:       251
      Delay constrained sinks:     251
      Non-leaf sinks:              0
      Ignore pins:                 0
     Timing corner delay1:both.late:
      Skew target:                 0.180ns
**WARN: (IMPCCOPT-1361):	Routing configuration for top nets in clock tree clk: preferred layers Metal3-Metal4 are outside NanoRoute configured layer range. This is likely to cause routing correlation issues.
**WARN: (IMPCCOPT-1361):	Routing configuration for trunk nets in clock tree clk: preferred layers Metal3-Metal4 are outside NanoRoute configured layer range. This is likely to cause routing correlation issues.
**WARN: (IMPCCOPT-1361):	Routing configuration for leaf nets in clock tree clk: preferred layers Metal3-Metal4 are outside NanoRoute configured layer range. This is likely to cause routing correlation issues.
    Primary reporting skew groups are:
    skew_group clk/sdc1 with 251 clock sinks
    
    Clock DAG stats initial state:
      cell counts      : b=3, i=0, icg=0, nicg=0, l=0, total=3
      cell areas       : b=63.580um^2, i=0.000um^2, icg=0.000um^2, nicg=0.000um^2, l=0.000um^2, total=63.580um^2
      hp wire lengths  : top=0.000um, trunk=0.000um, leaf=351.335um, total=351.335um
    Clock DAG library cell distribution initial state {count}:
       Bufs: CLKBUFX16: 3 
    No ideal or dont_touch nets found in the clock tree
    No dont_touch hnets found in the clock tree
    Validating CTS configuration done. (took cpu=0:00:02.1 real=0:00:02.1)
    CCOpt configuration status: all checks passed.
  Reconstructing clock tree datastructures done.
Initializing clock structures done.
PostConditioning...
  PostConditioning active optimizations:
   - DRV fixing with cell sizing and buffering
   - Skew fixing with cell sizing and buffering
  
  Detected clock skew data from CTS
  Clock tree timing engine global stage delay update for delay1:both.late...
  Clock tree timing engine global stage delay update for delay1:both.late done. (took cpu=0:00:00.0 real=0:00:00.0)
  Clock DAG stats PostConditioning initial state:
    cell counts      : b=3, i=0, icg=0, nicg=0, l=0, total=3
    cell areas       : b=63.580um^2, i=0.000um^2, icg=0.000um^2, nicg=0.000um^2, l=0.000um^2, total=63.580um^2
    cell capacitance : b=0.032pF, i=0.000pF, icg=0.000pF, nicg=0.000pF, l=0.000pF, total=0.032pF
    sink capacitance : count=251, total=0.435pF, avg=0.002pF, sd=0.000pF, min=0.002pF, max=0.002pF
    wire capacitance : top=0.000pF, trunk=0.014pF, leaf=0.171pF, total=0.185pF
    wire lengths     : top=0.000um, trunk=114.985um, leaf=1414.765um, total=1529.750um
    hp wire lengths  : top=0.000um, trunk=0.000um, leaf=351.335um, total=351.335um
  Clock DAG net violations PostConditioning initial state: none
  Clock DAG primary half-corner transition distribution PostConditioning initial state:
    Trunk : target=0.600ns count=1 avg=0.003ns sd=0.000ns min=0.003ns max=0.003ns {1 <= 0.360ns, 0 <= 0.480ns, 0 <= 0.540ns, 0 <= 0.570ns, 0 <= 0.600ns}
    Leaf  : target=0.600ns count=3 avg=0.127ns sd=0.001ns min=0.126ns max=0.128ns {3 <= 0.360ns, 0 <= 0.480ns, 0 <= 0.540ns, 0 <= 0.570ns, 0 <= 0.600ns}
  Clock DAG library cell distribution PostConditioning initial state {count}:
     Bufs: CLKBUFX16: 3 
  Primary reporting skew groups PostConditioning initial state:
    skew_group default.clk/sdc1: unconstrained
  Skew group summary PostConditioning initial state:
    skew_group clk/sdc1: insertion delay [min=0.191, max=0.195, avg=0.193, sd=0.001], skew [0.004 vs 0.180], 100% {0.191, 0.195} (wid=0.015 ws=0.004) (gid=0.181 gs=0.002)
  PostConditioning Upsizing To Fix DRVs...
    Fixing clock tree DRVs with upsizing: ...20% ...40% ...60% ...80% ...100% 
    CCOpt-PostConditioning: considered: 4, tested: 4, violation detected: 0, violation ignored (due to small violation): 0, cannot run: 0, attempted: 0, unsuccessful: 0, sized: 0
    
    PRO Statistics: Fix DRVs (initial upsizing):
    ============================================
    
    Cell changes by Net Type:
    
    -------------------------------------------------------------------------------------------------
    Net Type    Attempted    Upsized     Downsized    Swapped Same Size    Total Changed    Not Sized
    -------------------------------------------------------------------------------------------------
    top                0            0           0            0                    0                0
    trunk              0            0           0            0                    0                0
    leaf               0            0           0            0                    0                0
    -------------------------------------------------------------------------------------------------
    Total              0            0           0            0                    0                0
    -------------------------------------------------------------------------------------------------
    
    Upsized: 0, Downsized: 0, Sized but same area: 0, Unchanged: 0, Area change: 0.000um^2 (0.000%)
    Max. move: 0.000um, Min. move: 0.000um, Avg. move: N/A
    
    Clock DAG stats after 'PostConditioning Upsizing To Fix DRVs':
      cell counts      : b=3, i=0, icg=0, nicg=0, l=0, total=3
      cell areas       : b=63.580um^2, i=0.000um^2, icg=0.000um^2, nicg=0.000um^2, l=0.000um^2, total=63.580um^2
      cell capacitance : b=0.032pF, i=0.000pF, icg=0.000pF, nicg=0.000pF, l=0.000pF, total=0.032pF
      sink capacitance : count=251, total=0.435pF, avg=0.002pF, sd=0.000pF, min=0.002pF, max=0.002pF
      wire capacitance : top=0.000pF, trunk=0.014pF, leaf=0.171pF, total=0.185pF
      wire lengths     : top=0.000um, trunk=114.985um, leaf=1414.765um, total=1529.750um
      hp wire lengths  : top=0.000um, trunk=0.000um, leaf=351.335um, total=351.335um
    Clock DAG net violations after 'PostConditioning Upsizing To Fix DRVs': none
    Clock DAG primary half-corner transition distribution after 'PostConditioning Upsizing To Fix DRVs':
      Trunk : target=0.600ns count=1 avg=0.003ns sd=0.000ns min=0.003ns max=0.003ns {1 <= 0.360ns, 0 <= 0.480ns, 0 <= 0.540ns, 0 <= 0.570ns, 0 <= 0.600ns}
      Leaf  : target=0.600ns count=3 avg=0.127ns sd=0.001ns min=0.126ns max=0.128ns {3 <= 0.360ns, 0 <= 0.480ns, 0 <= 0.540ns, 0 <= 0.570ns, 0 <= 0.600ns}
    Clock DAG library cell distribution after 'PostConditioning Upsizing To Fix DRVs' {count}:
       Bufs: CLKBUFX16: 3 
    Primary reporting skew groups after 'PostConditioning Upsizing To Fix DRVs':
      skew_group default.clk/sdc1: unconstrained
    Skew group summary after 'PostConditioning Upsizing To Fix DRVs':
      skew_group clk/sdc1: insertion delay [min=0.191, max=0.195, avg=0.193, sd=0.001], skew [0.004 vs 0.180], 100% {0.191, 0.195} (wid=0.015 ws=0.004) (gid=0.181 gs=0.002)
    Legalizer API calls during this step: 0 succeeded with high effort: 0 succeeded with medium effort: 0 succeeded with low effort: 0 succeeded with basic effort: 0 succeeded with basic unbounded effort: 0
  PostConditioning Upsizing To Fix DRVs done. (took cpu=0:00:00.0 real=0:00:00.0)
  Recomputing CTS skew targets...
  Resolving skew group constraints...
    Solving LP: 1 skew groups; 2 fragments, 2 fraglets and 3 vertices; 25 variables and 66 constraints; tolerance 1
  Resolving skew group constraints done.
  Recomputing CTS skew targets done. (took cpu=0:00:00.0 real=0:00:00.0)
  PostConditioning Fixing DRVs...
    Fixing clock tree DRVs: ...20% ...40% ...60% ...80% ...100% 
    CCOpt-PostConditioning: considered: 4, tested: 4, violation detected: 0, violation ignored (due to small violation): 0, cannot run: 0, attempted: 0, unsuccessful: 0, sized: 0
    
    PRO Statistics: Fix DRVs (cell sizing):
    =======================================
    
    Cell changes by Net Type:
    
    -------------------------------------------------------------------------------------------------
    Net Type    Attempted    Upsized     Downsized    Swapped Same Size    Total Changed    Not Sized
    -------------------------------------------------------------------------------------------------
    top                0            0           0            0                    0                0
    trunk              0            0           0            0                    0                0
    leaf               0            0           0            0                    0                0
    -------------------------------------------------------------------------------------------------
    Total              0            0           0            0                    0                0
    -------------------------------------------------------------------------------------------------
    
    Upsized: 0, Downsized: 0, Sized but same area: 0, Unchanged: 0, Area change: 0.000um^2 (0.000%)
    Max. move: 0.000um, Min. move: 0.000um, Avg. move: N/A
    
    Clock DAG stats after 'PostConditioning Fixing DRVs':
      cell counts      : b=3, i=0, icg=0, nicg=0, l=0, total=3
      cell areas       : b=63.580um^2, i=0.000um^2, icg=0.000um^2, nicg=0.000um^2, l=0.000um^2, total=63.580um^2
      cell capacitance : b=0.032pF, i=0.000pF, icg=0.000pF, nicg=0.000pF, l=0.000pF, total=0.032pF
      sink capacitance : count=251, total=0.435pF, avg=0.002pF, sd=0.000pF, min=0.002pF, max=0.002pF
      wire capacitance : top=0.000pF, trunk=0.014pF, leaf=0.171pF, total=0.185pF
      wire lengths     : top=0.000um, trunk=114.985um, leaf=1414.765um, total=1529.750um
      hp wire lengths  : top=0.000um, trunk=0.000um, leaf=351.335um, total=351.335um
    Clock DAG net violations after 'PostConditioning Fixing DRVs': none
    Clock DAG primary half-corner transition distribution after 'PostConditioning Fixing DRVs':
      Trunk : target=0.600ns count=1 avg=0.003ns sd=0.000ns min=0.003ns max=0.003ns {1 <= 0.360ns, 0 <= 0.480ns, 0 <= 0.540ns, 0 <= 0.570ns, 0 <= 0.600ns}
      Leaf  : target=0.600ns count=3 avg=0.127ns sd=0.001ns min=0.126ns max=0.128ns {3 <= 0.360ns, 0 <= 0.480ns, 0 <= 0.540ns, 0 <= 0.570ns, 0 <= 0.600ns}
    Clock DAG library cell distribution after 'PostConditioning Fixing DRVs' {count}:
       Bufs: CLKBUFX16: 3 
    Primary reporting skew groups after 'PostConditioning Fixing DRVs':
      skew_group default.clk/sdc1: unconstrained
    Skew group summary after 'PostConditioning Fixing DRVs':
      skew_group clk/sdc1: insertion delay [min=0.191, max=0.195, avg=0.193, sd=0.001], skew [0.004 vs 0.180], 100% {0.191, 0.195} (wid=0.015 ws=0.004) (gid=0.181 gs=0.002)
    Legalizer API calls during this step: 0 succeeded with high effort: 0 succeeded with medium effort: 0 succeeded with low effort: 0 succeeded with basic effort: 0 succeeded with basic unbounded effort: 0
  PostConditioning Fixing DRVs done. (took cpu=0:00:00.0 real=0:00:00.0)
  Buffering to fix DRVs...
  Fixing DRVs with route buffering pass 1. Quick buffering: enabled
  Rebuffering to fix clock tree DRVs: ...20% ...40% ...60% ...80% ...100% 
  Inserted 0 buffers and inverters.
  success count. Default: 0, QS: 0, QD: 0, FS: 0, MQS: 0
  CCOpt-PostConditioning: nets considered: 4, nets tested: 4, nets violation detected: 0, nets violation ignored (due to small violation): 0, nets cannot run: 0, nets attempted: 0, nets unsuccessful: 0, buffered: 0
  Clock DAG stats PostConditioning after re-buffering DRV fixing:
    cell counts      : b=3, i=0, icg=0, nicg=0, l=0, total=3
    cell areas       : b=63.580um^2, i=0.000um^2, icg=0.000um^2, nicg=0.000um^2, l=0.000um^2, total=63.580um^2
    cell capacitance : b=0.032pF, i=0.000pF, icg=0.000pF, nicg=0.000pF, l=0.000pF, total=0.032pF
    sink capacitance : count=251, total=0.435pF, avg=0.002pF, sd=0.000pF, min=0.002pF, max=0.002pF
    wire capacitance : top=0.000pF, trunk=0.014pF, leaf=0.171pF, total=0.185pF
    wire lengths     : top=0.000um, trunk=114.985um, leaf=1414.765um, total=1529.750um
    hp wire lengths  : top=0.000um, trunk=0.000um, leaf=351.335um, total=351.335um
  Clock DAG net violations PostConditioning after re-buffering DRV fixing: none
  Clock DAG primary half-corner transition distribution PostConditioning after re-buffering DRV fixing:
    Trunk : target=0.600ns count=1 avg=0.003ns sd=0.000ns min=0.003ns max=0.003ns {1 <= 0.360ns, 0 <= 0.480ns, 0 <= 0.540ns, 0 <= 0.570ns, 0 <= 0.600ns}
    Leaf  : target=0.600ns count=3 avg=0.127ns sd=0.001ns min=0.126ns max=0.128ns {3 <= 0.360ns, 0 <= 0.480ns, 0 <= 0.540ns, 0 <= 0.570ns, 0 <= 0.600ns}
  Clock DAG library cell distribution PostConditioning after re-buffering DRV fixing {count}:
     Bufs: CLKBUFX16: 3 
  Primary reporting skew groups PostConditioning after re-buffering DRV fixing:
    skew_group default.clk/sdc1: unconstrained
  Skew group summary PostConditioning after re-buffering DRV fixing:
    skew_group clk/sdc1: insertion delay [min=0.191, max=0.195, avg=0.193, sd=0.001], skew [0.004 vs 0.180], 100% {0.191, 0.195} (wid=0.015 ws=0.004) (gid=0.181 gs=0.002)
  Buffering to fix DRVs done. (took cpu=0:00:00.0 real=0:00:00.0)
  PostConditioning Fixing Skew by cell sizing...
    Resized 0 clock insts to decrease delay.
    Resized 0 clock insts to increase delay.
    
    PRO Statistics: Fix Skew (cell sizing):
    =======================================
    
    Cell changes by Net Type:
    
    -------------------------------------------------------------------------------------------------
    Net Type    Attempted    Upsized     Downsized    Swapped Same Size    Total Changed    Not Sized
    -------------------------------------------------------------------------------------------------
    top                0            0           0            0                    0                0
    trunk              0            0           0            0                    0                0
    leaf               0            0           0            0                    0                0
    -------------------------------------------------------------------------------------------------
    Total              0            0           0            0                    0                0
    -------------------------------------------------------------------------------------------------
    
    Upsized: 0, Downsized: 0, Sized but same area: 0, Unchanged: 0, Area change: 0.000um^2 (0.000%)
    Max. move: 0.000um, Min. move: 0.000um, Avg. move: N/A
    
    Clock DAG stats after 'PostConditioning Fixing Skew by cell sizing':
      cell counts      : b=3, i=0, icg=0, nicg=0, l=0, total=3
      cell areas       : b=63.580um^2, i=0.000um^2, icg=0.000um^2, nicg=0.000um^2, l=0.000um^2, total=63.580um^2
      cell capacitance : b=0.032pF, i=0.000pF, icg=0.000pF, nicg=0.000pF, l=0.000pF, total=0.032pF
      sink capacitance : count=251, total=0.435pF, avg=0.002pF, sd=0.000pF, min=0.002pF, max=0.002pF
      wire capacitance : top=0.000pF, trunk=0.014pF, leaf=0.171pF, total=0.185pF
      wire lengths     : top=0.000um, trunk=114.985um, leaf=1414.765um, total=1529.750um
      hp wire lengths  : top=0.000um, trunk=0.000um, leaf=351.335um, total=351.335um
    Clock DAG net violations after 'PostConditioning Fixing Skew by cell sizing': none
    Clock DAG primary half-corner transition distribution after 'PostConditioning Fixing Skew by cell sizing':
      Trunk : target=0.600ns count=1 avg=0.003ns sd=0.000ns min=0.003ns max=0.003ns {1 <= 0.360ns, 0 <= 0.480ns, 0 <= 0.540ns, 0 <= 0.570ns, 0 <= 0.600ns}
      Leaf  : target=0.600ns count=3 avg=0.127ns sd=0.001ns min=0.126ns max=0.128ns {3 <= 0.360ns, 0 <= 0.480ns, 0 <= 0.540ns, 0 <= 0.570ns, 0 <= 0.600ns}
    Clock DAG library cell distribution after 'PostConditioning Fixing Skew by cell sizing' {count}:
       Bufs: CLKBUFX16: 3 
    Primary reporting skew groups after 'PostConditioning Fixing Skew by cell sizing':
      skew_group default.clk/sdc1: unconstrained
    Skew group summary after 'PostConditioning Fixing Skew by cell sizing':
      skew_group clk/sdc1: insertion delay [min=0.191, max=0.195, avg=0.193, sd=0.001], skew [0.004 vs 0.180], 100% {0.191, 0.195} (wid=0.015 ws=0.004) (gid=0.181 gs=0.002)
    Legalizer API calls during this step: 0 succeeded with high effort: 0 succeeded with medium effort: 0 succeeded with low effort: 0 succeeded with basic effort: 0 succeeded with basic unbounded effort: 0
  PostConditioning Fixing Skew by cell sizing done. (took cpu=0:00:00.0 real=0:00:00.0)
  PostConditioning Buffering to fix skew...
    Fixing skew (MostUnder)...
      Fixing skew: ...20% ...40% ...60% ...80% ...100% 
      Upsized 0 drivers. Failed on 0 drivers
    Fixing skew (MostUnder) done.
    Skew fixing attempted buffering 0 nets. Accepted: 0 (0 cells), Rejected: 0 (0 cells)
    Skew fixing added: 0 driver cells (0um^2)
    Resized 0 clock insts to decrease delay.
    Resized 0 clock insts to increase delay.
    
    PRO Statistics: Fix Skew (cell sizing):
    =======================================
    
    Cell changes by Net Type:
    
    -------------------------------------------------------------------------------------------------
    Net Type    Attempted    Upsized     Downsized    Swapped Same Size    Total Changed    Not Sized
    -------------------------------------------------------------------------------------------------
    top                0            0           0            0                    0                0
    trunk              0            0           0            0                    0                0
    leaf               0            0           0            0                    0                0
    -------------------------------------------------------------------------------------------------
    Total              0            0           0            0                    0                0
    -------------------------------------------------------------------------------------------------
    
    Upsized: 0, Downsized: 0, Sized but same area: 0, Unchanged: 0, Area change: 0.000um^2 (0.000%)
    Max. move: 0.000um, Min. move: 0.000um, Avg. move: N/A
    
    
    PRO Statistics: Fix Skew (cell sizing):
    =======================================
    
    Cell changes by Net Type:
    
    -------------------------------------------------------------------------------------------------
    Net Type    Attempted    Upsized     Downsized    Swapped Same Size    Total Changed    Not Sized
    -------------------------------------------------------------------------------------------------
    top                0            0           0            0                    0                0
    trunk              0            0           0            0                    0                0
    leaf               0            0           0            0                    0                0
    -------------------------------------------------------------------------------------------------
    Total              0            0           0            0                    0                0
    -------------------------------------------------------------------------------------------------
    
    Upsized: 0, Downsized: 0, Sized but same area: 0, Unchanged: 0, Area change: 0.000um^2 (0.000%)
    Max. move: 0.000um, Min. move: 0.000um, Avg. move: N/A
    
    Fixing skew (MostUnder)...
      Fixing skew: ...20% ...40% ...60% ...80% ...100% 
      Upsized 0 drivers. Failed on 0 drivers
    Fixing skew (MostUnder) done.
    Skew fixing attempted buffering 0 nets. Accepted: 0 (0 cells), Rejected: 0 (0 cells)
    Skew fixing added: 0 driver cells (0um^2)
    Resized 0 clock insts to decrease delay.
    Resized 0 clock insts to increase delay.
    
    PRO Statistics: Fix Skew (cell sizing):
    =======================================
    
    Cell changes by Net Type:
    
    -------------------------------------------------------------------------------------------------
    Net Type    Attempted    Upsized     Downsized    Swapped Same Size    Total Changed    Not Sized
    -------------------------------------------------------------------------------------------------
    top                0            0           0            0                    0                0
    trunk              0            0           0            0                    0                0
    leaf               0            0           0            0                    0                0
    -------------------------------------------------------------------------------------------------
    Total              0            0           0            0                    0                0
    -------------------------------------------------------------------------------------------------
    
    Upsized: 0, Downsized: 0, Sized but same area: 0, Unchanged: 0, Area change: 0.000um^2 (0.000%)
    Max. move: 0.000um, Min. move: 0.000um, Avg. move: N/A
    
    
    PRO Statistics: Fix Skew (cell sizing):
    =======================================
    
    Cell changes by Net Type:
    
    -------------------------------------------------------------------------------------------------
    Net Type    Attempted    Upsized     Downsized    Swapped Same Size    Total Changed    Not Sized
    -------------------------------------------------------------------------------------------------
    top                0            0           0            0                    0                0
    trunk              0            0           0            0                    0                0
    leaf               0            0           0            0                    0                0
    -------------------------------------------------------------------------------------------------
    Total              0            0           0            0                    0                0
    -------------------------------------------------------------------------------------------------
    
    Upsized: 0, Downsized: 0, Sized but same area: 0, Unchanged: 0, Area change: 0.000um^2 (0.000%)
    Max. move: 0.000um, Min. move: 0.000um, Avg. move: N/A
    
    
    PRO Statistics: Fix Skew (cell sizing):
    =======================================
    
    Cell changes by Net Type:
    
    -------------------------------------------------------------------------------------------------
    Net Type    Attempted    Upsized     Downsized    Swapped Same Size    Total Changed    Not Sized
    -------------------------------------------------------------------------------------------------
    top                0            0           0            0                    0                0
    trunk              0            0           0            0                    0                0
    leaf               0            0           0            0                    0                0
    -------------------------------------------------------------------------------------------------
    Total              0            0           0            0                    0                0
    -------------------------------------------------------------------------------------------------
    
    Upsized: 0, Downsized: 0, Sized but same area: 0, Unchanged: 0, Area change: 0.000um^2 (0.000%)
    Max. move: 0.000um, Min. move: 0.000um, Avg. move: N/A
    
    Clock DAG stats after 'PostConditioning Buffering to fix skew':
      cell counts      : b=3, i=0, icg=0, nicg=0, l=0, total=3
      cell areas       : b=63.580um^2, i=0.000um^2, icg=0.000um^2, nicg=0.000um^2, l=0.000um^2, total=63.580um^2
      cell capacitance : b=0.032pF, i=0.000pF, icg=0.000pF, nicg=0.000pF, l=0.000pF, total=0.032pF
      sink capacitance : count=251, total=0.435pF, avg=0.002pF, sd=0.000pF, min=0.002pF, max=0.002pF
      wire capacitance : top=0.000pF, trunk=0.014pF, leaf=0.171pF, total=0.185pF
      wire lengths     : top=0.000um, trunk=114.985um, leaf=1414.765um, total=1529.750um
      hp wire lengths  : top=0.000um, trunk=0.000um, leaf=351.335um, total=351.335um
    Clock DAG net violations after 'PostConditioning Buffering to fix skew': none
    Clock DAG primary half-corner transition distribution after 'PostConditioning Buffering to fix skew':
      Trunk : target=0.600ns count=1 avg=0.003ns sd=0.000ns min=0.003ns max=0.003ns {1 <= 0.360ns, 0 <= 0.480ns, 0 <= 0.540ns, 0 <= 0.570ns, 0 <= 0.600ns}
      Leaf  : target=0.600ns count=3 avg=0.127ns sd=0.001ns min=0.126ns max=0.128ns {3 <= 0.360ns, 0 <= 0.480ns, 0 <= 0.540ns, 0 <= 0.570ns, 0 <= 0.600ns}
    Clock DAG library cell distribution after 'PostConditioning Buffering to fix skew' {count}:
       Bufs: CLKBUFX16: 3 
    Primary reporting skew groups after 'PostConditioning Buffering to fix skew':
      skew_group default.clk/sdc1: unconstrained
    Skew group summary after 'PostConditioning Buffering to fix skew':
      skew_group clk/sdc1: insertion delay [min=0.191, max=0.195, avg=0.193, sd=0.001], skew [0.004 vs 0.180], 100% {0.191, 0.195} (wid=0.015 ws=0.004) (gid=0.181 gs=0.002)
    Legalizer API calls during this step: 0 succeeded with high effort: 0 succeeded with medium effort: 0 succeeded with low effort: 0 succeeded with basic effort: 0 succeeded with basic unbounded effort: 0
  PostConditioning Buffering to fix skew done. (took cpu=0:00:00.0 real=0:00:00.0)
  Reconnecting optimized routes...
  Reset timing graph...
Ignoring AAE DB Resetting ...
  Reset timing graph done.
  Reconnecting optimized routes done. (took cpu=0:00:00.0 real=0:00:00.0)
Skipping refinePlace: no changes were made during DRV and/or skew fixing steps so it is unnecessary.
  Set dirty flag on 0 instances, 0 nets
Skipping ECO: no changes were made during DRV and/or skew fixing steps so it is unneccessary.
  Leaving CCOpt scope - extractRC...
  Updating RC parasitics by calling: "extractRC -noRouteCheck"...
Extraction called for design 'toll_gate' of instances=714 and nets=766 using extraction engine 'preRoute' .
PreRoute RC Extraction called for design toll_gate.
RC Extraction called in multi-corner(1) mode.
**WARN: (IMPEXT-6197):	The Cap table file is not specified. This will result in lower parasitic accuracy when using preRoute extraction or postRoute extraction with effort level 'low'. It is recommended to generate the Cap table file using the 'generateCapTbl' command and specify it before extraction using 'create_rc_corner/update_rc_corner -cap_table'.
Type 'man IMPEXT-6197' for more detail.
RCMode: PreRoute
      RC Corner Indexes            0   
Capacitance Scaling Factor   : 1.00000 
Resistance Scaling Factor    : 1.00000 
Clock Cap. Scaling Factor    : 1.00000 
Clock Res. Scaling Factor    : 1.00000 
Shrink Factor                : 1.00000
PreRoute extraction is honoring NDR/Shielding/ExtraSpace for clock nets.
Updating RC grid for preRoute extraction ...
Initializing multi-corner resistance tables ...
PreRoute RC Extraction DONE (CPU Time: 0:00:00.0  Real Time: 0:00:00.0  MEM: 1587.242M)
  Updating RC parasitics by calling: "extractRC -noRouteCheck" done.
  Leaving CCOpt scope - extractRC done. (took cpu=0:00:00.0 real=0:00:00.0)
  Clock tree timing engine global stage delay update for delay1:both.late...
  Clock tree timing engine global stage delay update for delay1:both.late done. (took cpu=0:00:00.0 real=0:00:00.0)
  Clock DAG stats PostConditioning final:
    cell counts      : b=3, i=0, icg=0, nicg=0, l=0, total=3
    cell areas       : b=63.580um^2, i=0.000um^2, icg=0.000um^2, nicg=0.000um^2, l=0.000um^2, total=63.580um^2
    cell capacitance : b=0.032pF, i=0.000pF, icg=0.000pF, nicg=0.000pF, l=0.000pF, total=0.032pF
    sink capacitance : count=251, total=0.435pF, avg=0.002pF, sd=0.000pF, min=0.002pF, max=0.002pF
    wire capacitance : top=0.000pF, trunk=0.014pF, leaf=0.171pF, total=0.185pF
    wire lengths     : top=0.000um, trunk=114.985um, leaf=1414.765um, total=1529.750um
    hp wire lengths  : top=0.000um, trunk=0.000um, leaf=351.335um, total=351.335um
  Clock DAG net violations PostConditioning final: none
  Clock DAG primary half-corner transition distribution PostConditioning final:
    Trunk : target=0.600ns count=1 avg=0.003ns sd=0.000ns min=0.003ns max=0.003ns {1 <= 0.360ns, 0 <= 0.480ns, 0 <= 0.540ns, 0 <= 0.570ns, 0 <= 0.600ns}
    Leaf  : target=0.600ns count=3 avg=0.127ns sd=0.001ns min=0.126ns max=0.128ns {3 <= 0.360ns, 0 <= 0.480ns, 0 <= 0.540ns, 0 <= 0.570ns, 0 <= 0.600ns}
  Clock DAG library cell distribution PostConditioning final {count}:
     Bufs: CLKBUFX16: 3 
  Primary reporting skew groups PostConditioning final:
    skew_group default.clk/sdc1: unconstrained
  Skew group summary PostConditioning final:
    skew_group clk/sdc1: insertion delay [min=0.191, max=0.195, avg=0.193, sd=0.001], skew [0.004 vs 0.180], 100% {0.191, 0.195} (wid=0.015 ws=0.004) (gid=0.181 gs=0.002)
PostConditioning done.
Setting CTS place status to fixed for clock tree and sinks.
Net route status summary:
  Clock:         4 (unrouted=0, trialRouted=0, noStatus=0, routed=0, fixed=4, [crossesIlmBoundary=0, tooFewTerms=0, (crossesIlmBoundary AND tooFewTerms=0)])
  Non-clock:   762 (unrouted=42, trialRouted=720, noStatus=0, routed=0, fixed=0, [crossesIlmBoundary=0, tooFewTerms=40, (crossesIlmBoundary AND tooFewTerms=0)])
Updating timing...
Ignoring AAE DB Resetting ...
  Updating timing graph...
    
    Leaving CCOpt scope - BuildTimeGraph...
#################################################################################
# Design Stage: PreRoute
# Design Name: toll_gate
# Design Mode: 90nm
# Analysis Mode: MMMC Non-OCV 
# Parasitics Mode: No SPEF/RCDB
# Signoff Settings: SI Off 
#################################################################################
Calculate delays in Single mode...
Start delay calculation (fullDC) (1 T). (MEM=1594.78)
**WARN: (IMPESI-3025):	Delay calculation was forced to extrapolate the slew on instance CTS_ccl_a_buf_00009, Cell type : CLKBUFX16, Arc : Av->Yv because it's outside the characterized table range. The actual slew is 0.0034 ns and the lower bound in the table is 0.0600 ns. In some cases, extrapolation can reduce the accuracy of delay calculation.
**WARN: (IMPESI-3025):	Delay calculation was forced to extrapolate the slew on instance CTS_ccl_a_buf_00009, Cell type : CLKBUFX16, Arc : A^->Y^ because it's outside the characterized table range. The actual slew is 0.0034 ns and the lower bound in the table is 0.0600 ns. In some cases, extrapolation can reduce the accuracy of delay calculation.
**WARN: (IMPESI-3025):	Delay calculation was forced to extrapolate the slew on instance CTS_ccl_a_buf_00005, Cell type : CLKBUFX16, Arc : Av->Yv because it's outside the characterized table range. The actual slew is 0.0033 ns and the lower bound in the table is 0.0600 ns. In some cases, extrapolation can reduce the accuracy of delay calculation.
**WARN: (IMPESI-3025):	Delay calculation was forced to extrapolate the slew on instance CTS_ccl_a_buf_00005, Cell type : CLKBUFX16, Arc : A^->Y^ because it's outside the characterized table range. The actual slew is 0.0033 ns and the lower bound in the table is 0.0600 ns. In some cases, extrapolation can reduce the accuracy of delay calculation.
**WARN: (IMPESI-3025):	Delay calculation was forced to extrapolate the slew on instance u_account_balance/CTS_ccl_a_buf_00007, Cell type : CLKBUFX16, Arc : Av->Yv because it's outside the characterized table range. The actual slew is 0.0034 ns and the lower bound in the table is 0.0600 ns. In some cases, extrapolation can reduce the accuracy of delay calculation.
**WARN: (IMPESI-3025):	Delay calculation was forced to extrapolate the slew on instance u_account_balance/CTS_ccl_a_buf_00007, Cell type : CLKBUFX16, Arc : A^->Y^ because it's outside the characterized table range. The actual slew is 0.0034 ns and the lower bound in the table is 0.0600 ns. In some cases, extrapolation can reduce the accuracy of delay calculation.
**WARN: (IMPESI-3025):	Delay calculation was forced to extrapolate the slew on instance u_account_balance/g4365, Cell type : CLKINVX1, Arc : Av->Y^ because it's outside the characterized table range. The actual slew is 0.0035 ns and the lower bound in the table is 0.0168 ns. In some cases, extrapolation can reduce the accuracy of delay calculation.
**WARN: (IMPESI-3025):	Delay calculation was forced to extrapolate the slew on instance u_account_balance/g4365, Cell type : CLKINVX1, Arc : A^->Yv because it's outside the characterized table range. The actual slew is 0.0035 ns and the lower bound in the table is 0.0168 ns. In some cases, extrapolation can reduce the accuracy of delay calculation.
**WARN: (IMPESI-3025):	Delay calculation was forced to extrapolate the slew on instance g224, Cell type : INVXL, Arc : Av->Y^ because it's outside the characterized table range. The actual slew is 0.0030 ns and the lower bound in the table is 0.0168 ns. In some cases, extrapolation can reduce the accuracy of delay calculation.
**WARN: (IMPESI-3025):	Delay calculation was forced to extrapolate the slew on instance g224, Cell type : INVXL, Arc : A^->Yv because it's outside the characterized table range. The actual slew is 0.0030 ns and the lower bound in the table is 0.0168 ns. In some cases, extrapolation can reduce the accuracy of delay calculation.
**WARN: (IMPESI-3025):	Delay calculation was forced to extrapolate the slew on instance g428, Cell type : NAND2BX1, Arc : ANv->Yv because it's outside the characterized table range. The actual slew is 0.0038 ns and the lower bound in the table is 0.0168 ns. In some cases, extrapolation can reduce the accuracy of delay calculation.
**WARN: (IMPESI-3025):	Delay calculation was forced to extrapolate the slew on instance g428, Cell type : NAND2BX1, Arc : AN^->Y^ because it's outside the characterized table range. The actual slew is 0.0038 ns and the lower bound in the table is 0.0168 ns. In some cases, extrapolation can reduce the accuracy of delay calculation.
**WARN: (IMPESI-3025):	Delay calculation was forced to extrapolate the slew on instance g425, Cell type : NOR2XL, Arc : Av->Y^ because it's outside the characterized table range. The actual slew is 0.0038 ns and the lower bound in the table is 0.0168 ns. In some cases, extrapolation can reduce the accuracy of delay calculation.
**WARN: (IMPESI-3025):	Delay calculation was forced to extrapolate the slew on instance g425, Cell type : NOR2XL, Arc : A^->Yv because it's outside the characterized table range. The actual slew is 0.0038 ns and the lower bound in the table is 0.0168 ns. In some cases, extrapolation can reduce the accuracy of delay calculation.
**WARN: (IMPESI-3025):	Delay calculation was forced to extrapolate the slew on instance u_account_balance/g13463, Cell type : CLKINVX3, Arc : Av->Y^ because it's outside the characterized table range. The actual slew is 0.6772 ns and the upper bound in the table is 0.6120 ns. In some cases, extrapolation can reduce the accuracy of delay calculation.
**WARN: (IMPESI-3025):	Delay calculation was forced to extrapolate the slew on instance u_account_balance/g13463, Cell type : CLKINVX3, Arc : A^->Yv because it's outside the characterized table range. The actual slew is 0.8077 ns and the upper bound in the table is 0.6120 ns. In some cases, extrapolation can reduce the accuracy of delay calculation.
**WARN: (IMPESI-3025):	Delay calculation was forced to extrapolate the slew on instance u_account_balance/g13457, Cell type : NAND2X2, Arc : Bv->Y^ because it's outside the characterized table range. The actual slew is 0.6772 ns and the upper bound in the table is 0.6120 ns. In some cases, extrapolation can reduce the accuracy of delay calculation.
**WARN: (IMPESI-3025):	Delay calculation was forced to extrapolate the slew on instance u_account_balance/g13457, Cell type : NAND2X2, Arc : B^->Yv because it's outside the characterized table range. The actual slew is 0.8077 ns and the upper bound in the table is 0.6120 ns. In some cases, extrapolation can reduce the accuracy of delay calculation.
**WARN: (IMPESI-3025):	Delay calculation was forced to extrapolate the slew on instance u_account_balance/g13452, Cell type : NOR2XL, Arc : Bv->Y^ because it's outside the characterized table range. The actual slew is 0.6772 ns and the upper bound in the table is 0.6120 ns. In some cases, extrapolation can reduce the accuracy of delay calculation.
**WARN: (IMPESI-3025):	Delay calculation was forced to extrapolate the slew on instance u_account_balance/g13452, Cell type : NOR2XL, Arc : B^->Yv because it's outside the characterized table range. The actual slew is 0.8077 ns and the upper bound in the table is 0.6120 ns. In some cases, extrapolation can reduce the accuracy of delay calculation.
Total number of fetched objects 726
End delay calculation. (MEM=1617.13 CPU=0:00:00.1 REAL=0:00:00.0)
End delay calculation (fullDC). (MEM=1617.13 CPU=0:00:00.1 REAL=0:00:00.0)
    Leaving CCOpt scope - BuildTimeGraph done. (took cpu=0:00:00.1 real=0:00:00.1)
  Updating timing graph done.
  Updating latch analysis...
    Leaving CCOpt scope - Updating latch analysis...
    Leaving CCOpt scope - Updating latch analysis done. (took cpu=0:00:00.0 real=0:00:00.0)
  Updating latch analysis done.
Updating timing done.
PostConditioning done. (took cpu=0:00:02.5 real=0:00:02.5)
<CMD> report_timing -early -view {view1} -max_paths 100 > ctsrepairreports/timing/timing_post_PnR_early.txt
#################################################################################
# Design Stage: PreRoute
# Design Name: toll_gate
# Design Mode: 90nm
# Analysis Mode: MMMC Non-OCV 
# Parasitics Mode: No SPEF/RCDB
# Signoff Settings: SI Off 
#################################################################################
Calculate delays in Single mode...
Start delay calculation (fullDC) (1 T). (MEM=1591.39)
Total number of fetched objects 726
End delay calculation. (MEM=1617.6 CPU=0:00:00.1 REAL=0:00:00.0)
End delay calculation (fullDC). (MEM=1617.6 CPU=0:00:00.1 REAL=0:00:00.0)
<CMD> report_timing -late  -max_paths 100 > ctsrepairreports/timing/timing_post_PnR_late.txt
#################################################################################
# Design Stage: PreRoute
# Design Name: toll_gate
# Design Mode: 90nm
# Analysis Mode: MMMC Non-OCV 
# Parasitics Mode: No SPEF/RCDB
# Signoff Settings: SI Off 
#################################################################################
Calculate delays in Single mode...
Start delay calculation (fullDC) (1 T). (MEM=1601.4)
Total number of fetched objects 726
End delay calculation. (MEM=1617.6 CPU=0:00:00.1 REAL=0:00:00.0)
End delay calculation (fullDC). (MEM=1617.6 CPU=0:00:00.1 REAL=0:00:00.0)
<CMD> report_area -detail > ctsrepairreports/area/area_post_pnr3.rpt
<CMD> setNanoRouteMode -quiet -timingEngine {}
<CMD> setNanoRouteMode -quiet -routeWithSiPostRouteFix 0
<CMD> setNanoRouteMode -quiet -drouteStartIteration default
**WARN: (IMPTCM-77):	Option "-drouteStartIteration" for command setNanoRouteMode is obsolete and will be removed in a future release. The obsolete option still works in this release but to avoid this warning and to ensure compatibility with future releases, remove the obsolete option from your script.
<CMD> setNanoRouteMode -quiet -routeTopRoutingLayer default
<CMD> setNanoRouteMode -quiet -routeBottomRoutingLayer default
<CMD> setNanoRouteMode -quiet -drouteEndIteration default
<CMD> setNanoRouteMode -quiet -routeWithTimingDriven false
<CMD> setNanoRouteMode -quiet -routeWithSiDriven false
<CMD> routeDesign -globalDetail
#% Begin routeDesign (date=11/10 17:52:12, mem=1135.6M)
#routeDesign: cpu time = 00:00:00, elapsed time = 00:00:00, memory = 1135.61 (MB), peak = 1281.55 (MB)
#WARNING (NRIG-96) Selected single pass global detail route "-globalDetail". Clock eco and post optimizations will not be run. See "man NRIG-96" for more details.
**INFO: User settings:
setNanoRouteMode -drouteUseMinSpacingForBlockage                auto
setNanoRouteMode -extractThirdPartyCompatible                   false
setNanoRouteMode -grouteExpTdStdDelay                           35.8
setNanoRouteMode -grouteExpTdUseTifTimingEngineForImportDesign  true
setNanoRouteMode -routeStrictlyHonorNonDefaultRule              false
setNanoRouteMode -routeWithSiDriven                             false
setNanoRouteMode -routeWithSiPostRouteFix                       false
setNanoRouteMode -routeWithTimingDriven                         false
setNanoRouteMode -timingEngine                                  {}
setDesignMode -flowEffort                                       standard
setDesignMode -process                                          90
setExtractRCMode -coupling_c_th                                 0.2
setExtractRCMode -engine                                        preRoute
setExtractRCMode -relative_c_th                                 1
setExtractRCMode -total_c_th                                    0
setDelayCalMode -enable_high_fanout                             true
setDelayCalMode -eng_copyNetPropToNewNet                        true
setDelayCalMode -engine                                         aae
setDelayCalMode -ignoreNetLoad                                  false
setDelayCalMode -reportOutBound                                 true
setSIMode -separate_delta_delay_on_data                         true

#**INFO: setDesignMode -flowEffort standard
#**INFO: multi-cut via swapping will not be performed after routing.
#**INFO: All auto set options tuned by routeDesign will be restored to their original settings on command completion.
Begin checking placement ... (start mem=1449.6M, init mem=1471.6M)
*info: Placed = 714            (Fixed = 3)
*info: Unplaced = 0           
Placement Density:80.19%(7407/9237)
Placement Density (including fixed std cells):80.19%(7407/9237)
Finished checkPlace (total: cpu=0:00:00.0, real=0:00:00.0; vio checks: cpu=0:00:00.0, real=0:00:00.0; mem=1471.6M)
**WARN: (IMPCK-8086):	The command changeUseClockNetStatus is obsolete and will be removed in the next release. This command still works in this release, but by the next release you must transition to the CCOpt-based CTS flow.

changeUseClockNetStatus Option :  -noFixedNetWires 
*** Changed status on (4) nets in Clock.
*** End changeUseClockNetStatus (cpu=0:00:00.0, real=0:00:00.0, mem=1471.6M) ***
% Begin globalDetailRoute (date=11/10 17:52:12, mem=1136.8M)

globalDetailRoute

#Start globalDetailRoute on Mon Nov 10 17:52:12 2025
#
#WARNING (NRIG-1303) Congestion map does not match the GCELL grid, clearing map.
#WARNING (NRIG-39) NanoRoute cannot route to pin PIN/scan_en of net scan_en because it might be a logical pin and does not have physical shapes. To fix the problem, check the pin connection in the netlist and ensure the pin shapes exist in the floorplan.
#WARNING (NRIG-39) NanoRoute cannot route to pin PIN/DFT_sdi_1 of net DFT_sdi_1 because it might be a logical pin and does not have physical shapes. To fix the problem, check the pin connection in the netlist and ensure the pin shapes exist in the floorplan.
#WARNING (NRIG-39) NanoRoute cannot route to pin PIN/DFT_sdi_2 of net DFT_sdi_2 because it might be a logical pin and does not have physical shapes. To fix the problem, check the pin connection in the netlist and ensure the pin shapes exist in the floorplan.
#WARNING (NRIG-39) NanoRoute cannot route to pin PIN/DFT_sdo_1 of net DFT_sdo_1 because it might be a logical pin and does not have physical shapes. To fix the problem, check the pin connection in the netlist and ensure the pin shapes exist in the floorplan.
#WARNING (NRIG-39) NanoRoute cannot route to pin PIN/DFT_sdo_2 of net DFT_sdo_2 because it might be a logical pin and does not have physical shapes. To fix the problem, check the pin connection in the netlist and ensure the pin shapes exist in the floorplan.
#num needed restored net=0
#need_extraction net=0 (total=766)
#NanoRoute Version 20.10-p004_1 NR200413-0234/20_10-UB
#Start routing data preparation on Mon Nov 10 17:52:12 2025
#
#Minimum voltage of a net in the design = 0.000.
#Maximum voltage of a net in the design = 0.900.
#Voltage range [0.000 - 0.900] has 762 nets.
#Voltage range [0.000 - 0.000] has 3 nets.
#Voltage range [0.900 - 0.900] has 1 net.
# Metal1       H   Track-Pitch = 0.29000    Line-2-Via Pitch = 0.25500
# Metal2       V   Track-Pitch = 0.29000    Line-2-Via Pitch = 0.28500
# Metal3       H   Track-Pitch = 0.29000    Line-2-Via Pitch = 0.28500
# Metal4       V   Track-Pitch = 0.29000    Line-2-Via Pitch = 0.28500
# Metal5       H   Track-Pitch = 0.29000    Line-2-Via Pitch = 0.28500
# Metal6       V   Track-Pitch = 0.29000    Line-2-Via Pitch = 0.28500
# Metal7       H   Track-Pitch = 0.29000    Line-2-Via Pitch = 0.28500
# Metal8       V   Track-Pitch = 0.87000    Line-2-Via Pitch = 0.85000
# Metal9       H   Track-Pitch = 0.87000    Line-2-Via Pitch = 0.85000
#Monitoring time of adding inner blkg by smac
#cpu time = 00:00:00, elapsed time = 00:00:00, memory = 1139.59 (MB), peak = 1281.55 (MB)
#Regenerating Ggrids automatically.
#Auto generating G-grids with size=15 tracks, using layer Metal3's pitch = 0.29000.
#Using automatically generated G-grids.
#Done routing data preparation.
#cpu time = 00:00:00, elapsed time = 00:00:00, memory = 1139.59 (MB), peak = 1281.55 (MB)
#
#Finished routing data preparation on Mon Nov 10 17:52:13 2025
#
#Cpu time = 00:00:00
#Elapsed time = 00:00:00
#Increased memory = 4.07 (MB)
#Total memory = 1139.59 (MB)
#Peak memory = 1281.55 (MB)
#
#
#Start global routing on Mon Nov 10 17:52:13 2025
#
#
#Start global routing initialization on Mon Nov 10 17:52:13 2025
#
#Number of eco nets is 1
#
#Start global routing data preparation on Mon Nov 10 17:52:13 2025
#
#Start routing resource analysis on Mon Nov 10 17:52:13 2025
#
#Routing resource analysis is done on Mon Nov 10 17:52:13 2025
#
#  Resource Analysis:
#
#               Routing  #Avail      #Track     #Total     %Gcell
#  Layer      Direction   Track     Blocked      Gcell    Blocked
#  --------------------------------------------------------------
#  Metal1         H         352           0         552    79.17%
#  Metal2         V         367           0         552     0.00%
#  Metal3         H         352           0         552     0.00%
#  Metal4         V         367           0         552     0.00%
#  Metal5         H         352           0         552     0.00%
#  Metal6         V         367           0         552     0.00%
#  Metal7         H         352           0         552     0.00%
#  Metal8         V         122           0         552     8.70%
#  Metal9         H         117           0         552    13.22%
#  --------------------------------------------------------------
#  Total                   2748       0.00%        4968    11.23%
#
#  4 nets (0.52%) with 1 preferred extra spacing.
#
#
#
#Global routing data preparation is done on Mon Nov 10 17:52:13 2025
#
#cpu time = 00:00:00, elapsed time = 00:00:00, memory = 1139.71 (MB), peak = 1281.55 (MB)
#
#
#Global routing initialization is done on Mon Nov 10 17:52:13 2025
#
#cpu time = 00:00:00, elapsed time = 00:00:00, memory = 1139.71 (MB), peak = 1281.55 (MB)
#
#start global routing iteration 1...
#cpu time = 00:00:00, elapsed time = 00:00:00, memory = 1142.34 (MB), peak = 1281.55 (MB)
#
#start global routing iteration 2...
#cpu time = 00:00:00, elapsed time = 00:00:00, memory = 1142.34 (MB), peak = 1281.55 (MB)
#
#
#Total number of trivial nets (e.g. < 2 pins) = 42 (skipped).
#Total number of routable nets = 724.
#Total number of nets in the design = 766.
#
#721 routable nets have only global wires.
#3 routable nets have only detail routed wires.
#1 global routed or unrouted (routable) net has been constrained (e.g. have preferred extra spacing, require shielding etc.)
#3 detail routed (routable) nets have been constrained (e.g. have preferred extra spacing, require shielding etc.)
#
#Routed nets constraints summary:
#------------------------------------------------
#        Rules   Pref Extra Space   Unconstrained  
#------------------------------------------------
#      Default                  1             720  
#------------------------------------------------
#        Total                  1             720  
#------------------------------------------------
#
#Routing constraints summary of the whole design:
#------------------------------------------------
#        Rules   Pref Extra Space   Unconstrained  
#------------------------------------------------
#      Default                  4             720  
#------------------------------------------------
#        Total                  4             720  
#------------------------------------------------
#
#
#  Congestion Analysis: (blocked Gcells are excluded)
#
#                 OverCon          
#                  #Gcell    %Gcell
#     Layer           (1)   OverCon
#  --------------------------------
#  Metal1        0(0.00%)   (0.00%)
#  Metal2        1(0.18%)   (0.18%)
#  Metal3        0(0.00%)   (0.00%)
#  Metal4        0(0.00%)   (0.00%)
#  Metal5        0(0.00%)   (0.00%)
#  Metal6        0(0.00%)   (0.00%)
#  Metal7        0(0.00%)   (0.00%)
#  Metal8        0(0.00%)   (0.00%)
#  Metal9        0(0.00%)   (0.00%)
#  --------------------------------
#     Total      1(0.02%)   (0.02%)
#
#  The worst congested Gcell overcon (routing demand over resource in number of tracks) = 1
#  Overflow after GR: 0.00% H + 0.02% V
#
#Hotspot report including placement blocked areas
[hotspot] +----------------+-------------------+-------------------+-------------------------------------+
[hotspot] |      layer     |    max hotspot    |   total hotspot   |            hotspot bbox             |
[hotspot] +----------------+-------------------+-------------------+-------------------------------------+
[hotspot] |   Metal1(H)    |             56.00 |             58.00 |    10.37    10.37   106.50    93.89 |
[hotspot] |   Metal2(V)    |              0.00 |              0.00 |   (none)                            |
[hotspot] |   Metal3(H)    |              0.00 |              0.00 |   (none)                            |
[hotspot] |   Metal4(V)    |              0.00 |              0.00 |   (none)                            |
[hotspot] |   Metal5(H)    |              0.00 |              0.00 |   (none)                            |
[hotspot] |   Metal6(V)    |              0.00 |              0.00 |   (none)                            |
[hotspot] |   Metal7(H)    |              0.00 |              0.00 |   (none)                            |
[hotspot] |   Metal8(V)    |              0.00 |              0.00 |   (none)                            |
[hotspot] |   Metal9(H)    |             10.00 |             10.00 |   104.33    -0.07   106.50   102.16 |
[hotspot] +----------------+-------------------+-------------------+-------------------------------------+
[hotspot] |      worst     | (Metal1)    56.00 | (Metal1)    58.00 |                                     |
[hotspot] +----------------+-------------------+-------------------+-------------------------------------+
[hotspot] |   all layers   |              0.00 |              0.00 |                                     |
[hotspot] +----------------+-------------------+-------------------+-------------------------------------+
Local HotSpot Analysis (3d): normalized congestion max/total hotspot area = 0.00/0.00 (area is in unit of 4 std-cell row bins)
#Complete Global Routing.
#Total number of nets with non-default rule or having extra spacing = 4
#Total wire length = 20133 um.
#Total half perimeter of net bounding box = 15262 um.
#Total wire length on LAYER Metal1 = 236 um.
#Total wire length on LAYER Metal2 = 6038 um.
#Total wire length on LAYER Metal3 = 9065 um.
#Total wire length on LAYER Metal4 = 3689 um.
#Total wire length on LAYER Metal5 = 1106 um.
#Total wire length on LAYER Metal6 = 0 um.
#Total wire length on LAYER Metal7 = 0 um.
#Total wire length on LAYER Metal8 = 0 um.
#Total wire length on LAYER Metal9 = 0 um.
#Total number of vias = 5787
#Up-Via Summary (total 5787):
#           
#-----------------------
# Metal1           2994
# Metal2           2223
# Metal3            505
# Metal4             65
#-----------------------
#                  5787 
#
#Max overcon = 1 tracks.
#Total overcon = 0.02%.
#Worst layer Gcell overcon rate = 0.00%.
#
#Global routing statistics:
#Cpu time = 00:00:00
#Elapsed time = 00:00:00
#Increased memory = 3.07 (MB)
#Total memory = 1142.66 (MB)
#Peak memory = 1281.55 (MB)
#
#Finished global routing on Mon Nov 10 17:52:13 2025
#
#
#cpu time = 00:00:00, elapsed time = 00:00:00, memory = 1142.66 (MB), peak = 1281.55 (MB)
#Start Track Assignment.
#Done with 1394 horizontal wires in 1 hboxes and 1302 vertical wires in 1 hboxes.
#Done with 323 horizontal wires in 1 hboxes and 293 vertical wires in 1 hboxes.
#Done with 1 horizontal wires in 1 hboxes and 1 vertical wires in 1 hboxes.
#
#Track assignment summary:
# layer   (wire length)   (overlap)     (long ovlp)	(with obs/pg/clk)  
#------------------------------------------------------------------------
# Metal1       238.71 	  0.00%  	  0.00% 	  0.00%
# Metal2      5879.32 	  0.07%  	  0.00% 	  0.00%
# Metal3      8137.88 	  0.21%  	  0.00% 	  0.02%
# Metal4      3055.65 	  0.00%  	  0.00% 	  0.00%
# Metal5      1103.55 	  0.00%  	  0.00% 	  0.00%
# Metal6         0.00 	  0.00%  	  0.00% 	  0.00%
# Metal7         0.00 	  0.00%  	  0.00% 	  0.00%
# Metal8         0.00 	  0.00%  	  0.00% 	  0.00%
# Metal9         0.00 	  0.00%  	  0.00% 	  0.00%
#------------------------------------------------------------------------
# All       18415.11  	  0.11% 	  0.00% 	  0.00%
#Complete Track Assignment.
#Total number of nets with non-default rule or having extra spacing = 4
#Total wire length = 21564 um.
#Total half perimeter of net bounding box = 15262 um.
#Total wire length on LAYER Metal1 = 1216 um.
#Total wire length on LAYER Metal2 = 6012 um.
#Total wire length on LAYER Metal3 = 9538 um.
#Total wire length on LAYER Metal4 = 3689 um.
#Total wire length on LAYER Metal5 = 1109 um.
#Total wire length on LAYER Metal6 = 0 um.
#Total wire length on LAYER Metal7 = 0 um.
#Total wire length on LAYER Metal8 = 0 um.
#Total wire length on LAYER Metal9 = 0 um.
#Total number of vias = 5787
#Up-Via Summary (total 5787):
#           
#-----------------------
# Metal1           2994
# Metal2           2223
# Metal3            505
# Metal4             65
#-----------------------
#                  5787 
#
#cpu time = 00:00:00, elapsed time = 00:00:00, memory = 1142.68 (MB), peak = 1281.55 (MB)
#
#number of short segments in preferred routing layers
#	
#	
#
#Routing data preparation, pin analysis, global routing and track assignment statistics:
#Cpu time = 00:00:01
#Elapsed time = 00:00:01
#Increased memory = 7.16 (MB)
#Total memory = 1142.68 (MB)
#Peak memory = 1281.55 (MB)
#
#Start Detail Routing..
#start initial detail routing ...
#   number of violations = 5
#
#    By Layer and Type :
#	         MetSpc    Short   Totals
#	Metal1        0        0        0
#	Metal2        4        1        5
#	Totals        4        1        5
#20 out of 714 instances (2.8%) need to be verified(marked ipoed), dirty area = 1.0%.
#47.3% of the total area is being checked for drcs
#47.3% of the total area was checked
#   number of violations = 5
#
#    By Layer and Type :
#	         MetSpc    Short   Totals
#	Metal1        0        0        0
#	Metal2        4        1        5
#	Totals        4        1        5
#cpu time = 00:00:05, elapsed time = 00:00:05, memory = 1152.58 (MB), peak = 1281.55 (MB)
#start 1st optimization iteration ...
#   number of violations = 2
#
#    By Layer and Type :
#	         MetSpc    Short   Totals
#	Metal1        0        0        0
#	Metal2        1        1        2
#	Totals        1        1        2
#cpu time = 00:00:00, elapsed time = 00:00:00, memory = 1154.57 (MB), peak = 1281.55 (MB)
#start 2nd optimization iteration ...
#   number of violations = 2
#
#    By Layer and Type :
#	         MetSpc   Totals
#	Metal1        0        0
#	Metal2        2        2
#	Totals        2        2
#cpu time = 00:00:00, elapsed time = 00:00:00, memory = 1154.98 (MB), peak = 1281.55 (MB)
#start 3rd optimization iteration ...
#   number of violations = 0
#cpu time = 00:00:00, elapsed time = 00:00:00, memory = 1154.25 (MB), peak = 1281.55 (MB)
#Complete Detail Routing.
#Total number of nets with non-default rule or having extra spacing = 4
#Total wire length = 21524 um.
#Total half perimeter of net bounding box = 15262 um.
#Total wire length on LAYER Metal1 = 754 um.
#Total wire length on LAYER Metal2 = 6580 um.
#Total wire length on LAYER Metal3 = 8813 um.
#Total wire length on LAYER Metal4 = 4285 um.
#Total wire length on LAYER Metal5 = 1092 um.
#Total wire length on LAYER Metal6 = 0 um.
#Total wire length on LAYER Metal7 = 0 um.
#Total wire length on LAYER Metal8 = 0 um.
#Total wire length on LAYER Metal9 = 0 um.
#Total number of vias = 6203
#Total number of multi-cut vias = 7 (  0.1%)
#Total number of single cut vias = 6196 ( 99.9%)
#Up-Via Summary (total 6203):
#                   single-cut          multi-cut      Total
#-----------------------------------------------------------
# Metal1          3030 ( 99.8%)         7 (  0.2%)       3037
# Metal2          2443 (100.0%)         0 (  0.0%)       2443
# Metal3           652 (100.0%)         0 (  0.0%)        652
# Metal4            71 (100.0%)         0 (  0.0%)         71
#-----------------------------------------------------------
#                 6196 ( 99.9%)         7 (  0.1%)       6203 
#
#Total number of DRC violations = 0
#Cpu time = 00:00:05
#Elapsed time = 00:00:05
#Increased memory = 9.64 (MB)
#Total memory = 1152.33 (MB)
#Peak memory = 1281.55 (MB)
#
#start routing for process antenna violation fix ...
#cpu time = 00:00:00, elapsed time = 00:00:00, memory = 1154.29 (MB), peak = 1281.55 (MB)
#
#Total number of nets with non-default rule or having extra spacing = 4
#Total wire length = 21524 um.
#Total half perimeter of net bounding box = 15262 um.
#Total wire length on LAYER Metal1 = 754 um.
#Total wire length on LAYER Metal2 = 6580 um.
#Total wire length on LAYER Metal3 = 8813 um.
#Total wire length on LAYER Metal4 = 4285 um.
#Total wire length on LAYER Metal5 = 1092 um.
#Total wire length on LAYER Metal6 = 0 um.
#Total wire length on LAYER Metal7 = 0 um.
#Total wire length on LAYER Metal8 = 0 um.
#Total wire length on LAYER Metal9 = 0 um.
#Total number of vias = 6203
#Total number of multi-cut vias = 7 (  0.1%)
#Total number of single cut vias = 6196 ( 99.9%)
#Up-Via Summary (total 6203):
#                   single-cut          multi-cut      Total
#-----------------------------------------------------------
# Metal1          3030 ( 99.8%)         7 (  0.2%)       3037
# Metal2          2443 (100.0%)         0 (  0.0%)       2443
# Metal3           652 (100.0%)         0 (  0.0%)        652
# Metal4            71 (100.0%)         0 (  0.0%)         71
#-----------------------------------------------------------
#                 6196 ( 99.9%)         7 (  0.1%)       6203 
#
#Total number of DRC violations = 0
#Total number of process antenna violations = 0
#Total number of net violated process antenna rule = 0 ant fix stage
#
#
#Total number of nets with non-default rule or having extra spacing = 4
#Total wire length = 21524 um.
#Total half perimeter of net bounding box = 15262 um.
#Total wire length on LAYER Metal1 = 754 um.
#Total wire length on LAYER Metal2 = 6580 um.
#Total wire length on LAYER Metal3 = 8813 um.
#Total wire length on LAYER Metal4 = 4285 um.
#Total wire length on LAYER Metal5 = 1092 um.
#Total wire length on LAYER Metal6 = 0 um.
#Total wire length on LAYER Metal7 = 0 um.
#Total wire length on LAYER Metal8 = 0 um.
#Total wire length on LAYER Metal9 = 0 um.
#Total number of vias = 6203
#Total number of multi-cut vias = 7 (  0.1%)
#Total number of single cut vias = 6196 ( 99.9%)
#Up-Via Summary (total 6203):
#                   single-cut          multi-cut      Total
#-----------------------------------------------------------
# Metal1          3030 ( 99.8%)         7 (  0.2%)       3037
# Metal2          2443 (100.0%)         0 (  0.0%)       2443
# Metal3           652 (100.0%)         0 (  0.0%)        652
# Metal4            71 (100.0%)         0 (  0.0%)         71
#-----------------------------------------------------------
#                 6196 ( 99.9%)         7 (  0.1%)       6203 
#
#Total number of DRC violations = 0
#Total number of process antenna violations = 0
#Total number of net violated process antenna rule = 0 ant fix stage
#
#
#Start Post Route wire spreading..
#
#Start DRC checking..
#   number of violations = 0
#cpu time = 00:00:00, elapsed time = 00:00:00, memory = 1153.05 (MB), peak = 1281.55 (MB)
#CELL_VIEW toll_gate,init has no DRC violation.
#Total number of DRC violations = 0
#Total number of process antenna violations = 0
#Total number of net violated process antenna rule = 0 ant fix stage
#
#Start data preparation for wire spreading...
#
#Data preparation is done on Mon Nov 10 17:52:20 2025
#
#
#Start Post Route Wire Spread.
#Done with 318 horizontal wires in 2 hboxes and 287 vertical wires in 2 hboxes.
#Complete Post Route Wire Spread.
#
#Total number of nets with non-default rule or having extra spacing = 4
#Total wire length = 21791 um.
#Total half perimeter of net bounding box = 15262 um.
#Total wire length on LAYER Metal1 = 757 um.
#Total wire length on LAYER Metal2 = 6645 um.
#Total wire length on LAYER Metal3 = 8948 um.
#Total wire length on LAYER Metal4 = 4349 um.
#Total wire length on LAYER Metal5 = 1092 um.
#Total wire length on LAYER Metal6 = 0 um.
#Total wire length on LAYER Metal7 = 0 um.
#Total wire length on LAYER Metal8 = 0 um.
#Total wire length on LAYER Metal9 = 0 um.
#Total number of vias = 6203
#Total number of multi-cut vias = 7 (  0.1%)
#Total number of single cut vias = 6196 ( 99.9%)
#Up-Via Summary (total 6203):
#                   single-cut          multi-cut      Total
#-----------------------------------------------------------
# Metal1          3030 ( 99.8%)         7 (  0.2%)       3037
# Metal2          2443 (100.0%)         0 (  0.0%)       2443
# Metal3           652 (100.0%)         0 (  0.0%)        652
# Metal4            71 (100.0%)         0 (  0.0%)         71
#-----------------------------------------------------------
#                 6196 ( 99.9%)         7 (  0.1%)       6203 
#
#
#Start DRC checking..
#   number of violations = 0
#cpu time = 00:00:00, elapsed time = 00:00:00, memory = 1153.33 (MB), peak = 1281.55 (MB)
#CELL_VIEW toll_gate,init has no DRC violation.
#Total number of DRC violations = 0
#Total number of process antenna violations = 0
#Total number of net violated process antenna rule = 0 ant fix stage
#   number of violations = 0
#cpu time = 00:00:01, elapsed time = 00:00:01, memory = 1153.33 (MB), peak = 1281.55 (MB)
#CELL_VIEW toll_gate,init has no DRC violation.
#Total number of DRC violations = 0
#Total number of process antenna violations = 0
#Total number of net violated process antenna rule = 0 ant fix stage
#Post Route wire spread is done.
#Total number of nets with non-default rule or having extra spacing = 4
#Total wire length = 21791 um.
#Total half perimeter of net bounding box = 15262 um.
#Total wire length on LAYER Metal1 = 757 um.
#Total wire length on LAYER Metal2 = 6645 um.
#Total wire length on LAYER Metal3 = 8948 um.
#Total wire length on LAYER Metal4 = 4349 um.
#Total wire length on LAYER Metal5 = 1092 um.
#Total wire length on LAYER Metal6 = 0 um.
#Total wire length on LAYER Metal7 = 0 um.
#Total wire length on LAYER Metal8 = 0 um.
#Total wire length on LAYER Metal9 = 0 um.
#Total number of vias = 6203
#Total number of multi-cut vias = 7 (  0.1%)
#Total number of single cut vias = 6196 ( 99.9%)
#Up-Via Summary (total 6203):
#                   single-cut          multi-cut      Total
#-----------------------------------------------------------
# Metal1          3030 ( 99.8%)         7 (  0.2%)       3037
# Metal2          2443 (100.0%)         0 (  0.0%)       2443
# Metal3           652 (100.0%)         0 (  0.0%)        652
# Metal4            71 (100.0%)         0 (  0.0%)         71
#-----------------------------------------------------------
#                 6196 ( 99.9%)         7 (  0.1%)       6203 
#
#detailRoute Statistics:
#Cpu time = 00:00:07
#Elapsed time = 00:00:07
#Increased memory = 8.72 (MB)
#Total memory = 1151.41 (MB)
#Peak memory = 1281.55 (MB)
#
#globalDetailRoute statistics:
#Cpu time = 00:00:08
#Elapsed time = 00:00:08
#Increased memory = -20.80 (MB)
#Total memory = 1116.02 (MB)
#Peak memory = 1281.55 (MB)
#Number of warnings = 6
#Total number of warnings = 25
#Number of fails = 0
#Total number of fails = 0
#Complete globalDetailRoute on Mon Nov 10 17:52:20 2025
#
% End globalDetailRoute (date=11/10 17:52:20, total cpu=0:00:08.0, real=0:00:08.0, peak res=1136.8M, current mem=1116.0M)
#Default setup view is reset to view1.
#Default setup view is reset to view1.
#routeDesign: cpu time = 00:00:08, elapsed time = 00:00:08, memory = 1111.50 (MB), peak = 1281.55 (MB)

*** Summary of all messages that are not suppressed in this session:
Severity  ID               Count  Summary                                  
WARNING   IMPCK-8086           1  The command %s is obsolete and will be r...
*** Message Summary: 1 warning(s), 0 error(s)

#% End routeDesign (date=11/10 17:52:21, total cpu=0:00:08.1, real=0:00:09.0, peak res=1136.8M, current mem=1111.5M)
<CMD> report_timing -early -view {view1} -max_paths 100 > post_route_reports/timing/timing_post_PnR_early.txt
AAE DB initialization (MEM=1461.25 CPU=0:00:00.0 REAL=0:00:00.0) 
#################################################################################
# Design Stage: PostRoute
# Design Name: toll_gate
# Design Mode: 90nm
# Analysis Mode: MMMC Non-OCV 
# Parasitics Mode: No SPEF/RCDB
# Signoff Settings: SI Off 
#################################################################################
Extraction called for design 'toll_gate' of instances=714 and nets=766 using extraction engine 'preRoute' .
PreRoute RC Extraction called for design toll_gate.
RC Extraction called in multi-corner(1) mode.
**WARN: (IMPEXT-6197):	The Cap table file is not specified. This will result in lower parasitic accuracy when using preRoute extraction or postRoute extraction with effort level 'low'. It is recommended to generate the Cap table file using the 'generateCapTbl' command and specify it before extraction using 'create_rc_corner/update_rc_corner -cap_table'.
Type 'man IMPEXT-6197' for more detail.
RCMode: PreRoute
      RC Corner Indexes            0   
Capacitance Scaling Factor   : 1.00000 
Resistance Scaling Factor    : 1.00000 
Clock Cap. Scaling Factor    : 1.00000 
Clock Res. Scaling Factor    : 1.00000 
Shrink Factor                : 1.00000
PreRoute extraction is honoring NDR/Shielding/ExtraSpace for clock nets.
Updating RC grid for preRoute extraction ...
Initializing multi-corner resistance tables ...
PreRoute RC Extraction DONE (CPU Time: 0:00:00.0  Real Time: 0:00:00.0  MEM: 1461.246M)
Calculate delays in Single mode...
Start delay calculation (fullDC) (1 T). (MEM=1465.26)
siFlow : Timing analysis mode is single, using late cdB files
Total number of fetched objects 726
End delay calculation. (MEM=1534.23 CPU=0:00:00.1 REAL=0:00:00.0)
End delay calculation (fullDC). (MEM=1507.16 CPU=0:00:00.2 REAL=0:00:00.0)
<CMD> report_timing -late  -max_paths 100 > post_route_reports/timing/timing_post_PnR_late.txt
#################################################################################
# Design Stage: PostRoute
# Design Name: toll_gate
# Design Mode: 90nm
# Analysis Mode: MMMC Non-OCV 
# Parasitics Mode: No SPEF/RCDB
# Signoff Settings: SI Off 
#################################################################################
Calculate delays in Single mode...
Start delay calculation (fullDC) (1 T). (MEM=1490.95)
Total number of fetched objects 726
End delay calculation. (MEM=1501.16 CPU=0:00:00.1 REAL=0:00:00.0)
End delay calculation (fullDC). (MEM=1501.16 CPU=0:00:00.1 REAL=0:00:00.0)
<CMD> report_area -detail > post_route_reports/area/area_post_pnr4.rpt
<CMD> report_power -rail_analysis_format VS -outfile post_route_reports/routeafteranalysis.rpt
Using Power View: view1.

Begin Power Analysis

             0V	    VSS
           0.9V	    VDD
Begin Processing Timing Library for Power Calculation

Begin Processing Timing Library for Power Calculation



Begin Processing Power Net/Grid for Power Calculation

Ended Processing Power Net/Grid for Power Calculation: (cpu=0:00:00, real=0:00:00, mem(process/total/peak)=1155.01MB/2669.06MB/1253.33MB)

Begin Processing Timing Window Data for Power Calculation

Ended Processing Timing Window Data for Power Calculation: (cpu=0:00:00, real=0:00:00, mem(process/total/peak)=1155.01MB/2669.06MB/1253.33MB)

Begin Processing User Attributes

Ended Processing User Attributes: (cpu=0:00:00, real=0:00:00, mem(process/total/peak)=1155.01MB/2669.06MB/1253.33MB)

Begin Processing Signal Activity


Starting Activity Propagation
2025-Nov-10 17:52:21 (2025-Nov-10 12:22:21 GMT)
2025-Nov-10 17:52:21 (2025-Nov-10 12:22:21 GMT): 10%
2025-Nov-10 17:52:21 (2025-Nov-10 12:22:21 GMT): 20%

Finished Activity Propagation
2025-Nov-10 17:52:21 (2025-Nov-10 12:22:21 GMT)
Ended Processing Signal Activity: (cpu=0:00:00, real=0:00:00, mem(process/total/peak)=1155.01MB/2669.06MB/1253.33MB)

Begin Power Computation

      ----------------------------------------------------------
      # of cell(s) missing both power/leakage table: 0
      # of cell(s) missing power table: 0
      # of cell(s) missing leakage table: 0
      # of MSMV cell(s) missing power_level: 0
      ----------------------------------------------------------



Starting Calculating power
2025-Nov-10 17:52:21 (2025-Nov-10 12:22:21 GMT)
 ... Calculating switching power
2025-Nov-10 17:52:21 (2025-Nov-10 12:22:21 GMT): 10%
2025-Nov-10 17:52:21 (2025-Nov-10 12:22:21 GMT): 20%
2025-Nov-10 17:52:21 (2025-Nov-10 12:22:21 GMT): 30%
2025-Nov-10 17:52:21 (2025-Nov-10 12:22:21 GMT): 40%
2025-Nov-10 17:52:21 (2025-Nov-10 12:22:21 GMT): 50%
 ... Calculating internal and leakage power
2025-Nov-10 17:52:21 (2025-Nov-10 12:22:21 GMT): 60%
2025-Nov-10 17:52:21 (2025-Nov-10 12:22:21 GMT): 70%
2025-Nov-10 17:52:21 (2025-Nov-10 12:22:21 GMT): 80%
2025-Nov-10 17:52:21 (2025-Nov-10 12:22:21 GMT): 90%

Finished Calculating power
2025-Nov-10 17:52:21 (2025-Nov-10 12:22:21 GMT)
Ended Power Computation: (cpu=0:00:00, real=0:00:00, mem(process/total/peak)=1155.01MB/2669.06MB/1253.33MB)

Begin Processing User Attributes

Ended Processing User Attributes: (cpu=0:00:00, real=0:00:00, mem(process/total/peak)=1155.01MB/2669.06MB/1253.33MB)

Ended Power Analysis: (cpu=0:00:00, real=0:00:00, mem(process/total/peak)=1155.01MB/2669.06MB/1253.33MB)

Begin Boundary Leakage Calculation
Ended Boundary Leakage Calculation: (cpu=0:00:00, real=0:00:00,
mem(process/total/peak)=1155.01MB/2669.06MB/1253.33MB)
Begin Static Power Report Generation
*



Total Power
-----------------------------------------------------------------------------------------
Total Internal Power:        1.03601795 	   81.4069%
Total Switching Power:       0.19340230 	   15.1969%
Total Leakage Power:         0.04322178 	    3.3962%
Total Power:                 1.27264202
-----------------------------------------------------------------------------------------
Ended Static Power Report Generation: (cpu=0:00:00, real=0:00:00,
mem(process/total/peak)=1155.10MB/2669.06MB/1253.33MB)


Output file is post_route_reports/routeafteranalysis.rpt.
<CMD> streamOut Toll_gate.gds -mapFile streamOut.map -libName DesignLib -units 2000 -mode ALL
Parse flat map file...
Writing GDSII file ...
	****** db unit per micron = 2000 ******
	****** output gds2 file unit per micron = 2000 ******
	****** unit scaling factor = 1 ******
Output for instance
Output for bump
Output for physical terminals
Output for logical terminals
Output for regular nets
Output for special nets and metal fills
Output for via structure generation total number 39
Statistics for GDS generated (version 3)
----------------------------------------
Stream Out Layer Mapping Information:
GDS Layer Number          GDS Layer Name
----------------------------------------
    191                             COMP
    192                          DIEAREA
    181                           Metal9
    179                           Metal9
    178                           Metal9
    177                           Metal9
    176                           Metal9
    175                             Via8
    174                             Via8
    170                             Via8
    160                           Metal8
    158                           Metal8
    157                           Metal8
    156                           Metal8
    155                           Metal8
    154                             Via7
    153                             Via7
    149                             Via7
    139                           Metal7
    137                           Metal7
    136                           Metal7
    135                           Metal7
    134                           Metal7
    133                             Via6
    132                             Via6
    131                             Via6
    130                             Via6
    129                             Via6
    128                             Via6
    127                             Via6
    122                           Metal6
    121                           Metal6
    120                           Metal6
    119                           Metal6
    118                           Metal6
    117                           Metal6
    53                            Metal3
    52                            Metal3
    185                           Metal9
    48                              Via2
    29                            Metal2
    180                           Metal9
    47                              Via2
    182                           Metal9
    44                              Via2
    43                              Via2
    172                             Via8
    38                            Metal2
    95                            Metal5
    36                            Metal2
    93                            Metal5
    112                             Via5
    32                            Metal2
    54                            Metal3
    31                            Metal2
    107                             Via5
    30                            Metal2
    49                              Via2
    106                             Via5
    164                           Metal8
    27                              Via1
    8                             Metal1
    33                            Metal2
    109                             Via5
    10                            Metal1
    86                              Via4
    50                            Metal3
    69                              Via3
    143                           Metal7
    6                               Cont
    169                             Via8
    35                            Metal2
    141                           Metal7
    3                               Cont
    51                            Metal3
    70                              Via3
    7                               Cont
    64                              Via3
    173                             Via8
    34                            Metal2
    92                            Metal5
    111                             Via5
    11                            Metal1
    9                             Metal1
    28                              Via1
    85                              Via4
    142                           Metal7
    4                               Cont
    138                           Metal7
    5                               Cont
    12                            Metal1
    88                              Via4
    183                           Metal9
    45                              Via2
    22                              Via1
    152                             Via7
    13                            Metal1
    71                            Metal4
    90                              Via4
    184                           Metal9
    46                              Via2
    161                           Metal8
    23                              Via1
    171                             Via8
    37                            Metal2
    94                            Metal5
    148                             Via7
    14                            Metal1
    15                            Metal1
    72                            Metal4
    91                              Via4
    150                             Via7
    16                            Metal1
    73                            Metal4
    159                           Metal8
    26                              Via1
    151                             Via7
    17                            Metal1
    74                            Metal4
    1                               Cont
    162                           Metal8
    24                              Via1
    140                           Metal7
    2                               Cont
    163                           Metal8
    25                              Via1
    55                            Metal3
    113                           Metal6
    56                            Metal3
    57                            Metal3
    114                           Metal6
    58                            Metal3
    115                           Metal6
    59                            Metal3
    116                           Metal6
    65                              Via3
    66                              Via3
    67                              Via3
    68                              Via3
    75                            Metal4
    76                            Metal4
    77                            Metal4
    78                            Metal4
    79                            Metal4
    80                            Metal4
    87                              Via4
    89                              Via4
    96                            Metal5
    97                            Metal5
    98                            Metal5
    99                            Metal5
    100                           Metal5
    101                           Metal5
    108                             Via5
    110                             Via5
    189                           Metal9
    188                           Metal9
    187                           Metal9
    186                           Metal9
    168                           Metal8
    167                           Metal8
    166                           Metal8
    165                           Metal8
    147                           Metal7
    146                           Metal7
    145                           Metal7
    144                           Metal7
    63                            Metal3
    62                            Metal3
    39                            Metal2
    105                           Metal5
    103                           Metal5
    42                            Metal2
    41                            Metal2
    40                            Metal2
    18                            Metal1
    20                            Metal1
    60                            Metal3
    61                            Metal3
    102                           Metal5
    21                            Metal1
    19                            Metal1
    81                            Metal4
    104                           Metal5
    82                            Metal4
    83                            Metal4
    84                            Metal4
    123                           Metal6
    124                           Metal6
    125                           Metal6
    126                           Metal6


Stream Out Information Processed for GDS version 3:
Units: 2000 DBU

Object                             Count
----------------------------------------
Instances                            714

Ports/Pins                            24
    metal layer Metal2                10
    metal layer Metal3                14

Nets                               10509
    metal layer Metal1               580
    metal layer Metal2              5277
    metal layer Metal3              3604
    metal layer Metal4               999
    metal layer Metal5                49

    Via Instances                   6203

Special Nets                         161
    metal layer Metal1               111
    metal layer Metal5                 2
    metal layer Metal8                24
    metal layer Metal9                24

    Via Instances                   3090

Metal Fills                            0

    Via Instances                      0

Metal FillOPCs                         0

    Via Instances                      0

Metal FillDRCs                         0

    Via Instances                      0

Text                                 755
    metal layer Metal1                94
    metal layer Metal2               474
    metal layer Metal3               178
    metal layer Metal4                 7
    metal layer Metal9                 2


Blockages                              0


Custom Text                            0


Custom Box                             0

Trim Metal                             0

######Streamout is finished!
<CMD> saveNetlist rtl_module_post_route_netlist.v
Writing Netlist "rtl_module_post_route_netlist.v" ...
<CMD> defOut -floorplan -netlist -routing rtl_module.def
Writing DEF file 'rtl_module.def', current time is Mon Nov 10 17:52:21 2025 ...
unitPerMicron=2000, dbgMicronPerDBU=0.000500, unitPerDBU=1.000000
DEF file 'rtl_module.def' is written, current time is Mon Nov 10 17:52:21 2025 ...
<CMD> saveDesign new_uptoGDS.enc
#% Begin save design ... (date=11/10 17:52:21, mem=1149.6M)
% Begin Save ccopt configuration ... (date=11/10 17:52:21, mem=1151.6M)
% End Save ccopt configuration ... (date=11/10 17:52:21, total cpu=0:00:00.0, real=0:00:00.0, peak res=1152.6M, current mem=1152.6M)
% Begin Save netlist data ... (date=11/10 17:52:21, mem=1152.6M)
Writing Binary DB to new_uptoGDS.enc.dat/toll_gate.v.bin in single-threaded mode...
% End Save netlist data ... (date=11/10 17:52:21, total cpu=0:00:00.0, real=0:00:00.0, peak res=1152.6M, current mem=1152.6M)
Saving symbol-table file ...
Saving congestion map file new_uptoGDS.enc.dat/toll_gate.route.congmap.gz ...
% Begin Save AAE data ... (date=11/10 17:52:22, mem=1152.9M)
Saving AAE Data ...
% End Save AAE data ... (date=11/10 17:52:22, total cpu=0:00:00.0, real=0:00:00.0, peak res=1152.9M, current mem=1152.9M)
Saving preference file new_uptoGDS.enc.dat/gui.pref.tcl ...
Saving mode setting ...
Saving global file ...
% Begin Save floorplan data ... (date=11/10 17:52:22, mem=1153.6M)
Saving floorplan file ...
% End Save floorplan data ... (date=11/10 17:52:22, total cpu=0:00:00.0, real=0:00:00.0, peak res=1153.6M, current mem=1153.6M)
Saving PG file new_uptoGDS.enc.dat/toll_gate.pg.gz, version#2, (Created by Innovus v20.10-p004_1 on Mon Nov 10 17:52:22 2025)
*** Completed savePGFile (cpu=0:00:00.0 real=0:00:01.0 mem=1459.7M) ***
Saving Drc markers ...
... No Drc file written since there is no markers found.
% Begin Save placement data ... (date=11/10 17:52:23, mem=1153.7M)
** Saving stdCellPlacement_binary (version# 2) ...
Save Adaptive View Pruning View Names to Binary file
% End Save placement data ... (date=11/10 17:52:23, total cpu=0:00:00.0, real=0:00:00.0, peak res=1153.7M, current mem=1153.7M)
% Begin Save routing data ... (date=11/10 17:52:23, mem=1153.7M)
Saving route file ...
*** Completed saveRoute (cpu=0:00:00.0 real=0:00:00.0 mem=1459.7M) ***
% End Save routing data ... (date=11/10 17:52:23, total cpu=0:00:00.0, real=0:00:00.0, peak res=1153.9M, current mem=1153.9M)
Saving property file new_uptoGDS.enc.dat/toll_gate.prop
*** Completed saveProperty (cpu=0:00:00.0 real=0:00:00.0 mem=1462.7M) ***
#Saving pin access data to file new_uptoGDS.enc.dat/toll_gate.apa ...
#
% Begin Save power constraints data ... (date=11/10 17:52:23, mem=1154.3M)
% End Save power constraints data ... (date=11/10 17:52:23, total cpu=0:00:00.0, real=0:00:00.0, peak res=1154.4M, current mem=1154.4M)
default_rc_corner
Generated self-contained design new_uptoGDS.enc.dat
#% End save design ... (date=11/10 17:52:26, total cpu=0:00:02.9, real=0:00:05.0, peak res=1157.8M, current mem=1157.8M)
*** Message Summary: 0 warning(s), 0 error(s)

<CMD> setLayerPreference node_net -isVisible 0
<CMD> setLayerPreference clock -isVisible 1
<CMD> setLayerPreference node_inst -isVisible 0
<CMD> fit
<CMD> zoomBox -13.95250 1.54850 127.10000 96.99350
<CMD> zoomBox 29.00400 19.62850 102.63500 69.45200
<CMD> zoomBox 49.78500 27.49250 95.00400 58.09050
<CMD> zoomBox 58.96250 30.97700 91.63400 53.08450
<CMD> zoomBox 68.18350 34.49400 88.24800 48.07100
<CMD> zoomBox 70.38450 35.33350 87.43950 46.87400
<CMD> zoomBox 68.18300 34.49400 88.24800 48.07100
<CMD> zoomBox 64.66050 32.71600 88.26650 48.68950
<CMD> zoomBox 55.64050 28.16450 88.31400 50.27350
<CMD> zoomBox 35.21700 17.85950 88.42100 53.86050
<CMD> zoomBox 1.96050 1.07900 88.59550 59.70150
<CMD> zoomBox -52.19250 -26.24650 88.88000 69.21200
<CMD> setLayerPreference node_inst -isVisible 1
<CMD> setLayerPreference node_inst -isVisible 0
<CMD> setLayerPreference clock -isVisible 0
<CMD> setLayerPreference node_layer -isVisible 0
<CMD> setLayerPreference Metal1 -isVisible 1
<CMD> setLayerPreference Via1 -isVisible 1
<CMD> fit
<CMD> setLayerPreference Metal1 -isVisible 0
<CMD> setLayerPreference Via1 -isVisible 0
<CMD> setLayerPreference Metal2 -isVisible 1
<CMD> setLayerPreference Via2 -isVisible 1
<CMD> setLayerPreference Via2 -isVisible 0
<CMD> setLayerPreference Metal2 -isVisible 0
<CMD> setLayerPreference Metal3 -isVisible 1
<CMD> setLayerPreference Via3 -isVisible 1
<CMD> setLayerPreference Via3 -isVisible 0
<CMD> setLayerPreference Metal3 -isVisible 0
<CMD> setLayerPreference Metal4 -isVisible 1
<CMD> setLayerPreference Via4 -isVisible 1
<CMD> setLayerPreference Via4 -isVisible 0
<CMD> setLayerPreference Metal4 -isVisible 0
<CMD> setLayerPreference Metal5 -isVisible 1
<CMD> setLayerPreference Via5 -isVisible 1
<CMD> setLayerPreference Via5 -isVisible 0
<CMD> setLayerPreference Metal5 -isVisible 0
<CMD> setLayerPreference Metal8 -isVisible 1
<CMD> setLayerPreference Via8 -isVisible 1
<CMD> setLayerPreference node_inst -isVisible 1
<CMD> setLayerPreference node_inst -isVisible 0
<CMD> setLayerPreference stdCell -isVisible 1
<CMD> setLayerPreference stdCell -isVisible 0
<CMD> setLayerPreference clock -isVisible 1
<CMD> setLayerPreference Metal2 -isVisible 1
<CMD> setLayerPreference Via2 -isVisible 1
<CMD> setLayerPreference Via2 -isVisible 0
<CMD> setLayerPreference Metal2 -isVisible 0
<CMD> setLayerPreference Metal5 -isVisible 1
<CMD> setLayerPreference Via5 -isVisible 1
<CMD> setLayerPreference clock -isVisible 0
<CMD> setLayerPreference clock -isVisible 1
<CMD> setLayerPreference clock -isVisible 0
<CMD> setLayerPreference clock -isVisible 1
<CMD> setLayerPreference Metal5 -isVisible 0
<CMD> setLayerPreference Metal5 -isVisible 1
<CMD> setLayerPreference Via5 -isVisible 0
<CMD> setLayerPreference Metal5 -isVisible 0
<CMD> setLayerPreference Metal3 -isVisible 1
<CMD> setLayerPreference Via3 -isVisible 1
<CMD> setLayerPreference Metal3 -isVisible 0
<CMD> setLayerPreference Via3 -isVisible 0
<CMD> setLayerPreference Metal1 -isVisible 1
<CMD> setLayerPreference Via1 -isVisible 1
<CMD> setLayerPreference Metal1 -isVisible 0
<CMD> setLayerPreference Via1 -isVisible 0
<CMD> setLayerPreference Metal2 -isVisible 1
<CMD> setLayerPreference Via2 -isVisible 1
<CMD> setLayerPreference Via2 -isVisible 0
<CMD> setLayerPreference Metal2 -isVisible 0
<CMD> setLayerPreference Metal3 -isVisible 1
<CMD> setLayerPreference Via3 -isVisible 1
<CMD> setLayerPreference Metal3 -isVisible 0
<CMD> setLayerPreference Via3 -isVisible 0
<CMD> setLayerPreference Metal4 -isVisible 1
<CMD> setLayerPreference Via4 -isVisible 1
<CMD> setLayerPreference Metal4 -isVisible 0
<CMD> setLayerPreference Via4 -isVisible 0
<CMD> setLayerPreference Metal5 -isVisible 1
<CMD> setLayerPreference Via5 -isVisible 1
<CMD> setLayerPreference Metal5 -isVisible 0
<CMD> setLayerPreference Via5 -isVisible 0
<CMD> setLayerPreference Metal6 -isVisible 1
<CMD> setLayerPreference Metal6 -isVisible 0
<CMD> setLayerPreference Metal7 -isVisible 1
<CMD> setLayerPreference Metal7 -isVisible 0

--------------------------------------------------------------------------------
Exiting Innovus on Mon Nov 10 18:10:58 2025
  Total CPU time:     0:04:25
  Total real time:    0:20:31
  Peak memory (main): 1253.33MB


*** Memory Usage v#1 (Current mem = 1547.789M, initial mem = 281.965M) ***
*** Message Summary: 2363 warning(s), 2 error(s)

--- Ending "Innovus" (totcpu=0:04:17, real=0:20:26, mem=1547.8M) ---
