###############################################################
#  Generated by:      Cadence Innovus 20.10-p004_1
#  OS:                Linux x86_64(Host ID edatools-server2.iiitd.edu.in)
#  Generated on:      Mon Nov 10 17:51:18 2025
#  Design:            toll_gate
#  Command:           verify_drc > placement_reports/report/placement_DRC_vio.rpt
###############################################################

CUTSPACING: ( Adjacent Cut Spacing ) Regular Wire of Net u_account_balance/n_798 & Regular Wire of Net u_account_balance/balance_db[10][14]  ( Via2 )
Bounds : ( 81.855, 78.955 ) ( 81.995, 79.095 )


CUTSPACING: ( Adjacent Cut Spacing ) Regular Wire of Net u_account_balance/balance_db[11][14] & Regular Wire of Net u_account_balance/n_606  ( Via2 )
Bounds : ( 81.565, 78.955 ) ( 81.705, 79.095 )


SHORT: ( Out Of Die ) Regular Wire of Net vehicle_id_in[7]  ( Metal2 )
Bounds : ( 106.430, 101.500 ) ( 106.500, 102.080 )


SHORT: ( Out Of Die ) Regular Wire of Net display_out[7]  ( Metal3 )
Bounds : ( 105.850, 102.080 ) ( 106.430, 102.145 )


SHORT: ( Out Of Die ) Regular Wire of Net display_out[6]  ( Metal3 )
Bounds : ( 106.430, 87.365 ) ( 106.500, 87.565 )


MAR: ( Minimum Area ) Regular Wire of Net u_account_balance/n_791  ( Metal2 )
Bounds : ( 80.400, 80.635 ) ( 80.550, 80.895 )


MAR: ( Minimum Area ) Regular Wire of Net u_account_balance/n_791  ( Metal2 )
Bounds : ( 80.690, 83.825 ) ( 80.840, 84.085 )


MAR: ( Minimum Area ) Regular Wire of Net u_account_balance/balance_db[8][15]  ( Metal2 )
Bounds : ( 80.690, 94.555 ) ( 80.840, 94.815 )


MAR: ( Minimum Area ) Regular Wire of Net clk  ( Metal2 )
Bounds : ( 80.980, 88.465 ) ( 81.130, 88.725 )


MAR: ( Minimum Area ) Regular Wire of Net u_account_balance/balance_db[11][14]  ( Metal2 )
Bounds : ( 81.270, 78.895 ) ( 81.420, 79.155 )


MAR: ( Minimum Area ) Regular Wire of Net u_account_balance/n_596  ( Metal2 )
Bounds : ( 81.270, 90.495 ) ( 81.420, 90.755 )


MAR: ( Minimum Area ) Regular Wire of Net u_account_balance/n_606  ( Metal2 )
Bounds : ( 81.560, 79.185 ) ( 81.710, 79.445 )


MAR: ( Minimum Area ) Regular Wire of Net u_account_balance/n_542  ( Metal2 )
Bounds : ( 81.850, 91.075 ) ( 82.000, 91.335 )


MAR: ( Minimum Area ) Regular Wire of Net u_account_balance/n_519  ( Metal2 )
Bounds : ( 82.140, 78.605 ) ( 82.290, 78.865 )


MAR: ( Minimum Area ) Regular Wire of Net u_account_balance/n_798  ( Metal2 )
Bounds : ( 82.140, 80.635 ) ( 82.290, 80.895 )


MAR: ( Minimum Area ) Regular Wire of Net u_account_balance/n_771  ( Metal2 )
Bounds : ( 82.430, 83.535 ) ( 82.580, 83.795 )


MAR: ( Minimum Area ) Regular Wire of Net u_account_balance/n_614  ( Metal2 )
Bounds : ( 83.010, 85.855 ) ( 83.160, 86.115 )


MAR: ( Minimum Area ) Regular Wire of Net u_account_balance/balance_db[14][15]  ( Metal2 )
Bounds : ( 68.220, 91.365 ) ( 68.370, 91.625 )


MAR: ( Minimum Area ) Regular Wire of Net u_account_balance/n_1938_BAR  ( Metal2 )
Bounds : ( 54.880, 96.585 ) ( 55.030, 96.845 )


MAR: ( Minimum Area ) Regular Wire of Net u_account_balance/n_593  ( Metal2 )
Bounds : ( 53.720, 91.365 ) ( 53.870, 91.625 )


MAR: ( Minimum Area ) Regular Wire of Net u_account_balance/balance_db[9][10]  ( Metal2 )
Bounds : ( 53.430, 96.585 ) ( 53.580, 96.845 )


MAR: ( Minimum Area ) Regular Wire of Net clk  ( Metal2 )
Bounds : ( 53.430, 93.685 ) ( 53.580, 93.945 )


CUTSPACING: ( Adjacent Cut Spacing ) Regular Wire of Net u_account_balance/n_771 & Regular Wire of Net u_account_balance/balance_db[15][15]  ( Via2 )
Bounds : ( 71.125, 96.645 ) ( 71.265, 96.785 )


MAR: ( Minimum Area ) Regular Wire of Net u_account_balance/n_803  ( Metal2 )
Bounds : ( 57.200, 96.295 ) ( 57.350, 96.555 )


MAR: ( Minimum Area ) Regular Wire of Net u_account_balance/n_765  ( Metal2 )
Bounds : ( 58.650, 91.365 ) ( 58.800, 91.625 )


MAR: ( Minimum Area ) Regular Wire of Net u_account_balance/n_795  ( Metal2 )
Bounds : ( 59.520, 94.265 ) ( 59.670, 94.525 )


MAR: ( Minimum Area ) Regular Wire of Net clk  ( Metal2 )
Bounds : ( 64.740, 91.655 ) ( 64.890, 91.915 )


MAR: ( Minimum Area ) Regular Wire of Net u_account_balance/balance_db[15][15]  ( Metal2 )
Bounds : ( 64.740, 96.005 ) ( 64.890, 96.265 )


MAR: ( Minimum Area ) Regular Wire of Net clk  ( Metal2 )
Bounds : ( 65.320, 96.875 ) ( 65.470, 97.135 )


MAR: ( Minimum Area ) Regular Wire of Net u_account_balance/balance_db[14][15]  ( Metal2 )
Bounds : ( 65.900, 93.975 ) ( 66.050, 94.235 )


MAR: ( Minimum Area ) Regular Wire of Net u_account_balance/balance_db[15][15]  ( Metal2 )
Bounds : ( 69.380, 91.075 ) ( 69.530, 91.335 )


MAR: ( Minimum Area ) Regular Wire of Net u_account_balance/n_771  ( Metal2 )
Bounds : ( 69.960, 96.585 ) ( 70.110, 96.845 )


MAR: ( Minimum Area ) Regular Wire of Net u_account_balance/n_799  ( Metal2 )
Bounds : ( 71.410, 94.265 ) ( 71.560, 94.525 )


MAR: ( Minimum Area ) Regular Wire of Net u_account_balance/balance_db[15][15]  ( Metal2 )
Bounds : ( 71.410, 96.585 ) ( 71.560, 96.845 )


MAR: ( Minimum Area ) Regular Wire of Net u_account_balance/balance_db[7][15]  ( Metal2 )
Bounds : ( 73.150, 93.975 ) ( 73.300, 94.235 )


MAR: ( Minimum Area ) Regular Wire of Net u_account_balance/n_674  ( Metal2 )
Bounds : ( 74.020, 91.365 ) ( 74.170, 91.625 )


MAR: ( Minimum Area ) Regular Wire of Net u_account_balance/balance_db[7][15]  ( Metal2 )
Bounds : ( 74.310, 91.075 ) ( 74.460, 91.335 )


MAR: ( Minimum Area ) Regular Wire of Net u_account_balance/balance_db[7][15]  ( Metal2 )
Bounds : ( 78.370, 94.555 ) ( 78.520, 94.815 )


MAR: ( Minimum Area ) Regular Wire of Net u_account_balance/balance_db[6][14]  ( Metal2 )
Bounds : ( 74.600, 88.755 ) ( 74.750, 89.015 )


MAR: ( Minimum Area ) Regular Wire of Net u_account_balance/balance_db[7][14]  ( Metal2 )
Bounds : ( 74.600, 83.535 ) ( 74.750, 83.795 )


MAR: ( Minimum Area ) Regular Wire of Net u_account_balance/n_758  ( Metal2 )
Bounds : ( 74.310, 78.605 ) ( 74.460, 78.865 )


MAR: ( Minimum Area ) Regular Wire of Net u_account_balance/n_716  ( Metal2 )
Bounds : ( 73.440, 78.315 ) ( 73.590, 78.575 )


MAR: ( Minimum Area ) Regular Wire of Net u_account_balance/n_788  ( Metal2 )
Bounds : ( 73.150, 88.755 ) ( 73.300, 89.015 )


MAR: ( Minimum Area ) Regular Wire of Net u_account_balance/n_788  ( Metal2 )
Bounds : ( 73.150, 83.535 ) ( 73.300, 83.795 )


MAR: ( Minimum Area ) Regular Wire of Net u_account_balance/n_756  ( Metal2 )
Bounds : ( 73.140, 80.925 ) ( 73.300, 81.125 )


MAR: ( Minimum Area ) Regular Wire of Net u_account_balance/n_803  ( Metal2 )
Bounds : ( 72.860, 89.045 ) ( 73.010, 89.305 )


MAR: ( Minimum Area ) Regular Wire of Net u_account_balance/n_799  ( Metal2 )
Bounds : ( 72.860, 83.825 ) ( 73.010, 84.085 )


MAR: ( Minimum Area ) Regular Wire of Net u_account_balance/n_756  ( Metal2 )
Bounds : ( 72.860, 78.895 ) ( 73.010, 79.155 )


MAR: ( Minimum Area ) Regular Wire of Net u_account_balance/n_718  ( Metal2 )
Bounds : ( 70.250, 80.635 ) ( 70.400, 80.895 )


MAR: ( Minimum Area ) Regular Wire of Net u_account_balance/n_771  ( Metal2 )
Bounds : ( 69.960, 83.535 ) ( 70.110, 83.795 )


MAR: ( Minimum Area ) Regular Wire of Net u_account_balance/balance_db[11][15]  ( Metal2 )
Bounds : ( 69.960, 78.315 ) ( 70.110, 78.575 )


MAR: ( Minimum Area ) Regular Wire of Net u_account_balance/n_795  ( Metal2 )
Bounds : ( 69.670, 85.855 ) ( 69.820, 86.115 )


MAR: ( Minimum Area ) Regular Wire of Net u_account_balance/n_545  ( Metal2 )
Bounds : ( 67.060, 85.855 ) ( 67.210, 86.115 )


MAR: ( Minimum Area ) Regular Wire of Net u_account_balance/balance_db[10][15]  ( Metal2 )
Bounds : ( 68.510, 83.535 ) ( 68.660, 83.795 )


MAR: ( Minimum Area ) Regular Wire of Net u_account_balance/n_743  ( Metal2 )
Bounds : ( 69.380, 80.635 ) ( 69.530, 80.895 )


MAR: ( Minimum Area ) Regular Wire of Net u_account_balance/n_788  ( Metal2 )
Bounds : ( 75.180, 79.185 ) ( 75.330, 79.445 )


MAR: ( Minimum Area ) Regular Wire of Net u_account_balance/balance_db[1][14]  ( Metal2 )
Bounds : ( 77.500, 78.605 ) ( 77.650, 78.865 )


MAR: ( Minimum Area ) Regular Wire of Net u_account_balance/n_540  ( Metal2 )
Bounds : ( 77.790, 78.605 ) ( 77.940, 78.865 )


MAR: ( Minimum Area ) Regular Wire of Net u_account_balance/balance_db[0][14]  ( Metal2 )
Bounds : ( 78.660, 78.315 ) ( 78.810, 78.575 )


MAR: ( Minimum Area ) Regular Wire of Net u_account_balance/n_612  ( Metal2 )
Bounds : ( 78.950, 85.565 ) ( 79.100, 85.825 )


MAR: ( Minimum Area ) Regular Wire of Net clk  ( Metal2 )
Bounds : ( 79.240, 83.245 ) ( 79.390, 83.505 )


MAR: ( Minimum Area ) Regular Wire of Net clk  ( Metal2 )
Bounds : ( 79.240, 88.465 ) ( 79.390, 88.725 )


MAR: ( Minimum Area ) Regular Wire of Net u_account_balance/balance_db[10][15]  ( Metal2 )
Bounds : ( 66.190, 80.345 ) ( 66.340, 80.605 )


MAR: ( Minimum Area ) Regular Wire of Net u_account_balance/n_599  ( Metal2 )
Bounds : ( 65.900, 80.055 ) ( 66.050, 80.315 )


MAR: ( Minimum Area ) Regular Wire of Net u_account_balance/n_533  ( Metal2 )
Bounds : ( 63.580, 85.565 ) ( 63.730, 85.825 )


MAR: ( Minimum Area ) Regular Wire of Net clk  ( Metal2 )
Bounds : ( 62.420, 78.025 ) ( 62.570, 78.285 )


MAR: ( Minimum Area ) Regular Wire of Net u_account_balance/n_798  ( Metal2 )
Bounds : ( 60.390, 80.635 ) ( 60.540, 80.895 )


MAR: ( Minimum Area ) Regular Wire of Net u_account_balance/n_620  ( Metal2 )
Bounds : ( 60.100, 83.825 ) ( 60.250, 84.085 )


MAR: ( Minimum Area ) Regular Wire of Net u_account_balance/n_765  ( Metal2 )
Bounds : ( 58.940, 80.925 ) ( 59.090, 81.185 )


MAR: ( Minimum Area ) Regular Wire of Net u_account_balance/balance_db[14][12]  ( Metal2 )
Bounds : ( 57.780, 78.315 ) ( 57.930, 78.575 )


MAR: ( Minimum Area ) Regular Wire of Net clk  ( Metal2 )
Bounds : ( 54.300, 81.215 ) ( 54.450, 81.475 )


MAR: ( Minimum Area ) Regular Wire of Net u_account_balance/n_790  ( Metal2 )
Bounds : ( 56.330, 78.605 ) ( 56.480, 78.865 )


MAR: ( Minimum Area ) Regular Wire of Net u_account_balance/n_621  ( Metal2 )
Bounds : ( 56.620, 84.405 ) ( 56.770, 84.665 )


MAR: ( Minimum Area ) Regular Wire of Net u_account_balance/n_519  ( Metal2 )
Bounds : ( 66.480, 80.635 ) ( 66.630, 80.895 )


MAR: ( Minimum Area ) Regular Wire of Net u_account_balance/n_610  ( Metal2 )
Bounds : ( 66.480, 85.275 ) ( 66.630, 85.535 )


MAR: ( Minimum Area ) Regular Wire of Net u_account_balance/n_545  ( Metal2 )
Bounds : ( 68.510, 90.785 ) ( 68.660, 91.045 )


MAR: ( Minimum Area ) Regular Wire of Net u_account_balance/n_702  ( Metal2 )
Bounds : ( 74.600, 90.785 ) ( 74.750, 91.045 )


MAR: ( Minimum Area ) Regular Wire of Net u_account_balance/balance_db[7][14]  ( Metal2 )
Bounds : ( 79.820, 84.115 ) ( 79.970, 84.375 )


MAR: ( Minimum Area ) Regular Wire of Net u_account_balance/balance_db[6][14]  ( Metal2 )
Bounds : ( 79.820, 89.335 ) ( 79.970, 89.595 )


CUTSPACING: ( Adjacent Cut Spacing ) Regular Wire of Net u_account_balance/n_785 & Regular Wire of Net u_account_balance/n_149  ( Via2 )
Bounds : ( 100.125, 57.495 ) ( 100.265, 57.635 )


CUTSPACING: ( Adjacent Cut Spacing ) Regular Wire of Net u_account_balance/n_383 & Regular Wire of Net u_account_balance/balance_db[3][9]  ( Via2 )
Bounds : ( 99.835, 57.495 ) ( 99.975, 57.635 )


CUTSPACING: ( Adjacent Cut Spacing ) Regular Wire of Net u_account_balance/n_397 & Regular Wire of Net DFT_sdo_1  ( Via2 )
Bounds : ( 92.295, 75.765 ) ( 92.435, 75.905 )


CUTSPACING: ( Adjacent Cut Spacing ) Regular Wire of Net u_account_balance/n_519 & Regular Wire of Net u_account_balance/balance_db[0][9]  ( Via2 )
Bounds : ( 88.815, 68.225 ) ( 88.955, 68.365 )


SHORT: ( Out Of Die ) Regular Wire of Net display_out[5]  ( Metal3 )
Bounds : ( 106.430, 72.840 ) ( 106.500, 73.005 )


MAR: ( Minimum Area ) Regular Wire of Net u_account_balance/balance_db[4][9]  ( Metal2 )
Bounds : ( 80.110, 62.655 ) ( 80.260, 62.915 )


MAR: ( Minimum Area ) Regular Wire of Net u_account_balance/n_663  ( Metal2 )
Bounds : ( 80.690, 57.435 ) ( 80.840, 57.695 )


MAR: ( Minimum Area ) Regular Wire of Net u_account_balance/n_785  ( Metal2 )
Bounds : ( 80.690, 67.875 ) ( 80.840, 68.135 )


MAR: ( Minimum Area ) Regular Wire of Net u_account_balance/n_791  ( Metal2 )
Bounds : ( 81.850, 62.945 ) ( 82.000, 63.205 )


MAR: ( Minimum Area ) Regular Wire of Net clk  ( Metal2 )
Bounds : ( 81.850, 65.555 ) ( 82.000, 65.815 )


MAR: ( Minimum Area ) Regular Wire of Net clk  ( Metal2 )
Bounds : ( 81.850, 75.995 ) ( 82.000, 76.255 )


MAR: ( Minimum Area ) Regular Wire of Net u_account_balance/balance_db[11][9]  ( Metal2 )
Bounds : ( 82.140, 67.875 ) ( 82.290, 68.135 )


MAR: ( Minimum Area ) Regular Wire of Net u_account_balance/balance_db[8][9]  ( Metal2 )
Bounds : ( 82.430, 54.825 ) ( 82.580, 55.085 )


MAR: ( Minimum Area ) Regular Wire of Net u_account_balance/balance_db[1][14]  ( Metal2 )
Bounds : ( 82.430, 75.125 ) ( 82.580, 75.385 )


MAR: ( Minimum Area ) Regular Wire of Net u_account_balance/n_714  ( Metal2 )
Bounds : ( 83.010, 70.195 ) ( 83.160, 70.455 )


MAR: ( Minimum Area ) Regular Wire of Net u_account_balance/n_726  ( Metal2 )
Bounds : ( 83.300, 69.905 ) ( 83.450, 70.165 )


MAR: ( Minimum Area ) Regular Wire of Net u_account_balance/n_678  ( Metal2 )
Bounds : ( 83.590, 65.265 ) ( 83.740, 65.525 )


MAR: ( Minimum Area ) Regular Wire of Net u_account_balance/balance_db[7][13]  ( Metal2 )
Bounds : ( 69.960, 67.875 ) ( 70.110, 68.135 )


MAR: ( Minimum Area ) Regular Wire of Net u_account_balance/balance_db[2][10]  ( Metal2 )
Bounds : ( 69.380, 70.485 ) ( 69.530, 70.745 )


MAR: ( Minimum Area ) Regular Wire of Net scan_en  ( Metal2 )
Bounds : ( 69.090, 70.195 ) ( 69.240, 70.455 )


MAR: ( Minimum Area ) Regular Wire of Net u_account_balance/n_799  ( Metal2 )
Bounds : ( 68.220, 68.165 ) ( 68.370, 68.425 )


MAR: ( Minimum Area ) Regular Wire of Net u_account_balance/n_803  ( Metal2 )
Bounds : ( 68.220, 64.975 ) ( 68.370, 65.235 )


MAR: ( Minimum Area ) Regular Wire of Net u_account_balance/n_781  ( Metal2 )
Bounds : ( 69.960, 73.675 ) ( 70.110, 73.935 )


MAR: ( Minimum Area ) Regular Wire of Net u_account_balance/n_533  ( Metal2 )
Bounds : ( 72.280, 64.685 ) ( 72.430, 64.945 )


MAR: ( Minimum Area ) Regular Wire of Net u_account_balance/n_630  ( Metal2 )
Bounds : ( 72.570, 64.685 ) ( 72.720, 64.945 )


MAR: ( Minimum Area ) Regular Wire of Net u_account_balance/n_543  ( Metal2 )
Bounds : ( 72.860, 64.975 ) ( 73.010, 65.235 )


MAR: ( Minimum Area ) Regular Wire of Net u_account_balance/balance_db[7][13]  ( Metal2 )
Bounds : ( 73.150, 64.975 ) ( 73.300, 65.235 )


MAR: ( Minimum Area ) Regular Wire of Net u_account_balance/n_758  ( Metal2 )
Bounds : ( 73.150, 75.995 ) ( 73.300, 76.255 )


MAR: ( Minimum Area ) Regular Wire of Net u_account_balance/n_785  ( Metal2 )
Bounds : ( 73.730, 73.095 ) ( 73.880, 73.355 )


MAR: ( Minimum Area ) Regular Wire of Net clk  ( Metal2 )
Bounds : ( 74.600, 67.585 ) ( 74.750, 67.845 )


MAR: ( Minimum Area ) Regular Wire of Net u_account_balance/balance_db[11][9]  ( Metal2 )
Bounds : ( 75.470, 68.455 ) ( 75.620, 68.715 )


MAR: ( Minimum Area ) Regular Wire of Net clk  ( Metal2 )
Bounds : ( 75.470, 70.775 ) ( 75.620, 71.035 )


MAR: ( Minimum Area ) Regular Wire of Net scan_en  ( Metal2 )
Bounds : ( 75.470, 75.415 ) ( 75.620, 75.675 )


MAR: ( Minimum Area ) Regular Wire of Net u_account_balance/n_785  ( Metal2 )
Bounds : ( 75.760, 65.265 ) ( 75.910, 65.525 )


MAR: ( Minimum Area ) Regular Wire of Net u_account_balance/balance_db[1][9]  ( Metal2 )
Bounds : ( 75.760, 75.705 ) ( 75.910, 75.965 )


MAR: ( Minimum Area ) Regular Wire of Net clk  ( Metal2 )
Bounds : ( 76.050, 67.585 ) ( 76.200, 67.845 )


MAR: ( Minimum Area ) Regular Wire of Net u_account_balance/n_279  ( Metal2 )
Bounds : ( 76.920, 73.385 ) ( 77.070, 73.645 )


MAR: ( Minimum Area ) Regular Wire of Net u_account_balance/balance_db[6][9]  ( Metal2 )
Bounds : ( 77.210, 65.265 ) ( 77.360, 65.525 )


MAR: ( Minimum Area ) Regular Wire of Net u_account_balance/n_426  ( Metal2 )
Bounds : ( 77.210, 75.705 ) ( 77.360, 75.965 )


MAR: ( Minimum Area ) Regular Wire of Net u_account_balance/n_426  ( Metal2 )
Bounds : ( 77.790, 73.095 ) ( 77.940, 73.355 )


MAR: ( Minimum Area ) Regular Wire of Net u_account_balance/balance_db[1][9]  ( Metal2 )
Bounds : ( 78.370, 70.485 ) ( 78.520, 70.745 )


MAR: ( Minimum Area ) Regular Wire of Net u_account_balance/n_540  ( Metal2 )
Bounds : ( 78.660, 69.905 ) ( 78.810, 70.165 )


MAR: ( Minimum Area ) Regular Wire of Net u_account_balance/n_747  ( Metal2 )
Bounds : ( 65.610, 73.095 ) ( 65.760, 73.355 )


MAR: ( Minimum Area ) Regular Wire of Net u_account_balance/n_744  ( Metal2 )
Bounds : ( 65.030, 73.385 ) ( 65.180, 73.645 )


MAR: ( Minimum Area ) Regular Wire of Net u_account_balance/n_768  ( Metal2 )
Bounds : ( 64.740, 73.385 ) ( 64.900, 73.645 )


MAR: ( Minimum Area ) Regular Wire of Net u_account_balance/n_739  ( Metal2 )
Bounds : ( 64.450, 73.675 ) ( 64.600, 73.935 )


MAR: ( Minimum Area ) Regular Wire of Net u_account_balance/n_727  ( Metal2 )
Bounds : ( 64.370, 68.165 ) ( 64.600, 68.425 )


MAR: ( Minimum Area ) Regular Wire of Net u_account_balance/n_472  ( Metal2 )
Bounds : ( 62.280, 73.095 ) ( 62.570, 73.280 )


MAR: ( Minimum Area ) Regular Wire of Net u_account_balance/n_742  ( Metal2 )
Bounds : ( 62.130, 67.875 ) ( 62.280, 68.135 )


MAR: ( Minimum Area ) Regular Wire of Net u_account_balance/n_795  ( Metal2 )
Bounds : ( 61.840, 75.415 ) ( 61.990, 75.675 )


MAR: ( Minimum Area ) Regular Wire of Net u_account_balance/n_727  ( Metal2 )
Bounds : ( 61.840, 68.165 ) ( 61.990, 68.425 )


MAR: ( Minimum Area ) Regular Wire of Net u_account_balance/balance_db[8][10]  ( Metal2 )
Bounds : ( 58.650, 65.265 ) ( 58.800, 65.525 )


MAR: ( Minimum Area ) Regular Wire of Net u_account_balance/balance_db[15][12]  ( Metal2 )
Bounds : ( 58.360, 73.385 ) ( 58.510, 73.645 )


MAR: ( Minimum Area ) Regular Wire of Net u_account_balance/n_742  ( Metal2 )
Bounds : ( 58.360, 67.875 ) ( 58.510, 68.135 )


MAR: ( Minimum Area ) Regular Wire of Net u_account_balance/n_496  ( Metal2 )
Bounds : ( 57.780, 73.675 ) ( 57.930, 73.935 )


MAR: ( Minimum Area ) Regular Wire of Net u_account_balance/balance_db[14][12]  ( Metal2 )
Bounds : ( 57.490, 73.675 ) ( 57.640, 73.990 )


MAR: ( Minimum Area ) Regular Wire of Net u_account_balance/n_803  ( Metal2 )
Bounds : ( 57.200, 68.165 ) ( 57.350, 68.425 )


MAR: ( Minimum Area ) Regular Wire of Net clk  ( Metal2 )
Bounds : ( 54.010, 65.555 ) ( 54.160, 65.815 )


MAR: ( Minimum Area ) Regular Wire of Net u_account_balance/n_765  ( Metal2 )
Bounds : ( 54.590, 75.415 ) ( 54.825, 75.675 )


MAR: ( Minimum Area ) Regular Wire of Net u_account_balance/balance_db[15][12]  ( Metal2 )
Bounds : ( 55.170, 75.125 ) ( 55.320, 75.385 )


MAR: ( Minimum Area ) Regular Wire of Net u_account_balance/balance_db[6][10]  ( Metal2 )
Bounds : ( 55.460, 67.875 ) ( 55.610, 68.135 )


MAR: ( Minimum Area ) Regular Wire of Net u_account_balance/n_728  ( Metal2 )
Bounds : ( 55.750, 73.385 ) ( 55.900, 73.645 )


MAR: ( Minimum Area ) Regular Wire of Net clk  ( Metal2 )
Bounds : ( 55.750, 75.995 ) ( 55.900, 76.255 )


MAR: ( Minimum Area ) Regular Wire of Net u_account_balance/n_472  ( Metal2 )
Bounds : ( 56.040, 73.095 ) ( 56.190, 73.355 )


MAR: ( Minimum Area ) Regular Wire of Net u_account_balance/n_765  ( Metal2 )
Bounds : ( 60.390, 75.705 ) ( 60.540, 75.965 )


MAR: ( Minimum Area ) Regular Wire of Net u_account_balance/n_751  ( Metal2 )
Bounds : ( 61.260, 73.675 ) ( 61.410, 73.935 )


MAR: ( Minimum Area ) Regular Wire of Net u_account_balance/n_724  ( Metal2 )
Bounds : ( 66.480, 70.195 ) ( 66.630, 70.455 )


MAR: ( Minimum Area ) Regular Wire of Net u_account_balance/balance_db[9][11]  ( Metal2 )
Bounds : ( 69.090, 52.795 ) ( 69.240, 53.055 )


MAR: ( Minimum Area ) Regular Wire of Net u_account_balance/balance_db[14][13]  ( Metal2 )
Bounds : ( 68.800, 59.465 ) ( 68.950, 59.725 )


MAR: ( Minimum Area ) Regular Wire of Net u_account_balance/n_799  ( Metal2 )
Bounds : ( 68.220, 54.535 ) ( 68.370, 54.795 )


MAR: ( Minimum Area ) Regular Wire of Net u_account_balance/n_542  ( Metal2 )
Bounds : ( 67.930, 52.505 ) ( 68.080, 52.765 )


MAR: ( Minimum Area ) Regular Wire of Net u_account_balance/n_592  ( Metal2 )
Bounds : ( 67.640, 52.795 ) ( 67.790, 53.055 )


MAR: ( Minimum Area ) Regular Wire of Net u_account_balance/n_533  ( Metal2 )
Bounds : ( 67.350, 52.795 ) ( 67.500, 53.055 )


MAR: ( Minimum Area ) Regular Wire of Net u_account_balance/balance_db[6][11]  ( Metal2 )
Bounds : ( 67.060, 52.215 ) ( 67.210, 52.475 )


MAR: ( Minimum Area ) Regular Wire of Net u_account_balance/balance_db[15][9]  ( Metal2 )
Bounds : ( 66.770, 60.045 ) ( 66.920, 60.305 )


MAR: ( Minimum Area ) Regular Wire of Net u_account_balance/n_795  ( Metal2 )
Bounds : ( 66.770, 59.755 ) ( 66.920, 60.015 )


MAR: ( Minimum Area ) Regular Wire of Net u_account_balance/n_632  ( Metal2 )
Bounds : ( 69.090, 59.175 ) ( 69.240, 59.435 )


MAR: ( Minimum Area ) Regular Wire of Net u_account_balance/balance_db[15][13]  ( Metal2 )
Bounds : ( 69.380, 59.465 ) ( 69.530, 59.725 )


MAR: ( Minimum Area ) Regular Wire of Net u_account_balance/n_544  ( Metal2 )
Bounds : ( 69.670, 59.755 ) ( 69.820, 60.015 )


MAR: ( Minimum Area ) Regular Wire of Net u_account_balance/n_791  ( Metal2 )
Bounds : ( 69.960, 54.535 ) ( 70.110, 54.795 )


MAR: ( Minimum Area ) Regular Wire of Net u_account_balance/balance_db[0][13]  ( Metal2 )
Bounds : ( 70.250, 54.825 ) ( 70.400, 55.085 )


MAR: ( Minimum Area ) Regular Wire of Net u_account_balance/balance_db[1][13]  ( Metal2 )
Bounds : ( 71.120, 59.465 ) ( 71.270, 59.725 )


MAR: ( Minimum Area ) Regular Wire of Net u_account_balance/n_790  ( Metal2 )
Bounds : ( 72.280, 62.945 ) ( 72.430, 63.205 )


MAR: ( Minimum Area ) Regular Wire of Net u_account_balance/n_630  ( Metal2 )
Bounds : ( 74.020, 63.235 ) ( 74.170, 63.495 )


MAR: ( Minimum Area ) Regular Wire of Net u_account_balance/n_666  ( Metal2 )
Bounds : ( 74.310, 62.945 ) ( 74.460, 63.205 )


MAR: ( Minimum Area ) Regular Wire of Net u_account_balance/n_779  ( Metal2 )
Bounds : ( 75.760, 52.215 ) ( 75.910, 52.475 )


MAR: ( Minimum Area ) Regular Wire of Net u_account_balance/balance_db[1][13]  ( Metal2 )
Bounds : ( 76.050, 62.945 ) ( 76.200, 63.205 )


MAR: ( Minimum Area ) Regular Wire of Net clk  ( Metal2 )
Bounds : ( 76.340, 55.115 ) ( 76.490, 55.375 )


MAR: ( Minimum Area ) Regular Wire of Net u_account_balance/n_428  ( Metal2 )
Bounds : ( 76.340, 60.045 ) ( 76.490, 60.305 )


MAR: ( Minimum Area ) Regular Wire of Net u_account_balance/balance_db[1][13]  ( Metal2 )
Bounds : ( 76.630, 57.725 ) ( 76.780, 57.985 )


MAR: ( Minimum Area ) Regular Wire of Net clk  ( Metal2 )
Bounds : ( 77.790, 55.115 ) ( 77.940, 55.375 )


MAR: ( Minimum Area ) Regular Wire of Net u_account_balance/balance_db[1][14]  ( Metal2 )
Bounds : ( 77.790, 60.045 ) ( 77.940, 60.305 )


MAR: ( Minimum Area ) Regular Wire of Net u_account_balance/balance_db[4][9]  ( Metal2 )
Bounds : ( 78.950, 59.465 ) ( 79.100, 59.725 )


MAR: ( Minimum Area ) Regular Wire of Net u_account_balance/balance_db[6][9]  ( Metal2 )
Bounds : ( 78.950, 62.945 ) ( 79.100, 63.205 )


MAR: ( Minimum Area ) Regular Wire of Net u_account_balance/n_533  ( Metal2 )
Bounds : ( 79.240, 62.945 ) ( 79.390, 63.205 )


MAR: ( Minimum Area ) Regular Wire of Net u_account_balance/n_480  ( Metal2 )
Bounds : ( 65.320, 52.215 ) ( 65.470, 52.475 )


MAR: ( Minimum Area ) Regular Wire of Net u_account_balance/n_495  ( Metal2 )
Bounds : ( 65.030, 52.505 ) ( 65.180, 52.765 )


MAR: ( Minimum Area ) Regular Wire of Net u_account_balance/n_790  ( Metal2 )
Bounds : ( 64.450, 62.945 ) ( 64.600, 63.205 )


MAR: ( Minimum Area ) Regular Wire of Net u_account_balance/n_785  ( Metal2 )
Bounds : ( 64.450, 62.655 ) ( 64.600, 62.915 )


MAR: ( Minimum Area ) Regular Wire of Net clk  ( Metal2 )
Bounds : ( 61.840, 55.115 ) ( 61.990, 55.375 )


MAR: ( Minimum Area ) Regular Wire of Net u_account_balance/balance_db[14][9]  ( Metal2 )
Bounds : ( 58.360, 59.755 ) ( 58.510, 60.015 )


MAR: ( Minimum Area ) Regular Wire of Net u_account_balance/n_545  ( Metal2 )
Bounds : ( 58.070, 59.755 ) ( 58.220, 60.015 )


MAR: ( Minimum Area ) Regular Wire of Net u_account_balance/n_663  ( Metal2 )
Bounds : ( 57.780, 59.465 ) ( 57.930, 59.725 )


MAR: ( Minimum Area ) Regular Wire of Net u_account_balance/n_521  ( Metal2 )
Bounds : ( 57.490, 57.725 ) ( 57.640, 57.985 )


MAR: ( Minimum Area ) Regular Wire of Net u_account_balance/n_496  ( Metal2 )
Bounds : ( 57.200, 60.045 ) ( 57.350, 60.305 )


MAR: ( Minimum Area ) Regular Wire of Net u_account_balance/n_613  ( Metal2 )
Bounds : ( 57.200, 58.015 ) ( 57.350, 58.275 )


MAR: ( Minimum Area ) Regular Wire of Net u_account_balance/balance_db[14][5]  ( Metal2 )
Bounds : ( 57.200, 52.795 ) ( 57.350, 53.055 )


MAR: ( Minimum Area ) Regular Wire of Net u_account_balance/balance_db[6][10]  ( Metal2 )
Bounds : ( 54.300, 59.755 ) ( 54.450, 60.015 )


MAR: ( Minimum Area ) Regular Wire of Net u_account_balance/balance_db[6][5]  ( Metal2 )
Bounds : ( 54.880, 54.825 ) ( 55.030, 55.085 )


MAR: ( Minimum Area ) Regular Wire of Net u_account_balance/n_803  ( Metal2 )
Bounds : ( 56.620, 54.535 ) ( 56.770, 54.795 )


MAR: ( Minimum Area ) Regular Wire of Net u_account_balance/n_537  ( Metal2 )
Bounds : ( 56.910, 58.015 ) ( 57.060, 58.275 )


MAR: ( Minimum Area ) Regular Wire of Net u_account_balance/n_799  ( Metal2 )
Bounds : ( 56.910, 62.945 ) ( 57.060, 63.205 )


MAR: ( Minimum Area ) Regular Wire of Net u_account_balance/n_551  ( Metal2 )
Bounds : ( 59.520, 58.015 ) ( 59.670, 58.275 )


MAR: ( Minimum Area ) Regular Wire of Net u_account_balance/balance_db[15][9]  ( Metal2 )
Bounds : ( 59.810, 57.145 ) ( 59.960, 57.405 )


MAR: ( Minimum Area ) Regular Wire of Net u_account_balance/n_482  ( Metal2 )
Bounds : ( 60.680, 57.435 ) ( 60.830, 57.695 )


MAR: ( Minimum Area ) Regular Wire of Net u_account_balance/balance_db[7][9]  ( Metal2 )
Bounds : ( 66.480, 54.825 ) ( 66.630, 55.085 )


MAR: ( Minimum Area ) Regular Wire of Net u_account_balance/n_537  ( Metal2 )
Bounds : ( 79.820, 63.235 ) ( 79.970, 63.495 )


MAR: ( Minimum Area ) Regular Wire of Net u_account_balance/n_785  ( Metal2 )
Bounds : ( 79.820, 73.095 ) ( 79.970, 73.355 )


MAR: ( Minimum Area ) Regular Wire of Net u_account_balance/n_802  ( Metal2 )
Bounds : ( 79.820, 73.385 ) ( 79.970, 73.645 )


MAR: ( Minimum Area ) Regular Wire of Net u_account_balance/n_794  ( Metal2 )
Bounds : ( 40.090, 91.075 ) ( 40.240, 91.335 )


MAR: ( Minimum Area ) Regular Wire of Net u_account_balance/n_765  ( Metal2 )
Bounds : ( 39.800, 91.365 ) ( 39.950, 91.625 )


MAR: ( Minimum Area ) Regular Wire of Net u_account_balance/balance_db[8][12]  ( Metal2 )
Bounds : ( 39.510, 93.975 ) ( 39.660, 94.235 )


MAR: ( Minimum Area ) Regular Wire of Net u_account_balance/n_765  ( Metal2 )
Bounds : ( 38.060, 96.585 ) ( 38.210, 96.845 )


MAR: ( Minimum Area ) Regular Wire of Net u_account_balance/n_789  ( Metal2 )
Bounds : ( 37.770, 94.265 ) ( 37.920, 94.525 )


MAR: ( Minimum Area ) Regular Wire of Net u_account_balance/balance_db[5][12]  ( Metal2 )
Bounds : ( 36.610, 96.585 ) ( 36.760, 96.845 )


MAR: ( Minimum Area ) Regular Wire of Net u_account_balance/balance_db[8][12]  ( Metal2 )
Bounds : ( 36.320, 93.975 ) ( 36.470, 94.235 )


MAR: ( Minimum Area ) Regular Wire of Net clk  ( Metal2 )
Bounds : ( 31.970, 96.875 ) ( 32.120, 97.135 )


MAR: ( Minimum Area ) Regular Wire of Net u_account_balance/n_815  ( Metal2 )
Bounds : ( 31.680, 91.365 ) ( 31.830, 91.625 )


MAR: ( Minimum Area ) Regular Wire of Net u_account_balance/balance_db[9][8]  ( Metal2 )
Bounds : ( 31.390, 91.075 ) ( 31.540, 91.335 )


MAR: ( Minimum Area ) Regular Wire of Net u_account_balance/balance_db[9][8]  ( Metal2 )
Bounds : ( 30.810, 94.555 ) ( 30.960, 94.815 )


MAR: ( Minimum Area ) Regular Wire of Net clk  ( Metal2 )
Bounds : ( 30.230, 93.685 ) ( 30.380, 93.945 )


MAR: ( Minimum Area ) Regular Wire of Net u_account_balance/balance_db[8][8]  ( Metal2 )
Bounds : ( 29.940, 91.075 ) ( 30.090, 91.335 )


MAR: ( Minimum Area ) Regular Wire of Net u_account_balance/n_619  ( Metal2 )
Bounds : ( 40.090, 94.555 ) ( 40.240, 94.815 )


MAR: ( Minimum Area ) Regular Wire of Net u_account_balance/n_765  ( Metal2 )
Bounds : ( 40.090, 96.585 ) ( 40.240, 96.845 )


MAR: ( Minimum Area ) Regular Wire of Net u_account_balance/balance_db[9][12]  ( Metal2 )
Bounds : ( 40.670, 94.265 ) ( 40.820, 94.525 )


MAR: ( Minimum Area ) Regular Wire of Net u_account_balance/balance_db[13][10]  ( Metal2 )
Bounds : ( 44.150, 93.975 ) ( 44.300, 94.235 )


MAR: ( Minimum Area ) Regular Wire of Net u_account_balance/n_1938_BAR  ( Metal2 )
Bounds : ( 47.920, 91.365 ) ( 48.070, 91.625 )


MAR: ( Minimum Area ) Regular Wire of Net u_account_balance/n_796  ( Metal2 )
Bounds : ( 48.210, 91.075 ) ( 48.360, 91.335 )


MAR: ( Minimum Area ) Regular Wire of Net clk  ( Metal2 )
Bounds : ( 50.240, 93.685 ) ( 50.390, 93.945 )


MAR: ( Minimum Area ) Regular Wire of Net u_account_balance/balance_db[13][10]  ( Metal2 )
Bounds : ( 50.820, 94.555 ) ( 50.970, 94.815 )


MAR: ( Minimum Area ) Regular Wire of Net u_account_balance/balance_db[9][10]  ( Metal2 )
Bounds : ( 51.400, 91.365 ) ( 51.550, 91.625 )


MAR: ( Minimum Area ) Regular Wire of Net scan_en  ( Metal2 )
Bounds : ( 48.210, 78.605 ) ( 48.360, 78.865 )


MAR: ( Minimum Area ) Regular Wire of Net u_account_balance/n_1938_BAR  ( Metal2 )
Bounds : ( 47.050, 80.925 ) ( 47.200, 81.185 )


MAR: ( Minimum Area ) Regular Wire of Net u_account_balance/balance_db[0][10]  ( Metal2 )
Bounds : ( 47.050, 78.315 ) ( 47.200, 78.575 )


MAR: ( Minimum Area ) Regular Wire of Net u_account_balance/n_539  ( Metal2 )
Bounds : ( 46.760, 78.895 ) ( 46.910, 79.155 )


MAR: ( Minimum Area ) Regular Wire of Net u_account_balance/n_792  ( Metal2 )
Bounds : ( 45.890, 83.825 ) ( 46.040, 84.085 )


MAR: ( Minimum Area ) Regular Wire of Net u_account_balance/n_765  ( Metal2 )
Bounds : ( 45.890, 83.535 ) ( 46.040, 83.795 )


MAR: ( Minimum Area ) Regular Wire of Net u_account_balance/balance_db[4][10]  ( Metal2 )
Bounds : ( 45.600, 88.755 ) ( 45.750, 89.015 )


MAR: ( Minimum Area ) Regular Wire of Net u_account_balance/balance_db[5][10]  ( Metal2 )
Bounds : ( 45.600, 85.855 ) ( 45.750, 86.115 )


MAR: ( Minimum Area ) Regular Wire of Net u_account_balance/n_537  ( Metal2 )
Bounds : ( 44.730, 85.565 ) ( 44.880, 85.825 )


MAR: ( Minimum Area ) Regular Wire of Net u_account_balance/balance_db[4][10]  ( Metal2 )
Bounds : ( 44.440, 86.145 ) ( 44.590, 86.405 )


MAR: ( Minimum Area ) Regular Wire of Net u_account_balance/n_393  ( Metal2 )
Bounds : ( 44.150, 78.315 ) ( 44.300, 78.575 )


MAR: ( Minimum Area ) Regular Wire of Net clk  ( Metal2 )
Bounds : ( 42.410, 81.215 ) ( 42.560, 81.475 )


MAR: ( Minimum Area ) Regular Wire of Net clk  ( Metal2 )
Bounds : ( 41.540, 78.025 ) ( 41.690, 78.285 )


MAR: ( Minimum Area ) Regular Wire of Net clk  ( Metal2 )
Bounds : ( 40.960, 88.465 ) ( 41.110, 88.725 )


MAR: ( Minimum Area ) Regular Wire of Net u_account_balance/n_586  ( Metal2 )
Bounds : ( 48.210, 86.145 ) ( 48.360, 86.405 )


MAR: ( Minimum Area ) Regular Wire of Net u_account_balance/balance_db[14][10]  ( Metal2 )
Bounds : ( 48.210, 89.335 ) ( 48.360, 89.595 )


MAR: ( Minimum Area ) Regular Wire of Net u_account_balance/n_449  ( Metal2 )
Bounds : ( 49.950, 78.315 ) ( 50.100, 78.575 )


MAR: ( Minimum Area ) Regular Wire of Net u_account_balance/n_765  ( Metal2 )
Bounds : ( 49.950, 83.535 ) ( 50.100, 83.795 )


MAR: ( Minimum Area ) Regular Wire of Net u_account_balance/n_689  ( Metal2 )
Bounds : ( 51.400, 86.435 ) ( 51.550, 86.695 )


MAR: ( Minimum Area ) Regular Wire of Net u_account_balance/n_671  ( Metal2 )
Bounds : ( 51.690, 86.145 ) ( 51.840, 86.405 )


MAR: ( Minimum Area ) Regular Wire of Net u_account_balance/n_623  ( Metal2 )
Bounds : ( 51.980, 80.055 ) ( 52.130, 80.315 )


MAR: ( Minimum Area ) Regular Wire of Net u_account_balance/n_672  ( Metal2 )
Bounds : ( 51.980, 85.855 ) ( 52.130, 86.115 )


MAR: ( Minimum Area ) Regular Wire of Net u_account_balance/n_659  ( Metal2 )
Bounds : ( 27.330, 80.055 ) ( 27.480, 80.315 )


MAR: ( Minimum Area ) Regular Wire of Net u_account_balance/n_540  ( Metal2 )
Bounds : ( 27.620, 80.635 ) ( 27.770, 80.895 )


MAR: ( Minimum Area ) Regular Wire of Net u_account_balance/balance_db[10][8]  ( Metal2 )
Bounds : ( 28.780, 80.635 ) ( 28.930, 80.895 )


MAR: ( Minimum Area ) Regular Wire of Net u_account_balance/balance_db[0][8]  ( Metal2 )
Bounds : ( 29.650, 83.535 ) ( 29.800, 83.795 )


MAR: ( Minimum Area ) Regular Wire of Net u_account_balance/n_1948_BAR  ( Metal2 )
Bounds : ( 29.650, 86.145 ) ( 29.800, 86.405 )


MAR: ( Minimum Area ) Regular Wire of Net u_account_balance/balance_db[5][8]  ( Metal2 )
Bounds : ( 31.100, 86.145 ) ( 31.250, 86.405 )


MAR: ( Minimum Area ) Regular Wire of Net u_account_balance/n_256  ( Metal2 )
Bounds : ( 31.680, 78.025 ) ( 31.830, 78.285 )


MAR: ( Minimum Area ) Regular Wire of Net clk  ( Metal2 )
Bounds : ( 31.970, 83.245 ) ( 32.120, 83.505 )


MAR: ( Minimum Area ) Regular Wire of Net u_account_balance/n_539  ( Metal2 )
Bounds : ( 34.870, 80.345 ) ( 35.020, 80.605 )


MAR: ( Minimum Area ) Regular Wire of Net scan_en  ( Metal2 )
Bounds : ( 35.160, 78.605 ) ( 35.310, 78.865 )


MAR: ( Minimum Area ) Regular Wire of Net clk  ( Metal2 )
Bounds : ( 35.740, 86.435 ) ( 35.890, 86.695 )


MAR: ( Minimum Area ) Regular Wire of Net u_account_balance/n_765  ( Metal2 )
Bounds : ( 36.610, 83.535 ) ( 36.760, 83.795 )


MAR: ( Minimum Area ) Regular Wire of Net u_account_balance/n_456  ( Metal2 )
Bounds : ( 36.900, 78.315 ) ( 37.050, 78.575 )


MAR: ( Minimum Area ) Regular Wire of Net u_account_balance/n_538  ( Metal2 )
Bounds : ( 38.060, 80.345 ) ( 38.210, 80.605 )


MAR: ( Minimum Area ) Regular Wire of Net u_account_balance/n_519  ( Metal2 )
Bounds : ( 38.640, 80.635 ) ( 38.790, 80.895 )


MAR: ( Minimum Area ) Regular Wire of Net u_account_balance/n_537  ( Metal2 )
Bounds : ( 38.930, 85.565 ) ( 39.080, 85.825 )


MAR: ( Minimum Area ) Regular Wire of Net u_account_balance/n_541  ( Metal2 )
Bounds : ( 27.330, 90.785 ) ( 27.480, 91.045 )


MAR: ( Minimum Area ) Regular Wire of Net u_account_balance/balance_db[5][10]  ( Metal2 )
Bounds : ( 41.250, 90.785 ) ( 41.400, 91.045 )


MAR: ( Minimum Area ) Regular Wire of Net u_account_balance/balance_db[6][8]  ( Metal2 )
Bounds : ( 9.640, 93.975 ) ( 9.790, 94.235 )


MAR: ( Minimum Area ) Regular Wire of Net u_account_balance/balance_db[6][7]  ( Metal2 )
Bounds : ( 7.320, 96.005 ) ( 7.470, 96.265 )


MAR: ( Minimum Area ) Regular Wire of Net clk  ( Metal2 )
Bounds : ( 5.000, 93.685 ) ( 5.150, 93.945 )


SHORT: ( Out Of Die ) Regular Wire of Net vehicle_id_in[3]  ( Metal3 )
Bounds : ( 0.000, 102.080 ) ( 0.580, 102.150 )


SHORT: ( Out Of Die ) Regular Wire of Net vehicle_id_in[3]  ( Metal3 )
Bounds : ( -0.070, 101.865 ) ( 0.070, 102.150 )


SHORT: ( Out Of Die ) Regular Wire of Net vehicle_id_in[4]  ( Metal2 )
Bounds : ( -0.070, 101.500 ) ( 0.000, 102.080 )


MAR: ( Minimum Area ) Regular Wire of Net clk  ( Metal2 )
Bounds : ( 11.380, 91.655 ) ( 11.530, 91.915 )


MAR: ( Minimum Area ) Regular Wire of Net u_account_balance/n_780  ( Metal2 )
Bounds : ( 13.990, 96.585 ) ( 14.140, 96.845 )


MAR: ( Minimum Area ) Regular Wire of Net u_account_balance/balance_db[5][7]  ( Metal2 )
Bounds : ( 15.150, 96.005 ) ( 15.300, 96.265 )


MAR: ( Minimum Area ) Regular Wire of Net clk  ( Metal2 )
Bounds : ( 15.730, 96.875 ) ( 15.880, 97.135 )


MAR: ( Minimum Area ) Regular Wire of Net u_account_balance/n_1948_BAR  ( Metal2 )
Bounds : ( 16.020, 91.365 ) ( 16.170, 91.625 )


MAR: ( Minimum Area ) Regular Wire of Net u_account_balance/n_789  ( Metal2 )
Bounds : ( 19.210, 91.075 ) ( 19.360, 91.335 )


MAR: ( Minimum Area ) Regular Wire of Net u_account_balance/balance_db[8][8]  ( Metal2 )
Bounds : ( 22.980, 94.555 ) ( 23.130, 94.815 )


MAR: ( Minimum Area ) Regular Wire of Net u_account_balance/n_1948_BAR  ( Metal2 )
Bounds : ( 24.140, 93.975 ) ( 24.290, 94.235 )


MAR: ( Minimum Area ) Regular Wire of Net u_account_balance/n_780  ( Metal2 )
Bounds : ( 20.370, 80.925 ) ( 20.520, 81.185 )


MAR: ( Minimum Area ) Regular Wire of Net u_account_balance/n_808  ( Metal2 )
Bounds : ( 19.790, 78.605 ) ( 19.940, 78.865 )


MAR: ( Minimum Area ) Regular Wire of Net u_account_balance/balance_db[12][8]  ( Metal2 )
Bounds : ( 19.500, 88.755 ) ( 19.650, 89.015 )


MAR: ( Minimum Area ) Regular Wire of Net u_account_balance/balance_db[10][7]  ( Metal2 )
Bounds : ( 18.630, 78.025 ) ( 18.780, 78.285 )


MAR: ( Minimum Area ) Regular Wire of Net u_account_balance/n_679  ( Metal2 )
Bounds : ( 16.310, 78.025 ) ( 16.460, 78.285 )


MAR: ( Minimum Area ) Regular Wire of Net u_account_balance/n_662  ( Metal2 )
Bounds : ( 16.020, 88.755 ) ( 16.170, 89.015 )


MAR: ( Minimum Area ) Regular Wire of Net clk  ( Metal2 )
Bounds : ( 15.730, 83.245 ) ( 15.880, 83.505 )


MAR: ( Minimum Area ) Regular Wire of Net u_account_balance/n_812  ( Metal2 )
Bounds : ( 15.730, 78.605 ) ( 15.880, 78.865 )


MAR: ( Minimum Area ) Regular Wire of Net u_account_balance/n_698  ( Metal2 )
Bounds : ( 14.860, 88.755 ) ( 15.010, 89.015 )


MAR: ( Minimum Area ) Regular Wire of Net u_account_balance/n_533  ( Metal2 )
Bounds : ( 14.280, 89.045 ) ( 14.430, 89.305 )


MAR: ( Minimum Area ) Regular Wire of Net clk  ( Metal2 )
Bounds : ( 14.280, 81.215 ) ( 14.430, 81.475 )


MAR: ( Minimum Area ) Regular Wire of Net u_account_balance/n_537  ( Metal2 )
Bounds : ( 13.700, 89.045 ) ( 13.850, 89.305 )


MAR: ( Minimum Area ) Regular Wire of Net u_account_balance/balance_db[6][7]  ( Metal2 )
Bounds : ( 13.700, 83.245 ) ( 13.850, 83.505 )


MAR: ( Minimum Area ) Regular Wire of Net u_account_balance/balance_db[10][7]  ( Metal2 )
Bounds : ( 13.700, 80.345 ) ( 13.850, 80.605 )


MAR: ( Minimum Area ) Regular Wire of Net u_account_balance/n_617  ( Metal2 )
Bounds : ( 13.410, 78.315 ) ( 13.560, 78.575 )


MAR: ( Minimum Area ) Regular Wire of Net u_account_balance/balance_db[12][8]  ( Metal2 )
Bounds : ( 15.150, 84.115 ) ( 15.300, 84.375 )


MAR: ( Minimum Area ) Regular Wire of Net u_account_balance/n_534  ( Metal2 )
Bounds : ( 21.820, 78.605 ) ( 21.970, 78.865 )


MAR: ( Minimum Area ) Regular Wire of Net u_account_balance/n_1948_BAR  ( Metal2 )
Bounds : ( 21.820, 83.535 ) ( 21.970, 83.795 )


MAR: ( Minimum Area ) Regular Wire of Net u_account_balance/n_1948_BAR  ( Metal2 )
Bounds : ( 21.820, 86.145 ) ( 21.970, 86.405 )


MAR: ( Minimum Area ) Regular Wire of Net u_account_balance/n_594  ( Metal2 )
Bounds : ( 22.110, 78.895 ) ( 22.260, 79.155 )


MAR: ( Minimum Area ) Regular Wire of Net u_account_balance/balance_db[2][8]  ( Metal2 )
Bounds : ( 22.690, 78.315 ) ( 22.840, 78.575 )


MAR: ( Minimum Area ) Regular Wire of Net u_account_balance/balance_db[0][8]  ( Metal2 )
Bounds : ( 22.980, 84.115 ) ( 23.130, 84.375 )


MAR: ( Minimum Area ) Regular Wire of Net clk  ( Metal2 )
Bounds : ( 23.560, 83.245 ) ( 23.710, 83.505 )


MAR: ( Minimum Area ) Regular Wire of Net u_account_balance/balance_db[7][8]  ( Metal2 )
Bounds : ( 12.830, 78.605 ) ( 12.980, 78.865 )


MAR: ( Minimum Area ) Regular Wire of Net u_account_balance/n_543  ( Metal2 )
Bounds : ( 12.540, 83.825 ) ( 12.690, 84.085 )


MAR: ( Minimum Area ) Regular Wire of Net u_account_balance/balance_db[15][8]  ( Metal2 )
Bounds : ( 11.090, 80.925 ) ( 11.240, 81.185 )


MAR: ( Minimum Area ) Regular Wire of Net u_account_balance/n_795  ( Metal2 )
Bounds : ( 11.090, 80.635 ) ( 11.240, 80.895 )


MAR: ( Minimum Area ) Regular Wire of Net u_account_balance/n_790  ( Metal2 )
Bounds : ( 11.090, 78.605 ) ( 11.240, 78.865 )


MAR: ( Minimum Area ) Regular Wire of Net u_account_balance/n_780  ( Metal2 )
Bounds : ( 10.800, 86.145 ) ( 10.950, 86.405 )


MAR: ( Minimum Area ) Regular Wire of Net u_account_balance/n_1948_BAR  ( Metal2 )
Bounds : ( 10.800, 78.315 ) ( 10.950, 78.575 )


MAR: ( Minimum Area ) Regular Wire of Net clk  ( Metal2 )
Bounds : ( 5.000, 81.215 ) ( 5.150, 81.475 )


MAR: ( Minimum Area ) Regular Wire of Net clk  ( Metal2 )
Bounds : ( 4.710, 83.245 ) ( 4.860, 83.505 )


MAR: ( Minimum Area ) Regular Wire of Net clk  ( Metal2 )
Bounds : ( 4.710, 78.025 ) ( 4.860, 78.285 )


MAR: ( Minimum Area ) Regular Wire of Net u_account_balance/balance_db[15][8]  ( Metal2 )
Bounds : ( 4.420, 80.345 ) ( 4.570, 80.605 )


MAR: ( Minimum Area ) Regular Wire of Net u_account_balance/balance_db[7][7]  ( Metal2 )
Bounds : ( 4.130, 85.565 ) ( 4.280, 85.825 )


SHORT: ( Out Of Die ) Regular Wire of Net vehicle_id_in[2]  ( Metal3 )
Bounds : ( -0.070, 81.565 ) ( 0.000, 81.735 )


MAR: ( Minimum Area ) Regular Wire of Net u_account_balance/balance_db[4][8]  ( Metal2 )
Bounds : ( 13.120, 89.045 ) ( 13.270, 89.305 )


MAR: ( Minimum Area ) Regular Wire of Net u_account_balance/balance_db[13][8]  ( Metal2 )
Bounds : ( 10.800, 90.785 ) ( 10.950, 91.045 )


MAR: ( Minimum Area ) Regular Wire of Net u_account_balance/balance_db[0][8]  ( Metal2 )
Bounds : ( 26.460, 80.635 ) ( 26.610, 80.895 )


MAR: ( Minimum Area ) Regular Wire of Net u_account_balance/balance_db[12][10]  ( Metal2 )
Bounds : ( 44.730, 73.675 ) ( 44.880, 73.935 )


MAR: ( Minimum Area ) Regular Wire of Net u_account_balance/n_451  ( Metal2 )
Bounds : ( 43.860, 69.905 ) ( 44.010, 70.165 )


MAR: ( Minimum Area ) Regular Wire of Net u_account_balance/balance_db[2][10]  ( Metal2 )
Bounds : ( 43.860, 67.875 ) ( 44.010, 68.135 )


MAR: ( Minimum Area ) Regular Wire of Net u_account_balance/n_256  ( Metal2 )
Bounds : ( 42.990, 70.775 ) ( 43.140, 71.035 )


MAR: ( Minimum Area ) Regular Wire of Net u_account_balance/n_728  ( Metal2 )
Bounds : ( 41.540, 73.385 ) ( 41.690, 73.645 )


MAR: ( Minimum Area ) Regular Wire of Net u_account_balance/n_763  ( Metal2 )
Bounds : ( 41.540, 67.875 ) ( 41.690, 68.135 )


MAR: ( Minimum Area ) Regular Wire of Net u_account_balance/n_242  ( Metal2 )
Bounds : ( 40.670, 75.995 ) ( 40.820, 76.255 )


MAR: ( Minimum Area ) Regular Wire of Net u_account_balance/n_416  ( Metal2 )
Bounds : ( 40.670, 67.875 ) ( 40.820, 68.135 )


MAR: ( Minimum Area ) Regular Wire of Net u_account_balance/n_457  ( Metal2 )
Bounds : ( 40.380, 68.455 ) ( 40.530, 68.715 )


MAR: ( Minimum Area ) Regular Wire of Net u_account_balance/n_415  ( Metal2 )
Bounds : ( 40.090, 75.705 ) ( 40.240, 75.965 )


MAR: ( Minimum Area ) Regular Wire of Net u_account_balance/n_1948_BAR  ( Metal2 )
Bounds : ( 40.090, 73.675 ) ( 40.240, 73.935 )


MAR: ( Minimum Area ) Regular Wire of Net u_account_balance/n_443  ( Metal2 )
Bounds : ( 40.090, 69.905 ) ( 40.240, 70.165 )


CUTSPACING: ( Adjacent Cut Spacing ) Regular Wire of Net clk & Regular Wire of Net u_account_balance/n_1938_BAR  ( Via2 )
Bounds : ( 50.825, 65.615 ) ( 50.965, 65.755 )


MAR: ( Minimum Area ) Regular Wire of Net u_account_balance/n_763  ( Metal2 )
Bounds : ( 45.230, 70.195 ) ( 45.460, 70.455 )


MAR: ( Minimum Area ) Regular Wire of Net clk  ( Metal2 )
Bounds : ( 45.310, 72.805 ) ( 45.460, 73.065 )


MAR: ( Minimum Area ) Regular Wire of Net u_account_balance/n_451  ( Metal2 )
Bounds : ( 46.760, 75.705 ) ( 46.910, 75.965 )


MAR: ( Minimum Area ) Regular Wire of Net u_account_balance/balance_db[2][10]  ( Metal2 )
Bounds : ( 47.050, 68.165 ) ( 47.200, 68.425 )


MAR: ( Minimum Area ) Regular Wire of Net u_account_balance/n_538  ( Metal2 )
Bounds : ( 47.630, 68.165 ) ( 47.780, 68.425 )


MAR: ( Minimum Area ) Regular Wire of Net u_account_balance/balance_db[12][10]  ( Metal2 )
Bounds : ( 48.680, 67.875 ) ( 48.940, 68.065 )


MAR: ( Minimum Area ) Regular Wire of Net u_account_balance/balance_db[11][10]  ( Metal2 )
Bounds : ( 49.370, 68.165 ) ( 49.520, 68.425 )


MAR: ( Minimum Area ) Regular Wire of Net u_account_balance/n_768  ( Metal2 )
Bounds : ( 49.660, 75.705 ) ( 49.810, 75.965 )


MAR: ( Minimum Area ) Regular Wire of Net u_account_balance/balance_db[12][10]  ( Metal2 )
Bounds : ( 49.950, 73.095 ) ( 50.100, 73.355 )


MAR: ( Minimum Area ) Regular Wire of Net u_account_balance/n_1938_BAR  ( Metal2 )
Bounds : ( 50.820, 65.265 ) ( 50.970, 65.525 )


MAR: ( Minimum Area ) Regular Wire of Net u_account_balance/n_449  ( Metal2 )
Bounds : ( 50.820, 75.125 ) ( 50.970, 75.385 )


MAR: ( Minimum Area ) Regular Wire of Net u_account_balance/n_1938_BAR  ( Metal2 )
Bounds : ( 51.400, 73.095 ) ( 51.550, 73.355 )


MAR: ( Minimum Area ) Regular Wire of Net u_account_balance/n_418  ( Metal2 )
Bounds : ( 51.690, 75.125 ) ( 51.840, 75.385 )


MAR: ( Minimum Area ) Regular Wire of Net u_account_balance/balance_db[2][7]  ( Metal2 )
Bounds : ( 38.640, 70.195 ) ( 38.790, 70.455 )


MAR: ( Minimum Area ) Regular Wire of Net u_account_balance/balance_db[2][7]  ( Metal2 )
Bounds : ( 38.640, 65.265 ) ( 38.790, 65.525 )


MAR: ( Minimum Area ) Regular Wire of Net scan_en  ( Metal2 )
Bounds : ( 37.770, 68.165 ) ( 37.920, 68.425 )


MAR: ( Minimum Area ) Regular Wire of Net u_account_balance/n_397  ( Metal2 )
Bounds : ( 37.480, 75.705 ) ( 37.630, 75.965 )


MAR: ( Minimum Area ) Regular Wire of Net u_account_balance/balance_db[4][7]  ( Metal2 )
Bounds : ( 37.480, 64.685 ) ( 37.630, 64.945 )


MAR: ( Minimum Area ) Regular Wire of Net clk  ( Metal2 )
Bounds : ( 36.900, 65.555 ) ( 37.050, 65.815 )


MAR: ( Minimum Area ) Regular Wire of Net u_account_balance/n_242  ( Metal2 )
Bounds : ( 27.040, 75.995 ) ( 27.190, 76.255 )


MAR: ( Minimum Area ) Regular Wire of Net u_account_balance/n_538  ( Metal2 )
Bounds : ( 28.200, 70.195 ) ( 28.350, 70.455 )


MAR: ( Minimum Area ) Regular Wire of Net u_account_balance/n_794  ( Metal2 )
Bounds : ( 30.520, 64.975 ) ( 30.670, 65.235 )


MAR: ( Minimum Area ) Regular Wire of Net u_account_balance/n_411  ( Metal2 )
Bounds : ( 31.970, 70.485 ) ( 32.120, 70.745 )


MAR: ( Minimum Area ) Regular Wire of Net u_account_balance/balance_db[3][8]  ( Metal2 )
Bounds : ( 31.970, 73.095 ) ( 32.120, 73.355 )


MAR: ( Minimum Area ) Regular Wire of Net u_account_balance/balance_db[4][7]  ( Metal2 )
Bounds : ( 32.260, 65.265 ) ( 32.410, 65.525 )


MAR: ( Minimum Area ) Regular Wire of Net u_account_balance/n_452  ( Metal2 )
Bounds : ( 32.260, 69.905 ) ( 32.410, 70.165 )


MAR: ( Minimum Area ) Regular Wire of Net u_account_balance/n_448  ( Metal2 )
Bounds : ( 34.000, 69.905 ) ( 34.150, 70.165 )


MAR: ( Minimum Area ) Regular Wire of Net u_account_balance/n_768  ( Metal2 )
Bounds : ( 35.160, 70.485 ) ( 35.310, 70.745 )


MAR: ( Minimum Area ) Regular Wire of Net u_account_balance/n_232  ( Metal2 )
Bounds : ( 39.800, 70.775 ) ( 39.950, 71.035 )


MAR: ( Minimum Area ) Regular Wire of Net u_account_balance/n_456  ( Metal2 )
Bounds : ( 39.800, 75.125 ) ( 39.950, 75.385 )


CUTSPACING: ( Adjacent Cut Spacing ) Regular Wire of Net u_account_balance/balance_db[3][10] & Regular Wire of Net u_account_balance/n_487  ( Via2 )
Bounds : ( 46.765, 59.815 ) ( 46.905, 59.955 )


MAR: ( Minimum Area ) Regular Wire of Net u_account_balance/n_232  ( Metal2 )
Bounds : ( 40.010, 57.725 ) ( 40.240, 57.985 )


MAR: ( Minimum Area ) Regular Wire of Net u_account_balance/n_487  ( Metal2 )
Bounds : ( 40.090, 54.825 ) ( 40.240, 55.085 )


MAR: ( Minimum Area ) Regular Wire of Net u_account_balance/n_799  ( Metal2 )
Bounds : ( 41.250, 52.505 ) ( 41.400, 52.765 )


MAR: ( Minimum Area ) Regular Wire of Net scan_en  ( Metal2 )
Bounds : ( 41.250, 57.725 ) ( 41.400, 57.985 )


MAR: ( Minimum Area ) Regular Wire of Net u_account_balance/n_786  ( Metal2 )
Bounds : ( 41.540, 52.215 ) ( 41.690, 52.475 )


MAR: ( Minimum Area ) Regular Wire of Net u_account_balance/balance_db[3][10]  ( Metal2 )
Bounds : ( 41.540, 57.435 ) ( 41.690, 57.695 )


MAR: ( Minimum Area ) Regular Wire of Net u_account_balance/balance_db[3][10]  ( Metal2 )
Bounds : ( 41.540, 62.655 ) ( 41.690, 62.915 )


MAR: ( Minimum Area ) Regular Wire of Net u_account_balance/balance_db[7][5]  ( Metal2 )
Bounds : ( 42.990, 52.215 ) ( 43.140, 52.475 )


MAR: ( Minimum Area ) Regular Wire of Net u_account_balance/n_435  ( Metal2 )
Bounds : ( 42.990, 57.435 ) ( 43.140, 57.695 )


MAR: ( Minimum Area ) Regular Wire of Net u_account_balance/balance_db[3][10]  ( Metal2 )
Bounds : ( 46.760, 59.755 ) ( 46.910, 60.015 )


MAR: ( Minimum Area ) Regular Wire of Net u_account_balance/n_487  ( Metal2 )
Bounds : ( 47.050, 59.755 ) ( 47.200, 60.015 )


MAR: ( Minimum Area ) Regular Wire of Net u_account_balance/balance_db[7][5]  ( Metal2 )
Bounds : ( 47.340, 54.535 ) ( 47.490, 54.795 )


MAR: ( Minimum Area ) Regular Wire of Net u_account_balance/balance_db[10][10]  ( Metal2 )
Bounds : ( 47.340, 62.655 ) ( 47.490, 62.915 )


MAR: ( Minimum Area ) Regular Wire of Net clk  ( Metal2 )
Bounds : ( 47.630, 51.925 ) ( 47.780, 52.185 )


MAR: ( Minimum Area ) Regular Wire of Net u_account_balance/n_481  ( Metal2 )
Bounds : ( 47.630, 59.465 ) ( 47.780, 59.725 )


MAR: ( Minimum Area ) Regular Wire of Net u_account_balance/n_609  ( Metal2 )
Bounds : ( 47.920, 54.245 ) ( 48.070, 54.505 )


MAR: ( Minimum Area ) Regular Wire of Net u_account_balance/balance_db[10][10]  ( Metal2 )
Bounds : ( 47.920, 60.045 ) ( 48.070, 60.305 )


MAR: ( Minimum Area ) Regular Wire of Net u_account_balance/balance_db[7][5]  ( Metal2 )
Bounds : ( 48.210, 52.795 ) ( 48.360, 53.055 )


MAR: ( Minimum Area ) Regular Wire of Net u_account_balance/balance_db[6][5]  ( Metal2 )
Bounds : ( 48.500, 54.825 ) ( 48.650, 55.085 )


MAR: ( Minimum Area ) Regular Wire of Net u_account_balance/n_1938_BAR  ( Metal2 )
Bounds : ( 48.790, 62.655 ) ( 48.940, 62.915 )


MAR: ( Minimum Area ) Regular Wire of Net u_account_balance/n_786  ( Metal2 )
Bounds : ( 49.370, 57.435 ) ( 49.520, 57.695 )


MAR: ( Minimum Area ) Regular Wire of Net u_account_balance/n_692  ( Metal2 )
Bounds : ( 50.240, 52.215 ) ( 50.390, 52.475 )


MAR: ( Minimum Area ) Regular Wire of Net u_account_balance/n_733  ( Metal2 )
Bounds : ( 50.240, 52.795 ) ( 50.390, 53.055 )


MAR: ( Minimum Area ) Regular Wire of Net u_account_balance/balance_db[7][10]  ( Metal2 )
Bounds : ( 52.270, 60.045 ) ( 52.420, 60.305 )


MAR: ( Minimum Area ) Regular Wire of Net u_account_balance/n_474  ( Metal2 )
Bounds : ( 35.740, 57.725 ) ( 35.890, 57.985 )


MAR: ( Minimum Area ) Regular Wire of Net u_account_balance/n_149  ( Metal2 )
Bounds : ( 34.870, 62.365 ) ( 35.020, 62.625 )


MAR: ( Minimum Area ) Regular Wire of Net u_account_balance/n_471  ( Metal2 )
Bounds : ( 31.970, 58.015 ) ( 32.120, 58.275 )


MAR: ( Minimum Area ) Regular Wire of Net u_account_balance/n_472  ( Metal2 )
Bounds : ( 31.680, 62.945 ) ( 31.830, 63.205 )


MAR: ( Minimum Area ) Regular Wire of Net u_account_balance/n_732  ( Metal2 )
Bounds : ( 31.680, 57.725 ) ( 31.830, 57.985 )


MAR: ( Minimum Area ) Regular Wire of Net u_account_balance/n_745  ( Metal2 )
Bounds : ( 31.100, 62.655 ) ( 31.250, 62.915 )


MAR: ( Minimum Area ) Regular Wire of Net u_account_balance/balance_db[2][6]  ( Metal2 )
Bounds : ( 29.650, 59.465 ) ( 29.800, 59.725 )


MAR: ( Minimum Area ) Regular Wire of Net clk  ( Metal2 )
Bounds : ( 29.070, 60.335 ) ( 29.220, 60.595 )


MAR: ( Minimum Area ) Regular Wire of Net u_account_balance/n_279  ( Metal2 )
Bounds : ( 28.200, 62.365 ) ( 28.350, 62.625 )


MAR: ( Minimum Area ) Regular Wire of Net clk  ( Metal2 )
Bounds : ( 36.900, 60.335 ) ( 37.050, 60.595 )


MAR: ( Minimum Area ) Regular Wire of Net u_account_balance/balance_db[3][7]  ( Metal2 )
Bounds : ( 37.480, 59.465 ) ( 37.630, 59.725 )


MAR: ( Minimum Area ) Regular Wire of Net u_account_balance/balance_db[3][7]  ( Metal2 )
Bounds : ( 37.770, 57.725 ) ( 37.920, 57.985 )


MAR: ( Minimum Area ) Regular Wire of Net u_account_balance/balance_db[3][12]  ( Metal2 )
Bounds : ( 38.640, 60.045 ) ( 38.790, 60.305 )


MAR: ( Minimum Area ) Regular Wire of Net u_account_balance/n_485  ( Metal2 )
Bounds : ( 38.640, 52.215 ) ( 38.790, 52.475 )


MAR: ( Minimum Area ) Regular Wire of Net u_account_balance/n_146  ( Metal2 )
Bounds : ( 35.160, 54.535 ) ( 35.395, 54.795 )


MAR: ( Minimum Area ) Regular Wire of Net u_account_balance/balance_db[4][7]  ( Metal2 )
Bounds : ( 34.000, 57.500 ) ( 34.160, 57.695 )


MAR: ( Minimum Area ) Regular Wire of Net u_account_balance/n_491  ( Metal2 )
Bounds : ( 32.840, 54.825 ) ( 32.990, 55.085 )


MAR: ( Minimum Area ) Regular Wire of Net u_account_balance/n_453  ( Metal2 )
Bounds : ( 32.260, 52.215 ) ( 32.410, 52.475 )


MAR: ( Minimum Area ) Regular Wire of Net u_account_balance/n_745  ( Metal2 )
Bounds : ( 31.680, 54.825 ) ( 31.830, 55.085 )


MAR: ( Minimum Area ) Regular Wire of Net u_account_balance/n_471  ( Metal2 )
Bounds : ( 30.520, 54.535 ) ( 30.670, 54.795 )


MAR: ( Minimum Area ) Regular Wire of Net u_account_balance/n_746  ( Metal2 )
Bounds : ( 27.620, 57.435 ) ( 27.770, 57.695 )


MAR: ( Minimum Area ) Regular Wire of Net clk  ( Metal2 )
Bounds : ( 27.620, 51.925 ) ( 27.770, 52.185 )


MAR: ( Minimum Area ) Regular Wire of Net u_account_balance/n_420  ( Metal2 )
Bounds : ( 26.750, 57.435 ) ( 26.900, 57.695 )


MAR: ( Minimum Area ) Regular Wire of Net u_account_balance/n_1939_BAR  ( Metal2 )
Bounds : ( 26.670, 54.535 ) ( 26.900, 54.795 )


MAR: ( Minimum Area ) Regular Wire of Net u_account_balance/n_521  ( Metal2 )
Bounds : ( 36.240, 54.535 ) ( 36.470, 54.795 )


MAR: ( Minimum Area ) Regular Wire of Net u_account_balance/n_542  ( Metal2 )
Bounds : ( 36.320, 52.505 ) ( 36.555, 52.765 )


MAR: ( Minimum Area ) Regular Wire of Net u_account_balance/n_520  ( Metal2 )
Bounds : ( 36.610, 54.535 ) ( 36.760, 54.795 )


MAR: ( Minimum Area ) Regular Wire of Net u_account_balance/n_520  ( Metal2 )
Bounds : ( 36.610, 57.435 ) ( 36.760, 57.695 )


MAR: ( Minimum Area ) Regular Wire of Net u_account_balance/n_536  ( Metal2 )
Bounds : ( 37.190, 54.535 ) ( 37.340, 54.795 )


MAR: ( Minimum Area ) Regular Wire of Net u_account_balance/n_537  ( Metal2 )
Bounds : ( 37.480, 54.535 ) ( 37.715, 54.795 )


MAR: ( Minimum Area ) Regular Wire of Net u_account_balance/n_496  ( Metal2 )
Bounds : ( 38.060, 54.535 ) ( 38.210, 54.795 )


MAR: ( Minimum Area ) Regular Wire of Net u_account_balance/n_496  ( Metal2 )
Bounds : ( 39.510, 54.825 ) ( 39.660, 55.085 )


MAR: ( Minimum Area ) Regular Wire of Net u_account_balance/n_397  ( Metal2 )
Bounds : ( 24.430, 75.705 ) ( 24.580, 75.965 )


MAR: ( Minimum Area ) Regular Wire of Net u_account_balance/balance_db[2][8]  ( Metal2 )
Bounds : ( 23.850, 75.705 ) ( 24.000, 75.965 )


MAR: ( Minimum Area ) Regular Wire of Net clk  ( Metal2 )
Bounds : ( 22.980, 67.585 ) ( 23.130, 67.845 )


MAR: ( Minimum Area ) Regular Wire of Net u_account_balance/n_706  ( Metal2 )
Bounds : ( 22.690, 70.195 ) ( 22.840, 70.455 )


MAR: ( Minimum Area ) Regular Wire of Net u_account_balance/n_575  ( Metal2 )
Bounds : ( 21.495, 65.265 ) ( 21.680, 65.465 )


MAR: ( Minimum Area ) Regular Wire of Net u_account_balance/n_534  ( Metal2 )
Bounds : ( 20.950, 68.455 ) ( 21.100, 68.715 )


MAR: ( Minimum Area ) Regular Wire of Net u_account_balance/balance_db[12][7]  ( Metal2 )
Bounds : ( 20.660, 65.265 ) ( 20.810, 65.525 )


MAR: ( Minimum Area ) Regular Wire of Net u_account_balance/balance_db[11][7]  ( Metal2 )
Bounds : ( 20.370, 68.165 ) ( 20.520, 68.425 )


MAR: ( Minimum Area ) Regular Wire of Net clk  ( Metal2 )
Bounds : ( 19.210, 75.995 ) ( 19.360, 76.255 )


MAR: ( Minimum Area ) Regular Wire of Net clk  ( Metal2 )
Bounds : ( 19.210, 72.805 ) ( 19.360, 73.065 )


MAR: ( Minimum Area ) Regular Wire of Net u_account_balance/n_706  ( Metal2 )
Bounds : ( 18.920, 67.295 ) ( 19.070, 67.555 )


MAR: ( Minimum Area ) Regular Wire of Net u_account_balance/balance_db[2][8]  ( Metal2 )
Bounds : ( 18.630, 73.675 ) ( 18.780, 73.935 )


MAR: ( Minimum Area ) Regular Wire of Net u_account_balance/n_797  ( Metal2 )
Bounds : ( 18.630, 70.195 ) ( 18.780, 70.455 )


MAR: ( Minimum Area ) Regular Wire of Net u_account_balance/n_631  ( Metal2 )
Bounds : ( 18.630, 68.455 ) ( 18.780, 68.715 )


MAR: ( Minimum Area ) Regular Wire of Net u_account_balance/n_495  ( Metal2 )
Bounds : ( 17.470, 67.875 ) ( 17.620, 68.135 )


MAR: ( Minimum Area ) Regular Wire of Net u_account_balance/n_780  ( Metal2 )
Bounds : ( 17.180, 70.485 ) ( 17.330, 70.745 )


MAR: ( Minimum Area ) Regular Wire of Net u_account_balance/balance_db[12][7]  ( Metal2 )
Bounds : ( 17.180, 65.265 ) ( 17.330, 65.525 )


MAR: ( Minimum Area ) Regular Wire of Net u_account_balance/n_1948_BAR  ( Metal2 )
Bounds : ( 14.570, 75.705 ) ( 14.720, 75.965 )


MAR: ( Minimum Area ) Regular Wire of Net u_account_balance/n_780  ( Metal2 )
Bounds : ( 13.410, 67.875 ) ( 13.560, 68.135 )


MAR: ( Minimum Area ) Regular Wire of Net u_account_balance/balance_db[13][7]  ( Metal2 )
Bounds : ( 15.730, 73.095 ) ( 15.880, 73.355 )


MAR: ( Minimum Area ) Regular Wire of Net u_account_balance/n_680  ( Metal2 )
Bounds : ( 25.300, 69.905 ) ( 25.450, 70.165 )


MAR: ( Minimum Area ) Regular Wire of Net u_account_balance/balance_db[1][7]  ( Metal2 )
Bounds : ( 25.300, 73.095 ) ( 25.450, 73.355 )


MAR: ( Minimum Area ) Regular Wire of Net u_account_balance/n_459  ( Metal2 )
Bounds : ( 26.170, 75.125 ) ( 26.320, 75.385 )


MAR: ( Minimum Area ) Regular Wire of Net u_account_balance/n_495  ( Metal2 )
Bounds : ( 11.960, 73.385 ) ( 12.110, 73.645 )


MAR: ( Minimum Area ) Regular Wire of Net u_account_balance/n_790  ( Metal2 )
Bounds : ( 11.090, 64.975 ) ( 11.240, 65.235 )


MAR: ( Minimum Area ) Regular Wire of Net u_account_balance/n_780  ( Metal2 )
Bounds : ( 10.800, 65.265 ) ( 10.950, 65.525 )


MAR: ( Minimum Area ) Regular Wire of Net clk  ( Metal2 )
Bounds : ( 4.710, 65.555 ) ( 4.860, 65.815 )


MAR: ( Minimum Area ) Regular Wire of Net u_account_balance/balance_db[15][7]  ( Metal2 )
Bounds : ( 4.130, 69.905 ) ( 4.280, 70.165 )


MAR: ( Minimum Area ) Regular Wire of Net u_account_balance/n_482  ( Metal2 )
Bounds : ( 5.870, 68.165 ) ( 6.020, 68.425 )


MAR: ( Minimum Area ) Regular Wire of Net u_account_balance/balance_db[15][7]  ( Metal2 )
Bounds : ( 6.160, 68.455 ) ( 6.310, 68.715 )


MAR: ( Minimum Area ) Regular Wire of Net u_account_balance/n_481  ( Metal2 )
Bounds : ( 7.030, 68.165 ) ( 7.180, 68.425 )


MAR: ( Minimum Area ) Regular Wire of Net u_account_balance/n_481  ( Metal2 )
Bounds : ( 7.900, 73.385 ) ( 8.050, 73.645 )


MAR: ( Minimum Area ) Regular Wire of Net u_account_balance/n_780  ( Metal2 )
Bounds : ( 9.350, 70.485 ) ( 9.500, 70.745 )


MAR: ( Minimum Area ) Regular Wire of Net u_account_balance/balance_db[5][6]  ( Metal2 )
Bounds : ( 22.110, 57.725 ) ( 22.260, 57.985 )


MAR: ( Minimum Area ) Regular Wire of Net u_account_balance/n_481  ( Metal2 )
Bounds : ( 22.110, 54.825 ) ( 22.260, 55.085 )


MAR: ( Minimum Area ) Regular Wire of Net u_account_balance/n_516  ( Metal2 )
Bounds : ( 22.110, 54.245 ) ( 22.260, 54.505 )


MAR: ( Minimum Area ) Regular Wire of Net u_account_balance/n_796  ( Metal2 )
Bounds : ( 21.240, 59.755 ) ( 21.390, 60.015 )


MAR: ( Minimum Area ) Regular Wire of Net u_account_balance/n_793  ( Metal2 )
Bounds : ( 20.080, 52.505 ) ( 20.230, 52.765 )


MAR: ( Minimum Area ) Regular Wire of Net u_account_balance/n_534  ( Metal2 )
Bounds : ( 19.790, 54.535 ) ( 19.940, 54.795 )


MAR: ( Minimum Area ) Regular Wire of Net u_account_balance/balance_db[10][6]  ( Metal2 )
Bounds : ( 19.500, 63.235 ) ( 19.650, 63.495 )


MAR: ( Minimum Area ) Regular Wire of Net u_account_balance/n_585  ( Metal2 )
Bounds : ( 19.500, 54.245 ) ( 19.650, 54.505 )


MAR: ( Minimum Area ) Regular Wire of Net u_account_balance/n_519  ( Metal2 )
Bounds : ( 19.210, 54.245 ) ( 19.360, 54.505 )


MAR: ( Minimum Area ) Regular Wire of Net clk  ( Metal2 )
Bounds : ( 18.920, 62.365 ) ( 19.070, 62.625 )


MAR: ( Minimum Area ) Regular Wire of Net u_account_balance/n_585  ( Metal2 )
Bounds : ( 18.920, 58.015 ) ( 19.070, 58.275 )


MAR: ( Minimum Area ) Regular Wire of Net u_account_balance/balance_db[12][6]  ( Metal2 )
Bounds : ( 18.630, 52.215 ) ( 18.780, 52.475 )


MAR: ( Minimum Area ) Regular Wire of Net clk  ( Metal2 )
Bounds : ( 16.600, 55.115 ) ( 16.750, 55.375 )


MAR: ( Minimum Area ) Regular Wire of Net u_account_balance/n_816  ( Metal2 )
Bounds : ( 15.440, 57.725 ) ( 15.590, 57.985 )


MAR: ( Minimum Area ) Regular Wire of Net clk  ( Metal2 )
Bounds : ( 14.860, 60.335 ) ( 15.010, 60.595 )


MAR: ( Minimum Area ) Regular Wire of Net u_account_balance/balance_db[5][6]  ( Metal2 )
Bounds : ( 14.280, 59.465 ) ( 14.430, 59.725 )


MAR: ( Minimum Area ) Regular Wire of Net u_account_balance/balance_db[4][6]  ( Metal2 )
Bounds : ( 13.700, 60.045 ) ( 13.850, 60.305 )


CUTSPACING: ( Adjacent Cut Spacing ) Regular Wire of Net u_account_balance/n_585 & Regular Wire of Net u_account_balance/n_642  ( Via2 )
Bounds : ( 19.215, 58.075 ) ( 19.355, 58.215 )


MAR: ( Minimum Area ) Regular Wire of Net u_account_balance/n_496  ( Metal2 )
Bounds : ( 15.730, 58.015 ) ( 15.880, 58.275 )


MAR: ( Minimum Area ) Regular Wire of Net u_account_balance/n_808  ( Metal2 )
Bounds : ( 22.400, 57.725 ) ( 22.550, 57.985 )


MAR: ( Minimum Area ) Regular Wire of Net u_account_balance/n_644  ( Metal2 )
Bounds : ( 22.690, 58.015 ) ( 22.840, 58.275 )


MAR: ( Minimum Area ) Regular Wire of Net u_account_balance/n_657  ( Metal2 )
Bounds : ( 22.980, 52.505 ) ( 23.130, 52.765 )


MAR: ( Minimum Area ) Regular Wire of Net u_account_balance/n_690  ( Metal2 )
Bounds : ( 23.270, 51.925 ) ( 23.420, 52.185 )


MAR: ( Minimum Area ) Regular Wire of Net u_account_balance/n_719  ( Metal2 )
Bounds : ( 24.140, 55.115 ) ( 24.290, 55.375 )


MAR: ( Minimum Area ) Regular Wire of Net u_account_balance/n_397  ( Metal2 )
Bounds : ( 24.720, 57.435 ) ( 24.870, 57.695 )


MAR: ( Minimum Area ) Regular Wire of Net u_account_balance/balance_db[12][6]  ( Metal2 )
Bounds : ( 25.010, 52.215 ) ( 25.160, 52.475 )


MAR: ( Minimum Area ) Regular Wire of Net u_account_balance/n_517  ( Metal2 )
Bounds : ( 25.300, 52.795 ) ( 25.450, 53.055 )


MAR: ( Minimum Area ) Regular Wire of Net u_account_balance/n_1939_BAR  ( Metal2 )
Bounds : ( 10.800, 60.045 ) ( 10.950, 60.305 )


MAR: ( Minimum Area ) Regular Wire of Net u_account_balance/balance_db[15][6]  ( Metal2 )
Bounds : ( 10.800, 52.215 ) ( 10.950, 52.475 )


MAR: ( Minimum Area ) Regular Wire of Net u_account_balance/n_816  ( Metal2 )
Bounds : ( 5.000, 54.245 ) ( 5.150, 54.505 )


MAR: ( Minimum Area ) Regular Wire of Net u_account_balance/balance_db[7][6]  ( Metal2 )
Bounds : ( 4.130, 59.465 ) ( 4.280, 59.725 )


MAR: ( Minimum Area ) Regular Wire of Net u_account_balance/balance_db[15][6]  ( Metal2 )
Bounds : ( 4.130, 52.795 ) ( 4.280, 53.055 )


CUTSPACING: ( Adjacent Cut Spacing ) Regular Wire of Net vehicle_id_in[1] & Special Wire of Net VDD  ( Via3 )
Bounds : ( 1.350, 61.410 ) ( 1.490, 61.550 )


SHORT: ( Out Of Die ) Regular Wire of Net vehicle_id_in[1]  ( Metal3 )
Bounds : ( -0.070, 61.180 ) ( 0.000, 61.405 )


MAR: ( Minimum Area ) Regular Wire of Net u_account_balance/balance_db[14][6]  ( Metal2 )
Bounds : ( 5.290, 55.115 ) ( 5.440, 55.375 )


MAR: ( Minimum Area ) Regular Wire of Net u_account_balance/balance_db[6][6]  ( Metal2 )
Bounds : ( 6.450, 58.015 ) ( 6.600, 58.275 )


MAR: ( Minimum Area ) Regular Wire of Net u_account_balance/balance_db[4][6]  ( Metal2 )
Bounds : ( 9.350, 62.655 ) ( 9.500, 62.915 )


MAR: ( Minimum Area ) Regular Wire of Net u_account_balance/n_1939_BAR  ( Metal2 )
Bounds : ( 13.120, 57.435 ) ( 13.270, 57.695 )


MAR: ( Minimum Area ) Regular Wire of Net u_account_balance/n_672  ( Metal2 )
Bounds : ( 53.140, 90.785 ) ( 53.290, 91.045 )


MAR: ( Minimum Area ) Regular Wire of Net u_account_balance/n_591  ( Metal2 )
Bounds : ( 53.140, 91.365 ) ( 53.290, 91.625 )


CUTSPACING: ( Adjacent Cut Spacing ) Regular Wire of Net DFT_sdo_2 & Regular Wire of Net display_out[2]  ( Via2 )
Bounds : ( 100.705, 26.175 ) ( 100.845, 26.315 )


CUTSPACING: ( Adjacent Cut Spacing ) Regular Wire of Net u_account_balance/balance_db[2][13] & Regular Wire of Net u_account_balance/n_397  ( Via2 )
Bounds : ( 94.905, 47.055 ) ( 95.045, 47.195 )


SHORT: ( Out Of Die ) Regular Wire of Net display_out[2]  ( Metal3 )
Bounds : ( 106.430, 29.075 ) ( 106.500, 29.235 )


SHORT: ( Out Of Die ) Regular Wire of Net display_out[3]  ( Metal3 )
Bounds : ( 106.430, 43.575 ) ( 106.500, 43.815 )


MAR: ( Minimum Area ) Regular Wire of Net u_account_balance/n_779  ( Metal2 )
Bounds : ( 80.110, 41.775 ) ( 80.260, 42.035 )


MAR: ( Minimum Area ) Regular Wire of Net clk  ( Metal2 )
Bounds : ( 81.270, 36.265 ) ( 81.420, 36.525 )


MAR: ( Minimum Area ) Regular Wire of Net clk  ( Metal2 )
Bounds : ( 81.270, 39.455 ) ( 81.420, 39.715 )


MAR: ( Minimum Area ) Regular Wire of Net n_72  ( Metal2 )
Bounds : ( 81.850, 26.115 ) ( 82.000, 26.375 )


MAR: ( Minimum Area ) Regular Wire of Net u_account_balance/balance_db[1][11]  ( Metal2 )
Bounds : ( 81.850, 38.585 ) ( 82.000, 38.845 )


MAR: ( Minimum Area ) Regular Wire of Net u_account_balance/n_383  ( Metal2 )
Bounds : ( 82.430, 39.165 ) ( 82.580, 39.425 )


MAR: ( Minimum Area ) Regular Wire of Net u_account_balance/n_781  ( Metal2 )
Bounds : ( 82.430, 49.605 ) ( 82.580, 49.865 )


MAR: ( Minimum Area ) Regular Wire of Net clk  ( Metal2 )
Bounds : ( 83.300, 36.265 ) ( 83.450, 36.525 )


MAR: ( Minimum Area ) Regular Wire of Net u_account_balance/balance_db[8][13]  ( Metal2 )
Bounds : ( 83.590, 46.995 ) ( 83.740, 47.255 )


MAR: ( Minimum Area ) Regular Wire of Net u_account_balance/balance_db[15][11]  ( Metal2 )
Bounds : ( 70.540, 46.995 ) ( 70.690, 47.255 )


MAR: ( Minimum Area ) Regular Wire of Net u_account_balance/n_697  ( Metal2 )
Bounds : ( 68.800, 46.415 ) ( 68.950, 46.675 )


MAR: ( Minimum Area ) Regular Wire of Net u_account_balance/n_592  ( Metal2 )
Bounds : ( 68.510, 47.575 ) ( 68.660, 47.835 )


MAR: ( Minimum Area ) Regular Wire of Net clk  ( Metal2 )
Bounds : ( 67.930, 44.675 ) ( 68.080, 44.935 )


MAR: ( Minimum Area ) Regular Wire of Net clk  ( Metal2 )
Bounds : ( 67.350, 41.485 ) ( 67.500, 41.745 )


MAR: ( Minimum Area ) Regular Wire of Net u_account_balance/n_442  ( Metal2 )
Bounds : ( 71.990, 38.585 ) ( 72.140, 38.845 )


MAR: ( Minimum Area ) Regular Wire of Net u_account_balance/balance_db[7][11]  ( Metal2 )
Bounds : ( 71.990, 41.775 ) ( 72.140, 42.035 )


MAR: ( Minimum Area ) Regular Wire of Net u_account_balance/n_779  ( Metal2 )
Bounds : ( 72.570, 44.385 ) ( 72.720, 44.645 )


MAR: ( Minimum Area ) Regular Wire of Net u_account_balance/balance_db[6][11]  ( Metal2 )
Bounds : ( 72.570, 49.605 ) ( 72.720, 49.865 )


MAR: ( Minimum Area ) Regular Wire of Net u_account_balance/balance_db[1][3]  ( Metal2 )
Bounds : ( 73.440, 38.875 ) ( 73.590, 39.135 )


MAR: ( Minimum Area ) Regular Wire of Net u_account_balance/n_779  ( Metal2 )
Bounds : ( 74.020, 49.605 ) ( 74.170, 49.865 )


MAR: ( Minimum Area ) Regular Wire of Net u_account_balance/balance_db[1][13]  ( Metal2 )
Bounds : ( 75.180, 39.165 ) ( 75.330, 39.425 )


MAR: ( Minimum Area ) Regular Wire of Net u_account_balance/balance_db[1][11]  ( Metal2 )
Bounds : ( 75.760, 44.095 ) ( 75.910, 44.355 )


MAR: ( Minimum Area ) Regular Wire of Net u_account_balance/n_781  ( Metal2 )
Bounds : ( 75.760, 46.995 ) ( 75.910, 47.255 )


MAR: ( Minimum Area ) Regular Wire of Net u_account_balance/balance_db[8][11]  ( Metal2 )
Bounds : ( 76.340, 44.460 ) ( 76.605, 44.645 )


MAR: ( Minimum Area ) Regular Wire of Net clk  ( Metal2 )
Bounds : ( 76.340, 49.895 ) ( 76.490, 50.155 )


MAR: ( Minimum Area ) Regular Wire of Net u_account_balance/n_431  ( Metal2 )
Bounds : ( 76.630, 39.165 ) ( 76.780, 39.425 )


MAR: ( Minimum Area ) Regular Wire of Net u_account_balance/n_431  ( Metal2 )
Bounds : ( 76.630, 42.355 ) ( 76.780, 42.615 )


MAR: ( Minimum Area ) Regular Wire of Net u_account_balance/n_539  ( Metal2 )
Bounds : ( 77.500, 44.095 ) ( 77.650, 44.355 )


MAR: ( Minimum Area ) Regular Wire of Net clk  ( Metal2 )
Bounds : ( 79.240, 44.675 ) ( 79.390, 44.935 )


MAR: ( Minimum Area ) Regular Wire of Net u_account_balance/balance_db[15][5]  ( Metal2 )
Bounds : ( 66.190, 49.605 ) ( 66.340, 49.865 )


MAR: ( Minimum Area ) Regular Wire of Net clk  ( Metal2 )
Bounds : ( 65.900, 41.485 ) ( 66.050, 41.745 )


MAR: ( Minimum Area ) Regular Wire of Net u_account_balance/n_544  ( Metal2 )
Bounds : ( 65.610, 46.705 ) ( 65.760, 46.965 )


MAR: ( Minimum Area ) Regular Wire of Net u_account_balance/balance_db[0][5]  ( Metal2 )
Bounds : ( 63.580, 44.385 ) ( 63.730, 44.645 )


MAR: ( Minimum Area ) Regular Wire of Net clk  ( Metal2 )
Bounds : ( 60.100, 49.895 ) ( 60.250, 50.155 )


MAR: ( Minimum Area ) Regular Wire of Net u_account_balance/n_789  ( Metal2 )
Bounds : ( 59.520, 42.065 ) ( 59.670, 42.325 )


MAR: ( Minimum Area ) Regular Wire of Net u_account_balance/n_480  ( Metal2 )
Bounds : ( 58.070, 41.775 ) ( 58.220, 42.035 )


MAR: ( Minimum Area ) Regular Wire of Net u_account_balance/balance_db[14][5]  ( Metal2 )
Bounds : ( 57.780, 49.025 ) ( 57.930, 49.285 )


MAR: ( Minimum Area ) Regular Wire of Net u_account_balance/n_545  ( Metal2 )
Bounds : ( 57.490, 49.315 ) ( 57.640, 49.575 )


MAR: ( Minimum Area ) Regular Wire of Net clk  ( Metal2 )
Bounds : ( 57.490, 44.675 ) ( 57.640, 44.935 )


MAR: ( Minimum Area ) Regular Wire of Net u_account_balance/n_552  ( Metal2 )
Bounds : ( 57.200, 42.355 ) ( 57.350, 42.615 )


MAR: ( Minimum Area ) Regular Wire of Net u_account_balance/n_615  ( Metal2 )
Bounds : ( 56.910, 49.605 ) ( 57.060, 49.865 )


MAR: ( Minimum Area ) Regular Wire of Net u_account_balance/n_683  ( Metal2 )
Bounds : ( 56.620, 39.455 ) ( 56.770, 39.715 )


MAR: ( Minimum Area ) Regular Wire of Net u_account_balance/n_613  ( Metal2 )
Bounds : ( 56.330, 49.605 ) ( 56.480, 49.865 )


MAR: ( Minimum Area ) Regular Wire of Net u_account_balance/n_480  ( Metal2 )
Bounds : ( 56.330, 44.095 ) ( 56.480, 44.355 )


MAR: ( Minimum Area ) Regular Wire of Net u_account_balance/n_648  ( Metal2 )
Bounds : ( 56.330, 39.165 ) ( 56.480, 39.425 )


MAR: ( Minimum Area ) Regular Wire of Net u_account_balance/n_541  ( Metal2 )
Bounds : ( 56.040, 43.515 ) ( 56.190, 43.775 )


MAR: ( Minimum Area ) Regular Wire of Net u_account_balance/n_535  ( Metal2 )
Bounds : ( 53.430, 42.065 ) ( 53.580, 42.325 )


MAR: ( Minimum Area ) Regular Wire of Net u_account_balance/balance_db[13][5]  ( Metal2 )
Bounds : ( 53.720, 42.065 ) ( 53.870, 42.325 )


MAR: ( Minimum Area ) Regular Wire of Net u_account_balance/n_796  ( Metal2 )
Bounds : ( 54.300, 44.095 ) ( 54.450, 44.355 )


MAR: ( Minimum Area ) Regular Wire of Net u_account_balance/n_797  ( Metal2 )
Bounds : ( 54.880, 38.875 ) ( 55.030, 39.135 )


MAR: ( Minimum Area ) Regular Wire of Net u_account_balance/balance_db[13][5]  ( Metal2 )
Bounds : ( 54.880, 39.165 ) ( 55.030, 39.425 )


MAR: ( Minimum Area ) Regular Wire of Net u_account_balance/n_544  ( Metal2 )
Bounds : ( 58.650, 49.315 ) ( 58.800, 49.575 )


MAR: ( Minimum Area ) Regular Wire of Net u_account_balance/n_552  ( Metal2 )
Bounds : ( 58.940, 39.165 ) ( 59.090, 39.425 )


MAR: ( Minimum Area ) Regular Wire of Net u_account_balance/n_482  ( Metal2 )
Bounds : ( 59.230, 38.875 ) ( 59.380, 39.135 )


MAR: ( Minimum Area ) Regular Wire of Net u_account_balance/balance_db[11][11]  ( Metal2 )
Bounds : ( 75.180, 36.555 ) ( 75.330, 36.815 )


MAR: ( Minimum Area ) Regular Wire of Net u_account_balance/n_798  ( Metal2 )
Bounds : ( 74.890, 31.625 ) ( 75.040, 31.885 )


MAR: ( Minimum Area ) Regular Wire of Net n_64  ( Metal2 )
Bounds : ( 74.890, 28.725 ) ( 75.040, 28.985 )


MAR: ( Minimum Area ) Regular Wire of Net reset  ( Metal2 )
Bounds : ( 74.310, 28.435 ) ( 74.460, 28.695 )


MAR: ( Minimum Area ) Regular Wire of Net scan_en  ( Metal2 )
Bounds : ( 73.440, 33.655 ) ( 73.590, 33.915 )


MAR: ( Minimum Area ) Regular Wire of Net u_account_balance/n_790  ( Metal2 )
Bounds : ( 70.830, 36.845 ) ( 70.980, 37.105 )


MAR: ( Minimum Area ) Regular Wire of Net u_account_balance/balance_db[11][3]  ( Metal2 )
Bounds : ( 69.960, 28.435 ) ( 70.110, 28.695 )


MAR: ( Minimum Area ) Regular Wire of Net clk  ( Metal2 )
Bounds : ( 69.380, 25.825 ) ( 69.530, 26.085 )


MAR: ( Minimum Area ) Regular Wire of Net clk  ( Metal2 )
Bounds : ( 68.800, 31.045 ) ( 68.950, 31.305 )


MAR: ( Minimum Area ) Regular Wire of Net u_account_balance/balance_db[10][3]  ( Metal2 )
Bounds : ( 67.350, 26.405 ) ( 67.500, 26.665 )


MAR: ( Minimum Area ) Regular Wire of Net u_account_balance/n_645  ( Metal2 )
Bounds : ( 67.060, 29.305 ) ( 67.210, 29.565 )


MAR: ( Minimum Area ) Regular Wire of Net u_account_balance/n_743  ( Metal2 )
Bounds : ( 76.920, 28.435 ) ( 77.070, 28.695 )


MAR: ( Minimum Area ) Regular Wire of Net u_account_balance/n_397  ( Metal2 )
Bounds : ( 77.210, 33.945 ) ( 77.360, 34.205 )


MAR: ( Minimum Area ) Regular Wire of Net u_account_balance/n_445  ( Metal2 )
Bounds : ( 78.370, 31.335 ) ( 78.520, 31.595 )


MAR: ( Minimum Area ) Regular Wire of Net u_account_balance/n_232  ( Metal2 )
Bounds : ( 78.660, 34.235 ) ( 78.810, 34.495 )


MAR: ( Minimum Area ) Regular Wire of Net u_account_balance/n_445  ( Metal2 )
Bounds : ( 78.950, 33.365 ) ( 79.100, 33.625 )


MAR: ( Minimum Area ) Regular Wire of Net u_account_balance/n_656  ( Metal2 )
Bounds : ( 66.190, 26.405 ) ( 66.340, 26.665 )


MAR: ( Minimum Area ) Regular Wire of Net id_to_check[0]  ( Metal2 )
Bounds : ( 65.320, 31.625 ) ( 65.470, 31.885 )


MAR: ( Minimum Area ) Regular Wire of Net id_to_check[3]  ( Metal2 )
Bounds : ( 65.030, 31.915 ) ( 65.180, 32.175 )


MAR: ( Minimum Area ) Regular Wire of Net u_account_balance/n_483  ( Metal2 )
Bounds : ( 65.030, 31.045 ) ( 65.180, 31.305 )


MAR: ( Minimum Area ) Regular Wire of Net u_account_balance/n_736  ( Metal2 )
Bounds : ( 63.290, 26.695 ) ( 63.440, 26.955 )


MAR: ( Minimum Area ) Regular Wire of Net u_account_balance/n_786  ( Metal2 )
Bounds : ( 63.000, 36.555 ) ( 63.150, 36.815 )


MAR: ( Minimum Area ) Regular Wire of Net u_account_balance/n_517  ( Metal2 )
Bounds : ( 61.550, 33.365 ) ( 61.700, 33.625 )


MAR: ( Minimum Area ) Regular Wire of Net u_account_balance/n_792  ( Metal2 )
Bounds : ( 58.070, 28.435 ) ( 58.220, 28.695 )


MAR: ( Minimum Area ) Regular Wire of Net u_account_balance/n_709  ( Metal2 )
Bounds : ( 58.070, 26.405 ) ( 58.220, 26.665 )


MAR: ( Minimum Area ) Regular Wire of Net clk  ( Metal2 )
Bounds : ( 57.200, 31.045 ) ( 57.350, 31.305 )


MAR: ( Minimum Area ) Regular Wire of Net u_account_balance/n_709  ( Metal2 )
Bounds : ( 56.620, 28.145 ) ( 56.770, 28.405 )


MAR: ( Minimum Area ) Regular Wire of Net u_account_balance/balance_db[9][5]  ( Metal2 )
Bounds : ( 56.330, 37.135 ) ( 56.480, 37.395 )


MAR: ( Minimum Area ) Regular Wire of Net u_account_balance/n_458  ( Metal2 )
Bounds : ( 53.430, 33.945 ) ( 53.580, 34.205 )


MAR: ( Minimum Area ) Regular Wire of Net u_account_balance/n_556  ( Metal2 )
Bounds : ( 55.170, 26.405 ) ( 55.320, 26.665 )


MAR: ( Minimum Area ) Regular Wire of Net u_account_balance/balance_db[9][4]  ( Metal2 )
Bounds : ( 55.170, 29.015 ) ( 55.320, 29.275 )


MAR: ( Minimum Area ) Regular Wire of Net u_account_balance/n_556  ( Metal2 )
Bounds : ( 55.460, 28.145 ) ( 55.610, 28.405 )


MAR: ( Minimum Area ) Regular Wire of Net clk  ( Metal2 )
Bounds : ( 55.750, 31.045 ) ( 55.900, 31.305 )


MAR: ( Minimum Area ) Regular Wire of Net u_account_balance/balance_db[1][4]  ( Metal2 )
Bounds : ( 58.650, 33.365 ) ( 58.800, 33.625 )


MAR: ( Minimum Area ) Regular Wire of Net id_to_check[3]  ( Metal2 )
Bounds : ( 66.480, 28.725 ) ( 66.630, 28.985 )


CUTSPACING: ( Adjacent Cut Spacing ) Regular Wire of Net n_49 & Regular Wire of Net n_56  ( Via2 )
Bounds : ( 100.705, 18.635 ) ( 100.845, 18.775 )


CUTSPACING: ( Adjacent Cut Spacing ) Regular Wire of Net reset & Regular Wire of Net n_71  ( Via2 )
Bounds : ( 99.835, 11.095 ) ( 99.975, 11.235 )


SHORT: ( Out Of Die ) Regular Wire of Net barrier_open_cmd  ( Metal2 )
Bounds : ( 85.045, -0.070 ) ( 85.215, 0.000 )


SHORT: ( Out Of Die ) Regular Wire of Net barrier_close_cmd  ( Metal2 )
Bounds : ( 106.215, -0.070 ) ( 106.500, 0.070 )


SHORT: ( Out Of Die ) Regular Wire of Net barrier_close_cmd  ( Metal2 )
Bounds : ( 106.430, 0.000 ) ( 106.500, 0.580 )


SHORT: ( Out Of Die ) Regular Wire of Net display_out[0]  ( Metal3 )
Bounds : ( 105.850, -0.070 ) ( 106.430, 0.000 )


SHORT: ( Out Of Die ) Regular Wire of Net display_out[0]  ( Metal3 )
Bounds : ( 106.360, -0.070 ) ( 106.500, 0.215 )


SHORT: ( Out Of Die ) Regular Wire of Net display_out[1]  ( Metal3 )
Bounds : ( 106.430, 14.510 ) ( 106.500, 14.715 )


MAR: ( Minimum Area ) Regular Wire of Net state[0]  ( Metal2 )
Bounds : ( 80.110, 17.705 ) ( 80.260, 17.965 )


MAR: ( Minimum Area ) Regular Wire of Net n_65  ( Metal2 )
Bounds : ( 80.400, 10.745 ) ( 80.550, 11.005 )


MAR: ( Minimum Area ) Regular Wire of Net clk  ( Metal2 )
Bounds : ( 80.690, 18.575 ) ( 80.840, 18.835 )


MAR: ( Minimum Area ) Regular Wire of Net u_account_balance/n_797  ( Metal2 )
Bounds : ( 80.980, 12.775 ) ( 81.130, 13.035 )


MAR: ( Minimum Area ) Regular Wire of Net u_account_balance/balance_db[6][3]  ( Metal2 )
Bounds : ( 82.140, 5.815 ) ( 82.290, 6.075 )


MAR: ( Minimum Area ) Regular Wire of Net scan_en  ( Metal2 )
Bounds : ( 82.140, 15.965 ) ( 82.290, 16.225 )


MAR: ( Minimum Area ) Regular Wire of Net state[1]  ( Metal2 )
Bounds : ( 82.140, 20.895 ) ( 82.290, 21.155 )


MAR: ( Minimum Area ) Regular Wire of Net u_barrier_ctrl/n_10  ( Metal2 )
Bounds : ( 82.425, 10.165 ) ( 82.580, 10.375 )


MAR: ( Minimum Area ) Regular Wire of Net state[0]  ( Metal2 )
Bounds : ( 82.430, 15.675 ) ( 82.580, 15.935 )


MAR: ( Minimum Area ) Regular Wire of Net n_39  ( Metal2 )
Bounds : ( 82.430, 20.025 ) ( 82.580, 20.285 )


MAR: ( Minimum Area ) Regular Wire of Net u_barrier_ctrl/n_35  ( Metal2 )
Bounds : ( 83.300, 11.035 ) ( 83.450, 11.295 )


MAR: ( Minimum Area ) Regular Wire of Net scan_en  ( Metal2 )
Bounds : ( 83.590, 5.525 ) ( 83.740, 5.785 )


MAR: ( Minimum Area ) Regular Wire of Net u_barrier_ctrl/n_34  ( Metal2 )
Bounds : ( 83.590, 7.845 ) ( 83.740, 8.105 )


MAR: ( Minimum Area ) Regular Wire of Net u_barrier_ctrl/n_29  ( Metal2 )
Bounds : ( 83.590, 10.455 ) ( 83.740, 10.715 )


MAR: ( Minimum Area ) Regular Wire of Net u_barrier_ctrl/n_35  ( Metal2 )
Bounds : ( 83.880, 15.675 ) ( 84.030, 15.935 )


MAR: ( Minimum Area ) Regular Wire of Net id_to_check[3]  ( Metal2 )
Bounds : ( 69.670, 12.775 ) ( 69.820, 13.035 )


MAR: ( Minimum Area ) Regular Wire of Net u_account_balance/n_475  ( Metal2 )
Bounds : ( 69.380, 23.505 ) ( 69.530, 23.765 )


MAR: ( Minimum Area ) Regular Wire of Net u_account_balance/n_506  ( Metal2 )
Bounds : ( 69.090, 24.085 ) ( 69.240, 24.345 )


MAR: ( Minimum Area ) Regular Wire of Net u_account_balance/balance_db[5][3]  ( Metal2 )
Bounds : ( 69.090, 15.675 ) ( 69.240, 15.935 )


MAR: ( Minimum Area ) Regular Wire of Net id_to_check[3]  ( Metal2 )
Bounds : ( 68.800, 23.505 ) ( 68.950, 23.765 )


MAR: ( Minimum Area ) Regular Wire of Net u_account_balance/balance_db[1][3]  ( Metal2 )
Bounds : ( 68.510, 23.505 ) ( 68.660, 23.765 )


MAR: ( Minimum Area ) Regular Wire of Net u_account_balance/n_564  ( Metal2 )
Bounds : ( 66.770, 21.185 ) ( 66.920, 21.445 )


MAR: ( Minimum Area ) Regular Wire of Net u_account_balance/n_495  ( Metal2 )
Bounds : ( 66.770, 23.215 ) ( 66.920, 23.475 )


MAR: ( Minimum Area ) Regular Wire of Net u_account_balance/n_669  ( Metal2 )
Bounds : ( 67.350, 21.475 ) ( 67.500, 21.735 )


MAR: ( Minimum Area ) Regular Wire of Net u_account_balance/n_509  ( Metal2 )
Bounds : ( 69.670, 15.095 ) ( 69.820, 15.355 )


MAR: ( Minimum Area ) Regular Wire of Net u_account_balance/n_515  ( Metal2 )
Bounds : ( 69.960, 13.065 ) ( 70.110, 13.325 )


MAR: ( Minimum Area ) Regular Wire of Net u_account_balance/n_475  ( Metal2 )
Bounds : ( 69.960, 15.675 ) ( 70.110, 15.935 )


MAR: ( Minimum Area ) Regular Wire of Net u_account_balance/n_566  ( Metal2 )
Bounds : ( 70.250, 13.355 ) ( 70.400, 13.615 )


MAR: ( Minimum Area ) Regular Wire of Net u_account_balance/balance_db[13][3]  ( Metal2 )
Bounds : ( 70.250, 15.965 ) ( 70.400, 16.225 )


MAR: ( Minimum Area ) Regular Wire of Net u_account_balance/balance_db[12][3]  ( Metal2 )
Bounds : ( 72.280, 17.705 ) ( 72.430, 17.965 )


MAR: ( Minimum Area ) Regular Wire of Net u_account_balance/balance_db[9][3]  ( Metal2 )
Bounds : ( 76.050, 23.505 ) ( 76.200, 23.765 )


MAR: ( Minimum Area ) Regular Wire of Net u_account_balance/balance_db[12][3]  ( Metal2 )
Bounds : ( 77.500, 18.285 ) ( 77.650, 18.545 )


MAR: ( Minimum Area ) Regular Wire of Net u_account_balance/balance_db[8][3]  ( Metal2 )
Bounds : ( 77.500, 20.895 ) ( 77.650, 21.155 )


MAR: ( Minimum Area ) Regular Wire of Net u_account_balance/n_793  ( Metal2 )
Bounds : ( 79.240, 17.995 ) ( 79.390, 18.255 )


MAR: ( Minimum Area ) Regular Wire of Net u_account_balance/n_789  ( Metal2 )
Bounds : ( 79.240, 21.185 ) ( 79.390, 21.445 )


MAR: ( Minimum Area ) Regular Wire of Net scan_en  ( Metal2 )
Bounds : ( 79.240, 23.215 ) ( 79.390, 23.475 )


MAR: ( Minimum Area ) Regular Wire of Net u_account_balance/n_784  ( Metal2 )
Bounds : ( 79.530, 13.065 ) ( 79.680, 13.325 )


MAR: ( Minimum Area ) Regular Wire of Net charge_done  ( Metal2 )
Bounds : ( 79.530, 23.505 ) ( 79.680, 23.765 )


MAR: ( Minimum Area ) Regular Wire of Net u_account_balance/n_655  ( Metal2 )
Bounds : ( 65.610, 17.705 ) ( 65.760, 17.965 )


MAR: ( Minimum Area ) Regular Wire of Net u_account_balance/n_655  ( Metal2 )
Bounds : ( 65.030, 21.185 ) ( 65.180, 21.445 )


MAR: ( Minimum Area ) Regular Wire of Net u_account_balance/n_578  ( Metal2 )
Bounds : ( 65.030, 17.995 ) ( 65.180, 18.255 )


MAR: ( Minimum Area ) Regular Wire of Net u_account_balance/n_720  ( Metal2 )
Bounds : ( 64.740, 21.475 ) ( 64.890, 21.735 )


MAR: ( Minimum Area ) Regular Wire of Net u_account_balance/n_707  ( Metal2 )
Bounds : ( 64.450, 20.895 ) ( 64.600, 21.155 )


MAR: ( Minimum Area ) Regular Wire of Net u_account_balance/n_789  ( Metal2 )
Bounds : ( 63.870, 15.965 ) ( 64.020, 16.225 )


MAR: ( Minimum Area ) Regular Wire of Net u_account_balance/n_1949_BAR  ( Metal2 )
Bounds : ( 63.580, 15.675 ) ( 63.730, 15.935 )


MAR: ( Minimum Area ) Regular Wire of Net u_account_balance/n_731  ( Metal2 )
Bounds : ( 60.100, 23.505 ) ( 60.250, 23.765 )


MAR: ( Minimum Area ) Regular Wire of Net u_account_balance/n_791  ( Metal2 )
Bounds : ( 58.360, 12.775 ) ( 58.510, 13.035 )


MAR: ( Minimum Area ) Regular Wire of Net clk  ( Metal2 )
Bounds : ( 57.490, 15.385 ) ( 57.640, 15.645 )


MAR: ( Minimum Area ) Regular Wire of Net u_account_balance/balance_db[0][3]  ( Metal2 )
Bounds : ( 56.040, 21.475 ) ( 56.190, 21.735 )


CUTSPACING: ( Adjacent Cut Spacing ) Regular Wire of Net u_account_balance/n_555 & Regular Wire of Net u_account_balance/balance_db[0][4]  ( Via2 )
Bounds : ( 54.885, 16.605 ) ( 55.025, 16.745 )


MAR: ( Minimum Area ) Regular Wire of Net u_account_balance/balance_db[0][4]  ( Metal2 )
Bounds : ( 54.590, 16.255 ) ( 54.740, 16.515 )


MAR: ( Minimum Area ) Regular Wire of Net u_account_balance/balance_db[4][3]  ( Metal2 )
Bounds : ( 54.590, 21.185 ) ( 54.740, 21.445 )


MAR: ( Minimum Area ) Regular Wire of Net u_account_balance/n_550  ( Metal2 )
Bounds : ( 54.880, 11.325 ) ( 55.030, 11.585 )


MAR: ( Minimum Area ) Regular Wire of Net u_account_balance/n_555  ( Metal2 )
Bounds : ( 54.880, 16.545 ) ( 55.030, 16.805 )


MAR: ( Minimum Area ) Regular Wire of Net u_account_balance/n_491  ( Metal2 )
Bounds : ( 55.460, 21.185 ) ( 55.610, 21.445 )


MAR: ( Minimum Area ) Regular Wire of Net u_account_balance/n_488  ( Metal2 )
Bounds : ( 65.610, 23.505 ) ( 65.760, 23.765 )


MAR: ( Minimum Area ) Regular Wire of Net u_account_balance/n_656  ( Metal2 )
Bounds : ( 65.900, 23.505 ) ( 66.050, 23.765 )


MAR: ( Minimum Area ) Regular Wire of Net u_account_balance/n_707  ( Metal2 )
Bounds : ( 66.190, 24.085 ) ( 66.340, 24.345 )


MAR: ( Minimum Area ) Regular Wire of Net u_account_balance/n_646  ( Metal2 )
Bounds : ( 66.480, 23.505 ) ( 66.630, 23.765 )


MAR: ( Minimum Area ) Regular Wire of Net clk  ( Metal2 )
Bounds : ( 67.060, 4.945 ) ( 67.210, 5.205 )


MAR: ( Minimum Area ) Regular Wire of Net u_account_balance/n_481  ( Metal2 )
Bounds : ( 55.460, 10.745 ) ( 55.610, 11.005 )


SHORT: ( Out Of Die ) Regular Wire of Net led_status[1]  ( Metal2 )
Bounds : ( 63.790, -0.070 ) ( 64.015, 0.000 )


MAR: ( Minimum Area ) Regular Wire of Net u_account_balance/balance_db[15][4]  ( Metal2 )
Bounds : ( 58.070, 5.815 ) ( 58.220, 6.075 )


MAR: ( Minimum Area ) Regular Wire of Net u_account_balance/n_790  ( Metal2 )
Bounds : ( 60.390, 7.555 ) ( 60.540, 7.815 )


MAR: ( Minimum Area ) Regular Wire of Net u_account_balance/n_482  ( Metal2 )
Bounds : ( 60.970, 10.745 ) ( 61.120, 11.005 )


MAR: ( Minimum Area ) Regular Wire of Net u_account_balance/n_784  ( Metal2 )
Bounds : ( 69.670, 10.455 ) ( 69.820, 10.715 )


MAR: ( Minimum Area ) Regular Wire of Net u_account_balance/n_790  ( Metal2 )
Bounds : ( 69.960, 10.745 ) ( 70.110, 11.005 )


MAR: ( Minimum Area ) Regular Wire of Net clk  ( Metal2 )
Bounds : ( 71.700, 10.165 ) ( 71.850, 10.425 )


MAR: ( Minimum Area ) Regular Wire of Net u_account_balance/n_803  ( Metal2 )
Bounds : ( 75.180, 5.525 ) ( 75.330, 5.785 )


MAR: ( Minimum Area ) Regular Wire of Net clk  ( Metal2 )
Bounds : ( 77.210, 8.135 ) ( 77.360, 8.395 )


MAR: ( Minimum Area ) Regular Wire of Net u_barrier_ctrl/barrier_position_counter[1]  ( Metal2 )
Bounds : ( 78.370, 7.265 ) ( 78.520, 7.525 )


MAR: ( Minimum Area ) Regular Wire of Net clk  ( Metal2 )
Bounds : ( 78.950, 8.135 ) ( 79.100, 8.395 )


MAR: ( Minimum Area ) Regular Wire of Net u_account_balance/n_397  ( Metal2 )
Bounds : ( 43.280, 41.775 ) ( 43.430, 42.035 )


MAR: ( Minimum Area ) Regular Wire of Net u_account_balance/n_538  ( Metal2 )
Bounds : ( 42.700, 47.575 ) ( 42.850, 47.835 )


MAR: ( Minimum Area ) Regular Wire of Net u_account_balance/n_422  ( Metal2 )
Bounds : ( 41.830, 41.775 ) ( 41.980, 42.035 )


MAR: ( Minimum Area ) Regular Wire of Net u_account_balance/n_786  ( Metal2 )
Bounds : ( 41.250, 39.165 ) ( 41.400, 39.425 )


MAR: ( Minimum Area ) Regular Wire of Net clk  ( Metal2 )
Bounds : ( 40.960, 49.895 ) ( 41.110, 50.155 )


MAR: ( Minimum Area ) Regular Wire of Net u_account_balance/n_792  ( Metal2 )
Bounds : ( 40.960, 38.875 ) ( 41.110, 39.135 )


MAR: ( Minimum Area ) Regular Wire of Net u_account_balance/n_517  ( Metal2 )
Bounds : ( 43.280, 47.285 ) ( 43.430, 47.545 )


MAR: ( Minimum Area ) Regular Wire of Net u_account_balance/balance_db[12][5]  ( Metal2 )
Bounds : ( 45.600, 49.605 ) ( 45.750, 49.865 )


MAR: ( Minimum Area ) Regular Wire of Net u_account_balance/balance_db[10][5]  ( Metal2 )
Bounds : ( 47.050, 42.065 ) ( 47.200, 42.325 )


MAR: ( Minimum Area ) Regular Wire of Net u_account_balance/n_793  ( Metal2 )
Bounds : ( 47.050, 49.315 ) ( 47.200, 49.575 )


MAR: ( Minimum Area ) Regular Wire of Net u_account_balance/n_786  ( Metal2 )
Bounds : ( 47.050, 49.605 ) ( 47.200, 49.865 )


MAR: ( Minimum Area ) Regular Wire of Net u_account_balance/balance_db[5][5]  ( Metal2 )
Bounds : ( 47.340, 43.805 ) ( 47.490, 44.065 )


MAR: ( Minimum Area ) Regular Wire of Net u_account_balance/balance_db[5][5]  ( Metal2 )
Bounds : ( 47.575, 47.300 ) ( 47.780, 47.545 )


MAR: ( Minimum Area ) Regular Wire of Net u_account_balance/balance_db[10][5]  ( Metal2 )
Bounds : ( 47.920, 38.585 ) ( 48.070, 38.845 )


MAR: ( Minimum Area ) Regular Wire of Net clk  ( Metal2 )
Bounds : ( 47.920, 44.675 ) ( 48.070, 44.935 )


MAR: ( Minimum Area ) Regular Wire of Net u_account_balance/n_808  ( Metal2 )
Bounds : ( 47.920, 47.285 ) ( 48.070, 47.545 )


MAR: ( Minimum Area ) Regular Wire of Net u_account_balance/n_725  ( Metal2 )
Bounds : ( 48.210, 47.575 ) ( 48.360, 47.835 )


MAR: ( Minimum Area ) Regular Wire of Net u_account_balance/n_710  ( Metal2 )
Bounds : ( 48.790, 47.285 ) ( 48.940, 47.545 )


MAR: ( Minimum Area ) Regular Wire of Net u_account_balance/n_710  ( Metal2 )
Bounds : ( 49.950, 41.485 ) ( 50.100, 41.745 )


MAR: ( Minimum Area ) Regular Wire of Net u_account_balance/n_534  ( Metal2 )
Bounds : ( 50.240, 46.995 ) ( 50.390, 47.255 )


MAR: ( Minimum Area ) Regular Wire of Net u_account_balance/n_369  ( Metal2 )
Bounds : ( 39.510, 38.585 ) ( 39.660, 38.845 )


MAR: ( Minimum Area ) Regular Wire of Net u_account_balance/n_498  ( Metal2 )
Bounds : ( 38.930, 49.605 ) ( 39.080, 49.865 )


MAR: ( Minimum Area ) Regular Wire of Net u_account_balance/n_538  ( Metal2 )
Bounds : ( 37.190, 47.575 ) ( 37.340, 47.835 )


MAR: ( Minimum Area ) Regular Wire of Net u_account_balance/n_498  ( Metal2 )
Bounds : ( 36.900, 44.385 ) ( 37.050, 44.645 )


MAR: ( Minimum Area ) Regular Wire of Net u_account_balance/n_489  ( Metal2 )
Bounds : ( 36.610, 49.605 ) ( 36.760, 49.865 )


MAR: ( Minimum Area ) Regular Wire of Net u_account_balance/n_540  ( Metal2 )
Bounds : ( 36.320, 43.805 ) ( 36.470, 44.065 )


MAR: ( Minimum Area ) Regular Wire of Net u_account_balance/n_520  ( Metal2 )
Bounds : ( 36.030, 49.025 ) ( 36.180, 49.285 )


MAR: ( Minimum Area ) Regular Wire of Net u_account_balance/n_523  ( Metal2 )
Bounds : ( 34.870, 47.285 ) ( 35.020, 47.545 )


MAR: ( Minimum Area ) Regular Wire of Net u_account_balance/n_491  ( Metal2 )
Bounds : ( 33.710, 46.995 ) ( 33.860, 47.255 )


MAR: ( Minimum Area ) Regular Wire of Net u_account_balance/n_540  ( Metal2 )
Bounds : ( 27.040, 49.315 ) ( 27.190, 49.575 )


MAR: ( Minimum Area ) Regular Wire of Net u_account_balance/n_752  ( Metal2 )
Bounds : ( 27.330, 41.775 ) ( 27.480, 42.035 )


MAR: ( Minimum Area ) Regular Wire of Net u_account_balance/n_427  ( Metal2 )
Bounds : ( 27.910, 44.385 ) ( 28.060, 44.645 )


MAR: ( Minimum Area ) Regular Wire of Net u_account_balance/n_151  ( Metal2 )
Bounds : ( 28.200, 41.775 ) ( 28.350, 42.035 )


MAR: ( Minimum Area ) Regular Wire of Net u_account_balance/n_370  ( Metal2 )
Bounds : ( 28.200, 42.355 ) ( 28.350, 42.615 )


MAR: ( Minimum Area ) Regular Wire of Net u_account_balance/n_383  ( Metal2 )
Bounds : ( 28.490, 38.295 ) ( 28.640, 38.555 )


MAR: ( Minimum Area ) Regular Wire of Net u_account_balance/n_201  ( Metal2 )
Bounds : ( 28.490, 38.875 ) ( 28.640, 39.135 )


MAR: ( Minimum Area ) Regular Wire of Net u_account_balance/n_427  ( Metal2 )
Bounds : ( 29.070, 41.195 ) ( 29.220, 41.455 )


MAR: ( Minimum Area ) Regular Wire of Net u_account_balance/n_370  ( Metal2 )
Bounds : ( 29.360, 42.355 ) ( 29.510, 42.615 )


MAR: ( Minimum Area ) Regular Wire of Net u_account_balance/n_383  ( Metal2 )
Bounds : ( 29.360, 49.605 ) ( 29.510, 49.865 )


MAR: ( Minimum Area ) Regular Wire of Net scan_en  ( Metal2 )
Bounds : ( 29.650, 44.095 ) ( 29.800, 44.355 )


MAR: ( Minimum Area ) Regular Wire of Net u_account_balance/n_151  ( Metal2 )
Bounds : ( 29.940, 41.775 ) ( 30.090, 42.035 )


MAR: ( Minimum Area ) Regular Wire of Net u_account_balance/balance_db[3][6]  ( Metal2 )
Bounds : ( 29.940, 49.605 ) ( 30.090, 49.865 )


MAR: ( Minimum Area ) Regular Wire of Net u_account_balance/n_489  ( Metal2 )
Bounds : ( 31.390, 46.995 ) ( 31.540, 47.255 )


MAR: ( Minimum Area ) Regular Wire of Net u_account_balance/n_522  ( Metal2 )
Bounds : ( 31.970, 47.575 ) ( 32.120, 47.835 )


MAR: ( Minimum Area ) Regular Wire of Net clk  ( Metal2 )
Bounds : ( 41.250, 29.015 ) ( 41.400, 29.275 )


MAR: ( Minimum Area ) Regular Wire of Net u_account_balance/n_795  ( Metal2 )
Bounds : ( 41.540, 36.265 ) ( 41.690, 36.525 )


MAR: ( Minimum Area ) Regular Wire of Net u_account_balance/n_489  ( Metal2 )
Bounds : ( 41.830, 36.845 ) ( 41.980, 37.105 )


MAR: ( Minimum Area ) Regular Wire of Net u_account_balance/n_396  ( Metal2 )
Bounds : ( 42.410, 28.145 ) ( 42.560, 28.405 )


MAR: ( Minimum Area ) Regular Wire of Net u_account_balance/n_242  ( Metal2 )
Bounds : ( 42.410, 31.045 ) ( 42.560, 31.305 )


MAR: ( Minimum Area ) Regular Wire of Net u_account_balance/n_461  ( Metal2 )
Bounds : ( 43.280, 31.915 ) ( 43.430, 32.175 )


MAR: ( Minimum Area ) Regular Wire of Net u_account_balance/n_527  ( Metal2 )
Bounds : ( 46.145, 28.725 ) ( 46.330, 28.925 )


MAR: ( Minimum Area ) Regular Wire of Net u_account_balance/n_808  ( Metal2 )
Bounds : ( 46.760, 36.555 ) ( 46.910, 36.815 )


MAR: ( Minimum Area ) Regular Wire of Net u_account_balance/n_527  ( Metal2 )
Bounds : ( 47.340, 28.725 ) ( 47.490, 28.985 )


MAR: ( Minimum Area ) Regular Wire of Net u_account_balance/balance_db[2][4]  ( Metal2 )
Bounds : ( 47.630, 26.695 ) ( 47.780, 26.955 )


MAR: ( Minimum Area ) Regular Wire of Net u_account_balance/balance_db[11][4]  ( Metal2 )
Bounds : ( 47.630, 28.435 ) ( 47.780, 28.695 )


MAR: ( Minimum Area ) Regular Wire of Net u_account_balance/n_647  ( Metal2 )
Bounds : ( 47.920, 28.145 ) ( 48.070, 28.405 )


MAR: ( Minimum Area ) Regular Wire of Net u_account_balance/n_490  ( Metal2 )
Bounds : ( 47.920, 36.555 ) ( 48.070, 36.815 )


MAR: ( Minimum Area ) Regular Wire of Net u_account_balance/n_487  ( Metal2 )
Bounds : ( 48.500, 28.435 ) ( 48.650, 28.695 )


MAR: ( Minimum Area ) Regular Wire of Net u_account_balance/n_1949_BAR  ( Metal2 )
Bounds : ( 48.500, 31.625 ) ( 48.650, 31.885 )


MAR: ( Minimum Area ) Regular Wire of Net u_account_balance/n_487  ( Metal2 )
Bounds : ( 48.500, 36.265 ) ( 48.650, 36.525 )


MAR: ( Minimum Area ) Regular Wire of Net u_account_balance/n_802  ( Metal2 )
Bounds : ( 49.370, 31.625 ) ( 49.520, 31.885 )


MAR: ( Minimum Area ) Regular Wire of Net scan_en  ( Metal2 )
Bounds : ( 49.660, 33.655 ) ( 49.810, 33.915 )


MAR: ( Minimum Area ) Regular Wire of Net u_account_balance/n_488  ( Metal2 )
Bounds : ( 51.110, 26.405 ) ( 51.260, 26.665 )


MAR: ( Minimum Area ) Regular Wire of Net u_account_balance/n_425  ( Metal2 )
Bounds : ( 51.110, 36.555 ) ( 51.260, 36.815 )


MAR: ( Minimum Area ) Regular Wire of Net u_account_balance/n_458  ( Metal2 )
Bounds : ( 51.400, 37.135 ) ( 51.550, 37.395 )


MAR: ( Minimum Area ) Regular Wire of Net scan_en  ( Metal2 )
Bounds : ( 51.690, 33.655 ) ( 51.840, 33.915 )


MAR: ( Minimum Area ) Regular Wire of Net u_account_balance/balance_db[2][4]  ( Metal2 )
Bounds : ( 51.980, 33.945 ) ( 52.130, 34.205 )


MAR: ( Minimum Area ) Regular Wire of Net u_account_balance/n_498  ( Metal2 )
Bounds : ( 52.270, 28.435 ) ( 52.420, 28.695 )


MAR: ( Minimum Area ) Regular Wire of Net u_account_balance/balance_db[1][1]  ( Metal2 )
Bounds : ( 39.220, 36.555 ) ( 39.370, 36.815 )


MAR: ( Minimum Area ) Regular Wire of Net u_account_balance/n_752  ( Metal2 )
Bounds : ( 32.550, 36.845 ) ( 32.700, 37.105 )


MAR: ( Minimum Area ) Regular Wire of Net u_account_balance/n_773  ( Metal2 )
Bounds : ( 31.390, 31.625 ) ( 31.540, 31.885 )


MAR: ( Minimum Area ) Regular Wire of Net u_account_balance/n_80  ( Metal2 )
Bounds : ( 30.520, 34.235 ) ( 30.670, 34.495 )


MAR: ( Minimum Area ) Regular Wire of Net u_account_balance/n_96  ( Metal2 )
Bounds : ( 30.520, 31.915 ) ( 30.670, 32.175 )


MAR: ( Minimum Area ) Regular Wire of Net n_65  ( Metal2 )
Bounds : ( 30.520, 31.335 ) ( 30.670, 31.595 )


MAR: ( Minimum Area ) Regular Wire of Net u_account_balance/n_279  ( Metal2 )
Bounds : ( 29.650, 36.265 ) ( 29.800, 36.525 )


MAR: ( Minimum Area ) Regular Wire of Net id_to_check[1]  ( Metal2 )
Bounds : ( 29.650, 33.655 ) ( 29.800, 33.915 )


MAR: ( Minimum Area ) Regular Wire of Net u_account_balance/n_96  ( Metal2 )
Bounds : ( 29.360, 36.555 ) ( 29.510, 36.815 )


MAR: ( Minimum Area ) Regular Wire of Net id_to_check[1]  ( Metal2 )
Bounds : ( 29.070, 31.335 ) ( 29.220, 31.595 )


MAR: ( Minimum Area ) Regular Wire of Net u_account_balance/n_393  ( Metal2 )
Bounds : ( 27.330, 33.365 ) ( 27.480, 33.625 )


MAR: ( Minimum Area ) Regular Wire of Net u_account_balance/n_766  ( Metal2 )
Bounds : ( 26.750, 36.555 ) ( 26.900, 36.815 )


CUTSPACING: ( Adjacent Cut Spacing ) Regular Wire of Net u_account_balance/n_766 & Regular Wire of Net u_account_balance/n_752  ( Via2 )
Bounds : ( 27.045, 36.615 ) ( 27.185, 36.755 )


CUTSPACING: ( Adjacent Cut Spacing ) Regular Wire of Net id_to_check[1] & Regular Wire of Net u_account_balance/n_96  ( Via2 )
Bounds : ( 29.365, 33.715 ) ( 29.505, 33.855 )


MAR: ( Minimum Area ) Regular Wire of Net u_account_balance/n_463  ( Metal2 )
Bounds : ( 34.000, 31.915 ) ( 34.150, 32.175 )


MAR: ( Minimum Area ) Regular Wire of Net u_account_balance/balance_db[3][1]  ( Metal2 )
Bounds : ( 35.450, 36.555 ) ( 35.600, 36.815 )


MAR: ( Minimum Area ) Regular Wire of Net u_account_balance/n_383  ( Metal2 )
Bounds : ( 36.030, 36.555 ) ( 36.180, 36.815 )


MAR: ( Minimum Area ) Regular Wire of Net u_account_balance/balance_db[2][1]  ( Metal2 )
Bounds : ( 36.320, 31.335 ) ( 36.470, 31.595 )


MAR: ( Minimum Area ) Regular Wire of Net u_account_balance/n_464  ( Metal2 )
Bounds : ( 36.320, 33.945 ) ( 36.470, 34.205 )


MAR: ( Minimum Area ) Regular Wire of Net u_account_balance/balance_db[2][1]  ( Metal2 )
Bounds : ( 37.770, 33.945 ) ( 37.920, 34.205 )


MAR: ( Minimum Area ) Regular Wire of Net u_account_balance/n_464  ( Metal2 )
Bounds : ( 37.770, 37.135 ) ( 37.920, 37.395 )


MAR: ( Minimum Area ) Regular Wire of Net u_account_balance/n_368  ( Metal2 )
Bounds : ( 39.220, 31.335 ) ( 39.370, 31.595 )


MAR: ( Minimum Area ) Regular Wire of Net u_account_balance/n_773  ( Metal2 )
Bounds : ( 30.810, 28.435 ) ( 30.960, 28.695 )


MAR: ( Minimum Area ) Regular Wire of Net u_account_balance/n_792  ( Metal2 )
Bounds : ( 27.620, 26.405 ) ( 27.770, 26.665 )


MAR: ( Minimum Area ) Regular Wire of Net id_to_check[3]  ( Metal2 )
Bounds : ( 36.030, 26.405 ) ( 36.180, 26.665 )


MAR: ( Minimum Area ) Regular Wire of Net u_account_balance/n_508  ( Metal2 )
Bounds : ( 36.320, 26.695 ) ( 36.470, 26.955 )


MAR: ( Minimum Area ) Regular Wire of Net u_account_balance/n_475  ( Metal2 )
Bounds : ( 36.610, 26.695 ) ( 36.760, 26.955 )


MAR: ( Minimum Area ) Regular Wire of Net u_account_balance/balance_db[2][1]  ( Metal2 )
Bounds : ( 36.900, 26.115 ) ( 37.050, 26.375 )


MAR: ( Minimum Area ) Regular Wire of Net id_to_check[0]  ( Metal2 )
Bounds : ( 38.640, 26.405 ) ( 38.790, 26.665 )


MAR: ( Minimum Area ) Regular Wire of Net u_account_balance/n_567  ( Metal2 )
Bounds : ( 39.220, 25.825 ) ( 39.370, 26.085 )


MAR: ( Minimum Area ) Regular Wire of Net u_account_balance/n_242  ( Metal2 )
Bounds : ( 33.130, 31.045 ) ( 33.280, 31.305 )


MAR: ( Minimum Area ) Regular Wire of Net u_account_balance/n_499  ( Metal2 )
Bounds : ( 15.730, 41.775 ) ( 15.880, 42.065 )


MAR: ( Minimum Area ) Regular Wire of Net id_to_check[1]  ( Metal2 )
Bounds : ( 15.150, 39.165 ) ( 15.300, 39.425 )


MAR: ( Minimum Area ) Regular Wire of Net u_account_balance/n_803  ( Metal2 )
Bounds : ( 14.570, 38.835 ) ( 14.735, 38.845 )


MAR: ( Minimum Area ) Regular Wire of Net u_account_balance/n_799  ( Metal2 )
Bounds : ( 14.280, 42.110 ) ( 14.445, 42.325 )


MAR: ( Minimum Area ) Regular Wire of Net u_account_balance/balance_db[9][6]  ( Metal2 )
Bounds : ( 13.990, 43.805 ) ( 14.140, 44.065 )


CUTSPACING: ( Adjacent Cut Spacing ) Regular Wire of Net u_account_balance/n_657 & Regular Wire of Net u_account_balance/balance_db[1][6]  ( Via2 )
Bounds : ( 23.275, 49.085 ) ( 23.415, 49.225 )


MAR: ( Minimum Area ) Regular Wire of Net u_account_balance/n_770  ( Metal2 )
Bounds : ( 16.020, 39.140 ) ( 16.170, 39.425 )


MAR: ( Minimum Area ) Regular Wire of Net id_to_check[1]  ( Metal2 )
Bounds : ( 17.470, 42.065 ) ( 17.620, 42.325 )


MAR: ( Minimum Area ) Regular Wire of Net u_account_balance/n_789  ( Metal2 )
Bounds : ( 17.760, 38.585 ) ( 17.910, 38.845 )


MAR: ( Minimum Area ) Regular Wire of Net u_account_balance/n_797  ( Metal2 )
Bounds : ( 18.630, 47.285 ) ( 18.780, 47.545 )


MAR: ( Minimum Area ) Regular Wire of Net u_account_balance/n_1939_BAR  ( Metal2 )
Bounds : ( 18.630, 49.605 ) ( 18.780, 49.865 )


MAR: ( Minimum Area ) Regular Wire of Net u_account_balance/n_499  ( Metal2 )
Bounds : ( 19.500, 41.775 ) ( 19.650, 42.065 )


MAR: ( Minimum Area ) Regular Wire of Net u_account_balance/n_481  ( Metal2 )
Bounds : ( 20.370, 49.315 ) ( 20.520, 49.575 )


MAR: ( Minimum Area ) Regular Wire of Net u_account_balance/n_489  ( Metal2 )
Bounds : ( 20.660, 39.455 ) ( 20.810, 39.715 )


MAR: ( Minimum Area ) Regular Wire of Net u_account_balance/n_802  ( Metal2 )
Bounds : ( 20.660, 44.095 ) ( 20.810, 44.355 )


MAR: ( Minimum Area ) Regular Wire of Net u_account_balance/n_482  ( Metal2 )
Bounds : ( 20.660, 49.605 ) ( 20.810, 49.865 )


MAR: ( Minimum Area ) Regular Wire of Net u_account_balance/n_796  ( Metal2 )
Bounds : ( 20.935, 42.110 ) ( 21.100, 42.325 )


MAR: ( Minimum Area ) Regular Wire of Net u_account_balance/n_477  ( Metal2 )
Bounds : ( 21.530, 39.165 ) ( 21.680, 39.425 )


MAR: ( Minimum Area ) Regular Wire of Net u_account_balance/n_481  ( Metal2 )
Bounds : ( 21.530, 46.995 ) ( 21.680, 47.255 )


MAR: ( Minimum Area ) Regular Wire of Net id_to_check[2]  ( Metal2 )
Bounds : ( 22.110, 39.165 ) ( 22.260, 39.425 )


MAR: ( Minimum Area ) Regular Wire of Net u_account_balance/n_489  ( Metal2 )
Bounds : ( 22.110, 46.995 ) ( 22.260, 47.255 )


MAR: ( Minimum Area ) Regular Wire of Net id_to_check[2]  ( Metal2 )
Bounds : ( 22.400, 42.065 ) ( 22.550, 42.325 )


MAR: ( Minimum Area ) Regular Wire of Net id_to_check[1]  ( Metal2 )
Bounds : ( 22.690, 42.065 ) ( 22.840, 42.325 )


MAR: ( Minimum Area ) Regular Wire of Net u_account_balance/balance_db[1][6]  ( Metal2 )
Bounds : ( 22.690, 43.805 ) ( 22.840, 44.065 )


MAR: ( Minimum Area ) Regular Wire of Net u_account_balance/n_657  ( Metal2 )
Bounds : ( 23.560, 49.025 ) ( 23.710, 49.285 )


MAR: ( Minimum Area ) Regular Wire of Net u_account_balance/n_535  ( Metal2 )
Bounds : ( 23.850, 49.315 ) ( 24.000, 49.575 )


MAR: ( Minimum Area ) Regular Wire of Net clk  ( Metal2 )
Bounds : ( 24.140, 46.705 ) ( 24.290, 46.965 )


MAR: ( Minimum Area ) Regular Wire of Net u_account_balance/n_201  ( Metal2 )
Bounds : ( 25.590, 39.165 ) ( 25.740, 39.425 )


MAR: ( Minimum Area ) Regular Wire of Net u_account_balance/n_770  ( Metal2 )
Bounds : ( 12.830, 39.165 ) ( 12.980, 39.425 )


MAR: ( Minimum Area ) Regular Wire of Net clk  ( Metal2 )
Bounds : ( 12.540, 49.895 ) ( 12.690, 50.155 )


MAR: ( Minimum Area ) Regular Wire of Net clk  ( Metal2 )
Bounds : ( 12.540, 46.705 ) ( 12.690, 46.965 )


MAR: ( Minimum Area ) Regular Wire of Net id_to_check[2]  ( Metal2 )
Bounds : ( 12.250, 41.775 ) ( 12.400, 42.035 )


MAR: ( Minimum Area ) Regular Wire of Net u_account_balance/balance_db[13][6]  ( Metal2 )
Bounds : ( 11.960, 47.575 ) ( 12.110, 47.835 )


MAR: ( Minimum Area ) Regular Wire of Net id_to_check[1]  ( Metal2 )
Bounds : ( 11.670, 38.585 ) ( 11.820, 38.845 )


MAR: ( Minimum Area ) Regular Wire of Net scan_en  ( Metal2 )
Bounds : ( 11.090, 44.095 ) ( 11.240, 44.355 )


MAR: ( Minimum Area ) Regular Wire of Net clk  ( Metal2 )
Bounds : ( 11.090, 39.455 ) ( 11.240, 39.715 )


MAR: ( Minimum Area ) Regular Wire of Net id_to_check[1]  ( Metal2 )
Bounds : ( 10.800, 44.385 ) ( 10.950, 44.645 )


MAR: ( Minimum Area ) Regular Wire of Net u_vehicle_interface/n_11  ( Metal2 )
Bounds : ( 10.220, 42.355 ) ( 10.370, 42.615 )


MAR: ( Minimum Area ) Regular Wire of Net vehicle_id_in[2]  ( Metal2 )
Bounds : ( 9.930, 41.485 ) ( 10.080, 41.745 )


MAR: ( Minimum Area ) Regular Wire of Net u_vehicle_interface/n_11  ( Metal2 )
Bounds : ( 9.350, 44.385 ) ( 9.500, 44.645 )


MAR: ( Minimum Area ) Regular Wire of Net u_vehicle_interface/n_28  ( Metal2 )
Bounds : ( 9.060, 41.775 ) ( 9.210, 42.035 )


MAR: ( Minimum Area ) Regular Wire of Net u_vehicle_interface/n_8  ( Metal2 )
Bounds : ( 8.480, 41.775 ) ( 8.630, 42.035 )


MAR: ( Minimum Area ) Regular Wire of Net u_vehicle_interface/n_8  ( Metal2 )
Bounds : ( 7.030, 41.775 ) ( 7.180, 42.035 )


MAR: ( Minimum Area ) Regular Wire of Net id_to_check[1]  ( Metal2 )
Bounds : ( 6.740, 42.065 ) ( 6.890, 42.325 )


MAR: ( Minimum Area ) Regular Wire of Net u_vehicle_interface/n_13  ( Metal2 )
Bounds : ( 6.450, 39.165 ) ( 6.600, 39.425 )


MAR: ( Minimum Area ) Regular Wire of Net u_vehicle_interface/n_13  ( Metal2 )
Bounds : ( 5.290, 42.355 ) ( 5.440, 42.615 )


MAR: ( Minimum Area ) Regular Wire of Net id_to_check[0]  ( Metal2 )
Bounds : ( 5.000, 39.165 ) ( 5.150, 39.425 )


SHORT: ( Out Of Die ) Regular Wire of Net vehicle_id_in[0]  ( Metal3 )
Bounds : ( -0.070, 40.675 ) ( 0.000, 40.900 )


MAR: ( Minimum Area ) Regular Wire of Net id_to_check[2]  ( Metal2 )
Bounds : ( 4.130, 43.805 ) ( 4.280, 44.065 )


MAR: ( Minimum Area ) Regular Wire of Net u_account_balance/balance_db[14][6]  ( Metal2 )
Bounds : ( 4.130, 49.025 ) ( 4.280, 49.285 )


MAR: ( Minimum Area ) Regular Wire of Net scan_en  ( Metal2 )
Bounds : ( 4.710, 38.875 ) ( 4.860, 39.135 )


MAR: ( Minimum Area ) Regular Wire of Net clk  ( Metal2 )
Bounds : ( 4.710, 44.675 ) ( 4.860, 44.935 )


MAR: ( Minimum Area ) Regular Wire of Net id_to_check[2]  ( Metal2 )
Bounds : ( 21.820, 33.655 ) ( 21.970, 33.915 )


MAR: ( Minimum Area ) Regular Wire of Net u_account_balance/n_470  ( Metal2 )
Bounds : ( 20.660, 36.845 ) ( 20.810, 37.105 )


MAR: ( Minimum Area ) Regular Wire of Net id_to_check[2]  ( Metal2 )
Bounds : ( 19.790, 33.655 ) ( 19.940, 33.915 )


MAR: ( Minimum Area ) Regular Wire of Net id_to_check[3]  ( Metal2 )
Bounds : ( 19.210, 33.945 ) ( 19.360, 34.205 )


MAR: ( Minimum Area ) Regular Wire of Net n_64  ( Metal2 )
Bounds : ( 19.210, 31.335 ) ( 19.360, 31.595 )


MAR: ( Minimum Area ) Regular Wire of Net u_account_balance/n_748  ( Metal2 )
Bounds : ( 18.630, 33.655 ) ( 18.780, 33.915 )


MAR: ( Minimum Area ) Regular Wire of Net reset  ( Metal2 )
Bounds : ( 18.050, 31.625 ) ( 18.200, 31.885 )


MAR: ( Minimum Area ) Regular Wire of Net id_to_check[1]  ( Metal2 )
Bounds : ( 16.890, 33.655 ) ( 17.040, 33.915 )


MAR: ( Minimum Area ) Regular Wire of Net u_account_balance/n_469  ( Metal2 )
Bounds : ( 16.600, 33.655 ) ( 16.760, 33.915 )


MAR: ( Minimum Area ) Regular Wire of Net u_account_balance/n_766  ( Metal2 )
Bounds : ( 14.570, 31.335 ) ( 14.720, 31.595 )


MAR: ( Minimum Area ) Regular Wire of Net u_account_balance/n_821  ( Metal2 )
Bounds : ( 14.570, 31.915 ) ( 14.720, 32.175 )


MAR: ( Minimum Area ) Regular Wire of Net u_account_balance/n_820  ( Metal2 )
Bounds : ( 15.150, 31.335 ) ( 15.300, 31.595 )


MAR: ( Minimum Area ) Regular Wire of Net u_account_balance/n_468  ( Metal2 )
Bounds : ( 15.440, 33.945 ) ( 15.590, 34.205 )


MAR: ( Minimum Area ) Regular Wire of Net id_to_check[2]  ( Metal2 )
Bounds : ( 15.440, 36.845 ) ( 15.590, 37.105 )


MAR: ( Minimum Area ) Regular Wire of Net u_account_balance/n_767  ( Metal2 )
Bounds : ( 22.400, 34.235 ) ( 22.550, 34.495 )


MAR: ( Minimum Area ) Regular Wire of Net u_account_balance/n_792  ( Metal2 )
Bounds : ( 22.675, 37.135 ) ( 22.840, 37.150 )


MAR: ( Minimum Area ) Regular Wire of Net u_account_balance/n_748  ( Metal2 )
Bounds : ( 22.980, 31.625 ) ( 23.130, 31.885 )


MAR: ( Minimum Area ) Regular Wire of Net u_account_balance/n_752  ( Metal2 )
Bounds : ( 25.010, 36.265 ) ( 25.160, 36.525 )


MAR: ( Minimum Area ) Regular Wire of Net u_account_balance/n_115  ( Metal2 )
Bounds : ( 26.090, 31.625 ) ( 26.320, 31.885 )


MAR: ( Minimum Area ) Regular Wire of Net u_account_balance/n_489  ( Metal2 )
Bounds : ( 21.530, 26.405 ) ( 21.680, 26.665 )


MAR: ( Minimum Area ) Regular Wire of Net u_account_balance/n_687  ( Metal2 )
Bounds : ( 20.950, 28.725 ) ( 21.100, 28.985 )


MAR: ( Minimum Area ) Regular Wire of Net u_account_balance/n_685  ( Metal2 )
Bounds : ( 20.370, 28.725 ) ( 20.520, 28.985 )


MAR: ( Minimum Area ) Regular Wire of Net SPCASCAN_N0  ( Metal2 )
Bounds : ( 18.920, 25.775 ) ( 19.075, 25.795 )


MAR: ( Minimum Area ) Regular Wire of Net u_account_balance/n_800  ( Metal2 )
Bounds : ( 16.310, 29.065 ) ( 16.465, 29.275 )


MAR: ( Minimum Area ) Regular Wire of Net u_account_balance/n_208  ( Metal2 )
Bounds : ( 16.020, 28.725 ) ( 16.170, 28.985 )


MAR: ( Minimum Area ) Regular Wire of Net u_account_balance/balance_db[10][2]  ( Metal2 )
Bounds : ( 16.020, 26.695 ) ( 16.170, 26.955 )


MAR: ( Minimum Area ) Regular Wire of Net u_account_balance/n_514  ( Metal2 )
Bounds : ( 13.405, 25.825 ) ( 13.560, 26.035 )


MAR: ( Minimum Area ) Regular Wire of Net SPCASCAN_N0  ( Metal2 )
Bounds : ( 13.410, 28.145 ) ( 13.560, 28.405 )


MAR: ( Minimum Area ) Regular Wire of Net id_to_check[0]  ( Metal2 )
Bounds : ( 13.700, 26.115 ) ( 13.850, 26.375 )


MAR: ( Minimum Area ) Regular Wire of Net u_account_balance/n_475  ( Metal2 )
Bounds : ( 13.700, 28.435 ) ( 13.850, 28.695 )


MAR: ( Minimum Area ) Regular Wire of Net u_account_balance/n_512  ( Metal2 )
Bounds : ( 14.570, 26.115 ) ( 14.720, 26.375 )


MAR: ( Minimum Area ) Regular Wire of Net u_account_balance/balance_db[2][2]  ( Metal2 )
Bounds : ( 15.150, 28.725 ) ( 15.300, 28.985 )


MAR: ( Minimum Area ) Regular Wire of Net u_account_balance/balance_db[2][2]  ( Metal2 )
Bounds : ( 15.440, 26.695 ) ( 15.590, 26.955 )


MAR: ( Minimum Area ) Regular Wire of Net u_account_balance/n_820  ( Metal2 )
Bounds : ( 15.440, 28.145 ) ( 15.590, 28.405 )


MAR: ( Minimum Area ) Regular Wire of Net u_account_balance/n_687  ( Metal2 )
Bounds : ( 22.110, 26.695 ) ( 22.260, 26.955 )


MAR: ( Minimum Area ) Regular Wire of Net u_account_balance/n_583  ( Metal2 )
Bounds : ( 22.400, 26.695 ) ( 22.550, 26.955 )


MAR: ( Minimum Area ) Regular Wire of Net u_account_balance/n_498  ( Metal2 )
Bounds : ( 22.690, 26.115 ) ( 22.840, 26.375 )


MAR: ( Minimum Area ) Regular Wire of Net reset  ( Metal2 )
Bounds : ( 23.560, 28.435 ) ( 23.710, 28.695 )


MAR: ( Minimum Area ) Regular Wire of Net u_account_balance/n_800  ( Metal2 )
Bounds : ( 25.590, 26.695 ) ( 25.740, 26.955 )


MAR: ( Minimum Area ) Regular Wire of Net u_account_balance/n_791  ( Metal2 )
Bounds : ( 26.170, 29.015 ) ( 26.320, 29.275 )


MAR: ( Minimum Area ) Regular Wire of Net u_vehicle_interface/n_8  ( Metal2 )
Bounds : ( 19.500, 31.045 ) ( 19.650, 31.305 )


MAR: ( Minimum Area ) Regular Wire of Net u_vehicle_interface/n_28  ( Metal2 )
Bounds : ( 12.830, 36.555 ) ( 12.980, 36.815 )


MAR: ( Minimum Area ) Regular Wire of Net scan_en  ( Metal2 )
Bounds : ( 12.830, 31.625 ) ( 12.980, 31.885 )


MAR: ( Minimum Area ) Regular Wire of Net vehicle_id_in[0]  ( Metal2 )
Bounds : ( 11.960, 36.265 ) ( 12.110, 36.525 )


MAR: ( Minimum Area ) Regular Wire of Net u_vehicle_interface/n_12  ( Metal2 )
Bounds : ( 11.670, 37.135 ) ( 11.820, 37.395 )


MAR: ( Minimum Area ) Regular Wire of Net u_account_balance/n_800  ( Metal2 )
Bounds : ( 10.800, 26.115 ) ( 10.950, 26.375 )


MAR: ( Minimum Area ) Regular Wire of Net u_account_balance/n_800  ( Metal2 )
Bounds : ( 9.350, 28.725 ) ( 9.500, 28.985 )


MAR: ( Minimum Area ) Regular Wire of Net u_vehicle_interface/n_10  ( Metal2 )
Bounds : ( 6.450, 33.945 ) ( 6.600, 34.205 )


MAR: ( Minimum Area ) Regular Wire of Net id_to_check[0]  ( Metal2 )
Bounds : ( 5.290, 31.625 ) ( 5.440, 31.885 )


MAR: ( Minimum Area ) Regular Wire of Net u_account_balance/balance_db[10][2]  ( Metal2 )
Bounds : ( 4.130, 26.695 ) ( 4.280, 26.955 )


CUTSPACING: ( Adjacent Cut Spacing ) Regular Wire of Net u_vehicle_interface/n_10 & Regular Wire of Net id_to_check[2]  ( Via2 )
Bounds : ( 6.165, 34.005 ) ( 6.305, 34.145 )


MAR: ( Minimum Area ) Regular Wire of Net clk  ( Metal2 )
Bounds : ( 4.420, 31.335 ) ( 4.570, 31.595 )


MAR: ( Minimum Area ) Regular Wire of Net clk  ( Metal2 )
Bounds : ( 4.710, 25.825 ) ( 4.860, 26.085 )


MAR: ( Minimum Area ) Regular Wire of Net clk  ( Metal2 )
Bounds : ( 4.710, 29.015 ) ( 4.860, 29.275 )


MAR: ( Minimum Area ) Regular Wire of Net scan_en  ( Metal2 )
Bounds : ( 4.710, 33.655 ) ( 4.860, 33.915 )


MAR: ( Minimum Area ) Regular Wire of Net id_to_check[2]  ( Metal2 )
Bounds : ( 5.000, 33.945 ) ( 5.150, 34.205 )


MAR: ( Minimum Area ) Regular Wire of Net u_account_balance/n_792  ( Metal2 )
Bounds : ( 11.090, 26.405 ) ( 11.240, 26.665 )


MAR: ( Minimum Area ) Regular Wire of Net clk  ( Metal2 )
Bounds : ( 11.090, 34.235 ) ( 11.240, 34.495 )


MAR: ( Minimum Area ) Regular Wire of Net u_account_balance/n_133  ( Metal2 )
Bounds : ( 26.460, 31.625 ) ( 26.610, 31.885 )


MAR: ( Minimum Area ) Regular Wire of Net id_to_check[0]  ( Metal2 )
Bounds : ( 26.460, 39.165 ) ( 26.610, 39.425 )


MAR: ( Minimum Area ) Regular Wire of Net u_account_balance/n_677  ( Metal2 )
Bounds : ( 43.860, 20.895 ) ( 44.010, 21.155 )


MAR: ( Minimum Area ) Regular Wire of Net u_account_balance/balance_db[4][1]  ( Metal2 )
Bounds : ( 43.860, 15.675 ) ( 44.010, 15.935 )


MAR: ( Minimum Area ) Regular Wire of Net u_account_balance/n_582  ( Metal2 )
Bounds : ( 42.700, 23.505 ) ( 42.850, 23.765 )


MAR: ( Minimum Area ) Regular Wire of Net u_account_balance/n_488  ( Metal2 )
Bounds : ( 42.410, 23.215 ) ( 42.560, 23.475 )


MAR: ( Minimum Area ) Regular Wire of Net u_account_balance/n_764  ( Metal2 )
Bounds : ( 42.410, 15.675 ) ( 42.560, 15.935 )


MAR: ( Minimum Area ) Regular Wire of Net u_account_balance/n_794  ( Metal2 )
Bounds : ( 42.120, 15.965 ) ( 42.270, 16.225 )


MAR: ( Minimum Area ) Regular Wire of Net u_account_balance/balance_db[12][1]  ( Metal2 )
Bounds : ( 41.250, 17.705 ) ( 41.400, 17.965 )


MAR: ( Minimum Area ) Regular Wire of Net clk  ( Metal2 )
Bounds : ( 40.670, 18.575 ) ( 40.820, 18.835 )


MAR: ( Minimum Area ) Regular Wire of Net u_account_balance/n_567  ( Metal2 )
Bounds : ( 40.090, 23.505 ) ( 40.240, 23.765 )


MAR: ( Minimum Area ) Regular Wire of Net u_account_balance/n_557  ( Metal2 )
Bounds : ( 44.150, 18.285 ) ( 44.300, 18.545 )


MAR: ( Minimum Area ) Regular Wire of Net id_to_check[3]  ( Metal2 )
Bounds : ( 44.440, 12.775 ) ( 44.590, 13.035 )


MAR: ( Minimum Area ) Regular Wire of Net u_account_balance/n_677  ( Metal2 )
Bounds : ( 44.440, 17.705 ) ( 44.590, 17.965 )


MAR: ( Minimum Area ) Regular Wire of Net u_account_balance/n_557  ( Metal2 )
Bounds : ( 44.440, 21.475 ) ( 44.590, 21.735 )


MAR: ( Minimum Area ) Regular Wire of Net u_account_balance/balance_db[4][1]  ( Metal2 )
Bounds : ( 45.600, 21.185 ) ( 45.750, 21.445 )


MAR: ( Minimum Area ) Regular Wire of Net u_account_balance/n_798  ( Metal2 )
Bounds : ( 45.600, 23.215 ) ( 45.750, 23.475 )


MAR: ( Minimum Area ) Regular Wire of Net clk  ( Metal2 )
Bounds : ( 47.340, 18.575 ) ( 47.490, 18.835 )


MAR: ( Minimum Area ) Regular Wire of Net u_account_balance/balance_db[5][4]  ( Metal2 )
Bounds : ( 47.630, 13.065 ) ( 47.780, 13.325 )


MAR: ( Minimum Area ) Regular Wire of Net u_account_balance/n_490  ( Metal2 )
Bounds : ( 47.920, 20.895 ) ( 48.070, 21.155 )


MAR: ( Minimum Area ) Regular Wire of Net u_account_balance/n_549  ( Metal2 )
Bounds : ( 48.210, 12.485 ) ( 48.360, 12.745 )


MAR: ( Minimum Area ) Regular Wire of Net u_account_balance/n_549  ( Metal2 )
Bounds : ( 48.210, 21.185 ) ( 48.360, 21.445 )


MAR: ( Minimum Area ) Regular Wire of Net clk  ( Metal2 )
Bounds : ( 48.500, 15.385 ) ( 48.650, 15.645 )


MAR: ( Minimum Area ) Regular Wire of Net u_account_balance/n_528  ( Metal2 )
Bounds : ( 48.500, 21.185 ) ( 48.650, 21.445 )


MAR: ( Minimum Area ) Regular Wire of Net u_account_balance/n_485  ( Metal2 )
Bounds : ( 51.400, 16.255 ) ( 51.550, 16.515 )


MAR: ( Minimum Area ) Regular Wire of Net u_account_balance/n_475  ( Metal2 )
Bounds : ( 52.560, 15.675 ) ( 52.710, 15.935 )


MAR: ( Minimum Area ) Regular Wire of Net u_account_balance/n_564  ( Metal2 )
Bounds : ( 52.560, 22.925 ) ( 52.710, 23.185 )


MAR: ( Minimum Area ) Regular Wire of Net clk  ( Metal2 )
Bounds : ( 26.750, 15.385 ) ( 26.900, 15.645 )


MAR: ( Minimum Area ) Regular Wire of Net u_account_balance/balance_db[1][2]  ( Metal2 )
Bounds : ( 26.750, 24.085 ) ( 26.905, 24.105 )


MAR: ( Minimum Area ) Regular Wire of Net u_account_balance/n_798  ( Metal2 )
Bounds : ( 28.490, 23.215 ) ( 28.640, 23.475 )


MAR: ( Minimum Area ) Regular Wire of Net u_account_balance/balance_db[8][1]  ( Metal2 )
Bounds : ( 29.650, 13.065 ) ( 29.800, 13.325 )


MAR: ( Minimum Area ) Regular Wire of Net u_account_balance/n_809  ( Metal2 )
Bounds : ( 30.520, 21.185 ) ( 30.670, 21.445 )


MAR: ( Minimum Area ) Regular Wire of Net u_account_balance/n_764  ( Metal2 )
Bounds : ( 31.390, 15.675 ) ( 31.540, 15.935 )


MAR: ( Minimum Area ) Regular Wire of Net clk  ( Metal2 )
Bounds : ( 32.840, 18.575 ) ( 32.990, 18.835 )


MAR: ( Minimum Area ) Regular Wire of Net u_account_balance/n_711  ( Metal2 )
Bounds : ( 32.840, 20.895 ) ( 32.990, 21.155 )


MAR: ( Minimum Area ) Regular Wire of Net u_account_balance/n_791  ( Metal2 )
Bounds : ( 33.130, 15.965 ) ( 33.280, 16.225 )


MAR: ( Minimum Area ) Regular Wire of Net u_account_balance/balance_db[9][1]  ( Metal2 )
Bounds : ( 33.420, 17.705 ) ( 33.570, 17.965 )


MAR: ( Minimum Area ) Regular Wire of Net u_account_balance/n_481  ( Metal2 )
Bounds : ( 34.000, 12.485 ) ( 34.150, 12.745 )


MAR: ( Minimum Area ) Regular Wire of Net u_account_balance/n_496  ( Metal2 )
Bounds : ( 34.000, 21.185 ) ( 34.150, 21.445 )


MAR: ( Minimum Area ) Regular Wire of Net u_account_balance/balance_db[7][1]  ( Metal2 )
Bounds : ( 34.870, 12.775 ) ( 35.020, 13.035 )


MAR: ( Minimum Area ) Regular Wire of Net clk  ( Metal2 )
Bounds : ( 34.870, 23.795 ) ( 35.020, 24.055 )


MAR: ( Minimum Area ) Regular Wire of Net id_to_check[3]  ( Metal2 )
Bounds : ( 36.320, 23.215 ) ( 36.470, 23.475 )


MAR: ( Minimum Area ) Regular Wire of Net u_account_balance/n_475  ( Metal2 )
Bounds : ( 36.610, 23.505 ) ( 36.760, 23.765 )


MAR: ( Minimum Area ) Regular Wire of Net u_account_balance/balance_db[1][1]  ( Metal2 )
Bounds : ( 36.900, 20.605 ) ( 37.050, 20.865 )


MAR: ( Minimum Area ) Regular Wire of Net u_account_balance/balance_db[3][1]  ( Metal2 )
Bounds : ( 37.480, 23.795 ) ( 37.630, 24.055 )


MAR: ( Minimum Area ) Regular Wire of Net u_account_balance/n_817  ( Metal2 )
Bounds : ( 37.770, 22.925 ) ( 37.920, 23.185 )


MAR: ( Minimum Area ) Regular Wire of Net id_to_check[0]  ( Metal2 )
Bounds : ( 39.220, 20.895 ) ( 39.370, 21.155 )


MAR: ( Minimum Area ) Regular Wire of Net u_account_balance/n_581  ( Metal2 )
Bounds : ( 39.800, 21.475 ) ( 39.950, 21.735 )


MAR: ( Minimum Area ) Regular Wire of Net u_account_balance/n_803  ( Metal2 )
Bounds : ( 39.220, 5.525 ) ( 39.370, 5.785 )


MAR: ( Minimum Area ) Regular Wire of Net u_account_balance/n_790  ( Metal2 )
Bounds : ( 35.740, 7.555 ) ( 35.890, 7.815 )


MAR: ( Minimum Area ) Regular Wire of Net u_account_balance/n_764  ( Metal2 )
Bounds : ( 35.450, 7.845 ) ( 35.600, 8.105 )


MAR: ( Minimum Area ) Regular Wire of Net u_account_balance/balance_db[14][1]  ( Metal2 )
Bounds : ( 34.000, 7.845 ) ( 34.150, 8.105 )


MAR: ( Minimum Area ) Regular Wire of Net clk  ( Metal2 )
Bounds : ( 29.360, 8.135 ) ( 29.510, 8.395 )


MAR: ( Minimum Area ) Regular Wire of Net u_account_balance/balance_db[14][1]  ( Metal2 )
Bounds : ( 28.780, 7.265 ) ( 28.930, 7.525 )


MAR: ( Minimum Area ) Regular Wire of Net u_account_balance/n_789  ( Metal2 )
Bounds : ( 27.620, 7.555 ) ( 27.770, 7.815 )


MAR: ( Minimum Area ) Regular Wire of Net u_account_balance/n_800  ( Metal2 )
Bounds : ( 27.330, 7.845 ) ( 27.480, 8.105 )


SHORT: ( Out Of Die ) Regular Wire of Net led_status[0]  ( Metal2 )
Bounds : ( 42.415, -0.070 ) ( 42.640, 0.000 )


MAR: ( Minimum Area ) Regular Wire of Net u_account_balance/balance_db[5][4]  ( Metal2 )
Bounds : ( 45.020, 7.265 ) ( 45.170, 7.525 )


MAR: ( Minimum Area ) Regular Wire of Net clk  ( Metal2 )
Bounds : ( 47.920, 4.945 ) ( 48.070, 5.205 )


MAR: ( Minimum Area ) Regular Wire of Net u_account_balance/n_803  ( Metal2 )
Bounds : ( 49.660, 5.525 ) ( 49.810, 5.785 )


MAR: ( Minimum Area ) Regular Wire of Net u_account_balance/n_796  ( Metal2 )
Bounds : ( 51.980, 7.555 ) ( 52.130, 7.815 )


MAR: ( Minimum Area ) Regular Wire of Net u_account_balance/balance_db[13][1]  ( Metal2 )
Bounds : ( 36.900, 11.035 ) ( 37.050, 11.295 )


MAR: ( Minimum Area ) Regular Wire of Net reset  ( Metal2 )
Bounds : ( 21.820, 23.215 ) ( 21.970, 23.475 )


MAR: ( Minimum Area ) Regular Wire of Net u_account_balance/n_510  ( Metal2 )
Bounds : ( 21.530, 15.675 ) ( 21.680, 15.935 )


MAR: ( Minimum Area ) Regular Wire of Net u_account_balance/n_807  ( Metal2 )
Bounds : ( 21.240, 20.895 ) ( 21.390, 21.155 )


MAR: ( Minimum Area ) Regular Wire of Net u_account_balance/n_580  ( Metal2 )
Bounds : ( 19.500, 23.215 ) ( 19.650, 23.475 )


MAR: ( Minimum Area ) Regular Wire of Net id_to_check[0]  ( Metal2 )
Bounds : ( 19.500, 15.675 ) ( 19.650, 15.935 )


MAR: ( Minimum Area ) Regular Wire of Net u_account_balance/n_496  ( Metal2 )
Bounds : ( 19.210, 23.215 ) ( 19.360, 23.475 )


MAR: ( Minimum Area ) Regular Wire of Net u_account_balance/n_793  ( Metal2 )
Bounds : ( 19.210, 12.775 ) ( 19.360, 13.035 )


MAR: ( Minimum Area ) Regular Wire of Net u_account_balance/n_579  ( Metal2 )
Bounds : ( 18.920, 16.255 ) ( 19.070, 16.515 )


MAR: ( Minimum Area ) Regular Wire of Net clk  ( Metal2 )
Bounds : ( 18.630, 18.575 ) ( 18.780, 18.835 )


MAR: ( Minimum Area ) Regular Wire of Net clk  ( Metal2 )
Bounds : ( 18.050, 20.605 ) ( 18.200, 20.865 )


MAR: ( Minimum Area ) Regular Wire of Net u_account_balance/balance_db[9][2]  ( Metal2 )
Bounds : ( 18.050, 17.705 ) ( 18.200, 17.965 )


MAR: ( Minimum Area ) Regular Wire of Net u_account_balance/n_794  ( Metal2 )
Bounds : ( 17.180, 17.995 ) ( 17.330, 18.255 )


MAR: ( Minimum Area ) Regular Wire of Net u_account_balance/balance_db[12][2]  ( Metal2 )
Bounds : ( 16.600, 15.965 ) ( 16.750, 16.225 )


MAR: ( Minimum Area ) Regular Wire of Net u_account_balance/n_475  ( Metal2 )
Bounds : ( 15.730, 16.255 ) ( 15.880, 16.515 )


MAR: ( Minimum Area ) Regular Wire of Net u_account_balance/n_821  ( Metal2 )
Bounds : ( 13.410, 20.895 ) ( 13.560, 21.155 )


CUTSPACING: ( Adjacent Cut Spacing ) Regular Wire of Net u_account_balance/n_731 & Regular Wire of Net u_account_balance/n_712  ( Via2 )
Bounds : ( 25.015, 23.565 ) ( 25.155, 23.705 )


MAR: ( Minimum Area ) Regular Wire of Net id_to_check[0]  ( Metal2 )
Bounds : ( 22.400, 15.675 ) ( 22.550, 15.935 )


MAR: ( Minimum Area ) Regular Wire of Net u_account_balance/n_731  ( Metal2 )
Bounds : ( 24.430, 24.085 ) ( 24.580, 24.345 )


MAR: ( Minimum Area ) Regular Wire of Net u_account_balance/balance_db[9][2]  ( Metal2 )
Bounds : ( 24.720, 16.255 ) ( 24.870, 16.515 )


MAR: ( Minimum Area ) Regular Wire of Net u_account_balance/n_802  ( Metal2 )
Bounds : ( 25.010, 17.995 ) ( 25.160, 18.255 )


MAR: ( Minimum Area ) Regular Wire of Net u_account_balance/balance_db[1][2]  ( Metal2 )
Bounds : ( 25.300, 16.255 ) ( 25.450, 16.515 )


MAR: ( Minimum Area ) Regular Wire of Net u_account_balance/n_475  ( Metal2 )
Bounds : ( 25.590, 15.965 ) ( 25.740, 16.225 )


MAR: ( Minimum Area ) Regular Wire of Net u_account_balance/n_800  ( Metal2 )
Bounds : ( 25.590, 23.505 ) ( 25.740, 23.765 )


MAR: ( Minimum Area ) Regular Wire of Net clk  ( Metal2 )
Bounds : ( 25.880, 20.605 ) ( 26.030, 20.865 )


MAR: ( Minimum Area ) Regular Wire of Net u_account_balance/n_806  ( Metal2 )
Bounds : ( 25.880, 22.925 ) ( 26.030, 23.185 )


MAR: ( Minimum Area ) Regular Wire of Net u_account_balance/balance_db[7][2]  ( Metal2 )
Bounds : ( 11.670, 15.675 ) ( 11.820, 15.935 )


MAR: ( Minimum Area ) Regular Wire of Net clk  ( Metal2 )
Bounds : ( 10.800, 18.575 ) ( 10.950, 18.835 )


MAR: ( Minimum Area ) Regular Wire of Net u_account_balance/balance_db[15][2]  ( Metal2 )
Bounds : ( 10.800, 13.065 ) ( 10.950, 13.325 )


MAR: ( Minimum Area ) Regular Wire of Net u_account_balance/balance_db[4][2]  ( Metal2 )
Bounds : ( 10.220, 17.705 ) ( 10.370, 17.965 )


MAR: ( Minimum Area ) Regular Wire of Net u_account_balance/n_504  ( Metal2 )
Bounds : ( 7.895, 20.605 ) ( 8.050, 20.815 )


MAR: ( Minimum Area ) Regular Wire of Net u_account_balance/balance_db[7][2]  ( Metal2 )
Bounds : ( 5.870, 15.675 ) ( 6.020, 15.935 )


MAR: ( Minimum Area ) Regular Wire of Net u_account_balance/n_475  ( Metal2 )
Bounds : ( 5.580, 16.255 ) ( 5.730, 16.515 )


MAR: ( Minimum Area ) Regular Wire of Net u_account_balance/n_504  ( Metal2 )
Bounds : ( 5.290, 16.255 ) ( 5.440, 16.515 )


MAR: ( Minimum Area ) Regular Wire of Net u_account_balance/balance_db[15][2]  ( Metal2 )
Bounds : ( 4.130, 12.485 ) ( 4.280, 12.745 )


SHORT: ( Out Of Die ) Regular Wire of Net sensor_vehicle_exit  ( Metal3 )
Bounds : ( -0.070, 20.345 ) ( 0.000, 20.515 )


MAR: ( Minimum Area ) Regular Wire of Net clk  ( Metal2 )
Bounds : ( 4.710, 13.355 ) ( 4.860, 13.615 )


MAR: ( Minimum Area ) Regular Wire of Net u_account_balance/balance_db[15][2]  ( Metal2 )
Bounds : ( 4.710, 15.965 ) ( 4.860, 16.225 )


MAR: ( Minimum Area ) Regular Wire of Net scan_en  ( Metal2 )
Bounds : ( 4.710, 23.215 ) ( 4.860, 23.475 )


MAR: ( Minimum Area ) Regular Wire of Net id_to_check[3]  ( Metal2 )
Bounds : ( 5.000, 15.965 ) ( 5.150, 16.225 )


MAR: ( Minimum Area ) Regular Wire of Net clk  ( Metal2 )
Bounds : ( 13.120, 8.135 ) ( 13.270, 8.395 )


MAR: ( Minimum Area ) Regular Wire of Net clk  ( Metal2 )
Bounds : ( 4.710, 8.135 ) ( 4.860, 8.395 )


CUTSPACING: ( Adjacent Cut Spacing ) Regular Wire of Net u_account_balance/balance_db[14][2] & Regular Wire of Net u_account_balance/n_503  ( Via2 )
Bounds : ( 9.065, 10.805 ) ( 9.205, 10.945 )


SHORT: ( Out Of Die ) Regular Wire of Net sensor_vehicle_enter  ( Metal3 )
Bounds : ( 0.000, -0.070 ) ( 0.580, 0.000 )


SHORT: ( Out Of Die ) Regular Wire of Net sensor_vehicle_enter  ( Metal3 )
Bounds : ( -0.070, -0.070 ) ( 0.070, 0.215 )


SHORT: ( Out Of Die ) Regular Wire of Net reset  ( Metal2 )
Bounds : ( 21.215, -0.070 ) ( 21.385, 0.000 )


SHORT: ( Out Of Die ) Regular Wire of Net clk  ( Metal2 )
Bounds : ( -0.070, 0.000 ) ( 0.000, 0.580 )


SHORT: ( Out Of Die ) Regular Wire of Net clk  ( Metal2 )
Bounds : ( -0.070, -0.070 ) ( 0.215, 0.070 )


MAR: ( Minimum Area ) Regular Wire of Net sensor_vehicle_enter  ( Metal2 )
Bounds : ( 6.160, 5.525 ) ( 6.320, 5.560 )


MAR: ( Minimum Area ) Regular Wire of Net n_51  ( Metal2 )
Bounds : ( 6.450, 5.235 ) ( 6.685, 5.495 )


MAR: ( Minimum Area ) Regular Wire of Net u_account_balance/balance_db[6][2]  ( Metal2 )
Bounds : ( 7.030, 5.815 ) ( 7.180, 6.075 )


MAR: ( Minimum Area ) Regular Wire of Net u_account_balance/balance_db[14][2]  ( Metal2 )
Bounds : ( 9.060, 10.745 ) ( 9.210, 11.005 )


MAR: ( Minimum Area ) Regular Wire of Net id_to_check[3]  ( Metal2 )
Bounds : ( 9.350, 10.745 ) ( 9.500, 11.005 )


MAR: ( Minimum Area ) Regular Wire of Net u_account_balance/n_800  ( Metal2 )
Bounds : ( 10.800, 7.845 ) ( 10.950, 8.105 )


MAR: ( Minimum Area ) Regular Wire of Net u_account_balance/n_803  ( Metal2 )
Bounds : ( 13.990, 5.525 ) ( 14.140, 5.785 )


MAR: ( Minimum Area ) Regular Wire of Net u_account_balance/balance_db[5][2]  ( Metal2 )
Bounds : ( 15.730, 5.815 ) ( 15.880, 6.075 )


MAR: ( Minimum Area ) Regular Wire of Net u_account_balance/balance_db[5][2]  ( Metal2 )
Bounds : ( 15.730, 10.455 ) ( 15.880, 10.715 )


MAR: ( Minimum Area ) Regular Wire of Net clk  ( Metal2 )
Bounds : ( 16.310, 4.945 ) ( 16.460, 5.205 )


MAR: ( Minimum Area ) Regular Wire of Net u_account_balance/n_800  ( Metal2 )
Bounds : ( 17.760, 7.845 ) ( 17.910, 8.105 )


MAR: ( Minimum Area ) Regular Wire of Net u_account_balance/balance_db[13][2]  ( Metal2 )
Bounds : ( 19.210, 7.845 ) ( 19.360, 8.105 )


MAR: ( Minimum Area ) Regular Wire of Net u_account_balance/n_797  ( Metal2 )
Bounds : ( 19.500, 7.555 ) ( 19.650, 7.815 )


MAR: ( Minimum Area ) Regular Wire of Net u_account_balance/balance_db[8][2]  ( Metal2 )
Bounds : ( 20.660, 7.265 ) ( 20.810, 7.525 )


MAR: ( Minimum Area ) Regular Wire of Net clk  ( Metal2 )
Bounds : ( 21.240, 8.135 ) ( 21.390, 8.395 )


MAR: ( Minimum Area ) Regular Wire of Net clk  ( Metal2 )
Bounds : ( 21.820, 10.165 ) ( 21.970, 10.425 )


MAR: ( Minimum Area ) Regular Wire of Net u_account_balance/balance_db[8][2]  ( Metal2 )
Bounds : ( 25.880, 7.845 ) ( 26.030, 8.105 )


MAR: ( Minimum Area ) Regular Wire of Net u_account_balance/n_503  ( Metal2 )
Bounds : ( 9.640, 11.035 ) ( 9.790, 11.295 )


MAR: ( Minimum Area ) Regular Wire of Net u_account_balance/n_510  ( Metal2 )
Bounds : ( 20.080, 11.035 ) ( 20.230, 11.295 )


MAR: ( Minimum Area ) Regular Wire of Net u_account_balance/n_475  ( Metal2 )
Bounds : ( 20.370, 11.035 ) ( 20.520, 11.295 )


MAR: ( Minimum Area ) Regular Wire of Net u_account_balance/n_800  ( Metal2 )
Bounds : ( 26.460, 10.455 ) ( 26.610, 10.715 )


MAR: ( Minimum Area ) Regular Wire of Net u_account_balance/n_802  ( Metal2 )
Bounds : ( 26.460, 17.995 ) ( 26.610, 18.255 )


MAR: ( Minimum Area ) Regular Wire of Net u_account_balance/n_683  ( Metal2 )
Bounds : ( 53.140, 41.775 ) ( 53.290, 42.035 )


  Total Violations : 1000 Viols.
