###############################################################
#  Generated by:      Cadence Tempus 20.10-p003_1
#  OS:                Linux x86_64(Host ID edatools-server2.iiitd.edu.in)
#  Generated on:      Mon Nov 17 02:05:02 2025
#  Design:            toll_gate
#  Command:           report_timing -retime path_slew_propagation -max_path 50 -nworst 50 -path_type full_clock > $report_dir/pba_area.rpt
###############################################################
Path 1: MET Setup Check with Pin u_account_balance/balance_db_reg[1][12]/CK 
Endpoint:   u_account_balance/balance_db_reg[1][12]/D (^) checked with  leading edge of 'clk'
Beginpoint: u_vehicle_interface/id_to_check_reg[0]/Q  (v) triggered by  leading edge of 'clk'
Path Groups: {clk}
Retime Analysis { Data Path-Slew }
Other End Arrival Time          0.010
- Setup                         0.258
+ Phase Shift                   5.600
= Required Time                 5.352
- Arrival Time                  3.048
= Slack Time                    2.304
= Slack Time(original)          2.286
     Clock Rise Edge                      0.000
     + Source Insertion Delay             0.010
     = Beginpoint Arrival Time            0.010
     Timing Path:
      ------------------------------------------------------------------------------------------
      Instance                                 Arc          Cell       Retime  Arrival  Required  
                                                                       Delay   Time     Time  
      ------------------------------------------------------------------------------------------
      -                                        clk ^        -          -       0.010    2.314  
      u_vehicle_interface/id_to_check_reg[0]   -            SDFFHQX4   0.000   0.010    2.314  
      u_vehicle_interface/id_to_check_reg[0]   CK ^ -> Q v  SDFFHQX4   0.525   0.535    2.839  
      u_account_balance/g13462                 -            CLKINVX2   0.000   0.535    2.839  
      u_account_balance/g13462                 A v -> Y ^   CLKINVX2   0.102   0.636    2.941  
      u_account_balance/g13458                 -            AND2X6     0.000   0.636    2.941  
      u_account_balance/g13458                 A ^ -> Y ^   AND2X6     0.192   0.828    3.132  
      u_account_balance/g13451                 -            CLKINVX1   0.000   0.828    3.132  
      u_account_balance/g13451                 A ^ -> Y v   CLKINVX1   0.085   0.913    3.217  
      u_account_balance/g13401                 -            NOR2XL     0.000   0.913    3.217  
      u_account_balance/g13401                 B v -> Y ^   NOR2XL     0.289   1.202    3.506  
      u_account_balance/g13318                 -            AOI22XL    0.000   1.202    3.506  
      u_account_balance/g13318                 A0 ^ -> Y v  AOI22XL    0.142   1.343    3.648  
      u_account_balance/g13257                 -            NAND2XL    0.000   1.343    3.648  
      u_account_balance/g13257                 A v -> Y ^   NAND2XL    0.082   1.425    3.730  
      u_account_balance/g13241                 -            NOR2XL     0.000   1.425    3.730  
      u_account_balance/g13241                 A ^ -> Y v   NOR2XL     0.051   1.476    3.780  
      u_account_balance/g13200                 -            NAND2XL    0.000   1.476    3.780  
      u_account_balance/g13200                 B v -> Y ^   NAND2XL    0.076   1.552    3.856  
      u_account_balance/g13192                 -            NOR2X1     0.000   1.552    3.856  
      u_account_balance/g13192                 A ^ -> Y v   NOR2X1     0.082   1.634    3.938  
      u_account_balance/g13187                 -            NAND2X1    0.000   1.634    3.938  
      u_account_balance/g13187                 B v -> Y ^   NAND2X1    0.088   1.721    4.025  
      u_account_balance/g13184                 -            OR4X1      0.000   1.721    4.025  
      u_account_balance/g13184                 D ^ -> Y ^   OR4X1      0.139   1.860    4.164  
      u_account_balance/g13179                 -            OR2X1      0.000   1.860    4.164  
      u_account_balance/g13179                 B ^ -> Y ^   OR2X1      0.135   1.995    4.299  
      u_account_balance/g13170                 -            NAND2X1    0.000   1.995    4.299  
      u_account_balance/g13170                 B ^ -> Y v   NAND2X1    0.098   2.093    4.398  
      u_account_balance/g4362                  -            NAND4BBXL  0.000   2.093    4.398  
      u_account_balance/g4362                  BN v -> Y v  NAND4BBXL  0.328   2.421    4.726  
      u_account_balance/g4352                  -            NOR2XL     0.000   2.421    4.726  
      u_account_balance/g4352                  B v -> Y ^   NOR2XL     0.375   2.796    5.100  
      u_account_balance/g4349                  -            CLKINVX1   0.000   2.796    5.100  
      u_account_balance/g4349                  A ^ -> Y v   CLKINVX1   0.123   2.919    5.223  
      u_account_balance/g4298                  -            OAI21XL    0.000   2.919    5.223  
      u_account_balance/g4298                  A1 v -> Y ^  OAI21XL    0.128   3.048    5.352  
      u_account_balance/balance_db_reg[1][12]  -            SDFFQX1    0.000   3.048    5.352  
      ------------------------------------------------------------------------------------------
     Clock Rise Edge                      0.000
     + Source Insertion Delay             0.010
     = Beginpoint Arrival Time            0.010
     Other End Path:
      ----------------------------------------------------------------------------------
      Instance                                 Arc    Cell     Retime  Arrival  Required  
                                                               Delay   Time     Time  
      ----------------------------------------------------------------------------------
      -                                        clk ^  -        -       0.010    -2.294  
      u_account_balance/balance_db_reg[1][12]  -      SDFFQX1  0.000   0.010    -2.294  
      ----------------------------------------------------------------------------------
Path 2: MET Setup Check with Pin u_account_balance/balance_db_reg[1][10]/CK 
Endpoint:   u_account_balance/balance_db_reg[1][10]/D (^) checked with  leading edge of 'clk'
Beginpoint: u_vehicle_interface/id_to_check_reg[0]/Q  (v) triggered by  leading edge of 'clk'
Path Groups: {clk}
Retime Analysis { Data Path-Slew }
Other End Arrival Time          0.010
- Setup                         0.258
+ Phase Shift                   5.600
= Required Time                 5.352
- Arrival Time                  3.048
= Slack Time                    2.304
= Slack Time(original)          2.286
     Clock Rise Edge                      0.000
     + Source Insertion Delay             0.010
     = Beginpoint Arrival Time            0.010
     Timing Path:
      ------------------------------------------------------------------------------------------
      Instance                                 Arc          Cell       Retime  Arrival  Required  
                                                                       Delay   Time     Time  
      ------------------------------------------------------------------------------------------
      -                                        clk ^        -          -       0.010    2.314  
      u_vehicle_interface/id_to_check_reg[0]   -            SDFFHQX4   0.000   0.010    2.314  
      u_vehicle_interface/id_to_check_reg[0]   CK ^ -> Q v  SDFFHQX4   0.525   0.535    2.839  
      u_account_balance/g13462                 -            CLKINVX2   0.000   0.535    2.839  
      u_account_balance/g13462                 A v -> Y ^   CLKINVX2   0.102   0.636    2.941  
      u_account_balance/g13458                 -            AND2X6     0.000   0.636    2.941  
      u_account_balance/g13458                 A ^ -> Y ^   AND2X6     0.192   0.828    3.132  
      u_account_balance/g13451                 -            CLKINVX1   0.000   0.828    3.132  
      u_account_balance/g13451                 A ^ -> Y v   CLKINVX1   0.085   0.913    3.217  
      u_account_balance/g13401                 -            NOR2XL     0.000   0.913    3.217  
      u_account_balance/g13401                 B v -> Y ^   NOR2XL     0.289   1.202    3.506  
      u_account_balance/g13318                 -            AOI22XL    0.000   1.202    3.506  
      u_account_balance/g13318                 A0 ^ -> Y v  AOI22XL    0.142   1.343    3.648  
      u_account_balance/g13257                 -            NAND2XL    0.000   1.343    3.648  
      u_account_balance/g13257                 A v -> Y ^   NAND2XL    0.082   1.425    3.730  
      u_account_balance/g13241                 -            NOR2XL     0.000   1.425    3.730  
      u_account_balance/g13241                 A ^ -> Y v   NOR2XL     0.051   1.476    3.780  
      u_account_balance/g13200                 -            NAND2XL    0.000   1.476    3.780  
      u_account_balance/g13200                 B v -> Y ^   NAND2XL    0.076   1.552    3.856  
      u_account_balance/g13192                 -            NOR2X1     0.000   1.552    3.856  
      u_account_balance/g13192                 A ^ -> Y v   NOR2X1     0.082   1.634    3.938  
      u_account_balance/g13187                 -            NAND2X1    0.000   1.634    3.938  
      u_account_balance/g13187                 B v -> Y ^   NAND2X1    0.088   1.721    4.025  
      u_account_balance/g13184                 -            OR4X1      0.000   1.721    4.025  
      u_account_balance/g13184                 D ^ -> Y ^   OR4X1      0.139   1.860    4.164  
      u_account_balance/g13179                 -            OR2X1      0.000   1.860    4.164  
      u_account_balance/g13179                 B ^ -> Y ^   OR2X1      0.135   1.995    4.299  
      u_account_balance/g13170                 -            NAND2X1    0.000   1.995    4.299  
      u_account_balance/g13170                 B ^ -> Y v   NAND2X1    0.098   2.093    4.398  
      u_account_balance/g4362                  -            NAND4BBXL  0.000   2.093    4.398  
      u_account_balance/g4362                  BN v -> Y v  NAND4BBXL  0.328   2.421    4.726  
      u_account_balance/g4352                  -            NOR2XL     0.000   2.421    4.726  
      u_account_balance/g4352                  B v -> Y ^   NOR2XL     0.375   2.796    5.100  
      u_account_balance/g4349                  -            CLKINVX1   0.000   2.796    5.100  
      u_account_balance/g4349                  A ^ -> Y v   CLKINVX1   0.123   2.919    5.223  
      u_account_balance/g4296                  -            OAI21XL    0.000   2.919    5.223  
      u_account_balance/g4296                  A1 v -> Y ^  OAI21XL    0.128   3.048    5.352  
      u_account_balance/balance_db_reg[1][10]  -            SDFFQX1    0.000   3.048    5.352  
      ------------------------------------------------------------------------------------------
     Clock Rise Edge                      0.000
     + Source Insertion Delay             0.010
     = Beginpoint Arrival Time            0.010
     Other End Path:
      ----------------------------------------------------------------------------------
      Instance                                 Arc    Cell     Retime  Arrival  Required  
                                                               Delay   Time     Time  
      ----------------------------------------------------------------------------------
      -                                        clk ^  -        -       0.010    -2.294  
      u_account_balance/balance_db_reg[1][10]  -      SDFFQX1  0.000   0.010    -2.294  
      ----------------------------------------------------------------------------------
Path 3: MET Setup Check with Pin u_account_balance/balance_db_reg[1][8]/CK 
Endpoint:   u_account_balance/balance_db_reg[1][8]/D (^) checked with  leading edge of 'clk'
Beginpoint: u_vehicle_interface/id_to_check_reg[0]/Q (v) triggered by  leading edge of 'clk'
Path Groups: {clk}
Retime Analysis { Data Path-Slew }
Other End Arrival Time          0.010
- Setup                         0.258
+ Phase Shift                   5.600
= Required Time                 5.352
- Arrival Time                  3.048
= Slack Time                    2.304
= Slack Time(original)          2.286
     Clock Rise Edge                      0.000
     + Source Insertion Delay             0.010
     = Beginpoint Arrival Time            0.010
     Timing Path:
      -----------------------------------------------------------------------------------------
      Instance                                Arc          Cell       Retime  Arrival  Required  
                                                                      Delay   Time     Time  
      -----------------------------------------------------------------------------------------
      -                                       clk ^        -          -       0.010    2.314  
      u_vehicle_interface/id_to_check_reg[0]  -            SDFFHQX4   0.000   0.010    2.314  
      u_vehicle_interface/id_to_check_reg[0]  CK ^ -> Q v  SDFFHQX4   0.525   0.535    2.839  
      u_account_balance/g13462                -            CLKINVX2   0.000   0.535    2.839  
      u_account_balance/g13462                A v -> Y ^   CLKINVX2   0.102   0.636    2.941  
      u_account_balance/g13458                -            AND2X6     0.000   0.636    2.941  
      u_account_balance/g13458                A ^ -> Y ^   AND2X6     0.192   0.828    3.132  
      u_account_balance/g13451                -            CLKINVX1   0.000   0.828    3.132  
      u_account_balance/g13451                A ^ -> Y v   CLKINVX1   0.085   0.913    3.217  
      u_account_balance/g13401                -            NOR2XL     0.000   0.913    3.217  
      u_account_balance/g13401                B v -> Y ^   NOR2XL     0.289   1.202    3.506  
      u_account_balance/g13318                -            AOI22XL    0.000   1.202    3.506  
      u_account_balance/g13318                A0 ^ -> Y v  AOI22XL    0.142   1.343    3.648  
      u_account_balance/g13257                -            NAND2XL    0.000   1.343    3.648  
      u_account_balance/g13257                A v -> Y ^   NAND2XL    0.082   1.425    3.730  
      u_account_balance/g13241                -            NOR2XL     0.000   1.425    3.730  
      u_account_balance/g13241                A ^ -> Y v   NOR2XL     0.051   1.476    3.780  
      u_account_balance/g13200                -            NAND2XL    0.000   1.476    3.780  
      u_account_balance/g13200                B v -> Y ^   NAND2XL    0.076   1.552    3.856  
      u_account_balance/g13192                -            NOR2X1     0.000   1.552    3.856  
      u_account_balance/g13192                A ^ -> Y v   NOR2X1     0.082   1.634    3.938  
      u_account_balance/g13187                -            NAND2X1    0.000   1.634    3.938  
      u_account_balance/g13187                B v -> Y ^   NAND2X1    0.088   1.721    4.025  
      u_account_balance/g13184                -            OR4X1      0.000   1.721    4.025  
      u_account_balance/g13184                D ^ -> Y ^   OR4X1      0.139   1.860    4.164  
      u_account_balance/g13179                -            OR2X1      0.000   1.860    4.164  
      u_account_balance/g13179                B ^ -> Y ^   OR2X1      0.135   1.995    4.299  
      u_account_balance/g13170                -            NAND2X1    0.000   1.995    4.299  
      u_account_balance/g13170                B ^ -> Y v   NAND2X1    0.098   2.093    4.398  
      u_account_balance/g4362                 -            NAND4BBXL  0.000   2.093    4.398  
      u_account_balance/g4362                 BN v -> Y v  NAND4BBXL  0.328   2.421    4.726  
      u_account_balance/g4352                 -            NOR2XL     0.000   2.421    4.726  
      u_account_balance/g4352                 B v -> Y ^   NOR2XL     0.375   2.796    5.100  
      u_account_balance/g4349                 -            CLKINVX1   0.000   2.796    5.100  
      u_account_balance/g4349                 A ^ -> Y v   CLKINVX1   0.123   2.919    5.223  
      u_account_balance/g4293                 -            OAI21XL    0.000   2.919    5.223  
      u_account_balance/g4293                 A1 v -> Y ^  OAI21XL    0.128   3.048    5.352  
      u_account_balance/balance_db_reg[1][8]  -            SDFFQX1    0.000   3.048    5.352  
      -----------------------------------------------------------------------------------------
     Clock Rise Edge                      0.000
     + Source Insertion Delay             0.010
     = Beginpoint Arrival Time            0.010
     Other End Path:
      ---------------------------------------------------------------------------------
      Instance                                Arc    Cell     Retime  Arrival  Required  
                                                              Delay   Time     Time  
      ---------------------------------------------------------------------------------
      -                                       clk ^  -        -       0.010    -2.294  
      u_account_balance/balance_db_reg[1][8]  -      SDFFQX1  0.000   0.010    -2.294  
      ---------------------------------------------------------------------------------
Path 4: MET Setup Check with Pin u_account_balance/balance_db_reg[1][4]/CK 
Endpoint:   u_account_balance/balance_db_reg[1][4]/D (^) checked with  leading edge of 'clk'
Beginpoint: u_vehicle_interface/id_to_check_reg[0]/Q (v) triggered by  leading edge of 'clk'
Path Groups: {clk}
Retime Analysis { Data Path-Slew }
Other End Arrival Time          0.010
- Setup                         0.258
+ Phase Shift                   5.600
= Required Time                 5.352
- Arrival Time                  3.048
= Slack Time                    2.304
= Slack Time(original)          2.286
     Clock Rise Edge                      0.000
     + Source Insertion Delay             0.010
     = Beginpoint Arrival Time            0.010
     Timing Path:
      -----------------------------------------------------------------------------------------
      Instance                                Arc          Cell       Retime  Arrival  Required  
                                                                      Delay   Time     Time  
      -----------------------------------------------------------------------------------------
      -                                       clk ^        -          -       0.010    2.314  
      u_vehicle_interface/id_to_check_reg[0]  -            SDFFHQX4   0.000   0.010    2.314  
      u_vehicle_interface/id_to_check_reg[0]  CK ^ -> Q v  SDFFHQX4   0.525   0.535    2.839  
      u_account_balance/g13462                -            CLKINVX2   0.000   0.535    2.839  
      u_account_balance/g13462                A v -> Y ^   CLKINVX2   0.102   0.636    2.941  
      u_account_balance/g13458                -            AND2X6     0.000   0.636    2.941  
      u_account_balance/g13458                A ^ -> Y ^   AND2X6     0.192   0.828    3.132  
      u_account_balance/g13451                -            CLKINVX1   0.000   0.828    3.132  
      u_account_balance/g13451                A ^ -> Y v   CLKINVX1   0.085   0.913    3.217  
      u_account_balance/g13401                -            NOR2XL     0.000   0.913    3.217  
      u_account_balance/g13401                B v -> Y ^   NOR2XL     0.289   1.202    3.506  
      u_account_balance/g13318                -            AOI22XL    0.000   1.202    3.506  
      u_account_balance/g13318                A0 ^ -> Y v  AOI22XL    0.142   1.343    3.648  
      u_account_balance/g13257                -            NAND2XL    0.000   1.343    3.648  
      u_account_balance/g13257                A v -> Y ^   NAND2XL    0.082   1.425    3.730  
      u_account_balance/g13241                -            NOR2XL     0.000   1.425    3.730  
      u_account_balance/g13241                A ^ -> Y v   NOR2XL     0.051   1.476    3.780  
      u_account_balance/g13200                -            NAND2XL    0.000   1.476    3.780  
      u_account_balance/g13200                B v -> Y ^   NAND2XL    0.076   1.552    3.856  
      u_account_balance/g13192                -            NOR2X1     0.000   1.552    3.856  
      u_account_balance/g13192                A ^ -> Y v   NOR2X1     0.082   1.634    3.938  
      u_account_balance/g13187                -            NAND2X1    0.000   1.634    3.938  
      u_account_balance/g13187                B v -> Y ^   NAND2X1    0.088   1.721    4.025  
      u_account_balance/g13184                -            OR4X1      0.000   1.721    4.025  
      u_account_balance/g13184                D ^ -> Y ^   OR4X1      0.139   1.860    4.164  
      u_account_balance/g13179                -            OR2X1      0.000   1.860    4.164  
      u_account_balance/g13179                B ^ -> Y ^   OR2X1      0.135   1.995    4.299  
      u_account_balance/g13170                -            NAND2X1    0.000   1.995    4.299  
      u_account_balance/g13170                B ^ -> Y v   NAND2X1    0.098   2.093    4.398  
      u_account_balance/g4362                 -            NAND4BBXL  0.000   2.093    4.398  
      u_account_balance/g4362                 BN v -> Y v  NAND4BBXL  0.328   2.421    4.726  
      u_account_balance/g4352                 -            NOR2XL     0.000   2.421    4.726  
      u_account_balance/g4352                 B v -> Y ^   NOR2XL     0.375   2.796    5.100  
      u_account_balance/g4349                 -            CLKINVX1   0.000   2.796    5.100  
      u_account_balance/g4349                 A ^ -> Y v   CLKINVX1   0.123   2.919    5.223  
      u_account_balance/g4289                 -            OAI21XL    0.000   2.919    5.223  
      u_account_balance/g4289                 A1 v -> Y ^  OAI21XL    0.128   3.048    5.352  
      u_account_balance/balance_db_reg[1][4]  -            SDFFQX1    0.000   3.048    5.352  
      -----------------------------------------------------------------------------------------
     Clock Rise Edge                      0.000
     + Source Insertion Delay             0.010
     = Beginpoint Arrival Time            0.010
     Other End Path:
      ---------------------------------------------------------------------------------
      Instance                                Arc    Cell     Retime  Arrival  Required  
                                                              Delay   Time     Time  
      ---------------------------------------------------------------------------------
      -                                       clk ^  -        -       0.010    -2.294  
      u_account_balance/balance_db_reg[1][4]  -      SDFFQX1  0.000   0.010    -2.294  
      ---------------------------------------------------------------------------------
Path 5: MET Setup Check with Pin u_account_balance/balance_db_reg[1][1]/CK 
Endpoint:   u_account_balance/balance_db_reg[1][1]/D (^) checked with  leading edge of 'clk'
Beginpoint: u_vehicle_interface/id_to_check_reg[0]/Q (v) triggered by  leading edge of 'clk'
Path Groups: {clk}
Retime Analysis { Data Path-Slew }
Other End Arrival Time          0.010
- Setup                         0.258
+ Phase Shift                   5.600
= Required Time                 5.352
- Arrival Time                  3.048
= Slack Time                    2.304
= Slack Time(original)          2.286
     Clock Rise Edge                      0.000
     + Source Insertion Delay             0.010
     = Beginpoint Arrival Time            0.010
     Timing Path:
      -----------------------------------------------------------------------------------------
      Instance                                Arc          Cell       Retime  Arrival  Required  
                                                                      Delay   Time     Time  
      -----------------------------------------------------------------------------------------
      -                                       clk ^        -          -       0.010    2.314  
      u_vehicle_interface/id_to_check_reg[0]  -            SDFFHQX4   0.000   0.010    2.314  
      u_vehicle_interface/id_to_check_reg[0]  CK ^ -> Q v  SDFFHQX4   0.525   0.535    2.839  
      u_account_balance/g13462                -            CLKINVX2   0.000   0.535    2.839  
      u_account_balance/g13462                A v -> Y ^   CLKINVX2   0.102   0.636    2.941  
      u_account_balance/g13458                -            AND2X6     0.000   0.636    2.941  
      u_account_balance/g13458                A ^ -> Y ^   AND2X6     0.192   0.828    3.132  
      u_account_balance/g13451                -            CLKINVX1   0.000   0.828    3.132  
      u_account_balance/g13451                A ^ -> Y v   CLKINVX1   0.085   0.913    3.217  
      u_account_balance/g13401                -            NOR2XL     0.000   0.913    3.217  
      u_account_balance/g13401                B v -> Y ^   NOR2XL     0.289   1.202    3.506  
      u_account_balance/g13318                -            AOI22XL    0.000   1.202    3.506  
      u_account_balance/g13318                A0 ^ -> Y v  AOI22XL    0.142   1.343    3.648  
      u_account_balance/g13257                -            NAND2XL    0.000   1.343    3.648  
      u_account_balance/g13257                A v -> Y ^   NAND2XL    0.082   1.425    3.730  
      u_account_balance/g13241                -            NOR2XL     0.000   1.425    3.730  
      u_account_balance/g13241                A ^ -> Y v   NOR2XL     0.051   1.476    3.780  
      u_account_balance/g13200                -            NAND2XL    0.000   1.476    3.780  
      u_account_balance/g13200                B v -> Y ^   NAND2XL    0.076   1.552    3.856  
      u_account_balance/g13192                -            NOR2X1     0.000   1.552    3.856  
      u_account_balance/g13192                A ^ -> Y v   NOR2X1     0.082   1.634    3.938  
      u_account_balance/g13187                -            NAND2X1    0.000   1.634    3.938  
      u_account_balance/g13187                B v -> Y ^   NAND2X1    0.088   1.721    4.025  
      u_account_balance/g13184                -            OR4X1      0.000   1.721    4.025  
      u_account_balance/g13184                D ^ -> Y ^   OR4X1      0.139   1.860    4.164  
      u_account_balance/g13179                -            OR2X1      0.000   1.860    4.164  
      u_account_balance/g13179                B ^ -> Y ^   OR2X1      0.135   1.995    4.299  
      u_account_balance/g13170                -            NAND2X1    0.000   1.995    4.299  
      u_account_balance/g13170                B ^ -> Y v   NAND2X1    0.098   2.093    4.398  
      u_account_balance/g4362                 -            NAND4BBXL  0.000   2.093    4.398  
      u_account_balance/g4362                 BN v -> Y v  NAND4BBXL  0.328   2.421    4.726  
      u_account_balance/g4352                 -            NOR2XL     0.000   2.421    4.726  
      u_account_balance/g4352                 B v -> Y ^   NOR2XL     0.375   2.796    5.100  
      u_account_balance/g4349                 -            CLKINVX1   0.000   2.796    5.100  
      u_account_balance/g4349                 A ^ -> Y v   CLKINVX1   0.123   2.919    5.223  
      u_account_balance/g4283                 -            OAI21XL    0.000   2.919    5.223  
      u_account_balance/g4283                 A1 v -> Y ^  OAI21XL    0.128   3.048    5.352  
      u_account_balance/balance_db_reg[1][1]  -            SDFFQX1    0.000   3.048    5.352  
      -----------------------------------------------------------------------------------------
     Clock Rise Edge                      0.000
     + Source Insertion Delay             0.010
     = Beginpoint Arrival Time            0.010
     Other End Path:
      ---------------------------------------------------------------------------------
      Instance                                Arc    Cell     Retime  Arrival  Required  
                                                              Delay   Time     Time  
      ---------------------------------------------------------------------------------
      -                                       clk ^  -        -       0.010    -2.294  
      u_account_balance/balance_db_reg[1][1]  -      SDFFQX1  0.000   0.010    -2.294  
      ---------------------------------------------------------------------------------
Path 6: MET Setup Check with Pin u_account_balance/balance_db_reg[2][12]/CK 
Endpoint:   u_account_balance/balance_db_reg[2][12]/D (^) checked with  leading edge of 'clk'
Beginpoint: u_vehicle_interface/id_to_check_reg[3]/Q  (^) triggered by  leading edge of 'clk'
Path Groups: {clk}
Retime Analysis { Data Path-Slew }
Other End Arrival Time          0.010
- Setup                         0.223
+ Phase Shift                   5.600
= Required Time                 5.387
- Arrival Time                  3.038
= Slack Time                    2.349
= Slack Time(original)          2.288
     Clock Rise Edge                      0.000
     + Source Insertion Delay             0.010
     = Beginpoint Arrival Time            0.010
     Timing Path:
      ------------------------------------------------------------------------------------------
      Instance                                 Arc          Cell       Retime  Arrival  Required  
                                                                       Delay   Time     Time  
      ------------------------------------------------------------------------------------------
      -                                        clk ^        -          -       0.010    2.359  
      u_vehicle_interface/id_to_check_reg[3]   -            SDFFQX1    0.000   0.010    2.359  
      u_vehicle_interface/id_to_check_reg[3]   CK ^ -> Q ^  SDFFQX1    0.393   0.403    2.752  
      g222                                     -            BUFX6      0.000   0.403    2.752  
      g222                                     A ^ -> Y ^   BUFX6      0.177   0.579    2.928  
      u_account_balance/g13463                 -            INVX8      0.000   0.579    2.928  
      u_account_balance/g13463                 A ^ -> Y v   INVX8      0.065   0.644    2.993  
      u_account_balance/g13456                 -            CLKAND2X3  0.000   0.644    2.993  
      u_account_balance/g13456                 B v -> Y v   CLKAND2X3  0.148   0.792    3.141  
      u_account_balance/g13449                 -            CLKINVX2   0.000   0.792    3.141  
      u_account_balance/g13449                 A v -> Y ^   CLKINVX2   0.063   0.855    3.205  
      u_account_balance/g13398                 -            NOR2BXL    0.000   0.855    3.205  
      u_account_balance/g13398                 B ^ -> Y v   NOR2BXL    0.053   0.909    3.258  
      u_account_balance/g13286                 -            AOI221X1   0.000   0.909    3.258  
      u_account_balance/g13286                 C0 v -> Y ^  AOI221X1   0.109   1.018    3.367  
      u_account_balance/g13252                 -            NOR2XL     0.000   1.018    3.367  
      u_account_balance/g13252                 B ^ -> Y v   NOR2XL     0.055   1.073    3.422  
      u_account_balance/g13237                 -            NOR2XL     0.000   1.073    3.422  
      u_account_balance/g13237                 B v -> Y ^   NOR2XL     0.078   1.150    3.500  
      u_account_balance/g13223                 -            NAND2XL    0.000   1.150    3.500  
      u_account_balance/g13223                 B ^ -> Y v   NAND2XL    0.089   1.239    3.589  
      u_account_balance/g13210                 -            NOR2X1     0.000   1.239    3.589  
      u_account_balance/g13210                 B v -> Y ^   NOR2X1     0.112   1.351    3.700  
      u_account_balance/g13194                 -            OAI21X1    0.000   1.351    3.700  
      u_account_balance/g13194                 B0 ^ -> Y v  OAI21X1    0.128   1.480    3.829  
      u_account_balance/g13192                 -            NOR2X1     0.000   1.480    3.829  
      u_account_balance/g13192                 B v -> Y ^   NOR2X1     0.163   1.643    3.992  
      u_account_balance/g13187                 -            NAND2X1    0.000   1.643    3.992  
      u_account_balance/g13187                 B ^ -> Y v   NAND2X1    0.137   1.780    4.129  
      u_account_balance/g13184                 -            OR4X1      0.000   1.780    4.129  
      u_account_balance/g13184                 D v -> Y v   OR4X1      0.296   2.077    4.426  
      u_account_balance/g13179                 -            OR2X1      0.000   2.077    4.426  
      u_account_balance/g13179                 B v -> Y v   OR2X1      0.195   2.272    4.621  
      u_account_balance/g13170                 -            NAND2X1    0.000   2.272    4.621  
      u_account_balance/g13170                 B v -> Y ^   NAND2X1    0.080   2.352    4.701  
      u_account_balance/g4361                  -            OR2X1      0.000   2.352    4.701  
      u_account_balance/g4361                  B ^ -> Y ^   OR2X1      0.128   2.480    4.829  
      u_account_balance/g4357                  -            NAND2XL    0.000   2.480    4.829  
      u_account_balance/g4357                  B ^ -> Y v   NAND2XL    0.115   2.595    4.944  
      u_account_balance/g4343                  -            NAND2XL    0.000   2.595    4.944  
      u_account_balance/g4343                  A v -> Y ^   NAND2XL    0.270   2.866    5.215  
      u_account_balance/g4332                  -            NAND2XL    0.000   2.866    5.215  
      u_account_balance/g4332                  A ^ -> Y v   NAND2XL    0.099   2.964    5.313  
      u_account_balance/g4291                  -            OAI21XL    0.000   2.964    5.313  
      u_account_balance/g4291                  B0 v -> Y ^  OAI21XL    0.074   3.038    5.387  
      u_account_balance/balance_db_reg[2][12]  -            SDFFQX1    0.000   3.038    5.387  
      ------------------------------------------------------------------------------------------
     Clock Rise Edge                      0.000
     + Source Insertion Delay             0.010
     = Beginpoint Arrival Time            0.010
     Other End Path:
      ----------------------------------------------------------------------------------
      Instance                                 Arc    Cell     Retime  Arrival  Required  
                                                               Delay   Time     Time  
      ----------------------------------------------------------------------------------
      -                                        clk ^  -        -       0.010    -2.339  
      u_account_balance/balance_db_reg[2][12]  -      SDFFQX1  0.000   0.010    -2.339  
      ----------------------------------------------------------------------------------
Path 7: MET Setup Check with Pin u_account_balance/balance_db_reg[2][10]/CK 
Endpoint:   u_account_balance/balance_db_reg[2][10]/D (^) checked with  leading edge of 'clk'
Beginpoint: u_vehicle_interface/id_to_check_reg[3]/Q  (^) triggered by  leading edge of 'clk'
Path Groups: {clk}
Retime Analysis { Data Path-Slew }
Other End Arrival Time          0.010
- Setup                         0.223
+ Phase Shift                   5.600
= Required Time                 5.387
- Arrival Time                  3.038
= Slack Time                    2.349
= Slack Time(original)          2.288
     Clock Rise Edge                      0.000
     + Source Insertion Delay             0.010
     = Beginpoint Arrival Time            0.010
     Timing Path:
      ------------------------------------------------------------------------------------------
      Instance                                 Arc          Cell       Retime  Arrival  Required  
                                                                       Delay   Time     Time  
      ------------------------------------------------------------------------------------------
      -                                        clk ^        -          -       0.010    2.359  
      u_vehicle_interface/id_to_check_reg[3]   -            SDFFQX1    0.000   0.010    2.359  
      u_vehicle_interface/id_to_check_reg[3]   CK ^ -> Q ^  SDFFQX1    0.393   0.403    2.752  
      g222                                     -            BUFX6      0.000   0.403    2.752  
      g222                                     A ^ -> Y ^   BUFX6      0.177   0.579    2.928  
      u_account_balance/g13463                 -            INVX8      0.000   0.579    2.928  
      u_account_balance/g13463                 A ^ -> Y v   INVX8      0.065   0.644    2.993  
      u_account_balance/g13456                 -            CLKAND2X3  0.000   0.644    2.993  
      u_account_balance/g13456                 B v -> Y v   CLKAND2X3  0.148   0.792    3.141  
      u_account_balance/g13449                 -            CLKINVX2   0.000   0.792    3.141  
      u_account_balance/g13449                 A v -> Y ^   CLKINVX2   0.063   0.855    3.205  
      u_account_balance/g13398                 -            NOR2BXL    0.000   0.855    3.205  
      u_account_balance/g13398                 B ^ -> Y v   NOR2BXL    0.053   0.909    3.258  
      u_account_balance/g13286                 -            AOI221X1   0.000   0.909    3.258  
      u_account_balance/g13286                 C0 v -> Y ^  AOI221X1   0.109   1.018    3.367  
      u_account_balance/g13252                 -            NOR2XL     0.000   1.018    3.367  
      u_account_balance/g13252                 B ^ -> Y v   NOR2XL     0.055   1.073    3.422  
      u_account_balance/g13237                 -            NOR2XL     0.000   1.073    3.422  
      u_account_balance/g13237                 B v -> Y ^   NOR2XL     0.078   1.150    3.500  
      u_account_balance/g13223                 -            NAND2XL    0.000   1.150    3.500  
      u_account_balance/g13223                 B ^ -> Y v   NAND2XL    0.089   1.239    3.589  
      u_account_balance/g13210                 -            NOR2X1     0.000   1.239    3.589  
      u_account_balance/g13210                 B v -> Y ^   NOR2X1     0.112   1.351    3.700  
      u_account_balance/g13194                 -            OAI21X1    0.000   1.351    3.700  
      u_account_balance/g13194                 B0 ^ -> Y v  OAI21X1    0.128   1.480    3.829  
      u_account_balance/g13192                 -            NOR2X1     0.000   1.480    3.829  
      u_account_balance/g13192                 B v -> Y ^   NOR2X1     0.163   1.643    3.992  
      u_account_balance/g13187                 -            NAND2X1    0.000   1.643    3.992  
      u_account_balance/g13187                 B ^ -> Y v   NAND2X1    0.137   1.780    4.129  
      u_account_balance/g13184                 -            OR4X1      0.000   1.780    4.129  
      u_account_balance/g13184                 D v -> Y v   OR4X1      0.296   2.077    4.426  
      u_account_balance/g13179                 -            OR2X1      0.000   2.077    4.426  
      u_account_balance/g13179                 B v -> Y v   OR2X1      0.195   2.272    4.621  
      u_account_balance/g13170                 -            NAND2X1    0.000   2.272    4.621  
      u_account_balance/g13170                 B v -> Y ^   NAND2X1    0.080   2.352    4.701  
      u_account_balance/g4361                  -            OR2X1      0.000   2.352    4.701  
      u_account_balance/g4361                  B ^ -> Y ^   OR2X1      0.128   2.480    4.829  
      u_account_balance/g4357                  -            NAND2XL    0.000   2.480    4.829  
      u_account_balance/g4357                  B ^ -> Y v   NAND2XL    0.115   2.595    4.944  
      u_account_balance/g4343                  -            NAND2XL    0.000   2.595    4.944  
      u_account_balance/g4343                  A v -> Y ^   NAND2XL    0.270   2.866    5.215  
      u_account_balance/g4331                  -            NAND2XL    0.000   2.866    5.215  
      u_account_balance/g4331                  A ^ -> Y v   NAND2XL    0.099   2.964    5.313  
      u_account_balance/g4290                  -            OAI21XL    0.000   2.964    5.313  
      u_account_balance/g4290                  B0 v -> Y ^  OAI21XL    0.074   3.038    5.387  
      u_account_balance/balance_db_reg[2][10]  -            SDFFQX1    0.000   3.038    5.387  
      ------------------------------------------------------------------------------------------
     Clock Rise Edge                      0.000
     + Source Insertion Delay             0.010
     = Beginpoint Arrival Time            0.010
     Other End Path:
      ----------------------------------------------------------------------------------
      Instance                                 Arc    Cell     Retime  Arrival  Required  
                                                               Delay   Time     Time  
      ----------------------------------------------------------------------------------
      -                                        clk ^  -        -       0.010    -2.339  
      u_account_balance/balance_db_reg[2][10]  -      SDFFQX1  0.000   0.010    -2.339  
      ----------------------------------------------------------------------------------
Path 8: MET Setup Check with Pin u_account_balance/balance_db_reg[2][8]/CK 
Endpoint:   u_account_balance/balance_db_reg[2][8]/D (^) checked with  leading edge of 'clk'
Beginpoint: u_vehicle_interface/id_to_check_reg[3]/Q (^) triggered by  leading edge of 'clk'
Path Groups: {clk}
Retime Analysis { Data Path-Slew }
Other End Arrival Time          0.010
- Setup                         0.223
+ Phase Shift                   5.600
= Required Time                 5.387
- Arrival Time                  3.038
= Slack Time                    2.349
= Slack Time(original)          2.288
     Clock Rise Edge                      0.000
     + Source Insertion Delay             0.010
     = Beginpoint Arrival Time            0.010
     Timing Path:
      -----------------------------------------------------------------------------------------
      Instance                                Arc          Cell       Retime  Arrival  Required  
                                                                      Delay   Time     Time  
      -----------------------------------------------------------------------------------------
      -                                       clk ^        -          -       0.010    2.359  
      u_vehicle_interface/id_to_check_reg[3]  -            SDFFQX1    0.000   0.010    2.359  
      u_vehicle_interface/id_to_check_reg[3]  CK ^ -> Q ^  SDFFQX1    0.393   0.403    2.752  
      g222                                    -            BUFX6      0.000   0.403    2.752  
      g222                                    A ^ -> Y ^   BUFX6      0.177   0.579    2.928  
      u_account_balance/g13463                -            INVX8      0.000   0.579    2.928  
      u_account_balance/g13463                A ^ -> Y v   INVX8      0.065   0.644    2.993  
      u_account_balance/g13456                -            CLKAND2X3  0.000   0.644    2.993  
      u_account_balance/g13456                B v -> Y v   CLKAND2X3  0.148   0.792    3.141  
      u_account_balance/g13449                -            CLKINVX2   0.000   0.792    3.141  
      u_account_balance/g13449                A v -> Y ^   CLKINVX2   0.063   0.855    3.205  
      u_account_balance/g13398                -            NOR2BXL    0.000   0.855    3.205  
      u_account_balance/g13398                B ^ -> Y v   NOR2BXL    0.053   0.909    3.258  
      u_account_balance/g13286                -            AOI221X1   0.000   0.909    3.258  
      u_account_balance/g13286                C0 v -> Y ^  AOI221X1   0.109   1.018    3.367  
      u_account_balance/g13252                -            NOR2XL     0.000   1.018    3.367  
      u_account_balance/g13252                B ^ -> Y v   NOR2XL     0.055   1.073    3.422  
      u_account_balance/g13237                -            NOR2XL     0.000   1.073    3.422  
      u_account_balance/g13237                B v -> Y ^   NOR2XL     0.078   1.150    3.500  
      u_account_balance/g13223                -            NAND2XL    0.000   1.150    3.500  
      u_account_balance/g13223                B ^ -> Y v   NAND2XL    0.089   1.239    3.589  
      u_account_balance/g13210                -            NOR2X1     0.000   1.239    3.589  
      u_account_balance/g13210                B v -> Y ^   NOR2X1     0.112   1.351    3.700  
      u_account_balance/g13194                -            OAI21X1    0.000   1.351    3.700  
      u_account_balance/g13194                B0 ^ -> Y v  OAI21X1    0.128   1.480    3.829  
      u_account_balance/g13192                -            NOR2X1     0.000   1.480    3.829  
      u_account_balance/g13192                B v -> Y ^   NOR2X1     0.163   1.643    3.992  
      u_account_balance/g13187                -            NAND2X1    0.000   1.643    3.992  
      u_account_balance/g13187                B ^ -> Y v   NAND2X1    0.137   1.780    4.129  
      u_account_balance/g13184                -            OR4X1      0.000   1.780    4.129  
      u_account_balance/g13184                D v -> Y v   OR4X1      0.296   2.077    4.426  
      u_account_balance/g13179                -            OR2X1      0.000   2.077    4.426  
      u_account_balance/g13179                B v -> Y v   OR2X1      0.195   2.272    4.621  
      u_account_balance/g13170                -            NAND2X1    0.000   2.272    4.621  
      u_account_balance/g13170                B v -> Y ^   NAND2X1    0.080   2.352    4.701  
      u_account_balance/g4361                 -            OR2X1      0.000   2.352    4.701  
      u_account_balance/g4361                 B ^ -> Y ^   OR2X1      0.128   2.480    4.829  
      u_account_balance/g4357                 -            NAND2XL    0.000   2.480    4.829  
      u_account_balance/g4357                 B ^ -> Y v   NAND2XL    0.115   2.595    4.944  
      u_account_balance/g4343                 -            NAND2XL    0.000   2.595    4.944  
      u_account_balance/g4343                 A v -> Y ^   NAND2XL    0.270   2.866    5.215  
      u_account_balance/g4328                 -            NAND2XL    0.000   2.866    5.215  
      u_account_balance/g4328                 A ^ -> Y v   NAND2XL    0.099   2.964    5.313  
      u_account_balance/g4288                 -            OAI21XL    0.000   2.964    5.313  
      u_account_balance/g4288                 B0 v -> Y ^  OAI21XL    0.074   3.038    5.387  
      u_account_balance/balance_db_reg[2][8]  -            SDFFQX1    0.000   3.038    5.387  
      -----------------------------------------------------------------------------------------
     Clock Rise Edge                      0.000
     + Source Insertion Delay             0.010
     = Beginpoint Arrival Time            0.010
     Other End Path:
      ---------------------------------------------------------------------------------
      Instance                                Arc    Cell     Retime  Arrival  Required  
                                                              Delay   Time     Time  
      ---------------------------------------------------------------------------------
      -                                       clk ^  -        -       0.010    -2.339  
      u_account_balance/balance_db_reg[2][8]  -      SDFFQX1  0.000   0.010    -2.339  
      ---------------------------------------------------------------------------------
Path 9: MET Setup Check with Pin u_account_balance/balance_db_reg[2][6]/CK 
Endpoint:   u_account_balance/balance_db_reg[2][6]/D (^) checked with  leading edge of 'clk'
Beginpoint: u_vehicle_interface/id_to_check_reg[3]/Q (^) triggered by  leading edge of 'clk'
Path Groups: {clk}
Retime Analysis { Data Path-Slew }
Other End Arrival Time          0.010
- Setup                         0.223
+ Phase Shift                   5.600
= Required Time                 5.387
- Arrival Time                  3.038
= Slack Time                    2.349
= Slack Time(original)          2.288
     Clock Rise Edge                      0.000
     + Source Insertion Delay             0.010
     = Beginpoint Arrival Time            0.010
     Timing Path:
      -----------------------------------------------------------------------------------------
      Instance                                Arc          Cell       Retime  Arrival  Required  
                                                                      Delay   Time     Time  
      -----------------------------------------------------------------------------------------
      -                                       clk ^        -          -       0.010    2.359  
      u_vehicle_interface/id_to_check_reg[3]  -            SDFFQX1    0.000   0.010    2.359  
      u_vehicle_interface/id_to_check_reg[3]  CK ^ -> Q ^  SDFFQX1    0.393   0.403    2.752  
      g222                                    -            BUFX6      0.000   0.403    2.752  
      g222                                    A ^ -> Y ^   BUFX6      0.177   0.579    2.928  
      u_account_balance/g13463                -            INVX8      0.000   0.579    2.928  
      u_account_balance/g13463                A ^ -> Y v   INVX8      0.065   0.644    2.993  
      u_account_balance/g13456                -            CLKAND2X3  0.000   0.644    2.993  
      u_account_balance/g13456                B v -> Y v   CLKAND2X3  0.148   0.792    3.141  
      u_account_balance/g13449                -            CLKINVX2   0.000   0.792    3.141  
      u_account_balance/g13449                A v -> Y ^   CLKINVX2   0.063   0.855    3.205  
      u_account_balance/g13398                -            NOR2BXL    0.000   0.855    3.205  
      u_account_balance/g13398                B ^ -> Y v   NOR2BXL    0.053   0.909    3.258  
      u_account_balance/g13286                -            AOI221X1   0.000   0.909    3.258  
      u_account_balance/g13286                C0 v -> Y ^  AOI221X1   0.109   1.018    3.367  
      u_account_balance/g13252                -            NOR2XL     0.000   1.018    3.367  
      u_account_balance/g13252                B ^ -> Y v   NOR2XL     0.055   1.073    3.422  
      u_account_balance/g13237                -            NOR2XL     0.000   1.073    3.422  
      u_account_balance/g13237                B v -> Y ^   NOR2XL     0.078   1.150    3.500  
      u_account_balance/g13223                -            NAND2XL    0.000   1.150    3.500  
      u_account_balance/g13223                B ^ -> Y v   NAND2XL    0.089   1.239    3.589  
      u_account_balance/g13210                -            NOR2X1     0.000   1.239    3.589  
      u_account_balance/g13210                B v -> Y ^   NOR2X1     0.112   1.351    3.700  
      u_account_balance/g13194                -            OAI21X1    0.000   1.351    3.700  
      u_account_balance/g13194                B0 ^ -> Y v  OAI21X1    0.128   1.480    3.829  
      u_account_balance/g13192                -            NOR2X1     0.000   1.480    3.829  
      u_account_balance/g13192                B v -> Y ^   NOR2X1     0.163   1.643    3.992  
      u_account_balance/g13187                -            NAND2X1    0.000   1.643    3.992  
      u_account_balance/g13187                B ^ -> Y v   NAND2X1    0.137   1.780    4.129  
      u_account_balance/g13184                -            OR4X1      0.000   1.780    4.129  
      u_account_balance/g13184                D v -> Y v   OR4X1      0.296   2.077    4.426  
      u_account_balance/g13179                -            OR2X1      0.000   2.077    4.426  
      u_account_balance/g13179                B v -> Y v   OR2X1      0.195   2.272    4.621  
      u_account_balance/g13170                -            NAND2X1    0.000   2.272    4.621  
      u_account_balance/g13170                B v -> Y ^   NAND2X1    0.080   2.352    4.701  
      u_account_balance/g4361                 -            OR2X1      0.000   2.352    4.701  
      u_account_balance/g4361                 B ^ -> Y ^   OR2X1      0.128   2.480    4.829  
      u_account_balance/g4357                 -            NAND2XL    0.000   2.480    4.829  
      u_account_balance/g4357                 B ^ -> Y v   NAND2XL    0.115   2.595    4.944  
      u_account_balance/g4343                 -            NAND2XL    0.000   2.595    4.944  
      u_account_balance/g4343                 A v -> Y ^   NAND2XL    0.270   2.866    5.215  
      u_account_balance/g4327                 -            NAND2XL    0.000   2.866    5.215  
      u_account_balance/g4327                 A ^ -> Y v   NAND2XL    0.099   2.964    5.313  
      u_account_balance/g4287                 -            OAI21XL    0.000   2.964    5.313  
      u_account_balance/g4287                 B0 v -> Y ^  OAI21XL    0.074   3.038    5.387  
      u_account_balance/balance_db_reg[2][6]  -            SDFFQX1    0.000   3.038    5.387  
      -----------------------------------------------------------------------------------------
     Clock Rise Edge                      0.000
     + Source Insertion Delay             0.010
     = Beginpoint Arrival Time            0.010
     Other End Path:
      ---------------------------------------------------------------------------------
      Instance                                Arc    Cell     Retime  Arrival  Required  
                                                              Delay   Time     Time  
      ---------------------------------------------------------------------------------
      -                                       clk ^  -        -       0.010    -2.339  
      u_account_balance/balance_db_reg[2][6]  -      SDFFQX1  0.000   0.010    -2.339  
      ---------------------------------------------------------------------------------
Path 10: MET Setup Check with Pin u_account_balance/balance_db_reg[2][5]/CK 
Endpoint:   u_account_balance/balance_db_reg[2][5]/D (^) checked with  leading edge of 'clk'
Beginpoint: u_vehicle_interface/id_to_check_reg[3]/Q (^) triggered by  leading edge of 'clk'
Path Groups: {clk}
Retime Analysis { Data Path-Slew }
Other End Arrival Time          0.010
- Setup                         0.223
+ Phase Shift                   5.600
= Required Time                 5.387
- Arrival Time                  3.038
= Slack Time                    2.349
= Slack Time(original)          2.288
     Clock Rise Edge                      0.000
     + Source Insertion Delay             0.010
     = Beginpoint Arrival Time            0.010
     Timing Path:
      -----------------------------------------------------------------------------------------
      Instance                                Arc          Cell       Retime  Arrival  Required  
                                                                      Delay   Time     Time  
      -----------------------------------------------------------------------------------------
      -                                       clk ^        -          -       0.010    2.359  
      u_vehicle_interface/id_to_check_reg[3]  -            SDFFQX1    0.000   0.010    2.359  
      u_vehicle_interface/id_to_check_reg[3]  CK ^ -> Q ^  SDFFQX1    0.393   0.403    2.752  
      g222                                    -            BUFX6      0.000   0.403    2.752  
      g222                                    A ^ -> Y ^   BUFX6      0.177   0.579    2.928  
      u_account_balance/g13463                -            INVX8      0.000   0.579    2.928  
      u_account_balance/g13463                A ^ -> Y v   INVX8      0.065   0.644    2.993  
      u_account_balance/g13456                -            CLKAND2X3  0.000   0.644    2.993  
      u_account_balance/g13456                B v -> Y v   CLKAND2X3  0.148   0.792    3.141  
      u_account_balance/g13449                -            CLKINVX2   0.000   0.792    3.141  
      u_account_balance/g13449                A v -> Y ^   CLKINVX2   0.063   0.855    3.205  
      u_account_balance/g13398                -            NOR2BXL    0.000   0.855    3.205  
      u_account_balance/g13398                B ^ -> Y v   NOR2BXL    0.053   0.909    3.258  
      u_account_balance/g13286                -            AOI221X1   0.000   0.909    3.258  
      u_account_balance/g13286                C0 v -> Y ^  AOI221X1   0.109   1.018    3.367  
      u_account_balance/g13252                -            NOR2XL     0.000   1.018    3.367  
      u_account_balance/g13252                B ^ -> Y v   NOR2XL     0.055   1.073    3.422  
      u_account_balance/g13237                -            NOR2XL     0.000   1.073    3.422  
      u_account_balance/g13237                B v -> Y ^   NOR2XL     0.078   1.150    3.500  
      u_account_balance/g13223                -            NAND2XL    0.000   1.150    3.500  
      u_account_balance/g13223                B ^ -> Y v   NAND2XL    0.089   1.239    3.589  
      u_account_balance/g13210                -            NOR2X1     0.000   1.239    3.589  
      u_account_balance/g13210                B v -> Y ^   NOR2X1     0.112   1.351    3.700  
      u_account_balance/g13194                -            OAI21X1    0.000   1.351    3.700  
      u_account_balance/g13194                B0 ^ -> Y v  OAI21X1    0.128   1.480    3.829  
      u_account_balance/g13192                -            NOR2X1     0.000   1.480    3.829  
      u_account_balance/g13192                B v -> Y ^   NOR2X1     0.163   1.643    3.992  
      u_account_balance/g13187                -            NAND2X1    0.000   1.643    3.992  
      u_account_balance/g13187                B ^ -> Y v   NAND2X1    0.137   1.780    4.129  
      u_account_balance/g13184                -            OR4X1      0.000   1.780    4.129  
      u_account_balance/g13184                D v -> Y v   OR4X1      0.296   2.077    4.426  
      u_account_balance/g13179                -            OR2X1      0.000   2.077    4.426  
      u_account_balance/g13179                B v -> Y v   OR2X1      0.195   2.272    4.621  
      u_account_balance/g13170                -            NAND2X1    0.000   2.272    4.621  
      u_account_balance/g13170                B v -> Y ^   NAND2X1    0.080   2.352    4.701  
      u_account_balance/g4361                 -            OR2X1      0.000   2.352    4.701  
      u_account_balance/g4361                 B ^ -> Y ^   OR2X1      0.128   2.480    4.829  
      u_account_balance/g4357                 -            NAND2XL    0.000   2.480    4.829  
      u_account_balance/g4357                 B ^ -> Y v   NAND2XL    0.115   2.595    4.944  
      u_account_balance/g4343                 -            NAND2XL    0.000   2.595    4.944  
      u_account_balance/g4343                 A v -> Y ^   NAND2XL    0.270   2.866    5.215  
      u_account_balance/g4325                 -            NAND2XL    0.000   2.866    5.215  
      u_account_balance/g4325                 A ^ -> Y v   NAND2XL    0.099   2.964    5.313  
      u_account_balance/g4303                 -            OAI21XL    0.000   2.964    5.313  
      u_account_balance/g4303                 B0 v -> Y ^  OAI21XL    0.074   3.038    5.387  
      u_account_balance/balance_db_reg[2][5]  -            SDFFQX1    0.000   3.038    5.387  
      -----------------------------------------------------------------------------------------
     Clock Rise Edge                      0.000
     + Source Insertion Delay             0.010
     = Beginpoint Arrival Time            0.010
     Other End Path:
      ---------------------------------------------------------------------------------
      Instance                                Arc    Cell     Retime  Arrival  Required  
                                                              Delay   Time     Time  
      ---------------------------------------------------------------------------------
      -                                       clk ^  -        -       0.010    -2.339  
      u_account_balance/balance_db_reg[2][5]  -      SDFFQX1  0.000   0.010    -2.339  
      ---------------------------------------------------------------------------------
Path 11: MET Setup Check with Pin u_account_balance/balance_db_reg[2][4]/CK 
Endpoint:   u_account_balance/balance_db_reg[2][4]/D (^) checked with  leading edge of 'clk'
Beginpoint: u_vehicle_interface/id_to_check_reg[3]/Q (^) triggered by  leading edge of 'clk'
Path Groups: {clk}
Retime Analysis { Data Path-Slew }
Other End Arrival Time          0.010
- Setup                         0.223
+ Phase Shift                   5.600
= Required Time                 5.387
- Arrival Time                  3.038
= Slack Time                    2.349
= Slack Time(original)          2.288
     Clock Rise Edge                      0.000
     + Source Insertion Delay             0.010
     = Beginpoint Arrival Time            0.010
     Timing Path:
      -----------------------------------------------------------------------------------------
      Instance                                Arc          Cell       Retime  Arrival  Required  
                                                                      Delay   Time     Time  
      -----------------------------------------------------------------------------------------
      -                                       clk ^        -          -       0.010    2.359  
      u_vehicle_interface/id_to_check_reg[3]  -            SDFFQX1    0.000   0.010    2.359  
      u_vehicle_interface/id_to_check_reg[3]  CK ^ -> Q ^  SDFFQX1    0.393   0.403    2.752  
      g222                                    -            BUFX6      0.000   0.403    2.752  
      g222                                    A ^ -> Y ^   BUFX6      0.177   0.579    2.928  
      u_account_balance/g13463                -            INVX8      0.000   0.579    2.928  
      u_account_balance/g13463                A ^ -> Y v   INVX8      0.065   0.644    2.993  
      u_account_balance/g13456                -            CLKAND2X3  0.000   0.644    2.993  
      u_account_balance/g13456                B v -> Y v   CLKAND2X3  0.148   0.792    3.141  
      u_account_balance/g13449                -            CLKINVX2   0.000   0.792    3.141  
      u_account_balance/g13449                A v -> Y ^   CLKINVX2   0.063   0.855    3.205  
      u_account_balance/g13398                -            NOR2BXL    0.000   0.855    3.205  
      u_account_balance/g13398                B ^ -> Y v   NOR2BXL    0.053   0.909    3.258  
      u_account_balance/g13286                -            AOI221X1   0.000   0.909    3.258  
      u_account_balance/g13286                C0 v -> Y ^  AOI221X1   0.109   1.018    3.367  
      u_account_balance/g13252                -            NOR2XL     0.000   1.018    3.367  
      u_account_balance/g13252                B ^ -> Y v   NOR2XL     0.055   1.073    3.422  
      u_account_balance/g13237                -            NOR2XL     0.000   1.073    3.422  
      u_account_balance/g13237                B v -> Y ^   NOR2XL     0.078   1.150    3.500  
      u_account_balance/g13223                -            NAND2XL    0.000   1.150    3.500  
      u_account_balance/g13223                B ^ -> Y v   NAND2XL    0.089   1.239    3.589  
      u_account_balance/g13210                -            NOR2X1     0.000   1.239    3.589  
      u_account_balance/g13210                B v -> Y ^   NOR2X1     0.112   1.351    3.700  
      u_account_balance/g13194                -            OAI21X1    0.000   1.351    3.700  
      u_account_balance/g13194                B0 ^ -> Y v  OAI21X1    0.128   1.480    3.829  
      u_account_balance/g13192                -            NOR2X1     0.000   1.480    3.829  
      u_account_balance/g13192                B v -> Y ^   NOR2X1     0.163   1.643    3.992  
      u_account_balance/g13187                -            NAND2X1    0.000   1.643    3.992  
      u_account_balance/g13187                B ^ -> Y v   NAND2X1    0.137   1.780    4.129  
      u_account_balance/g13184                -            OR4X1      0.000   1.780    4.129  
      u_account_balance/g13184                D v -> Y v   OR4X1      0.296   2.077    4.426  
      u_account_balance/g13179                -            OR2X1      0.000   2.077    4.426  
      u_account_balance/g13179                B v -> Y v   OR2X1      0.195   2.272    4.621  
      u_account_balance/g13170                -            NAND2X1    0.000   2.272    4.621  
      u_account_balance/g13170                B v -> Y ^   NAND2X1    0.080   2.352    4.701  
      u_account_balance/g4361                 -            OR2X1      0.000   2.352    4.701  
      u_account_balance/g4361                 B ^ -> Y ^   OR2X1      0.128   2.480    4.829  
      u_account_balance/g4357                 -            NAND2XL    0.000   2.480    4.829  
      u_account_balance/g4357                 B ^ -> Y v   NAND2XL    0.115   2.595    4.944  
      u_account_balance/g4343                 -            NAND2XL    0.000   2.595    4.944  
      u_account_balance/g4343                 A v -> Y ^   NAND2XL    0.270   2.866    5.215  
      u_account_balance/g4324                 -            NAND2XL    0.000   2.866    5.215  
      u_account_balance/g4324                 A ^ -> Y v   NAND2XL    0.099   2.964    5.313  
      u_account_balance/g4286                 -            OAI21XL    0.000   2.964    5.313  
      u_account_balance/g4286                 B0 v -> Y ^  OAI21XL    0.074   3.038    5.387  
      u_account_balance/balance_db_reg[2][4]  -            SDFFQX1    0.000   3.038    5.387  
      -----------------------------------------------------------------------------------------
     Clock Rise Edge                      0.000
     + Source Insertion Delay             0.010
     = Beginpoint Arrival Time            0.010
     Other End Path:
      ---------------------------------------------------------------------------------
      Instance                                Arc    Cell     Retime  Arrival  Required  
                                                              Delay   Time     Time  
      ---------------------------------------------------------------------------------
      -                                       clk ^  -        -       0.010    -2.339  
      u_account_balance/balance_db_reg[2][4]  -      SDFFQX1  0.000   0.010    -2.339  
      ---------------------------------------------------------------------------------
Path 12: MET Setup Check with Pin u_account_balance/balance_db_reg[2][1]/CK 
Endpoint:   u_account_balance/balance_db_reg[2][1]/D (^) checked with  leading edge of 'clk'
Beginpoint: u_vehicle_interface/id_to_check_reg[3]/Q (^) triggered by  leading edge of 'clk'
Path Groups: {clk}
Retime Analysis { Data Path-Slew }
Other End Arrival Time          0.010
- Setup                         0.223
+ Phase Shift                   5.600
= Required Time                 5.387
- Arrival Time                  3.038
= Slack Time                    2.349
= Slack Time(original)          2.288
     Clock Rise Edge                      0.000
     + Source Insertion Delay             0.010
     = Beginpoint Arrival Time            0.010
     Timing Path:
      -----------------------------------------------------------------------------------------
      Instance                                Arc          Cell       Retime  Arrival  Required  
                                                                      Delay   Time     Time  
      -----------------------------------------------------------------------------------------
      -                                       clk ^        -          -       0.010    2.359  
      u_vehicle_interface/id_to_check_reg[3]  -            SDFFQX1    0.000   0.010    2.359  
      u_vehicle_interface/id_to_check_reg[3]  CK ^ -> Q ^  SDFFQX1    0.393   0.403    2.752  
      g222                                    -            BUFX6      0.000   0.403    2.752  
      g222                                    A ^ -> Y ^   BUFX6      0.177   0.579    2.928  
      u_account_balance/g13463                -            INVX8      0.000   0.579    2.928  
      u_account_balance/g13463                A ^ -> Y v   INVX8      0.065   0.644    2.993  
      u_account_balance/g13456                -            CLKAND2X3  0.000   0.644    2.993  
      u_account_balance/g13456                B v -> Y v   CLKAND2X3  0.148   0.792    3.141  
      u_account_balance/g13449                -            CLKINVX2   0.000   0.792    3.141  
      u_account_balance/g13449                A v -> Y ^   CLKINVX2   0.063   0.855    3.205  
      u_account_balance/g13398                -            NOR2BXL    0.000   0.855    3.205  
      u_account_balance/g13398                B ^ -> Y v   NOR2BXL    0.053   0.909    3.258  
      u_account_balance/g13286                -            AOI221X1   0.000   0.909    3.258  
      u_account_balance/g13286                C0 v -> Y ^  AOI221X1   0.109   1.018    3.367  
      u_account_balance/g13252                -            NOR2XL     0.000   1.018    3.367  
      u_account_balance/g13252                B ^ -> Y v   NOR2XL     0.055   1.073    3.422  
      u_account_balance/g13237                -            NOR2XL     0.000   1.073    3.422  
      u_account_balance/g13237                B v -> Y ^   NOR2XL     0.078   1.150    3.500  
      u_account_balance/g13223                -            NAND2XL    0.000   1.150    3.500  
      u_account_balance/g13223                B ^ -> Y v   NAND2XL    0.089   1.239    3.589  
      u_account_balance/g13210                -            NOR2X1     0.000   1.239    3.589  
      u_account_balance/g13210                B v -> Y ^   NOR2X1     0.112   1.351    3.700  
      u_account_balance/g13194                -            OAI21X1    0.000   1.351    3.700  
      u_account_balance/g13194                B0 ^ -> Y v  OAI21X1    0.128   1.480    3.829  
      u_account_balance/g13192                -            NOR2X1     0.000   1.480    3.829  
      u_account_balance/g13192                B v -> Y ^   NOR2X1     0.163   1.643    3.992  
      u_account_balance/g13187                -            NAND2X1    0.000   1.643    3.992  
      u_account_balance/g13187                B ^ -> Y v   NAND2X1    0.137   1.780    4.129  
      u_account_balance/g13184                -            OR4X1      0.000   1.780    4.129  
      u_account_balance/g13184                D v -> Y v   OR4X1      0.296   2.077    4.426  
      u_account_balance/g13179                -            OR2X1      0.000   2.077    4.426  
      u_account_balance/g13179                B v -> Y v   OR2X1      0.195   2.272    4.621  
      u_account_balance/g13170                -            NAND2X1    0.000   2.272    4.621  
      u_account_balance/g13170                B v -> Y ^   NAND2X1    0.080   2.352    4.701  
      u_account_balance/g4361                 -            OR2X1      0.000   2.352    4.701  
      u_account_balance/g4361                 B ^ -> Y ^   OR2X1      0.128   2.480    4.829  
      u_account_balance/g4357                 -            NAND2XL    0.000   2.480    4.829  
      u_account_balance/g4357                 B ^ -> Y v   NAND2XL    0.115   2.595    4.944  
      u_account_balance/g4343                 -            NAND2XL    0.000   2.595    4.944  
      u_account_balance/g4343                 A v -> Y ^   NAND2XL    0.270   2.866    5.215  
      u_account_balance/g4330                 -            NAND2XL    0.000   2.866    5.215  
      u_account_balance/g4330                 A ^ -> Y v   NAND2XL    0.099   2.964    5.313  
      u_account_balance/g4284                 -            OAI21XL    0.000   2.964    5.313  
      u_account_balance/g4284                 B0 v -> Y ^  OAI21XL    0.074   3.038    5.387  
      u_account_balance/balance_db_reg[2][1]  -            SDFFQX1    0.000   3.038    5.387  
      -----------------------------------------------------------------------------------------
     Clock Rise Edge                      0.000
     + Source Insertion Delay             0.010
     = Beginpoint Arrival Time            0.010
     Other End Path:
      ---------------------------------------------------------------------------------
      Instance                                Arc    Cell     Retime  Arrival  Required  
                                                              Delay   Time     Time  
      ---------------------------------------------------------------------------------
      -                                       clk ^  -        -       0.010    -2.339  
      u_account_balance/balance_db_reg[2][1]  -      SDFFQX1  0.000   0.010    -2.339  
      ---------------------------------------------------------------------------------
Path 13: MET Setup Check with Pin u_account_balance/balance_db_reg[13][15]/CK 
Endpoint:   u_account_balance/balance_db_reg[13][15]/SE (v) checked with  leading edge of 'clk'
Beginpoint: u_vehicle_interface/id_to_check_reg[0]/Q    (v) triggered by  leading edge of 'clk'
Path Groups: {clk}
Retime Analysis { Data Path-Slew }
Other End Arrival Time          0.010
- Setup                         0.344
+ Phase Shift                   5.600
= Required Time                 5.266
- Arrival Time                  2.958
= Slack Time                    2.308
= Slack Time(original)          2.289
     Clock Rise Edge                      0.000
     + Source Insertion Delay             0.010
     = Beginpoint Arrival Time            0.010
     Timing Path:
      ------------------------------------------------------------------------------------------
      Instance                                  Arc          Cell      Retime  Arrival  Required  
                                                                       Delay   Time     Time  
      ------------------------------------------------------------------------------------------
      -                                         clk ^        -         -       0.010    2.318  
      u_vehicle_interface/id_to_check_reg[0]    -            SDFFHQX4  0.000   0.010    2.318  
      u_vehicle_interface/id_to_check_reg[0]    CK ^ -> Q v  SDFFHQX4  0.525   0.535    2.843  
      u_account_balance/g13462                  -            CLKINVX2  0.000   0.535    2.843  
      u_account_balance/g13462                  A v -> Y ^   CLKINVX2  0.102   0.636    2.944  
      u_account_balance/g13458                  -            AND2X6    0.000   0.636    2.944  
      u_account_balance/g13458                  A ^ -> Y ^   AND2X6    0.192   0.828    3.136  
      u_account_balance/g13451                  -            CLKINVX1  0.000   0.828    3.136  
      u_account_balance/g13451                  A ^ -> Y v   CLKINVX1  0.085   0.913    3.221  
      u_account_balance/g13401                  -            NOR2XL    0.000   0.913    3.221  
      u_account_balance/g13401                  B v -> Y ^   NOR2XL    0.289   1.202    3.510  
      u_account_balance/g13318                  -            AOI22XL   0.000   1.202    3.510  
      u_account_balance/g13318                  A0 ^ -> Y v  AOI22XL   0.142   1.343    3.651  
      u_account_balance/g13257                  -            NAND2XL   0.000   1.343    3.651  
      u_account_balance/g13257                  A v -> Y ^   NAND2XL   0.082   1.425    3.733  
      u_account_balance/g13241                  -            NOR2XL    0.000   1.425    3.733  
      u_account_balance/g13241                  A ^ -> Y v   NOR2XL    0.051   1.476    3.784  
      u_account_balance/g13200                  -            NAND2XL   0.000   1.476    3.784  
      u_account_balance/g13200                  B v -> Y ^   NAND2XL   0.076   1.552    3.860  
      u_account_balance/g13192                  -            NOR2X1    0.000   1.552    3.860  
      u_account_balance/g13192                  A ^ -> Y v   NOR2X1    0.082   1.634    3.942  
      u_account_balance/g13187                  -            NAND2X1   0.000   1.634    3.942  
      u_account_balance/g13187                  B v -> Y ^   NAND2X1   0.088   1.721    4.029  
      u_account_balance/g13184                  -            OR4X1     0.000   1.721    4.029  
      u_account_balance/g13184                  D ^ -> Y ^   OR4X1     0.139   1.860    4.168  
      u_account_balance/g13179                  -            OR2X1     0.000   1.860    4.168  
      u_account_balance/g13179                  B ^ -> Y ^   OR2X1     0.135   1.995    4.303  
      u_account_balance/g13173                  -            NAND3X1   0.000   1.995    4.303  
      u_account_balance/g13173                  C ^ -> Y v   NAND3X1   0.169   2.164    4.472  
      u_account_balance/g2                      -            NAND2BX1  0.000   2.164    4.472  
      u_account_balance/g2                      AN v -> Y v  NAND2BX1  0.180   2.345    4.653  
      u_account_balance/g13156                  -            NOR2XL    0.000   2.345    4.653  
      u_account_balance/g13156                  B v -> Y ^   NOR2XL    0.141   2.485    4.793  
      u_account_balance/g13150                  -            INVX1     0.000   2.485    4.793  
      u_account_balance/g13150                  A ^ -> Y v   INVX1     0.069   2.555    4.863  
      u_account_balance/g13146                  -            OR2X1     0.000   2.555    4.863  
      u_account_balance/g13146                  B v -> Y v   OR2X1     0.403   2.957    5.266  
      u_account_balance/balance_db_reg[13][15]  -            SDFFQXL   0.000   2.957    5.266  
      ------------------------------------------------------------------------------------------
     Clock Rise Edge                      0.000
     + Source Insertion Delay             0.010
     = Beginpoint Arrival Time            0.010
     Other End Path:
      -----------------------------------------------------------------------------------
      Instance                                  Arc    Cell     Retime  Arrival  Required  
                                                                Delay   Time     Time  
      -----------------------------------------------------------------------------------
      -                                         clk ^  -        -       0.010    -2.298  
      u_account_balance/balance_db_reg[13][15]  -      SDFFQXL  0.000   0.010    -2.298  
      -----------------------------------------------------------------------------------
Path 14: MET Setup Check with Pin u_account_balance/balance_db_reg[13][14]/CK 
Endpoint:   u_account_balance/balance_db_reg[13][14]/SE (v) checked with  leading edge of 'clk'
Beginpoint: u_vehicle_interface/id_to_check_reg[0]/Q    (v) triggered by  leading edge of 'clk'
Path Groups: {clk}
Retime Analysis { Data Path-Slew }
Other End Arrival Time          0.010
- Setup                         0.344
+ Phase Shift                   5.600
= Required Time                 5.266
- Arrival Time                  2.958
= Slack Time                    2.308
= Slack Time(original)          2.289
     Clock Rise Edge                      0.000
     + Source Insertion Delay             0.010
     = Beginpoint Arrival Time            0.010
     Timing Path:
      ------------------------------------------------------------------------------------------
      Instance                                  Arc          Cell      Retime  Arrival  Required  
                                                                       Delay   Time     Time  
      ------------------------------------------------------------------------------------------
      -                                         clk ^        -         -       0.010    2.318  
      u_vehicle_interface/id_to_check_reg[0]    -            SDFFHQX4  0.000   0.010    2.318  
      u_vehicle_interface/id_to_check_reg[0]    CK ^ -> Q v  SDFFHQX4  0.525   0.535    2.843  
      u_account_balance/g13462                  -            CLKINVX2  0.000   0.535    2.843  
      u_account_balance/g13462                  A v -> Y ^   CLKINVX2  0.102   0.636    2.944  
      u_account_balance/g13458                  -            AND2X6    0.000   0.636    2.944  
      u_account_balance/g13458                  A ^ -> Y ^   AND2X6    0.192   0.828    3.136  
      u_account_balance/g13451                  -            CLKINVX1  0.000   0.828    3.136  
      u_account_balance/g13451                  A ^ -> Y v   CLKINVX1  0.085   0.913    3.221  
      u_account_balance/g13401                  -            NOR2XL    0.000   0.913    3.221  
      u_account_balance/g13401                  B v -> Y ^   NOR2XL    0.289   1.202    3.510  
      u_account_balance/g13318                  -            AOI22XL   0.000   1.202    3.510  
      u_account_balance/g13318                  A0 ^ -> Y v  AOI22XL   0.142   1.343    3.651  
      u_account_balance/g13257                  -            NAND2XL   0.000   1.343    3.651  
      u_account_balance/g13257                  A v -> Y ^   NAND2XL   0.082   1.425    3.733  
      u_account_balance/g13241                  -            NOR2XL    0.000   1.425    3.733  
      u_account_balance/g13241                  A ^ -> Y v   NOR2XL    0.051   1.476    3.784  
      u_account_balance/g13200                  -            NAND2XL   0.000   1.476    3.784  
      u_account_balance/g13200                  B v -> Y ^   NAND2XL   0.076   1.552    3.860  
      u_account_balance/g13192                  -            NOR2X1    0.000   1.552    3.860  
      u_account_balance/g13192                  A ^ -> Y v   NOR2X1    0.082   1.634    3.942  
      u_account_balance/g13187                  -            NAND2X1   0.000   1.634    3.942  
      u_account_balance/g13187                  B v -> Y ^   NAND2X1   0.088   1.721    4.029  
      u_account_balance/g13184                  -            OR4X1     0.000   1.721    4.029  
      u_account_balance/g13184                  D ^ -> Y ^   OR4X1     0.139   1.860    4.168  
      u_account_balance/g13179                  -            OR2X1     0.000   1.860    4.168  
      u_account_balance/g13179                  B ^ -> Y ^   OR2X1     0.135   1.995    4.303  
      u_account_balance/g13173                  -            NAND3X1   0.000   1.995    4.303  
      u_account_balance/g13173                  C ^ -> Y v   NAND3X1   0.169   2.164    4.472  
      u_account_balance/g2                      -            NAND2BX1  0.000   2.164    4.472  
      u_account_balance/g2                      AN v -> Y v  NAND2BX1  0.180   2.345    4.653  
      u_account_balance/g13156                  -            NOR2XL    0.000   2.345    4.653  
      u_account_balance/g13156                  B v -> Y ^   NOR2XL    0.141   2.485    4.793  
      u_account_balance/g13150                  -            INVX1     0.000   2.485    4.793  
      u_account_balance/g13150                  A ^ -> Y v   INVX1     0.069   2.555    4.863  
      u_account_balance/g13146                  -            OR2X1     0.000   2.555    4.863  
      u_account_balance/g13146                  B v -> Y v   OR2X1     0.403   2.957    5.266  
      u_account_balance/balance_db_reg[13][14]  -            SDFFQXL   0.000   2.957    5.266  
      ------------------------------------------------------------------------------------------
     Clock Rise Edge                      0.000
     + Source Insertion Delay             0.010
     = Beginpoint Arrival Time            0.010
     Other End Path:
      -----------------------------------------------------------------------------------
      Instance                                  Arc    Cell     Retime  Arrival  Required  
                                                                Delay   Time     Time  
      -----------------------------------------------------------------------------------
      -                                         clk ^  -        -       0.010    -2.298  
      u_account_balance/balance_db_reg[13][14]  -      SDFFQXL  0.000   0.010    -2.298  
      -----------------------------------------------------------------------------------
Path 15: MET Setup Check with Pin u_account_balance/balance_db_reg[13][13]/CK 
Endpoint:   u_account_balance/balance_db_reg[13][13]/SE (v) checked with  leading edge of 'clk'
Beginpoint: u_vehicle_interface/id_to_check_reg[0]/Q    (v) triggered by  leading edge of 'clk'
Path Groups: {clk}
Retime Analysis { Data Path-Slew }
Other End Arrival Time          0.010
- Setup                         0.344
+ Phase Shift                   5.600
= Required Time                 5.266
- Arrival Time                  2.958
= Slack Time                    2.308
= Slack Time(original)          2.289
     Clock Rise Edge                      0.000
     + Source Insertion Delay             0.010
     = Beginpoint Arrival Time            0.010
     Timing Path:
      ------------------------------------------------------------------------------------------
      Instance                                  Arc          Cell      Retime  Arrival  Required  
                                                                       Delay   Time     Time  
      ------------------------------------------------------------------------------------------
      -                                         clk ^        -         -       0.010    2.318  
      u_vehicle_interface/id_to_check_reg[0]    -            SDFFHQX4  0.000   0.010    2.318  
      u_vehicle_interface/id_to_check_reg[0]    CK ^ -> Q v  SDFFHQX4  0.525   0.535    2.843  
      u_account_balance/g13462                  -            CLKINVX2  0.000   0.535    2.843  
      u_account_balance/g13462                  A v -> Y ^   CLKINVX2  0.102   0.636    2.944  
      u_account_balance/g13458                  -            AND2X6    0.000   0.636    2.944  
      u_account_balance/g13458                  A ^ -> Y ^   AND2X6    0.192   0.828    3.136  
      u_account_balance/g13451                  -            CLKINVX1  0.000   0.828    3.136  
      u_account_balance/g13451                  A ^ -> Y v   CLKINVX1  0.085   0.913    3.221  
      u_account_balance/g13401                  -            NOR2XL    0.000   0.913    3.221  
      u_account_balance/g13401                  B v -> Y ^   NOR2XL    0.289   1.202    3.510  
      u_account_balance/g13318                  -            AOI22XL   0.000   1.202    3.510  
      u_account_balance/g13318                  A0 ^ -> Y v  AOI22XL   0.142   1.343    3.651  
      u_account_balance/g13257                  -            NAND2XL   0.000   1.343    3.651  
      u_account_balance/g13257                  A v -> Y ^   NAND2XL   0.082   1.425    3.733  
      u_account_balance/g13241                  -            NOR2XL    0.000   1.425    3.733  
      u_account_balance/g13241                  A ^ -> Y v   NOR2XL    0.051   1.476    3.784  
      u_account_balance/g13200                  -            NAND2XL   0.000   1.476    3.784  
      u_account_balance/g13200                  B v -> Y ^   NAND2XL   0.076   1.552    3.860  
      u_account_balance/g13192                  -            NOR2X1    0.000   1.552    3.860  
      u_account_balance/g13192                  A ^ -> Y v   NOR2X1    0.082   1.634    3.942  
      u_account_balance/g13187                  -            NAND2X1   0.000   1.634    3.942  
      u_account_balance/g13187                  B v -> Y ^   NAND2X1   0.088   1.721    4.029  
      u_account_balance/g13184                  -            OR4X1     0.000   1.721    4.029  
      u_account_balance/g13184                  D ^ -> Y ^   OR4X1     0.139   1.860    4.168  
      u_account_balance/g13179                  -            OR2X1     0.000   1.860    4.168  
      u_account_balance/g13179                  B ^ -> Y ^   OR2X1     0.135   1.995    4.303  
      u_account_balance/g13173                  -            NAND3X1   0.000   1.995    4.303  
      u_account_balance/g13173                  C ^ -> Y v   NAND3X1   0.169   2.164    4.472  
      u_account_balance/g2                      -            NAND2BX1  0.000   2.164    4.472  
      u_account_balance/g2                      AN v -> Y v  NAND2BX1  0.180   2.345    4.653  
      u_account_balance/g13156                  -            NOR2XL    0.000   2.345    4.653  
      u_account_balance/g13156                  B v -> Y ^   NOR2XL    0.141   2.485    4.793  
      u_account_balance/g13150                  -            INVX1     0.000   2.485    4.793  
      u_account_balance/g13150                  A ^ -> Y v   INVX1     0.069   2.555    4.863  
      u_account_balance/g13146                  -            OR2X1     0.000   2.555    4.863  
      u_account_balance/g13146                  B v -> Y v   OR2X1     0.403   2.957    5.266  
      u_account_balance/balance_db_reg[13][13]  -            SDFFQXL   0.000   2.957    5.266  
      ------------------------------------------------------------------------------------------
     Clock Rise Edge                      0.000
     + Source Insertion Delay             0.010
     = Beginpoint Arrival Time            0.010
     Other End Path:
      -----------------------------------------------------------------------------------
      Instance                                  Arc    Cell     Retime  Arrival  Required  
                                                                Delay   Time     Time  
      -----------------------------------------------------------------------------------
      -                                         clk ^  -        -       0.010    -2.298  
      u_account_balance/balance_db_reg[13][13]  -      SDFFQXL  0.000   0.010    -2.298  
      -----------------------------------------------------------------------------------
Path 16: MET Setup Check with Pin u_account_balance/balance_db_reg[13][12]/CK 
Endpoint:   u_account_balance/balance_db_reg[13][12]/SE (v) checked with  leading edge of 'clk'
Beginpoint: u_vehicle_interface/id_to_check_reg[0]/Q    (v) triggered by  leading edge of 'clk'
Path Groups: {clk}
Retime Analysis { Data Path-Slew }
Other End Arrival Time          0.010
- Setup                         0.344
+ Phase Shift                   5.600
= Required Time                 5.266
- Arrival Time                  2.958
= Slack Time                    2.308
= Slack Time(original)          2.289
     Clock Rise Edge                      0.000
     + Source Insertion Delay             0.010
     = Beginpoint Arrival Time            0.010
     Timing Path:
      ------------------------------------------------------------------------------------------
      Instance                                  Arc          Cell      Retime  Arrival  Required  
                                                                       Delay   Time     Time  
      ------------------------------------------------------------------------------------------
      -                                         clk ^        -         -       0.010    2.318  
      u_vehicle_interface/id_to_check_reg[0]    -            SDFFHQX4  0.000   0.010    2.318  
      u_vehicle_interface/id_to_check_reg[0]    CK ^ -> Q v  SDFFHQX4  0.525   0.535    2.843  
      u_account_balance/g13462                  -            CLKINVX2  0.000   0.535    2.843  
      u_account_balance/g13462                  A v -> Y ^   CLKINVX2  0.102   0.636    2.944  
      u_account_balance/g13458                  -            AND2X6    0.000   0.636    2.944  
      u_account_balance/g13458                  A ^ -> Y ^   AND2X6    0.192   0.828    3.136  
      u_account_balance/g13451                  -            CLKINVX1  0.000   0.828    3.136  
      u_account_balance/g13451                  A ^ -> Y v   CLKINVX1  0.085   0.913    3.221  
      u_account_balance/g13401                  -            NOR2XL    0.000   0.913    3.221  
      u_account_balance/g13401                  B v -> Y ^   NOR2XL    0.289   1.202    3.510  
      u_account_balance/g13318                  -            AOI22XL   0.000   1.202    3.510  
      u_account_balance/g13318                  A0 ^ -> Y v  AOI22XL   0.142   1.343    3.651  
      u_account_balance/g13257                  -            NAND2XL   0.000   1.343    3.651  
      u_account_balance/g13257                  A v -> Y ^   NAND2XL   0.082   1.425    3.733  
      u_account_balance/g13241                  -            NOR2XL    0.000   1.425    3.733  
      u_account_balance/g13241                  A ^ -> Y v   NOR2XL    0.051   1.476    3.784  
      u_account_balance/g13200                  -            NAND2XL   0.000   1.476    3.784  
      u_account_balance/g13200                  B v -> Y ^   NAND2XL   0.076   1.552    3.860  
      u_account_balance/g13192                  -            NOR2X1    0.000   1.552    3.860  
      u_account_balance/g13192                  A ^ -> Y v   NOR2X1    0.082   1.634    3.942  
      u_account_balance/g13187                  -            NAND2X1   0.000   1.634    3.942  
      u_account_balance/g13187                  B v -> Y ^   NAND2X1   0.088   1.721    4.029  
      u_account_balance/g13184                  -            OR4X1     0.000   1.721    4.029  
      u_account_balance/g13184                  D ^ -> Y ^   OR4X1     0.139   1.860    4.168  
      u_account_balance/g13179                  -            OR2X1     0.000   1.860    4.168  
      u_account_balance/g13179                  B ^ -> Y ^   OR2X1     0.135   1.995    4.303  
      u_account_balance/g13173                  -            NAND3X1   0.000   1.995    4.303  
      u_account_balance/g13173                  C ^ -> Y v   NAND3X1   0.169   2.164    4.472  
      u_account_balance/g2                      -            NAND2BX1  0.000   2.164    4.472  
      u_account_balance/g2                      AN v -> Y v  NAND2BX1  0.180   2.345    4.653  
      u_account_balance/g13156                  -            NOR2XL    0.000   2.345    4.653  
      u_account_balance/g13156                  B v -> Y ^   NOR2XL    0.141   2.485    4.793  
      u_account_balance/g13150                  -            INVX1     0.000   2.485    4.793  
      u_account_balance/g13150                  A ^ -> Y v   INVX1     0.069   2.555    4.863  
      u_account_balance/g13146                  -            OR2X1     0.000   2.555    4.863  
      u_account_balance/g13146                  B v -> Y v   OR2X1     0.403   2.957    5.266  
      u_account_balance/balance_db_reg[13][12]  -            SDFFQXL   0.000   2.957    5.266  
      ------------------------------------------------------------------------------------------
     Clock Rise Edge                      0.000
     + Source Insertion Delay             0.010
     = Beginpoint Arrival Time            0.010
     Other End Path:
      -----------------------------------------------------------------------------------
      Instance                                  Arc    Cell     Retime  Arrival  Required  
                                                                Delay   Time     Time  
      -----------------------------------------------------------------------------------
      -                                         clk ^  -        -       0.010    -2.298  
      u_account_balance/balance_db_reg[13][12]  -      SDFFQXL  0.000   0.010    -2.298  
      -----------------------------------------------------------------------------------
Path 17: MET Setup Check with Pin u_account_balance/balance_db_reg[13][11]/CK 
Endpoint:   u_account_balance/balance_db_reg[13][11]/SE (v) checked with  leading edge of 'clk'
Beginpoint: u_vehicle_interface/id_to_check_reg[0]/Q    (v) triggered by  leading edge of 'clk'
Path Groups: {clk}
Retime Analysis { Data Path-Slew }
Other End Arrival Time          0.010
- Setup                         0.344
+ Phase Shift                   5.600
= Required Time                 5.266
- Arrival Time                  2.958
= Slack Time                    2.308
= Slack Time(original)          2.289
     Clock Rise Edge                      0.000
     + Source Insertion Delay             0.010
     = Beginpoint Arrival Time            0.010
     Timing Path:
      ------------------------------------------------------------------------------------------
      Instance                                  Arc          Cell      Retime  Arrival  Required  
                                                                       Delay   Time     Time  
      ------------------------------------------------------------------------------------------
      -                                         clk ^        -         -       0.010    2.318  
      u_vehicle_interface/id_to_check_reg[0]    -            SDFFHQX4  0.000   0.010    2.318  
      u_vehicle_interface/id_to_check_reg[0]    CK ^ -> Q v  SDFFHQX4  0.525   0.535    2.843  
      u_account_balance/g13462                  -            CLKINVX2  0.000   0.535    2.843  
      u_account_balance/g13462                  A v -> Y ^   CLKINVX2  0.102   0.636    2.944  
      u_account_balance/g13458                  -            AND2X6    0.000   0.636    2.944  
      u_account_balance/g13458                  A ^ -> Y ^   AND2X6    0.192   0.828    3.136  
      u_account_balance/g13451                  -            CLKINVX1  0.000   0.828    3.136  
      u_account_balance/g13451                  A ^ -> Y v   CLKINVX1  0.085   0.913    3.221  
      u_account_balance/g13401                  -            NOR2XL    0.000   0.913    3.221  
      u_account_balance/g13401                  B v -> Y ^   NOR2XL    0.289   1.202    3.510  
      u_account_balance/g13318                  -            AOI22XL   0.000   1.202    3.510  
      u_account_balance/g13318                  A0 ^ -> Y v  AOI22XL   0.142   1.343    3.651  
      u_account_balance/g13257                  -            NAND2XL   0.000   1.343    3.651  
      u_account_balance/g13257                  A v -> Y ^   NAND2XL   0.082   1.425    3.733  
      u_account_balance/g13241                  -            NOR2XL    0.000   1.425    3.733  
      u_account_balance/g13241                  A ^ -> Y v   NOR2XL    0.051   1.476    3.784  
      u_account_balance/g13200                  -            NAND2XL   0.000   1.476    3.784  
      u_account_balance/g13200                  B v -> Y ^   NAND2XL   0.076   1.552    3.860  
      u_account_balance/g13192                  -            NOR2X1    0.000   1.552    3.860  
      u_account_balance/g13192                  A ^ -> Y v   NOR2X1    0.082   1.634    3.942  
      u_account_balance/g13187                  -            NAND2X1   0.000   1.634    3.942  
      u_account_balance/g13187                  B v -> Y ^   NAND2X1   0.088   1.721    4.029  
      u_account_balance/g13184                  -            OR4X1     0.000   1.721    4.029  
      u_account_balance/g13184                  D ^ -> Y ^   OR4X1     0.139   1.860    4.168  
      u_account_balance/g13179                  -            OR2X1     0.000   1.860    4.168  
      u_account_balance/g13179                  B ^ -> Y ^   OR2X1     0.135   1.995    4.303  
      u_account_balance/g13173                  -            NAND3X1   0.000   1.995    4.303  
      u_account_balance/g13173                  C ^ -> Y v   NAND3X1   0.169   2.164    4.472  
      u_account_balance/g2                      -            NAND2BX1  0.000   2.164    4.472  
      u_account_balance/g2                      AN v -> Y v  NAND2BX1  0.180   2.345    4.653  
      u_account_balance/g13156                  -            NOR2XL    0.000   2.345    4.653  
      u_account_balance/g13156                  B v -> Y ^   NOR2XL    0.141   2.485    4.793  
      u_account_balance/g13150                  -            INVX1     0.000   2.485    4.793  
      u_account_balance/g13150                  A ^ -> Y v   INVX1     0.069   2.555    4.863  
      u_account_balance/g13146                  -            OR2X1     0.000   2.555    4.863  
      u_account_balance/g13146                  B v -> Y v   OR2X1     0.403   2.957    5.266  
      u_account_balance/balance_db_reg[13][11]  -            SDFFQXL   0.000   2.957    5.266  
      ------------------------------------------------------------------------------------------
     Clock Rise Edge                      0.000
     + Source Insertion Delay             0.010
     = Beginpoint Arrival Time            0.010
     Other End Path:
      -----------------------------------------------------------------------------------
      Instance                                  Arc    Cell     Retime  Arrival  Required  
                                                                Delay   Time     Time  
      -----------------------------------------------------------------------------------
      -                                         clk ^  -        -       0.010    -2.298  
      u_account_balance/balance_db_reg[13][11]  -      SDFFQXL  0.000   0.010    -2.298  
      -----------------------------------------------------------------------------------
Path 18: MET Setup Check with Pin u_account_balance/balance_db_reg[13][10]/CK 
Endpoint:   u_account_balance/balance_db_reg[13][10]/SE (v) checked with  leading edge of 'clk'
Beginpoint: u_vehicle_interface/id_to_check_reg[0]/Q    (v) triggered by  leading edge of 'clk'
Path Groups: {clk}
Retime Analysis { Data Path-Slew }
Other End Arrival Time          0.010
- Setup                         0.344
+ Phase Shift                   5.600
= Required Time                 5.266
- Arrival Time                  2.958
= Slack Time                    2.308
= Slack Time(original)          2.289
     Clock Rise Edge                      0.000
     + Source Insertion Delay             0.010
     = Beginpoint Arrival Time            0.010
     Timing Path:
      ------------------------------------------------------------------------------------------
      Instance                                  Arc          Cell      Retime  Arrival  Required  
                                                                       Delay   Time     Time  
      ------------------------------------------------------------------------------------------
      -                                         clk ^        -         -       0.010    2.318  
      u_vehicle_interface/id_to_check_reg[0]    -            SDFFHQX4  0.000   0.010    2.318  
      u_vehicle_interface/id_to_check_reg[0]    CK ^ -> Q v  SDFFHQX4  0.525   0.535    2.843  
      u_account_balance/g13462                  -            CLKINVX2  0.000   0.535    2.843  
      u_account_balance/g13462                  A v -> Y ^   CLKINVX2  0.102   0.636    2.944  
      u_account_balance/g13458                  -            AND2X6    0.000   0.636    2.944  
      u_account_balance/g13458                  A ^ -> Y ^   AND2X6    0.192   0.828    3.136  
      u_account_balance/g13451                  -            CLKINVX1  0.000   0.828    3.136  
      u_account_balance/g13451                  A ^ -> Y v   CLKINVX1  0.085   0.913    3.221  
      u_account_balance/g13401                  -            NOR2XL    0.000   0.913    3.221  
      u_account_balance/g13401                  B v -> Y ^   NOR2XL    0.289   1.202    3.510  
      u_account_balance/g13318                  -            AOI22XL   0.000   1.202    3.510  
      u_account_balance/g13318                  A0 ^ -> Y v  AOI22XL   0.142   1.343    3.651  
      u_account_balance/g13257                  -            NAND2XL   0.000   1.343    3.651  
      u_account_balance/g13257                  A v -> Y ^   NAND2XL   0.082   1.425    3.733  
      u_account_balance/g13241                  -            NOR2XL    0.000   1.425    3.733  
      u_account_balance/g13241                  A ^ -> Y v   NOR2XL    0.051   1.476    3.784  
      u_account_balance/g13200                  -            NAND2XL   0.000   1.476    3.784  
      u_account_balance/g13200                  B v -> Y ^   NAND2XL   0.076   1.552    3.860  
      u_account_balance/g13192                  -            NOR2X1    0.000   1.552    3.860  
      u_account_balance/g13192                  A ^ -> Y v   NOR2X1    0.082   1.634    3.942  
      u_account_balance/g13187                  -            NAND2X1   0.000   1.634    3.942  
      u_account_balance/g13187                  B v -> Y ^   NAND2X1   0.088   1.721    4.029  
      u_account_balance/g13184                  -            OR4X1     0.000   1.721    4.029  
      u_account_balance/g13184                  D ^ -> Y ^   OR4X1     0.139   1.860    4.168  
      u_account_balance/g13179                  -            OR2X1     0.000   1.860    4.168  
      u_account_balance/g13179                  B ^ -> Y ^   OR2X1     0.135   1.995    4.303  
      u_account_balance/g13173                  -            NAND3X1   0.000   1.995    4.303  
      u_account_balance/g13173                  C ^ -> Y v   NAND3X1   0.169   2.164    4.472  
      u_account_balance/g2                      -            NAND2BX1  0.000   2.164    4.472  
      u_account_balance/g2                      AN v -> Y v  NAND2BX1  0.180   2.345    4.653  
      u_account_balance/g13156                  -            NOR2XL    0.000   2.345    4.653  
      u_account_balance/g13156                  B v -> Y ^   NOR2XL    0.141   2.485    4.793  
      u_account_balance/g13150                  -            INVX1     0.000   2.485    4.793  
      u_account_balance/g13150                  A ^ -> Y v   INVX1     0.069   2.555    4.863  
      u_account_balance/g13146                  -            OR2X1     0.000   2.555    4.863  
      u_account_balance/g13146                  B v -> Y v   OR2X1     0.403   2.957    5.266  
      u_account_balance/balance_db_reg[13][10]  -            SDFFQXL   0.000   2.957    5.266  
      ------------------------------------------------------------------------------------------
     Clock Rise Edge                      0.000
     + Source Insertion Delay             0.010
     = Beginpoint Arrival Time            0.010
     Other End Path:
      -----------------------------------------------------------------------------------
      Instance                                  Arc    Cell     Retime  Arrival  Required  
                                                                Delay   Time     Time  
      -----------------------------------------------------------------------------------
      -                                         clk ^  -        -       0.010    -2.298  
      u_account_balance/balance_db_reg[13][10]  -      SDFFQXL  0.000   0.010    -2.298  
      -----------------------------------------------------------------------------------
Path 19: MET Setup Check with Pin u_account_balance/balance_db_reg[13][9]/CK 
Endpoint:   u_account_balance/balance_db_reg[13][9]/SE (v) checked with  leading edge of 'clk'
Beginpoint: u_vehicle_interface/id_to_check_reg[0]/Q   (v) triggered by  leading edge of 'clk'
Path Groups: {clk}
Retime Analysis { Data Path-Slew }
Other End Arrival Time          0.010
- Setup                         0.344
+ Phase Shift                   5.600
= Required Time                 5.266
- Arrival Time                  2.958
= Slack Time                    2.308
= Slack Time(original)          2.289
     Clock Rise Edge                      0.000
     + Source Insertion Delay             0.010
     = Beginpoint Arrival Time            0.010
     Timing Path:
      -----------------------------------------------------------------------------------------
      Instance                                 Arc          Cell      Retime  Arrival  Required  
                                                                      Delay   Time     Time  
      -----------------------------------------------------------------------------------------
      -                                        clk ^        -         -       0.010    2.318  
      u_vehicle_interface/id_to_check_reg[0]   -            SDFFHQX4  0.000   0.010    2.318  
      u_vehicle_interface/id_to_check_reg[0]   CK ^ -> Q v  SDFFHQX4  0.525   0.535    2.843  
      u_account_balance/g13462                 -            CLKINVX2  0.000   0.535    2.843  
      u_account_balance/g13462                 A v -> Y ^   CLKINVX2  0.102   0.636    2.944  
      u_account_balance/g13458                 -            AND2X6    0.000   0.636    2.944  
      u_account_balance/g13458                 A ^ -> Y ^   AND2X6    0.192   0.828    3.136  
      u_account_balance/g13451                 -            CLKINVX1  0.000   0.828    3.136  
      u_account_balance/g13451                 A ^ -> Y v   CLKINVX1  0.085   0.913    3.221  
      u_account_balance/g13401                 -            NOR2XL    0.000   0.913    3.221  
      u_account_balance/g13401                 B v -> Y ^   NOR2XL    0.289   1.202    3.510  
      u_account_balance/g13318                 -            AOI22XL   0.000   1.202    3.510  
      u_account_balance/g13318                 A0 ^ -> Y v  AOI22XL   0.142   1.343    3.651  
      u_account_balance/g13257                 -            NAND2XL   0.000   1.343    3.651  
      u_account_balance/g13257                 A v -> Y ^   NAND2XL   0.082   1.425    3.733  
      u_account_balance/g13241                 -            NOR2XL    0.000   1.425    3.733  
      u_account_balance/g13241                 A ^ -> Y v   NOR2XL    0.051   1.476    3.784  
      u_account_balance/g13200                 -            NAND2XL   0.000   1.476    3.784  
      u_account_balance/g13200                 B v -> Y ^   NAND2XL   0.076   1.552    3.860  
      u_account_balance/g13192                 -            NOR2X1    0.000   1.552    3.860  
      u_account_balance/g13192                 A ^ -> Y v   NOR2X1    0.082   1.634    3.942  
      u_account_balance/g13187                 -            NAND2X1   0.000   1.634    3.942  
      u_account_balance/g13187                 B v -> Y ^   NAND2X1   0.088   1.721    4.029  
      u_account_balance/g13184                 -            OR4X1     0.000   1.721    4.029  
      u_account_balance/g13184                 D ^ -> Y ^   OR4X1     0.139   1.860    4.168  
      u_account_balance/g13179                 -            OR2X1     0.000   1.860    4.168  
      u_account_balance/g13179                 B ^ -> Y ^   OR2X1     0.135   1.995    4.303  
      u_account_balance/g13173                 -            NAND3X1   0.000   1.995    4.303  
      u_account_balance/g13173                 C ^ -> Y v   NAND3X1   0.169   2.164    4.472  
      u_account_balance/g2                     -            NAND2BX1  0.000   2.164    4.472  
      u_account_balance/g2                     AN v -> Y v  NAND2BX1  0.180   2.345    4.653  
      u_account_balance/g13156                 -            NOR2XL    0.000   2.345    4.653  
      u_account_balance/g13156                 B v -> Y ^   NOR2XL    0.141   2.485    4.793  
      u_account_balance/g13150                 -            INVX1     0.000   2.485    4.793  
      u_account_balance/g13150                 A ^ -> Y v   INVX1     0.069   2.555    4.863  
      u_account_balance/g13146                 -            OR2X1     0.000   2.555    4.863  
      u_account_balance/g13146                 B v -> Y v   OR2X1     0.403   2.957    5.266  
      u_account_balance/balance_db_reg[13][9]  -            SDFFQXL   0.000   2.957    5.266  
      -----------------------------------------------------------------------------------------
     Clock Rise Edge                      0.000
     + Source Insertion Delay             0.010
     = Beginpoint Arrival Time            0.010
     Other End Path:
      ----------------------------------------------------------------------------------
      Instance                                 Arc    Cell     Retime  Arrival  Required  
                                                               Delay   Time     Time  
      ----------------------------------------------------------------------------------
      -                                        clk ^  -        -       0.010    -2.298  
      u_account_balance/balance_db_reg[13][9]  -      SDFFQXL  0.000   0.010    -2.298  
      ----------------------------------------------------------------------------------
Path 20: MET Setup Check with Pin u_account_balance/balance_db_reg[13][8]/CK 
Endpoint:   u_account_balance/balance_db_reg[13][8]/SE (v) checked with  leading edge of 'clk'
Beginpoint: u_vehicle_interface/id_to_check_reg[0]/Q   (v) triggered by  leading edge of 'clk'
Path Groups: {clk}
Retime Analysis { Data Path-Slew }
Other End Arrival Time          0.010
- Setup                         0.344
+ Phase Shift                   5.600
= Required Time                 5.266
- Arrival Time                  2.958
= Slack Time                    2.308
= Slack Time(original)          2.289
     Clock Rise Edge                      0.000
     + Source Insertion Delay             0.010
     = Beginpoint Arrival Time            0.010
     Timing Path:
      -----------------------------------------------------------------------------------------
      Instance                                 Arc          Cell      Retime  Arrival  Required  
                                                                      Delay   Time     Time  
      -----------------------------------------------------------------------------------------
      -                                        clk ^        -         -       0.010    2.318  
      u_vehicle_interface/id_to_check_reg[0]   -            SDFFHQX4  0.000   0.010    2.318  
      u_vehicle_interface/id_to_check_reg[0]   CK ^ -> Q v  SDFFHQX4  0.525   0.535    2.843  
      u_account_balance/g13462                 -            CLKINVX2  0.000   0.535    2.843  
      u_account_balance/g13462                 A v -> Y ^   CLKINVX2  0.102   0.636    2.944  
      u_account_balance/g13458                 -            AND2X6    0.000   0.636    2.944  
      u_account_balance/g13458                 A ^ -> Y ^   AND2X6    0.192   0.828    3.136  
      u_account_balance/g13451                 -            CLKINVX1  0.000   0.828    3.136  
      u_account_balance/g13451                 A ^ -> Y v   CLKINVX1  0.085   0.913    3.221  
      u_account_balance/g13401                 -            NOR2XL    0.000   0.913    3.221  
      u_account_balance/g13401                 B v -> Y ^   NOR2XL    0.289   1.202    3.510  
      u_account_balance/g13318                 -            AOI22XL   0.000   1.202    3.510  
      u_account_balance/g13318                 A0 ^ -> Y v  AOI22XL   0.142   1.343    3.651  
      u_account_balance/g13257                 -            NAND2XL   0.000   1.343    3.651  
      u_account_balance/g13257                 A v -> Y ^   NAND2XL   0.082   1.425    3.733  
      u_account_balance/g13241                 -            NOR2XL    0.000   1.425    3.733  
      u_account_balance/g13241                 A ^ -> Y v   NOR2XL    0.051   1.476    3.784  
      u_account_balance/g13200                 -            NAND2XL   0.000   1.476    3.784  
      u_account_balance/g13200                 B v -> Y ^   NAND2XL   0.076   1.552    3.860  
      u_account_balance/g13192                 -            NOR2X1    0.000   1.552    3.860  
      u_account_balance/g13192                 A ^ -> Y v   NOR2X1    0.082   1.634    3.942  
      u_account_balance/g13187                 -            NAND2X1   0.000   1.634    3.942  
      u_account_balance/g13187                 B v -> Y ^   NAND2X1   0.088   1.721    4.029  
      u_account_balance/g13184                 -            OR4X1     0.000   1.721    4.029  
      u_account_balance/g13184                 D ^ -> Y ^   OR4X1     0.139   1.860    4.168  
      u_account_balance/g13179                 -            OR2X1     0.000   1.860    4.168  
      u_account_balance/g13179                 B ^ -> Y ^   OR2X1     0.135   1.995    4.303  
      u_account_balance/g13173                 -            NAND3X1   0.000   1.995    4.303  
      u_account_balance/g13173                 C ^ -> Y v   NAND3X1   0.169   2.164    4.472  
      u_account_balance/g2                     -            NAND2BX1  0.000   2.164    4.472  
      u_account_balance/g2                     AN v -> Y v  NAND2BX1  0.180   2.345    4.653  
      u_account_balance/g13156                 -            NOR2XL    0.000   2.345    4.653  
      u_account_balance/g13156                 B v -> Y ^   NOR2XL    0.141   2.485    4.793  
      u_account_balance/g13150                 -            INVX1     0.000   2.485    4.793  
      u_account_balance/g13150                 A ^ -> Y v   INVX1     0.069   2.555    4.863  
      u_account_balance/g13146                 -            OR2X1     0.000   2.555    4.863  
      u_account_balance/g13146                 B v -> Y v   OR2X1     0.403   2.957    5.266  
      u_account_balance/balance_db_reg[13][8]  -            SDFFQXL   0.000   2.957    5.266  
      -----------------------------------------------------------------------------------------
     Clock Rise Edge                      0.000
     + Source Insertion Delay             0.010
     = Beginpoint Arrival Time            0.010
     Other End Path:
      ----------------------------------------------------------------------------------
      Instance                                 Arc    Cell     Retime  Arrival  Required  
                                                               Delay   Time     Time  
      ----------------------------------------------------------------------------------
      -                                        clk ^  -        -       0.010    -2.298  
      u_account_balance/balance_db_reg[13][8]  -      SDFFQXL  0.000   0.010    -2.298  
      ----------------------------------------------------------------------------------
Path 21: MET Setup Check with Pin u_account_balance/balance_db_reg[13][7]/CK 
Endpoint:   u_account_balance/balance_db_reg[13][7]/SE (v) checked with  leading edge of 'clk'
Beginpoint: u_vehicle_interface/id_to_check_reg[0]/Q   (v) triggered by  leading edge of 'clk'
Path Groups: {clk}
Retime Analysis { Data Path-Slew }
Other End Arrival Time          0.010
- Setup                         0.344
+ Phase Shift                   5.600
= Required Time                 5.266
- Arrival Time                  2.958
= Slack Time                    2.308
= Slack Time(original)          2.289
     Clock Rise Edge                      0.000
     + Source Insertion Delay             0.010
     = Beginpoint Arrival Time            0.010
     Timing Path:
      -----------------------------------------------------------------------------------------
      Instance                                 Arc          Cell      Retime  Arrival  Required  
                                                                      Delay   Time     Time  
      -----------------------------------------------------------------------------------------
      -                                        clk ^        -         -       0.010    2.318  
      u_vehicle_interface/id_to_check_reg[0]   -            SDFFHQX4  0.000   0.010    2.318  
      u_vehicle_interface/id_to_check_reg[0]   CK ^ -> Q v  SDFFHQX4  0.525   0.535    2.843  
      u_account_balance/g13462                 -            CLKINVX2  0.000   0.535    2.843  
      u_account_balance/g13462                 A v -> Y ^   CLKINVX2  0.102   0.636    2.944  
      u_account_balance/g13458                 -            AND2X6    0.000   0.636    2.944  
      u_account_balance/g13458                 A ^ -> Y ^   AND2X6    0.192   0.828    3.136  
      u_account_balance/g13451                 -            CLKINVX1  0.000   0.828    3.136  
      u_account_balance/g13451                 A ^ -> Y v   CLKINVX1  0.085   0.913    3.221  
      u_account_balance/g13401                 -            NOR2XL    0.000   0.913    3.221  
      u_account_balance/g13401                 B v -> Y ^   NOR2XL    0.289   1.202    3.510  
      u_account_balance/g13318                 -            AOI22XL   0.000   1.202    3.510  
      u_account_balance/g13318                 A0 ^ -> Y v  AOI22XL   0.142   1.343    3.651  
      u_account_balance/g13257                 -            NAND2XL   0.000   1.343    3.651  
      u_account_balance/g13257                 A v -> Y ^   NAND2XL   0.082   1.425    3.733  
      u_account_balance/g13241                 -            NOR2XL    0.000   1.425    3.733  
      u_account_balance/g13241                 A ^ -> Y v   NOR2XL    0.051   1.476    3.784  
      u_account_balance/g13200                 -            NAND2XL   0.000   1.476    3.784  
      u_account_balance/g13200                 B v -> Y ^   NAND2XL   0.076   1.552    3.860  
      u_account_balance/g13192                 -            NOR2X1    0.000   1.552    3.860  
      u_account_balance/g13192                 A ^ -> Y v   NOR2X1    0.082   1.634    3.942  
      u_account_balance/g13187                 -            NAND2X1   0.000   1.634    3.942  
      u_account_balance/g13187                 B v -> Y ^   NAND2X1   0.088   1.721    4.029  
      u_account_balance/g13184                 -            OR4X1     0.000   1.721    4.029  
      u_account_balance/g13184                 D ^ -> Y ^   OR4X1     0.139   1.860    4.168  
      u_account_balance/g13179                 -            OR2X1     0.000   1.860    4.168  
      u_account_balance/g13179                 B ^ -> Y ^   OR2X1     0.135   1.995    4.303  
      u_account_balance/g13173                 -            NAND3X1   0.000   1.995    4.303  
      u_account_balance/g13173                 C ^ -> Y v   NAND3X1   0.169   2.164    4.472  
      u_account_balance/g2                     -            NAND2BX1  0.000   2.164    4.472  
      u_account_balance/g2                     AN v -> Y v  NAND2BX1  0.180   2.345    4.653  
      u_account_balance/g13156                 -            NOR2XL    0.000   2.345    4.653  
      u_account_balance/g13156                 B v -> Y ^   NOR2XL    0.141   2.485    4.793  
      u_account_balance/g13150                 -            INVX1     0.000   2.485    4.793  
      u_account_balance/g13150                 A ^ -> Y v   INVX1     0.069   2.555    4.863  
      u_account_balance/g13146                 -            OR2X1     0.000   2.555    4.863  
      u_account_balance/g13146                 B v -> Y v   OR2X1     0.403   2.957    5.266  
      u_account_balance/balance_db_reg[13][7]  -            SDFFQXL   0.000   2.957    5.266  
      -----------------------------------------------------------------------------------------
     Clock Rise Edge                      0.000
     + Source Insertion Delay             0.010
     = Beginpoint Arrival Time            0.010
     Other End Path:
      ----------------------------------------------------------------------------------
      Instance                                 Arc    Cell     Retime  Arrival  Required  
                                                               Delay   Time     Time  
      ----------------------------------------------------------------------------------
      -                                        clk ^  -        -       0.010    -2.298  
      u_account_balance/balance_db_reg[13][7]  -      SDFFQXL  0.000   0.010    -2.298  
      ----------------------------------------------------------------------------------
Path 22: MET Setup Check with Pin u_account_balance/balance_db_reg[13][6]/CK 
Endpoint:   u_account_balance/balance_db_reg[13][6]/SE (v) checked with  leading edge of 'clk'
Beginpoint: u_vehicle_interface/id_to_check_reg[0]/Q   (v) triggered by  leading edge of 'clk'
Path Groups: {clk}
Retime Analysis { Data Path-Slew }
Other End Arrival Time          0.010
- Setup                         0.344
+ Phase Shift                   5.600
= Required Time                 5.266
- Arrival Time                  2.958
= Slack Time                    2.308
= Slack Time(original)          2.289
     Clock Rise Edge                      0.000
     + Source Insertion Delay             0.010
     = Beginpoint Arrival Time            0.010
     Timing Path:
      -----------------------------------------------------------------------------------------
      Instance                                 Arc          Cell      Retime  Arrival  Required  
                                                                      Delay   Time     Time  
      -----------------------------------------------------------------------------------------
      -                                        clk ^        -         -       0.010    2.318  
      u_vehicle_interface/id_to_check_reg[0]   -            SDFFHQX4  0.000   0.010    2.318  
      u_vehicle_interface/id_to_check_reg[0]   CK ^ -> Q v  SDFFHQX4  0.525   0.535    2.843  
      u_account_balance/g13462                 -            CLKINVX2  0.000   0.535    2.843  
      u_account_balance/g13462                 A v -> Y ^   CLKINVX2  0.102   0.636    2.944  
      u_account_balance/g13458                 -            AND2X6    0.000   0.636    2.944  
      u_account_balance/g13458                 A ^ -> Y ^   AND2X6    0.192   0.828    3.136  
      u_account_balance/g13451                 -            CLKINVX1  0.000   0.828    3.136  
      u_account_balance/g13451                 A ^ -> Y v   CLKINVX1  0.085   0.913    3.221  
      u_account_balance/g13401                 -            NOR2XL    0.000   0.913    3.221  
      u_account_balance/g13401                 B v -> Y ^   NOR2XL    0.289   1.202    3.510  
      u_account_balance/g13318                 -            AOI22XL   0.000   1.202    3.510  
      u_account_balance/g13318                 A0 ^ -> Y v  AOI22XL   0.142   1.343    3.651  
      u_account_balance/g13257                 -            NAND2XL   0.000   1.343    3.651  
      u_account_balance/g13257                 A v -> Y ^   NAND2XL   0.082   1.425    3.733  
      u_account_balance/g13241                 -            NOR2XL    0.000   1.425    3.733  
      u_account_balance/g13241                 A ^ -> Y v   NOR2XL    0.051   1.476    3.784  
      u_account_balance/g13200                 -            NAND2XL   0.000   1.476    3.784  
      u_account_balance/g13200                 B v -> Y ^   NAND2XL   0.076   1.552    3.860  
      u_account_balance/g13192                 -            NOR2X1    0.000   1.552    3.860  
      u_account_balance/g13192                 A ^ -> Y v   NOR2X1    0.082   1.634    3.942  
      u_account_balance/g13187                 -            NAND2X1   0.000   1.634    3.942  
      u_account_balance/g13187                 B v -> Y ^   NAND2X1   0.088   1.721    4.029  
      u_account_balance/g13184                 -            OR4X1     0.000   1.721    4.029  
      u_account_balance/g13184                 D ^ -> Y ^   OR4X1     0.139   1.860    4.168  
      u_account_balance/g13179                 -            OR2X1     0.000   1.860    4.168  
      u_account_balance/g13179                 B ^ -> Y ^   OR2X1     0.135   1.995    4.303  
      u_account_balance/g13173                 -            NAND3X1   0.000   1.995    4.303  
      u_account_balance/g13173                 C ^ -> Y v   NAND3X1   0.169   2.164    4.472  
      u_account_balance/g2                     -            NAND2BX1  0.000   2.164    4.472  
      u_account_balance/g2                     AN v -> Y v  NAND2BX1  0.180   2.345    4.653  
      u_account_balance/g13156                 -            NOR2XL    0.000   2.345    4.653  
      u_account_balance/g13156                 B v -> Y ^   NOR2XL    0.141   2.485    4.793  
      u_account_balance/g13150                 -            INVX1     0.000   2.485    4.793  
      u_account_balance/g13150                 A ^ -> Y v   INVX1     0.069   2.555    4.863  
      u_account_balance/g13146                 -            OR2X1     0.000   2.555    4.863  
      u_account_balance/g13146                 B v -> Y v   OR2X1     0.403   2.957    5.266  
      u_account_balance/balance_db_reg[13][6]  -            SDFFQXL   0.000   2.957    5.266  
      -----------------------------------------------------------------------------------------
     Clock Rise Edge                      0.000
     + Source Insertion Delay             0.010
     = Beginpoint Arrival Time            0.010
     Other End Path:
      ----------------------------------------------------------------------------------
      Instance                                 Arc    Cell     Retime  Arrival  Required  
                                                               Delay   Time     Time  
      ----------------------------------------------------------------------------------
      -                                        clk ^  -        -       0.010    -2.298  
      u_account_balance/balance_db_reg[13][6]  -      SDFFQXL  0.000   0.010    -2.298  
      ----------------------------------------------------------------------------------
Path 23: MET Setup Check with Pin u_account_balance/balance_db_reg[13][5]/CK 
Endpoint:   u_account_balance/balance_db_reg[13][5]/SE (v) checked with  leading edge of 'clk'
Beginpoint: u_vehicle_interface/id_to_check_reg[0]/Q   (v) triggered by  leading edge of 'clk'
Path Groups: {clk}
Retime Analysis { Data Path-Slew }
Other End Arrival Time          0.010
- Setup                         0.344
+ Phase Shift                   5.600
= Required Time                 5.266
- Arrival Time                  2.958
= Slack Time                    2.308
= Slack Time(original)          2.289
     Clock Rise Edge                      0.000
     + Source Insertion Delay             0.010
     = Beginpoint Arrival Time            0.010
     Timing Path:
      -----------------------------------------------------------------------------------------
      Instance                                 Arc          Cell      Retime  Arrival  Required  
                                                                      Delay   Time     Time  
      -----------------------------------------------------------------------------------------
      -                                        clk ^        -         -       0.010    2.318  
      u_vehicle_interface/id_to_check_reg[0]   -            SDFFHQX4  0.000   0.010    2.318  
      u_vehicle_interface/id_to_check_reg[0]   CK ^ -> Q v  SDFFHQX4  0.525   0.535    2.843  
      u_account_balance/g13462                 -            CLKINVX2  0.000   0.535    2.843  
      u_account_balance/g13462                 A v -> Y ^   CLKINVX2  0.102   0.636    2.944  
      u_account_balance/g13458                 -            AND2X6    0.000   0.636    2.944  
      u_account_balance/g13458                 A ^ -> Y ^   AND2X6    0.192   0.828    3.136  
      u_account_balance/g13451                 -            CLKINVX1  0.000   0.828    3.136  
      u_account_balance/g13451                 A ^ -> Y v   CLKINVX1  0.085   0.913    3.221  
      u_account_balance/g13401                 -            NOR2XL    0.000   0.913    3.221  
      u_account_balance/g13401                 B v -> Y ^   NOR2XL    0.289   1.202    3.510  
      u_account_balance/g13318                 -            AOI22XL   0.000   1.202    3.510  
      u_account_balance/g13318                 A0 ^ -> Y v  AOI22XL   0.142   1.343    3.651  
      u_account_balance/g13257                 -            NAND2XL   0.000   1.343    3.651  
      u_account_balance/g13257                 A v -> Y ^   NAND2XL   0.082   1.425    3.733  
      u_account_balance/g13241                 -            NOR2XL    0.000   1.425    3.733  
      u_account_balance/g13241                 A ^ -> Y v   NOR2XL    0.051   1.476    3.784  
      u_account_balance/g13200                 -            NAND2XL   0.000   1.476    3.784  
      u_account_balance/g13200                 B v -> Y ^   NAND2XL   0.076   1.552    3.860  
      u_account_balance/g13192                 -            NOR2X1    0.000   1.552    3.860  
      u_account_balance/g13192                 A ^ -> Y v   NOR2X1    0.082   1.634    3.942  
      u_account_balance/g13187                 -            NAND2X1   0.000   1.634    3.942  
      u_account_balance/g13187                 B v -> Y ^   NAND2X1   0.088   1.721    4.029  
      u_account_balance/g13184                 -            OR4X1     0.000   1.721    4.029  
      u_account_balance/g13184                 D ^ -> Y ^   OR4X1     0.139   1.860    4.168  
      u_account_balance/g13179                 -            OR2X1     0.000   1.860    4.168  
      u_account_balance/g13179                 B ^ -> Y ^   OR2X1     0.135   1.995    4.303  
      u_account_balance/g13173                 -            NAND3X1   0.000   1.995    4.303  
      u_account_balance/g13173                 C ^ -> Y v   NAND3X1   0.169   2.164    4.472  
      u_account_balance/g2                     -            NAND2BX1  0.000   2.164    4.472  
      u_account_balance/g2                     AN v -> Y v  NAND2BX1  0.180   2.345    4.653  
      u_account_balance/g13156                 -            NOR2XL    0.000   2.345    4.653  
      u_account_balance/g13156                 B v -> Y ^   NOR2XL    0.141   2.485    4.793  
      u_account_balance/g13150                 -            INVX1     0.000   2.485    4.793  
      u_account_balance/g13150                 A ^ -> Y v   INVX1     0.069   2.555    4.863  
      u_account_balance/g13146                 -            OR2X1     0.000   2.555    4.863  
      u_account_balance/g13146                 B v -> Y v   OR2X1     0.403   2.957    5.266  
      u_account_balance/balance_db_reg[13][5]  -            SDFFQXL   0.000   2.957    5.266  
      -----------------------------------------------------------------------------------------
     Clock Rise Edge                      0.000
     + Source Insertion Delay             0.010
     = Beginpoint Arrival Time            0.010
     Other End Path:
      ----------------------------------------------------------------------------------
      Instance                                 Arc    Cell     Retime  Arrival  Required  
                                                               Delay   Time     Time  
      ----------------------------------------------------------------------------------
      -                                        clk ^  -        -       0.010    -2.298  
      u_account_balance/balance_db_reg[13][5]  -      SDFFQXL  0.000   0.010    -2.298  
      ----------------------------------------------------------------------------------
Path 24: MET Setup Check with Pin u_account_balance/balance_db_reg[13][4]/CK 
Endpoint:   u_account_balance/balance_db_reg[13][4]/SE (v) checked with  leading edge of 'clk'
Beginpoint: u_vehicle_interface/id_to_check_reg[0]/Q   (v) triggered by  leading edge of 'clk'
Path Groups: {clk}
Retime Analysis { Data Path-Slew }
Other End Arrival Time          0.010
- Setup                         0.344
+ Phase Shift                   5.600
= Required Time                 5.266
- Arrival Time                  2.958
= Slack Time                    2.308
= Slack Time(original)          2.289
     Clock Rise Edge                      0.000
     + Source Insertion Delay             0.010
     = Beginpoint Arrival Time            0.010
     Timing Path:
      -----------------------------------------------------------------------------------------
      Instance                                 Arc          Cell      Retime  Arrival  Required  
                                                                      Delay   Time     Time  
      -----------------------------------------------------------------------------------------
      -                                        clk ^        -         -       0.010    2.318  
      u_vehicle_interface/id_to_check_reg[0]   -            SDFFHQX4  0.000   0.010    2.318  
      u_vehicle_interface/id_to_check_reg[0]   CK ^ -> Q v  SDFFHQX4  0.525   0.535    2.843  
      u_account_balance/g13462                 -            CLKINVX2  0.000   0.535    2.843  
      u_account_balance/g13462                 A v -> Y ^   CLKINVX2  0.102   0.636    2.944  
      u_account_balance/g13458                 -            AND2X6    0.000   0.636    2.944  
      u_account_balance/g13458                 A ^ -> Y ^   AND2X6    0.192   0.828    3.136  
      u_account_balance/g13451                 -            CLKINVX1  0.000   0.828    3.136  
      u_account_balance/g13451                 A ^ -> Y v   CLKINVX1  0.085   0.913    3.221  
      u_account_balance/g13401                 -            NOR2XL    0.000   0.913    3.221  
      u_account_balance/g13401                 B v -> Y ^   NOR2XL    0.289   1.202    3.510  
      u_account_balance/g13318                 -            AOI22XL   0.000   1.202    3.510  
      u_account_balance/g13318                 A0 ^ -> Y v  AOI22XL   0.142   1.343    3.651  
      u_account_balance/g13257                 -            NAND2XL   0.000   1.343    3.651  
      u_account_balance/g13257                 A v -> Y ^   NAND2XL   0.082   1.425    3.733  
      u_account_balance/g13241                 -            NOR2XL    0.000   1.425    3.733  
      u_account_balance/g13241                 A ^ -> Y v   NOR2XL    0.051   1.476    3.784  
      u_account_balance/g13200                 -            NAND2XL   0.000   1.476    3.784  
      u_account_balance/g13200                 B v -> Y ^   NAND2XL   0.076   1.552    3.860  
      u_account_balance/g13192                 -            NOR2X1    0.000   1.552    3.860  
      u_account_balance/g13192                 A ^ -> Y v   NOR2X1    0.082   1.634    3.942  
      u_account_balance/g13187                 -            NAND2X1   0.000   1.634    3.942  
      u_account_balance/g13187                 B v -> Y ^   NAND2X1   0.088   1.721    4.029  
      u_account_balance/g13184                 -            OR4X1     0.000   1.721    4.029  
      u_account_balance/g13184                 D ^ -> Y ^   OR4X1     0.139   1.860    4.168  
      u_account_balance/g13179                 -            OR2X1     0.000   1.860    4.168  
      u_account_balance/g13179                 B ^ -> Y ^   OR2X1     0.135   1.995    4.303  
      u_account_balance/g13173                 -            NAND3X1   0.000   1.995    4.303  
      u_account_balance/g13173                 C ^ -> Y v   NAND3X1   0.169   2.164    4.472  
      u_account_balance/g2                     -            NAND2BX1  0.000   2.164    4.472  
      u_account_balance/g2                     AN v -> Y v  NAND2BX1  0.180   2.345    4.653  
      u_account_balance/g13156                 -            NOR2XL    0.000   2.345    4.653  
      u_account_balance/g13156                 B v -> Y ^   NOR2XL    0.141   2.485    4.793  
      u_account_balance/g13150                 -            INVX1     0.000   2.485    4.793  
      u_account_balance/g13150                 A ^ -> Y v   INVX1     0.069   2.555    4.863  
      u_account_balance/g13146                 -            OR2X1     0.000   2.555    4.863  
      u_account_balance/g13146                 B v -> Y v   OR2X1     0.403   2.957    5.266  
      u_account_balance/balance_db_reg[13][4]  -            SDFFQXL   0.000   2.957    5.266  
      -----------------------------------------------------------------------------------------
     Clock Rise Edge                      0.000
     + Source Insertion Delay             0.010
     = Beginpoint Arrival Time            0.010
     Other End Path:
      ----------------------------------------------------------------------------------
      Instance                                 Arc    Cell     Retime  Arrival  Required  
                                                               Delay   Time     Time  
      ----------------------------------------------------------------------------------
      -                                        clk ^  -        -       0.010    -2.298  
      u_account_balance/balance_db_reg[13][4]  -      SDFFQXL  0.000   0.010    -2.298  
      ----------------------------------------------------------------------------------
Path 25: MET Setup Check with Pin u_account_balance/balance_db_reg[13][3]/CK 
Endpoint:   u_account_balance/balance_db_reg[13][3]/SE (v) checked with  leading edge of 'clk'
Beginpoint: u_vehicle_interface/id_to_check_reg[0]/Q   (v) triggered by  leading edge of 'clk'
Path Groups: {clk}
Retime Analysis { Data Path-Slew }
Other End Arrival Time          0.010
- Setup                         0.344
+ Phase Shift                   5.600
= Required Time                 5.266
- Arrival Time                  2.958
= Slack Time                    2.308
= Slack Time(original)          2.289
     Clock Rise Edge                      0.000
     + Source Insertion Delay             0.010
     = Beginpoint Arrival Time            0.010
     Timing Path:
      -----------------------------------------------------------------------------------------
      Instance                                 Arc          Cell      Retime  Arrival  Required  
                                                                      Delay   Time     Time  
      -----------------------------------------------------------------------------------------
      -                                        clk ^        -         -       0.010    2.318  
      u_vehicle_interface/id_to_check_reg[0]   -            SDFFHQX4  0.000   0.010    2.318  
      u_vehicle_interface/id_to_check_reg[0]   CK ^ -> Q v  SDFFHQX4  0.525   0.535    2.843  
      u_account_balance/g13462                 -            CLKINVX2  0.000   0.535    2.843  
      u_account_balance/g13462                 A v -> Y ^   CLKINVX2  0.102   0.636    2.944  
      u_account_balance/g13458                 -            AND2X6    0.000   0.636    2.944  
      u_account_balance/g13458                 A ^ -> Y ^   AND2X6    0.192   0.828    3.136  
      u_account_balance/g13451                 -            CLKINVX1  0.000   0.828    3.136  
      u_account_balance/g13451                 A ^ -> Y v   CLKINVX1  0.085   0.913    3.221  
      u_account_balance/g13401                 -            NOR2XL    0.000   0.913    3.221  
      u_account_balance/g13401                 B v -> Y ^   NOR2XL    0.289   1.202    3.510  
      u_account_balance/g13318                 -            AOI22XL   0.000   1.202    3.510  
      u_account_balance/g13318                 A0 ^ -> Y v  AOI22XL   0.142   1.343    3.651  
      u_account_balance/g13257                 -            NAND2XL   0.000   1.343    3.651  
      u_account_balance/g13257                 A v -> Y ^   NAND2XL   0.082   1.425    3.733  
      u_account_balance/g13241                 -            NOR2XL    0.000   1.425    3.733  
      u_account_balance/g13241                 A ^ -> Y v   NOR2XL    0.051   1.476    3.784  
      u_account_balance/g13200                 -            NAND2XL   0.000   1.476    3.784  
      u_account_balance/g13200                 B v -> Y ^   NAND2XL   0.076   1.552    3.860  
      u_account_balance/g13192                 -            NOR2X1    0.000   1.552    3.860  
      u_account_balance/g13192                 A ^ -> Y v   NOR2X1    0.082   1.634    3.942  
      u_account_balance/g13187                 -            NAND2X1   0.000   1.634    3.942  
      u_account_balance/g13187                 B v -> Y ^   NAND2X1   0.088   1.721    4.029  
      u_account_balance/g13184                 -            OR4X1     0.000   1.721    4.029  
      u_account_balance/g13184                 D ^ -> Y ^   OR4X1     0.139   1.860    4.168  
      u_account_balance/g13179                 -            OR2X1     0.000   1.860    4.168  
      u_account_balance/g13179                 B ^ -> Y ^   OR2X1     0.135   1.995    4.303  
      u_account_balance/g13173                 -            NAND3X1   0.000   1.995    4.303  
      u_account_balance/g13173                 C ^ -> Y v   NAND3X1   0.169   2.164    4.472  
      u_account_balance/g2                     -            NAND2BX1  0.000   2.164    4.472  
      u_account_balance/g2                     AN v -> Y v  NAND2BX1  0.180   2.345    4.653  
      u_account_balance/g13156                 -            NOR2XL    0.000   2.345    4.653  
      u_account_balance/g13156                 B v -> Y ^   NOR2XL    0.141   2.485    4.793  
      u_account_balance/g13150                 -            INVX1     0.000   2.485    4.793  
      u_account_balance/g13150                 A ^ -> Y v   INVX1     0.069   2.555    4.863  
      u_account_balance/g13146                 -            OR2X1     0.000   2.555    4.863  
      u_account_balance/g13146                 B v -> Y v   OR2X1     0.403   2.957    5.266  
      u_account_balance/balance_db_reg[13][3]  -            SDFFQXL   0.000   2.957    5.266  
      -----------------------------------------------------------------------------------------
     Clock Rise Edge                      0.000
     + Source Insertion Delay             0.010
     = Beginpoint Arrival Time            0.010
     Other End Path:
      ----------------------------------------------------------------------------------
      Instance                                 Arc    Cell     Retime  Arrival  Required  
                                                               Delay   Time     Time  
      ----------------------------------------------------------------------------------
      -                                        clk ^  -        -       0.010    -2.298  
      u_account_balance/balance_db_reg[13][3]  -      SDFFQXL  0.000   0.010    -2.298  
      ----------------------------------------------------------------------------------
Path 26: MET Setup Check with Pin u_account_balance/balance_db_reg[13][2]/CK 
Endpoint:   u_account_balance/balance_db_reg[13][2]/SE (v) checked with  leading edge of 'clk'
Beginpoint: u_vehicle_interface/id_to_check_reg[0]/Q   (v) triggered by  leading edge of 'clk'
Path Groups: {clk}
Retime Analysis { Data Path-Slew }
Other End Arrival Time          0.010
- Setup                         0.344
+ Phase Shift                   5.600
= Required Time                 5.266
- Arrival Time                  2.958
= Slack Time                    2.308
= Slack Time(original)          2.289
     Clock Rise Edge                      0.000
     + Source Insertion Delay             0.010
     = Beginpoint Arrival Time            0.010
     Timing Path:
      -----------------------------------------------------------------------------------------
      Instance                                 Arc          Cell      Retime  Arrival  Required  
                                                                      Delay   Time     Time  
      -----------------------------------------------------------------------------------------
      -                                        clk ^        -         -       0.010    2.318  
      u_vehicle_interface/id_to_check_reg[0]   -            SDFFHQX4  0.000   0.010    2.318  
      u_vehicle_interface/id_to_check_reg[0]   CK ^ -> Q v  SDFFHQX4  0.525   0.535    2.843  
      u_account_balance/g13462                 -            CLKINVX2  0.000   0.535    2.843  
      u_account_balance/g13462                 A v -> Y ^   CLKINVX2  0.102   0.636    2.944  
      u_account_balance/g13458                 -            AND2X6    0.000   0.636    2.944  
      u_account_balance/g13458                 A ^ -> Y ^   AND2X6    0.192   0.828    3.136  
      u_account_balance/g13451                 -            CLKINVX1  0.000   0.828    3.136  
      u_account_balance/g13451                 A ^ -> Y v   CLKINVX1  0.085   0.913    3.221  
      u_account_balance/g13401                 -            NOR2XL    0.000   0.913    3.221  
      u_account_balance/g13401                 B v -> Y ^   NOR2XL    0.289   1.202    3.510  
      u_account_balance/g13318                 -            AOI22XL   0.000   1.202    3.510  
      u_account_balance/g13318                 A0 ^ -> Y v  AOI22XL   0.142   1.343    3.651  
      u_account_balance/g13257                 -            NAND2XL   0.000   1.343    3.651  
      u_account_balance/g13257                 A v -> Y ^   NAND2XL   0.082   1.425    3.733  
      u_account_balance/g13241                 -            NOR2XL    0.000   1.425    3.733  
      u_account_balance/g13241                 A ^ -> Y v   NOR2XL    0.051   1.476    3.784  
      u_account_balance/g13200                 -            NAND2XL   0.000   1.476    3.784  
      u_account_balance/g13200                 B v -> Y ^   NAND2XL   0.076   1.552    3.860  
      u_account_balance/g13192                 -            NOR2X1    0.000   1.552    3.860  
      u_account_balance/g13192                 A ^ -> Y v   NOR2X1    0.082   1.634    3.942  
      u_account_balance/g13187                 -            NAND2X1   0.000   1.634    3.942  
      u_account_balance/g13187                 B v -> Y ^   NAND2X1   0.088   1.721    4.029  
      u_account_balance/g13184                 -            OR4X1     0.000   1.721    4.029  
      u_account_balance/g13184                 D ^ -> Y ^   OR4X1     0.139   1.860    4.168  
      u_account_balance/g13179                 -            OR2X1     0.000   1.860    4.168  
      u_account_balance/g13179                 B ^ -> Y ^   OR2X1     0.135   1.995    4.303  
      u_account_balance/g13173                 -            NAND3X1   0.000   1.995    4.303  
      u_account_balance/g13173                 C ^ -> Y v   NAND3X1   0.169   2.164    4.472  
      u_account_balance/g2                     -            NAND2BX1  0.000   2.164    4.472  
      u_account_balance/g2                     AN v -> Y v  NAND2BX1  0.180   2.345    4.653  
      u_account_balance/g13156                 -            NOR2XL    0.000   2.345    4.653  
      u_account_balance/g13156                 B v -> Y ^   NOR2XL    0.141   2.485    4.793  
      u_account_balance/g13150                 -            INVX1     0.000   2.485    4.793  
      u_account_balance/g13150                 A ^ -> Y v   INVX1     0.069   2.555    4.863  
      u_account_balance/g13146                 -            OR2X1     0.000   2.555    4.863  
      u_account_balance/g13146                 B v -> Y v   OR2X1     0.403   2.957    5.266  
      u_account_balance/balance_db_reg[13][2]  -            SDFFQX1   0.000   2.957    5.266  
      -----------------------------------------------------------------------------------------
     Clock Rise Edge                      0.000
     + Source Insertion Delay             0.010
     = Beginpoint Arrival Time            0.010
     Other End Path:
      ----------------------------------------------------------------------------------
      Instance                                 Arc    Cell     Retime  Arrival  Required  
                                                               Delay   Time     Time  
      ----------------------------------------------------------------------------------
      -                                        clk ^  -        -       0.010    -2.298  
      u_account_balance/balance_db_reg[13][2]  -      SDFFQX1  0.000   0.010    -2.298  
      ----------------------------------------------------------------------------------
Path 27: MET Setup Check with Pin u_account_balance/balance_db_reg[13][1]/CK 
Endpoint:   u_account_balance/balance_db_reg[13][1]/SE (v) checked with  leading edge of 'clk'
Beginpoint: u_vehicle_interface/id_to_check_reg[0]/Q   (v) triggered by  leading edge of 'clk'
Path Groups: {clk}
Retime Analysis { Data Path-Slew }
Other End Arrival Time          0.010
- Setup                         0.344
+ Phase Shift                   5.600
= Required Time                 5.266
- Arrival Time                  2.958
= Slack Time                    2.308
= Slack Time(original)          2.289
     Clock Rise Edge                      0.000
     + Source Insertion Delay             0.010
     = Beginpoint Arrival Time            0.010
     Timing Path:
      -----------------------------------------------------------------------------------------
      Instance                                 Arc          Cell      Retime  Arrival  Required  
                                                                      Delay   Time     Time  
      -----------------------------------------------------------------------------------------
      -                                        clk ^        -         -       0.010    2.318  
      u_vehicle_interface/id_to_check_reg[0]   -            SDFFHQX4  0.000   0.010    2.318  
      u_vehicle_interface/id_to_check_reg[0]   CK ^ -> Q v  SDFFHQX4  0.525   0.535    2.843  
      u_account_balance/g13462                 -            CLKINVX2  0.000   0.535    2.843  
      u_account_balance/g13462                 A v -> Y ^   CLKINVX2  0.102   0.636    2.944  
      u_account_balance/g13458                 -            AND2X6    0.000   0.636    2.944  
      u_account_balance/g13458                 A ^ -> Y ^   AND2X6    0.192   0.828    3.136  
      u_account_balance/g13451                 -            CLKINVX1  0.000   0.828    3.136  
      u_account_balance/g13451                 A ^ -> Y v   CLKINVX1  0.085   0.913    3.221  
      u_account_balance/g13401                 -            NOR2XL    0.000   0.913    3.221  
      u_account_balance/g13401                 B v -> Y ^   NOR2XL    0.289   1.202    3.510  
      u_account_balance/g13318                 -            AOI22XL   0.000   1.202    3.510  
      u_account_balance/g13318                 A0 ^ -> Y v  AOI22XL   0.142   1.343    3.651  
      u_account_balance/g13257                 -            NAND2XL   0.000   1.343    3.651  
      u_account_balance/g13257                 A v -> Y ^   NAND2XL   0.082   1.425    3.733  
      u_account_balance/g13241                 -            NOR2XL    0.000   1.425    3.733  
      u_account_balance/g13241                 A ^ -> Y v   NOR2XL    0.051   1.476    3.784  
      u_account_balance/g13200                 -            NAND2XL   0.000   1.476    3.784  
      u_account_balance/g13200                 B v -> Y ^   NAND2XL   0.076   1.552    3.860  
      u_account_balance/g13192                 -            NOR2X1    0.000   1.552    3.860  
      u_account_balance/g13192                 A ^ -> Y v   NOR2X1    0.082   1.634    3.942  
      u_account_balance/g13187                 -            NAND2X1   0.000   1.634    3.942  
      u_account_balance/g13187                 B v -> Y ^   NAND2X1   0.088   1.721    4.029  
      u_account_balance/g13184                 -            OR4X1     0.000   1.721    4.029  
      u_account_balance/g13184                 D ^ -> Y ^   OR4X1     0.139   1.860    4.168  
      u_account_balance/g13179                 -            OR2X1     0.000   1.860    4.168  
      u_account_balance/g13179                 B ^ -> Y ^   OR2X1     0.135   1.995    4.303  
      u_account_balance/g13173                 -            NAND3X1   0.000   1.995    4.303  
      u_account_balance/g13173                 C ^ -> Y v   NAND3X1   0.169   2.164    4.472  
      u_account_balance/g2                     -            NAND2BX1  0.000   2.164    4.472  
      u_account_balance/g2                     AN v -> Y v  NAND2BX1  0.180   2.345    4.653  
      u_account_balance/g13156                 -            NOR2XL    0.000   2.345    4.653  
      u_account_balance/g13156                 B v -> Y ^   NOR2XL    0.141   2.485    4.793  
      u_account_balance/g13150                 -            INVX1     0.000   2.485    4.793  
      u_account_balance/g13150                 A ^ -> Y v   INVX1     0.069   2.555    4.863  
      u_account_balance/g13146                 -            OR2X1     0.000   2.555    4.863  
      u_account_balance/g13146                 B v -> Y v   OR2X1     0.403   2.957    5.266  
      u_account_balance/balance_db_reg[13][1]  -            SDFFQX1   0.000   2.957    5.266  
      -----------------------------------------------------------------------------------------
     Clock Rise Edge                      0.000
     + Source Insertion Delay             0.010
     = Beginpoint Arrival Time            0.010
     Other End Path:
      ----------------------------------------------------------------------------------
      Instance                                 Arc    Cell     Retime  Arrival  Required  
                                                               Delay   Time     Time  
      ----------------------------------------------------------------------------------
      -                                        clk ^  -        -       0.010    -2.298  
      u_account_balance/balance_db_reg[13][1]  -      SDFFQX1  0.000   0.010    -2.298  
      ----------------------------------------------------------------------------------
Path 28: MET Setup Check with Pin u_account_balance/balance_db_reg[11][15]/CK 
Endpoint:   u_account_balance/balance_db_reg[11][15]/SE (v) checked with  leading edge of 'clk'
Beginpoint: u_vehicle_interface/id_to_check_reg[0]/Q    (v) triggered by  leading edge of 'clk'
Path Groups: {clk}
Retime Analysis { Data Path-Slew }
Other End Arrival Time          0.010
- Setup                         0.344
+ Phase Shift                   5.600
= Required Time                 5.266
- Arrival Time                  2.957
= Slack Time                    2.309
= Slack Time(original)          2.289
     Clock Rise Edge                      0.000
     + Source Insertion Delay             0.010
     = Beginpoint Arrival Time            0.010
     Timing Path:
      ------------------------------------------------------------------------------------------
      Instance                                  Arc          Cell      Retime  Arrival  Required  
                                                                       Delay   Time     Time  
      ------------------------------------------------------------------------------------------
      -                                         clk ^        -         -       0.010    2.319  
      u_vehicle_interface/id_to_check_reg[0]    -            SDFFHQX4  0.000   0.010    2.319  
      u_vehicle_interface/id_to_check_reg[0]    CK ^ -> Q v  SDFFHQX4  0.525   0.535    2.843  
      u_account_balance/g13462                  -            CLKINVX2  0.000   0.535    2.843  
      u_account_balance/g13462                  A v -> Y ^   CLKINVX2  0.102   0.636    2.945  
      u_account_balance/g13458                  -            AND2X6    0.000   0.636    2.945  
      u_account_balance/g13458                  A ^ -> Y ^   AND2X6    0.192   0.828    3.137  
      u_account_balance/g13451                  -            CLKINVX1  0.000   0.828    3.137  
      u_account_balance/g13451                  A ^ -> Y v   CLKINVX1  0.085   0.913    3.222  
      u_account_balance/g13401                  -            NOR2XL    0.000   0.913    3.222  
      u_account_balance/g13401                  B v -> Y ^   NOR2XL    0.289   1.202    3.511  
      u_account_balance/g13318                  -            AOI22XL   0.000   1.202    3.511  
      u_account_balance/g13318                  A0 ^ -> Y v  AOI22XL   0.142   1.343    3.652  
      u_account_balance/g13257                  -            NAND2XL   0.000   1.343    3.652  
      u_account_balance/g13257                  A v -> Y ^   NAND2XL   0.082   1.425    3.734  
      u_account_balance/g13241                  -            NOR2XL    0.000   1.425    3.734  
      u_account_balance/g13241                  A ^ -> Y v   NOR2XL    0.051   1.476    3.785  
      u_account_balance/g13200                  -            NAND2XL   0.000   1.476    3.785  
      u_account_balance/g13200                  B v -> Y ^   NAND2XL   0.076   1.552    3.861  
      u_account_balance/g13192                  -            NOR2X1    0.000   1.552    3.861  
      u_account_balance/g13192                  A ^ -> Y v   NOR2X1    0.082   1.634    3.942  
      u_account_balance/g13187                  -            NAND2X1   0.000   1.634    3.942  
      u_account_balance/g13187                  B v -> Y ^   NAND2X1   0.088   1.721    4.030  
      u_account_balance/g13184                  -            OR4X1     0.000   1.721    4.030  
      u_account_balance/g13184                  D ^ -> Y ^   OR4X1     0.139   1.860    4.169  
      u_account_balance/g13179                  -            OR2X1     0.000   1.860    4.169  
      u_account_balance/g13179                  B ^ -> Y ^   OR2X1     0.135   1.995    4.304  
      u_account_balance/g13173                  -            NAND3X1   0.000   1.995    4.304  
      u_account_balance/g13173                  C ^ -> Y v   NAND3X1   0.169   2.164    4.473  
      u_account_balance/g2                      -            NAND2BX1  0.000   2.164    4.473  
      u_account_balance/g2                      AN v -> Y v  NAND2BX1  0.180   2.345    4.654  
      u_account_balance/g13156                  -            NOR2XL    0.000   2.345    4.654  
      u_account_balance/g13156                  B v -> Y ^   NOR2XL    0.141   2.485    4.794  
      u_account_balance/g13150                  -            INVX1     0.000   2.485    4.794  
      u_account_balance/g13150                  A ^ -> Y v   INVX1     0.069   2.555    4.864  
      u_account_balance/g13147                  -            OR2X1     0.000   2.555    4.864  
      u_account_balance/g13147                  B v -> Y v   OR2X1     0.402   2.957    5.266  
      u_account_balance/balance_db_reg[11][15]  -            SDFFQXL   0.000   2.957    5.266  
      ------------------------------------------------------------------------------------------
     Clock Rise Edge                      0.000
     + Source Insertion Delay             0.010
     = Beginpoint Arrival Time            0.010
     Other End Path:
      -----------------------------------------------------------------------------------
      Instance                                  Arc    Cell     Retime  Arrival  Required  
                                                                Delay   Time     Time  
      -----------------------------------------------------------------------------------
      -                                         clk ^  -        -       0.010    -2.299  
      u_account_balance/balance_db_reg[11][15]  -      SDFFQXL  0.000   0.010    -2.299  
      -----------------------------------------------------------------------------------
Path 29: MET Setup Check with Pin u_account_balance/balance_db_reg[11][14]/CK 
Endpoint:   u_account_balance/balance_db_reg[11][14]/SE (v) checked with  leading edge of 'clk'
Beginpoint: u_vehicle_interface/id_to_check_reg[0]/Q    (v) triggered by  leading edge of 'clk'
Path Groups: {clk}
Retime Analysis { Data Path-Slew }
Other End Arrival Time          0.010
- Setup                         0.344
+ Phase Shift                   5.600
= Required Time                 5.266
- Arrival Time                  2.957
= Slack Time                    2.309
= Slack Time(original)          2.289
     Clock Rise Edge                      0.000
     + Source Insertion Delay             0.010
     = Beginpoint Arrival Time            0.010
     Timing Path:
      ------------------------------------------------------------------------------------------
      Instance                                  Arc          Cell      Retime  Arrival  Required  
                                                                       Delay   Time     Time  
      ------------------------------------------------------------------------------------------
      -                                         clk ^        -         -       0.010    2.319  
      u_vehicle_interface/id_to_check_reg[0]    -            SDFFHQX4  0.000   0.010    2.319  
      u_vehicle_interface/id_to_check_reg[0]    CK ^ -> Q v  SDFFHQX4  0.525   0.535    2.843  
      u_account_balance/g13462                  -            CLKINVX2  0.000   0.535    2.843  
      u_account_balance/g13462                  A v -> Y ^   CLKINVX2  0.102   0.636    2.945  
      u_account_balance/g13458                  -            AND2X6    0.000   0.636    2.945  
      u_account_balance/g13458                  A ^ -> Y ^   AND2X6    0.192   0.828    3.137  
      u_account_balance/g13451                  -            CLKINVX1  0.000   0.828    3.137  
      u_account_balance/g13451                  A ^ -> Y v   CLKINVX1  0.085   0.913    3.222  
      u_account_balance/g13401                  -            NOR2XL    0.000   0.913    3.222  
      u_account_balance/g13401                  B v -> Y ^   NOR2XL    0.289   1.202    3.511  
      u_account_balance/g13318                  -            AOI22XL   0.000   1.202    3.511  
      u_account_balance/g13318                  A0 ^ -> Y v  AOI22XL   0.142   1.343    3.652  
      u_account_balance/g13257                  -            NAND2XL   0.000   1.343    3.652  
      u_account_balance/g13257                  A v -> Y ^   NAND2XL   0.082   1.425    3.734  
      u_account_balance/g13241                  -            NOR2XL    0.000   1.425    3.734  
      u_account_balance/g13241                  A ^ -> Y v   NOR2XL    0.051   1.476    3.785  
      u_account_balance/g13200                  -            NAND2XL   0.000   1.476    3.785  
      u_account_balance/g13200                  B v -> Y ^   NAND2XL   0.076   1.552    3.861  
      u_account_balance/g13192                  -            NOR2X1    0.000   1.552    3.861  
      u_account_balance/g13192                  A ^ -> Y v   NOR2X1    0.082   1.634    3.942  
      u_account_balance/g13187                  -            NAND2X1   0.000   1.634    3.942  
      u_account_balance/g13187                  B v -> Y ^   NAND2X1   0.088   1.721    4.030  
      u_account_balance/g13184                  -            OR4X1     0.000   1.721    4.030  
      u_account_balance/g13184                  D ^ -> Y ^   OR4X1     0.139   1.860    4.169  
      u_account_balance/g13179                  -            OR2X1     0.000   1.860    4.169  
      u_account_balance/g13179                  B ^ -> Y ^   OR2X1     0.135   1.995    4.304  
      u_account_balance/g13173                  -            NAND3X1   0.000   1.995    4.304  
      u_account_balance/g13173                  C ^ -> Y v   NAND3X1   0.169   2.164    4.473  
      u_account_balance/g2                      -            NAND2BX1  0.000   2.164    4.473  
      u_account_balance/g2                      AN v -> Y v  NAND2BX1  0.180   2.345    4.654  
      u_account_balance/g13156                  -            NOR2XL    0.000   2.345    4.654  
      u_account_balance/g13156                  B v -> Y ^   NOR2XL    0.141   2.485    4.794  
      u_account_balance/g13150                  -            INVX1     0.000   2.485    4.794  
      u_account_balance/g13150                  A ^ -> Y v   INVX1     0.069   2.555    4.864  
      u_account_balance/g13147                  -            OR2X1     0.000   2.555    4.864  
      u_account_balance/g13147                  B v -> Y v   OR2X1     0.402   2.957    5.266  
      u_account_balance/balance_db_reg[11][14]  -            SDFFQXL   0.000   2.957    5.266  
      ------------------------------------------------------------------------------------------
     Clock Rise Edge                      0.000
     + Source Insertion Delay             0.010
     = Beginpoint Arrival Time            0.010
     Other End Path:
      -----------------------------------------------------------------------------------
      Instance                                  Arc    Cell     Retime  Arrival  Required  
                                                                Delay   Time     Time  
      -----------------------------------------------------------------------------------
      -                                         clk ^  -        -       0.010    -2.299  
      u_account_balance/balance_db_reg[11][14]  -      SDFFQXL  0.000   0.010    -2.299  
      -----------------------------------------------------------------------------------
Path 30: MET Setup Check with Pin u_account_balance/balance_db_reg[11][13]/CK 
Endpoint:   u_account_balance/balance_db_reg[11][13]/SE (v) checked with  leading edge of 'clk'
Beginpoint: u_vehicle_interface/id_to_check_reg[0]/Q    (v) triggered by  leading edge of 'clk'
Path Groups: {clk}
Retime Analysis { Data Path-Slew }
Other End Arrival Time          0.010
- Setup                         0.344
+ Phase Shift                   5.600
= Required Time                 5.266
- Arrival Time                  2.957
= Slack Time                    2.309
= Slack Time(original)          2.289
     Clock Rise Edge                      0.000
     + Source Insertion Delay             0.010
     = Beginpoint Arrival Time            0.010
     Timing Path:
      ------------------------------------------------------------------------------------------
      Instance                                  Arc          Cell      Retime  Arrival  Required  
                                                                       Delay   Time     Time  
      ------------------------------------------------------------------------------------------
      -                                         clk ^        -         -       0.010    2.319  
      u_vehicle_interface/id_to_check_reg[0]    -            SDFFHQX4  0.000   0.010    2.319  
      u_vehicle_interface/id_to_check_reg[0]    CK ^ -> Q v  SDFFHQX4  0.525   0.535    2.843  
      u_account_balance/g13462                  -            CLKINVX2  0.000   0.535    2.843  
      u_account_balance/g13462                  A v -> Y ^   CLKINVX2  0.102   0.636    2.945  
      u_account_balance/g13458                  -            AND2X6    0.000   0.636    2.945  
      u_account_balance/g13458                  A ^ -> Y ^   AND2X6    0.192   0.828    3.137  
      u_account_balance/g13451                  -            CLKINVX1  0.000   0.828    3.137  
      u_account_balance/g13451                  A ^ -> Y v   CLKINVX1  0.085   0.913    3.222  
      u_account_balance/g13401                  -            NOR2XL    0.000   0.913    3.222  
      u_account_balance/g13401                  B v -> Y ^   NOR2XL    0.289   1.202    3.511  
      u_account_balance/g13318                  -            AOI22XL   0.000   1.202    3.511  
      u_account_balance/g13318                  A0 ^ -> Y v  AOI22XL   0.142   1.343    3.652  
      u_account_balance/g13257                  -            NAND2XL   0.000   1.343    3.652  
      u_account_balance/g13257                  A v -> Y ^   NAND2XL   0.082   1.425    3.734  
      u_account_balance/g13241                  -            NOR2XL    0.000   1.425    3.734  
      u_account_balance/g13241                  A ^ -> Y v   NOR2XL    0.051   1.476    3.785  
      u_account_balance/g13200                  -            NAND2XL   0.000   1.476    3.785  
      u_account_balance/g13200                  B v -> Y ^   NAND2XL   0.076   1.552    3.861  
      u_account_balance/g13192                  -            NOR2X1    0.000   1.552    3.861  
      u_account_balance/g13192                  A ^ -> Y v   NOR2X1    0.082   1.634    3.942  
      u_account_balance/g13187                  -            NAND2X1   0.000   1.634    3.942  
      u_account_balance/g13187                  B v -> Y ^   NAND2X1   0.088   1.721    4.030  
      u_account_balance/g13184                  -            OR4X1     0.000   1.721    4.030  
      u_account_balance/g13184                  D ^ -> Y ^   OR4X1     0.139   1.860    4.169  
      u_account_balance/g13179                  -            OR2X1     0.000   1.860    4.169  
      u_account_balance/g13179                  B ^ -> Y ^   OR2X1     0.135   1.995    4.304  
      u_account_balance/g13173                  -            NAND3X1   0.000   1.995    4.304  
      u_account_balance/g13173                  C ^ -> Y v   NAND3X1   0.169   2.164    4.473  
      u_account_balance/g2                      -            NAND2BX1  0.000   2.164    4.473  
      u_account_balance/g2                      AN v -> Y v  NAND2BX1  0.180   2.345    4.654  
      u_account_balance/g13156                  -            NOR2XL    0.000   2.345    4.654  
      u_account_balance/g13156                  B v -> Y ^   NOR2XL    0.141   2.485    4.794  
      u_account_balance/g13150                  -            INVX1     0.000   2.485    4.794  
      u_account_balance/g13150                  A ^ -> Y v   INVX1     0.069   2.555    4.864  
      u_account_balance/g13147                  -            OR2X1     0.000   2.555    4.864  
      u_account_balance/g13147                  B v -> Y v   OR2X1     0.402   2.957    5.266  
      u_account_balance/balance_db_reg[11][13]  -            SDFFQXL   0.000   2.957    5.266  
      ------------------------------------------------------------------------------------------
     Clock Rise Edge                      0.000
     + Source Insertion Delay             0.010
     = Beginpoint Arrival Time            0.010
     Other End Path:
      -----------------------------------------------------------------------------------
      Instance                                  Arc    Cell     Retime  Arrival  Required  
                                                                Delay   Time     Time  
      -----------------------------------------------------------------------------------
      -                                         clk ^  -        -       0.010    -2.299  
      u_account_balance/balance_db_reg[11][13]  -      SDFFQXL  0.000   0.010    -2.299  
      -----------------------------------------------------------------------------------
Path 31: MET Setup Check with Pin u_account_balance/balance_db_reg[11][12]/CK 
Endpoint:   u_account_balance/balance_db_reg[11][12]/SE (v) checked with  leading edge of 'clk'
Beginpoint: u_vehicle_interface/id_to_check_reg[0]/Q    (v) triggered by  leading edge of 'clk'
Path Groups: {clk}
Retime Analysis { Data Path-Slew }
Other End Arrival Time          0.010
- Setup                         0.344
+ Phase Shift                   5.600
= Required Time                 5.266
- Arrival Time                  2.957
= Slack Time                    2.309
= Slack Time(original)          2.289
     Clock Rise Edge                      0.000
     + Source Insertion Delay             0.010
     = Beginpoint Arrival Time            0.010
     Timing Path:
      ------------------------------------------------------------------------------------------
      Instance                                  Arc          Cell      Retime  Arrival  Required  
                                                                       Delay   Time     Time  
      ------------------------------------------------------------------------------------------
      -                                         clk ^        -         -       0.010    2.319  
      u_vehicle_interface/id_to_check_reg[0]    -            SDFFHQX4  0.000   0.010    2.319  
      u_vehicle_interface/id_to_check_reg[0]    CK ^ -> Q v  SDFFHQX4  0.525   0.535    2.843  
      u_account_balance/g13462                  -            CLKINVX2  0.000   0.535    2.843  
      u_account_balance/g13462                  A v -> Y ^   CLKINVX2  0.102   0.636    2.945  
      u_account_balance/g13458                  -            AND2X6    0.000   0.636    2.945  
      u_account_balance/g13458                  A ^ -> Y ^   AND2X6    0.192   0.828    3.137  
      u_account_balance/g13451                  -            CLKINVX1  0.000   0.828    3.137  
      u_account_balance/g13451                  A ^ -> Y v   CLKINVX1  0.085   0.913    3.222  
      u_account_balance/g13401                  -            NOR2XL    0.000   0.913    3.222  
      u_account_balance/g13401                  B v -> Y ^   NOR2XL    0.289   1.202    3.511  
      u_account_balance/g13318                  -            AOI22XL   0.000   1.202    3.511  
      u_account_balance/g13318                  A0 ^ -> Y v  AOI22XL   0.142   1.343    3.652  
      u_account_balance/g13257                  -            NAND2XL   0.000   1.343    3.652  
      u_account_balance/g13257                  A v -> Y ^   NAND2XL   0.082   1.425    3.734  
      u_account_balance/g13241                  -            NOR2XL    0.000   1.425    3.734  
      u_account_balance/g13241                  A ^ -> Y v   NOR2XL    0.051   1.476    3.785  
      u_account_balance/g13200                  -            NAND2XL   0.000   1.476    3.785  
      u_account_balance/g13200                  B v -> Y ^   NAND2XL   0.076   1.552    3.861  
      u_account_balance/g13192                  -            NOR2X1    0.000   1.552    3.861  
      u_account_balance/g13192                  A ^ -> Y v   NOR2X1    0.082   1.634    3.942  
      u_account_balance/g13187                  -            NAND2X1   0.000   1.634    3.942  
      u_account_balance/g13187                  B v -> Y ^   NAND2X1   0.088   1.721    4.030  
      u_account_balance/g13184                  -            OR4X1     0.000   1.721    4.030  
      u_account_balance/g13184                  D ^ -> Y ^   OR4X1     0.139   1.860    4.169  
      u_account_balance/g13179                  -            OR2X1     0.000   1.860    4.169  
      u_account_balance/g13179                  B ^ -> Y ^   OR2X1     0.135   1.995    4.304  
      u_account_balance/g13173                  -            NAND3X1   0.000   1.995    4.304  
      u_account_balance/g13173                  C ^ -> Y v   NAND3X1   0.169   2.164    4.473  
      u_account_balance/g2                      -            NAND2BX1  0.000   2.164    4.473  
      u_account_balance/g2                      AN v -> Y v  NAND2BX1  0.180   2.345    4.654  
      u_account_balance/g13156                  -            NOR2XL    0.000   2.345    4.654  
      u_account_balance/g13156                  B v -> Y ^   NOR2XL    0.141   2.485    4.794  
      u_account_balance/g13150                  -            INVX1     0.000   2.485    4.794  
      u_account_balance/g13150                  A ^ -> Y v   INVX1     0.069   2.555    4.864  
      u_account_balance/g13147                  -            OR2X1     0.000   2.555    4.864  
      u_account_balance/g13147                  B v -> Y v   OR2X1     0.402   2.957    5.266  
      u_account_balance/balance_db_reg[11][12]  -            SDFFQXL   0.000   2.957    5.266  
      ------------------------------------------------------------------------------------------
     Clock Rise Edge                      0.000
     + Source Insertion Delay             0.010
     = Beginpoint Arrival Time            0.010
     Other End Path:
      -----------------------------------------------------------------------------------
      Instance                                  Arc    Cell     Retime  Arrival  Required  
                                                                Delay   Time     Time  
      -----------------------------------------------------------------------------------
      -                                         clk ^  -        -       0.010    -2.299  
      u_account_balance/balance_db_reg[11][12]  -      SDFFQXL  0.000   0.010    -2.299  
      -----------------------------------------------------------------------------------
Path 32: MET Setup Check with Pin u_account_balance/balance_db_reg[11][11]/CK 
Endpoint:   u_account_balance/balance_db_reg[11][11]/SE (v) checked with  leading edge of 'clk'
Beginpoint: u_vehicle_interface/id_to_check_reg[0]/Q    (v) triggered by  leading edge of 'clk'
Path Groups: {clk}
Retime Analysis { Data Path-Slew }
Other End Arrival Time          0.010
- Setup                         0.344
+ Phase Shift                   5.600
= Required Time                 5.266
- Arrival Time                  2.957
= Slack Time                    2.309
= Slack Time(original)          2.289
     Clock Rise Edge                      0.000
     + Source Insertion Delay             0.010
     = Beginpoint Arrival Time            0.010
     Timing Path:
      ------------------------------------------------------------------------------------------
      Instance                                  Arc          Cell      Retime  Arrival  Required  
                                                                       Delay   Time     Time  
      ------------------------------------------------------------------------------------------
      -                                         clk ^        -         -       0.010    2.319  
      u_vehicle_interface/id_to_check_reg[0]    -            SDFFHQX4  0.000   0.010    2.319  
      u_vehicle_interface/id_to_check_reg[0]    CK ^ -> Q v  SDFFHQX4  0.525   0.535    2.843  
      u_account_balance/g13462                  -            CLKINVX2  0.000   0.535    2.843  
      u_account_balance/g13462                  A v -> Y ^   CLKINVX2  0.102   0.636    2.945  
      u_account_balance/g13458                  -            AND2X6    0.000   0.636    2.945  
      u_account_balance/g13458                  A ^ -> Y ^   AND2X6    0.192   0.828    3.137  
      u_account_balance/g13451                  -            CLKINVX1  0.000   0.828    3.137  
      u_account_balance/g13451                  A ^ -> Y v   CLKINVX1  0.085   0.913    3.222  
      u_account_balance/g13401                  -            NOR2XL    0.000   0.913    3.222  
      u_account_balance/g13401                  B v -> Y ^   NOR2XL    0.289   1.202    3.511  
      u_account_balance/g13318                  -            AOI22XL   0.000   1.202    3.511  
      u_account_balance/g13318                  A0 ^ -> Y v  AOI22XL   0.142   1.343    3.652  
      u_account_balance/g13257                  -            NAND2XL   0.000   1.343    3.652  
      u_account_balance/g13257                  A v -> Y ^   NAND2XL   0.082   1.425    3.734  
      u_account_balance/g13241                  -            NOR2XL    0.000   1.425    3.734  
      u_account_balance/g13241                  A ^ -> Y v   NOR2XL    0.051   1.476    3.785  
      u_account_balance/g13200                  -            NAND2XL   0.000   1.476    3.785  
      u_account_balance/g13200                  B v -> Y ^   NAND2XL   0.076   1.552    3.861  
      u_account_balance/g13192                  -            NOR2X1    0.000   1.552    3.861  
      u_account_balance/g13192                  A ^ -> Y v   NOR2X1    0.082   1.634    3.942  
      u_account_balance/g13187                  -            NAND2X1   0.000   1.634    3.942  
      u_account_balance/g13187                  B v -> Y ^   NAND2X1   0.088   1.721    4.030  
      u_account_balance/g13184                  -            OR4X1     0.000   1.721    4.030  
      u_account_balance/g13184                  D ^ -> Y ^   OR4X1     0.139   1.860    4.169  
      u_account_balance/g13179                  -            OR2X1     0.000   1.860    4.169  
      u_account_balance/g13179                  B ^ -> Y ^   OR2X1     0.135   1.995    4.304  
      u_account_balance/g13173                  -            NAND3X1   0.000   1.995    4.304  
      u_account_balance/g13173                  C ^ -> Y v   NAND3X1   0.169   2.164    4.473  
      u_account_balance/g2                      -            NAND2BX1  0.000   2.164    4.473  
      u_account_balance/g2                      AN v -> Y v  NAND2BX1  0.180   2.345    4.654  
      u_account_balance/g13156                  -            NOR2XL    0.000   2.345    4.654  
      u_account_balance/g13156                  B v -> Y ^   NOR2XL    0.141   2.485    4.794  
      u_account_balance/g13150                  -            INVX1     0.000   2.485    4.794  
      u_account_balance/g13150                  A ^ -> Y v   INVX1     0.069   2.555    4.864  
      u_account_balance/g13147                  -            OR2X1     0.000   2.555    4.864  
      u_account_balance/g13147                  B v -> Y v   OR2X1     0.402   2.957    5.266  
      u_account_balance/balance_db_reg[11][11]  -            SDFFQXL   0.000   2.957    5.266  
      ------------------------------------------------------------------------------------------
     Clock Rise Edge                      0.000
     + Source Insertion Delay             0.010
     = Beginpoint Arrival Time            0.010
     Other End Path:
      -----------------------------------------------------------------------------------
      Instance                                  Arc    Cell     Retime  Arrival  Required  
                                                                Delay   Time     Time  
      -----------------------------------------------------------------------------------
      -                                         clk ^  -        -       0.010    -2.299  
      u_account_balance/balance_db_reg[11][11]  -      SDFFQXL  0.000   0.010    -2.299  
      -----------------------------------------------------------------------------------
Path 33: MET Setup Check with Pin u_account_balance/balance_db_reg[11][10]/CK 
Endpoint:   u_account_balance/balance_db_reg[11][10]/SE (v) checked with  leading edge of 'clk'
Beginpoint: u_vehicle_interface/id_to_check_reg[0]/Q    (v) triggered by  leading edge of 'clk'
Path Groups: {clk}
Retime Analysis { Data Path-Slew }
Other End Arrival Time          0.010
- Setup                         0.344
+ Phase Shift                   5.600
= Required Time                 5.266
- Arrival Time                  2.957
= Slack Time                    2.309
= Slack Time(original)          2.289
     Clock Rise Edge                      0.000
     + Source Insertion Delay             0.010
     = Beginpoint Arrival Time            0.010
     Timing Path:
      ------------------------------------------------------------------------------------------
      Instance                                  Arc          Cell      Retime  Arrival  Required  
                                                                       Delay   Time     Time  
      ------------------------------------------------------------------------------------------
      -                                         clk ^        -         -       0.010    2.319  
      u_vehicle_interface/id_to_check_reg[0]    -            SDFFHQX4  0.000   0.010    2.319  
      u_vehicle_interface/id_to_check_reg[0]    CK ^ -> Q v  SDFFHQX4  0.525   0.535    2.843  
      u_account_balance/g13462                  -            CLKINVX2  0.000   0.535    2.843  
      u_account_balance/g13462                  A v -> Y ^   CLKINVX2  0.102   0.636    2.945  
      u_account_balance/g13458                  -            AND2X6    0.000   0.636    2.945  
      u_account_balance/g13458                  A ^ -> Y ^   AND2X6    0.192   0.828    3.137  
      u_account_balance/g13451                  -            CLKINVX1  0.000   0.828    3.137  
      u_account_balance/g13451                  A ^ -> Y v   CLKINVX1  0.085   0.913    3.222  
      u_account_balance/g13401                  -            NOR2XL    0.000   0.913    3.222  
      u_account_balance/g13401                  B v -> Y ^   NOR2XL    0.289   1.202    3.511  
      u_account_balance/g13318                  -            AOI22XL   0.000   1.202    3.511  
      u_account_balance/g13318                  A0 ^ -> Y v  AOI22XL   0.142   1.343    3.652  
      u_account_balance/g13257                  -            NAND2XL   0.000   1.343    3.652  
      u_account_balance/g13257                  A v -> Y ^   NAND2XL   0.082   1.425    3.734  
      u_account_balance/g13241                  -            NOR2XL    0.000   1.425    3.734  
      u_account_balance/g13241                  A ^ -> Y v   NOR2XL    0.051   1.476    3.785  
      u_account_balance/g13200                  -            NAND2XL   0.000   1.476    3.785  
      u_account_balance/g13200                  B v -> Y ^   NAND2XL   0.076   1.552    3.861  
      u_account_balance/g13192                  -            NOR2X1    0.000   1.552    3.861  
      u_account_balance/g13192                  A ^ -> Y v   NOR2X1    0.082   1.634    3.942  
      u_account_balance/g13187                  -            NAND2X1   0.000   1.634    3.942  
      u_account_balance/g13187                  B v -> Y ^   NAND2X1   0.088   1.721    4.030  
      u_account_balance/g13184                  -            OR4X1     0.000   1.721    4.030  
      u_account_balance/g13184                  D ^ -> Y ^   OR4X1     0.139   1.860    4.169  
      u_account_balance/g13179                  -            OR2X1     0.000   1.860    4.169  
      u_account_balance/g13179                  B ^ -> Y ^   OR2X1     0.135   1.995    4.304  
      u_account_balance/g13173                  -            NAND3X1   0.000   1.995    4.304  
      u_account_balance/g13173                  C ^ -> Y v   NAND3X1   0.169   2.164    4.473  
      u_account_balance/g2                      -            NAND2BX1  0.000   2.164    4.473  
      u_account_balance/g2                      AN v -> Y v  NAND2BX1  0.180   2.345    4.654  
      u_account_balance/g13156                  -            NOR2XL    0.000   2.345    4.654  
      u_account_balance/g13156                  B v -> Y ^   NOR2XL    0.141   2.485    4.794  
      u_account_balance/g13150                  -            INVX1     0.000   2.485    4.794  
      u_account_balance/g13150                  A ^ -> Y v   INVX1     0.069   2.555    4.864  
      u_account_balance/g13147                  -            OR2X1     0.000   2.555    4.864  
      u_account_balance/g13147                  B v -> Y v   OR2X1     0.402   2.957    5.266  
      u_account_balance/balance_db_reg[11][10]  -            SDFFQXL   0.000   2.957    5.266  
      ------------------------------------------------------------------------------------------
     Clock Rise Edge                      0.000
     + Source Insertion Delay             0.010
     = Beginpoint Arrival Time            0.010
     Other End Path:
      -----------------------------------------------------------------------------------
      Instance                                  Arc    Cell     Retime  Arrival  Required  
                                                                Delay   Time     Time  
      -----------------------------------------------------------------------------------
      -                                         clk ^  -        -       0.010    -2.299  
      u_account_balance/balance_db_reg[11][10]  -      SDFFQXL  0.000   0.010    -2.299  
      -----------------------------------------------------------------------------------
Path 34: MET Setup Check with Pin u_account_balance/balance_db_reg[11][9]/CK 
Endpoint:   u_account_balance/balance_db_reg[11][9]/SE (v) checked with  leading edge of 'clk'
Beginpoint: u_vehicle_interface/id_to_check_reg[0]/Q   (v) triggered by  leading edge of 'clk'
Path Groups: {clk}
Retime Analysis { Data Path-Slew }
Other End Arrival Time          0.010
- Setup                         0.344
+ Phase Shift                   5.600
= Required Time                 5.266
- Arrival Time                  2.957
= Slack Time                    2.309
= Slack Time(original)          2.289
     Clock Rise Edge                      0.000
     + Source Insertion Delay             0.010
     = Beginpoint Arrival Time            0.010
     Timing Path:
      -----------------------------------------------------------------------------------------
      Instance                                 Arc          Cell      Retime  Arrival  Required  
                                                                      Delay   Time     Time  
      -----------------------------------------------------------------------------------------
      -                                        clk ^        -         -       0.010    2.319  
      u_vehicle_interface/id_to_check_reg[0]   -            SDFFHQX4  0.000   0.010    2.319  
      u_vehicle_interface/id_to_check_reg[0]   CK ^ -> Q v  SDFFHQX4  0.525   0.535    2.843  
      u_account_balance/g13462                 -            CLKINVX2  0.000   0.535    2.843  
      u_account_balance/g13462                 A v -> Y ^   CLKINVX2  0.102   0.636    2.945  
      u_account_balance/g13458                 -            AND2X6    0.000   0.636    2.945  
      u_account_balance/g13458                 A ^ -> Y ^   AND2X6    0.192   0.828    3.137  
      u_account_balance/g13451                 -            CLKINVX1  0.000   0.828    3.137  
      u_account_balance/g13451                 A ^ -> Y v   CLKINVX1  0.085   0.913    3.222  
      u_account_balance/g13401                 -            NOR2XL    0.000   0.913    3.222  
      u_account_balance/g13401                 B v -> Y ^   NOR2XL    0.289   1.202    3.511  
      u_account_balance/g13318                 -            AOI22XL   0.000   1.202    3.511  
      u_account_balance/g13318                 A0 ^ -> Y v  AOI22XL   0.142   1.343    3.652  
      u_account_balance/g13257                 -            NAND2XL   0.000   1.343    3.652  
      u_account_balance/g13257                 A v -> Y ^   NAND2XL   0.082   1.425    3.734  
      u_account_balance/g13241                 -            NOR2XL    0.000   1.425    3.734  
      u_account_balance/g13241                 A ^ -> Y v   NOR2XL    0.051   1.476    3.785  
      u_account_balance/g13200                 -            NAND2XL   0.000   1.476    3.785  
      u_account_balance/g13200                 B v -> Y ^   NAND2XL   0.076   1.552    3.861  
      u_account_balance/g13192                 -            NOR2X1    0.000   1.552    3.861  
      u_account_balance/g13192                 A ^ -> Y v   NOR2X1    0.082   1.634    3.942  
      u_account_balance/g13187                 -            NAND2X1   0.000   1.634    3.942  
      u_account_balance/g13187                 B v -> Y ^   NAND2X1   0.088   1.721    4.030  
      u_account_balance/g13184                 -            OR4X1     0.000   1.721    4.030  
      u_account_balance/g13184                 D ^ -> Y ^   OR4X1     0.139   1.860    4.169  
      u_account_balance/g13179                 -            OR2X1     0.000   1.860    4.169  
      u_account_balance/g13179                 B ^ -> Y ^   OR2X1     0.135   1.995    4.304  
      u_account_balance/g13173                 -            NAND3X1   0.000   1.995    4.304  
      u_account_balance/g13173                 C ^ -> Y v   NAND3X1   0.169   2.164    4.473  
      u_account_balance/g2                     -            NAND2BX1  0.000   2.164    4.473  
      u_account_balance/g2                     AN v -> Y v  NAND2BX1  0.180   2.345    4.654  
      u_account_balance/g13156                 -            NOR2XL    0.000   2.345    4.654  
      u_account_balance/g13156                 B v -> Y ^   NOR2XL    0.141   2.485    4.794  
      u_account_balance/g13150                 -            INVX1     0.000   2.485    4.794  
      u_account_balance/g13150                 A ^ -> Y v   INVX1     0.069   2.555    4.864  
      u_account_balance/g13147                 -            OR2X1     0.000   2.555    4.864  
      u_account_balance/g13147                 B v -> Y v   OR2X1     0.402   2.957    5.266  
      u_account_balance/balance_db_reg[11][9]  -            SDFFQXL   0.000   2.957    5.266  
      -----------------------------------------------------------------------------------------
     Clock Rise Edge                      0.000
     + Source Insertion Delay             0.010
     = Beginpoint Arrival Time            0.010
     Other End Path:
      ----------------------------------------------------------------------------------
      Instance                                 Arc    Cell     Retime  Arrival  Required  
                                                               Delay   Time     Time  
      ----------------------------------------------------------------------------------
      -                                        clk ^  -        -       0.010    -2.299  
      u_account_balance/balance_db_reg[11][9]  -      SDFFQXL  0.000   0.010    -2.299  
      ----------------------------------------------------------------------------------
Path 35: MET Setup Check with Pin u_account_balance/balance_db_reg[11][8]/CK 
Endpoint:   u_account_balance/balance_db_reg[11][8]/SE (v) checked with  leading edge of 'clk'
Beginpoint: u_vehicle_interface/id_to_check_reg[0]/Q   (v) triggered by  leading edge of 'clk'
Path Groups: {clk}
Retime Analysis { Data Path-Slew }
Other End Arrival Time          0.010
- Setup                         0.344
+ Phase Shift                   5.600
= Required Time                 5.266
- Arrival Time                  2.957
= Slack Time                    2.309
= Slack Time(original)          2.289
     Clock Rise Edge                      0.000
     + Source Insertion Delay             0.010
     = Beginpoint Arrival Time            0.010
     Timing Path:
      -----------------------------------------------------------------------------------------
      Instance                                 Arc          Cell      Retime  Arrival  Required  
                                                                      Delay   Time     Time  
      -----------------------------------------------------------------------------------------
      -                                        clk ^        -         -       0.010    2.319  
      u_vehicle_interface/id_to_check_reg[0]   -            SDFFHQX4  0.000   0.010    2.319  
      u_vehicle_interface/id_to_check_reg[0]   CK ^ -> Q v  SDFFHQX4  0.525   0.535    2.843  
      u_account_balance/g13462                 -            CLKINVX2  0.000   0.535    2.843  
      u_account_balance/g13462                 A v -> Y ^   CLKINVX2  0.102   0.636    2.945  
      u_account_balance/g13458                 -            AND2X6    0.000   0.636    2.945  
      u_account_balance/g13458                 A ^ -> Y ^   AND2X6    0.192   0.828    3.137  
      u_account_balance/g13451                 -            CLKINVX1  0.000   0.828    3.137  
      u_account_balance/g13451                 A ^ -> Y v   CLKINVX1  0.085   0.913    3.222  
      u_account_balance/g13401                 -            NOR2XL    0.000   0.913    3.222  
      u_account_balance/g13401                 B v -> Y ^   NOR2XL    0.289   1.202    3.511  
      u_account_balance/g13318                 -            AOI22XL   0.000   1.202    3.511  
      u_account_balance/g13318                 A0 ^ -> Y v  AOI22XL   0.142   1.343    3.652  
      u_account_balance/g13257                 -            NAND2XL   0.000   1.343    3.652  
      u_account_balance/g13257                 A v -> Y ^   NAND2XL   0.082   1.425    3.734  
      u_account_balance/g13241                 -            NOR2XL    0.000   1.425    3.734  
      u_account_balance/g13241                 A ^ -> Y v   NOR2XL    0.051   1.476    3.785  
      u_account_balance/g13200                 -            NAND2XL   0.000   1.476    3.785  
      u_account_balance/g13200                 B v -> Y ^   NAND2XL   0.076   1.552    3.861  
      u_account_balance/g13192                 -            NOR2X1    0.000   1.552    3.861  
      u_account_balance/g13192                 A ^ -> Y v   NOR2X1    0.082   1.634    3.942  
      u_account_balance/g13187                 -            NAND2X1   0.000   1.634    3.942  
      u_account_balance/g13187                 B v -> Y ^   NAND2X1   0.088   1.721    4.030  
      u_account_balance/g13184                 -            OR4X1     0.000   1.721    4.030  
      u_account_balance/g13184                 D ^ -> Y ^   OR4X1     0.139   1.860    4.169  
      u_account_balance/g13179                 -            OR2X1     0.000   1.860    4.169  
      u_account_balance/g13179                 B ^ -> Y ^   OR2X1     0.135   1.995    4.304  
      u_account_balance/g13173                 -            NAND3X1   0.000   1.995    4.304  
      u_account_balance/g13173                 C ^ -> Y v   NAND3X1   0.169   2.164    4.473  
      u_account_balance/g2                     -            NAND2BX1  0.000   2.164    4.473  
      u_account_balance/g2                     AN v -> Y v  NAND2BX1  0.180   2.345    4.654  
      u_account_balance/g13156                 -            NOR2XL    0.000   2.345    4.654  
      u_account_balance/g13156                 B v -> Y ^   NOR2XL    0.141   2.485    4.794  
      u_account_balance/g13150                 -            INVX1     0.000   2.485    4.794  
      u_account_balance/g13150                 A ^ -> Y v   INVX1     0.069   2.555    4.864  
      u_account_balance/g13147                 -            OR2X1     0.000   2.555    4.864  
      u_account_balance/g13147                 B v -> Y v   OR2X1     0.402   2.957    5.266  
      u_account_balance/balance_db_reg[11][8]  -            SDFFQXL   0.000   2.957    5.266  
      -----------------------------------------------------------------------------------------
     Clock Rise Edge                      0.000
     + Source Insertion Delay             0.010
     = Beginpoint Arrival Time            0.010
     Other End Path:
      ----------------------------------------------------------------------------------
      Instance                                 Arc    Cell     Retime  Arrival  Required  
                                                               Delay   Time     Time  
      ----------------------------------------------------------------------------------
      -                                        clk ^  -        -       0.010    -2.299  
      u_account_balance/balance_db_reg[11][8]  -      SDFFQXL  0.000   0.010    -2.299  
      ----------------------------------------------------------------------------------
Path 36: MET Setup Check with Pin u_account_balance/balance_db_reg[11][7]/CK 
Endpoint:   u_account_balance/balance_db_reg[11][7]/SE (v) checked with  leading edge of 'clk'
Beginpoint: u_vehicle_interface/id_to_check_reg[0]/Q   (v) triggered by  leading edge of 'clk'
Path Groups: {clk}
Retime Analysis { Data Path-Slew }
Other End Arrival Time          0.010
- Setup                         0.344
+ Phase Shift                   5.600
= Required Time                 5.266
- Arrival Time                  2.957
= Slack Time                    2.309
= Slack Time(original)          2.289
     Clock Rise Edge                      0.000
     + Source Insertion Delay             0.010
     = Beginpoint Arrival Time            0.010
     Timing Path:
      -----------------------------------------------------------------------------------------
      Instance                                 Arc          Cell      Retime  Arrival  Required  
                                                                      Delay   Time     Time  
      -----------------------------------------------------------------------------------------
      -                                        clk ^        -         -       0.010    2.319  
      u_vehicle_interface/id_to_check_reg[0]   -            SDFFHQX4  0.000   0.010    2.319  
      u_vehicle_interface/id_to_check_reg[0]   CK ^ -> Q v  SDFFHQX4  0.525   0.535    2.843  
      u_account_balance/g13462                 -            CLKINVX2  0.000   0.535    2.843  
      u_account_balance/g13462                 A v -> Y ^   CLKINVX2  0.102   0.636    2.945  
      u_account_balance/g13458                 -            AND2X6    0.000   0.636    2.945  
      u_account_balance/g13458                 A ^ -> Y ^   AND2X6    0.192   0.828    3.137  
      u_account_balance/g13451                 -            CLKINVX1  0.000   0.828    3.137  
      u_account_balance/g13451                 A ^ -> Y v   CLKINVX1  0.085   0.913    3.222  
      u_account_balance/g13401                 -            NOR2XL    0.000   0.913    3.222  
      u_account_balance/g13401                 B v -> Y ^   NOR2XL    0.289   1.202    3.511  
      u_account_balance/g13318                 -            AOI22XL   0.000   1.202    3.511  
      u_account_balance/g13318                 A0 ^ -> Y v  AOI22XL   0.142   1.343    3.652  
      u_account_balance/g13257                 -            NAND2XL   0.000   1.343    3.652  
      u_account_balance/g13257                 A v -> Y ^   NAND2XL   0.082   1.425    3.734  
      u_account_balance/g13241                 -            NOR2XL    0.000   1.425    3.734  
      u_account_balance/g13241                 A ^ -> Y v   NOR2XL    0.051   1.476    3.785  
      u_account_balance/g13200                 -            NAND2XL   0.000   1.476    3.785  
      u_account_balance/g13200                 B v -> Y ^   NAND2XL   0.076   1.552    3.861  
      u_account_balance/g13192                 -            NOR2X1    0.000   1.552    3.861  
      u_account_balance/g13192                 A ^ -> Y v   NOR2X1    0.082   1.634    3.942  
      u_account_balance/g13187                 -            NAND2X1   0.000   1.634    3.942  
      u_account_balance/g13187                 B v -> Y ^   NAND2X1   0.088   1.721    4.030  
      u_account_balance/g13184                 -            OR4X1     0.000   1.721    4.030  
      u_account_balance/g13184                 D ^ -> Y ^   OR4X1     0.139   1.860    4.169  
      u_account_balance/g13179                 -            OR2X1     0.000   1.860    4.169  
      u_account_balance/g13179                 B ^ -> Y ^   OR2X1     0.135   1.995    4.304  
      u_account_balance/g13173                 -            NAND3X1   0.000   1.995    4.304  
      u_account_balance/g13173                 C ^ -> Y v   NAND3X1   0.169   2.164    4.473  
      u_account_balance/g2                     -            NAND2BX1  0.000   2.164    4.473  
      u_account_balance/g2                     AN v -> Y v  NAND2BX1  0.180   2.345    4.654  
      u_account_balance/g13156                 -            NOR2XL    0.000   2.345    4.654  
      u_account_balance/g13156                 B v -> Y ^   NOR2XL    0.141   2.485    4.794  
      u_account_balance/g13150                 -            INVX1     0.000   2.485    4.794  
      u_account_balance/g13150                 A ^ -> Y v   INVX1     0.069   2.555    4.864  
      u_account_balance/g13147                 -            OR2X1     0.000   2.555    4.864  
      u_account_balance/g13147                 B v -> Y v   OR2X1     0.402   2.957    5.266  
      u_account_balance/balance_db_reg[11][7]  -            SDFFQXL   0.000   2.957    5.266  
      -----------------------------------------------------------------------------------------
     Clock Rise Edge                      0.000
     + Source Insertion Delay             0.010
     = Beginpoint Arrival Time            0.010
     Other End Path:
      ----------------------------------------------------------------------------------
      Instance                                 Arc    Cell     Retime  Arrival  Required  
                                                               Delay   Time     Time  
      ----------------------------------------------------------------------------------
      -                                        clk ^  -        -       0.010    -2.299  
      u_account_balance/balance_db_reg[11][7]  -      SDFFQXL  0.000   0.010    -2.299  
      ----------------------------------------------------------------------------------
Path 37: MET Setup Check with Pin u_account_balance/balance_db_reg[11][6]/CK 
Endpoint:   u_account_balance/balance_db_reg[11][6]/SE (v) checked with  leading edge of 'clk'
Beginpoint: u_vehicle_interface/id_to_check_reg[0]/Q   (v) triggered by  leading edge of 'clk'
Path Groups: {clk}
Retime Analysis { Data Path-Slew }
Other End Arrival Time          0.010
- Setup                         0.344
+ Phase Shift                   5.600
= Required Time                 5.266
- Arrival Time                  2.957
= Slack Time                    2.309
= Slack Time(original)          2.289
     Clock Rise Edge                      0.000
     + Source Insertion Delay             0.010
     = Beginpoint Arrival Time            0.010
     Timing Path:
      -----------------------------------------------------------------------------------------
      Instance                                 Arc          Cell      Retime  Arrival  Required  
                                                                      Delay   Time     Time  
      -----------------------------------------------------------------------------------------
      -                                        clk ^        -         -       0.010    2.319  
      u_vehicle_interface/id_to_check_reg[0]   -            SDFFHQX4  0.000   0.010    2.319  
      u_vehicle_interface/id_to_check_reg[0]   CK ^ -> Q v  SDFFHQX4  0.525   0.535    2.843  
      u_account_balance/g13462                 -            CLKINVX2  0.000   0.535    2.843  
      u_account_balance/g13462                 A v -> Y ^   CLKINVX2  0.102   0.636    2.945  
      u_account_balance/g13458                 -            AND2X6    0.000   0.636    2.945  
      u_account_balance/g13458                 A ^ -> Y ^   AND2X6    0.192   0.828    3.137  
      u_account_balance/g13451                 -            CLKINVX1  0.000   0.828    3.137  
      u_account_balance/g13451                 A ^ -> Y v   CLKINVX1  0.085   0.913    3.222  
      u_account_balance/g13401                 -            NOR2XL    0.000   0.913    3.222  
      u_account_balance/g13401                 B v -> Y ^   NOR2XL    0.289   1.202    3.511  
      u_account_balance/g13318                 -            AOI22XL   0.000   1.202    3.511  
      u_account_balance/g13318                 A0 ^ -> Y v  AOI22XL   0.142   1.343    3.652  
      u_account_balance/g13257                 -            NAND2XL   0.000   1.343    3.652  
      u_account_balance/g13257                 A v -> Y ^   NAND2XL   0.082   1.425    3.734  
      u_account_balance/g13241                 -            NOR2XL    0.000   1.425    3.734  
      u_account_balance/g13241                 A ^ -> Y v   NOR2XL    0.051   1.476    3.785  
      u_account_balance/g13200                 -            NAND2XL   0.000   1.476    3.785  
      u_account_balance/g13200                 B v -> Y ^   NAND2XL   0.076   1.552    3.861  
      u_account_balance/g13192                 -            NOR2X1    0.000   1.552    3.861  
      u_account_balance/g13192                 A ^ -> Y v   NOR2X1    0.082   1.634    3.942  
      u_account_balance/g13187                 -            NAND2X1   0.000   1.634    3.942  
      u_account_balance/g13187                 B v -> Y ^   NAND2X1   0.088   1.721    4.030  
      u_account_balance/g13184                 -            OR4X1     0.000   1.721    4.030  
      u_account_balance/g13184                 D ^ -> Y ^   OR4X1     0.139   1.860    4.169  
      u_account_balance/g13179                 -            OR2X1     0.000   1.860    4.169  
      u_account_balance/g13179                 B ^ -> Y ^   OR2X1     0.135   1.995    4.304  
      u_account_balance/g13173                 -            NAND3X1   0.000   1.995    4.304  
      u_account_balance/g13173                 C ^ -> Y v   NAND3X1   0.169   2.164    4.473  
      u_account_balance/g2                     -            NAND2BX1  0.000   2.164    4.473  
      u_account_balance/g2                     AN v -> Y v  NAND2BX1  0.180   2.345    4.654  
      u_account_balance/g13156                 -            NOR2XL    0.000   2.345    4.654  
      u_account_balance/g13156                 B v -> Y ^   NOR2XL    0.141   2.485    4.794  
      u_account_balance/g13150                 -            INVX1     0.000   2.485    4.794  
      u_account_balance/g13150                 A ^ -> Y v   INVX1     0.069   2.555    4.864  
      u_account_balance/g13147                 -            OR2X1     0.000   2.555    4.864  
      u_account_balance/g13147                 B v -> Y v   OR2X1     0.402   2.957    5.266  
      u_account_balance/balance_db_reg[11][6]  -            SDFFQXL   0.000   2.957    5.266  
      -----------------------------------------------------------------------------------------
     Clock Rise Edge                      0.000
     + Source Insertion Delay             0.010
     = Beginpoint Arrival Time            0.010
     Other End Path:
      ----------------------------------------------------------------------------------
      Instance                                 Arc    Cell     Retime  Arrival  Required  
                                                               Delay   Time     Time  
      ----------------------------------------------------------------------------------
      -                                        clk ^  -        -       0.010    -2.299  
      u_account_balance/balance_db_reg[11][6]  -      SDFFQXL  0.000   0.010    -2.299  
      ----------------------------------------------------------------------------------
Path 38: MET Setup Check with Pin u_account_balance/balance_db_reg[11][5]/CK 
Endpoint:   u_account_balance/balance_db_reg[11][5]/SE (v) checked with  leading edge of 'clk'
Beginpoint: u_vehicle_interface/id_to_check_reg[0]/Q   (v) triggered by  leading edge of 'clk'
Path Groups: {clk}
Retime Analysis { Data Path-Slew }
Other End Arrival Time          0.010
- Setup                         0.344
+ Phase Shift                   5.600
= Required Time                 5.266
- Arrival Time                  2.957
= Slack Time                    2.309
= Slack Time(original)          2.289
     Clock Rise Edge                      0.000
     + Source Insertion Delay             0.010
     = Beginpoint Arrival Time            0.010
     Timing Path:
      -----------------------------------------------------------------------------------------
      Instance                                 Arc          Cell      Retime  Arrival  Required  
                                                                      Delay   Time     Time  
      -----------------------------------------------------------------------------------------
      -                                        clk ^        -         -       0.010    2.319  
      u_vehicle_interface/id_to_check_reg[0]   -            SDFFHQX4  0.000   0.010    2.319  
      u_vehicle_interface/id_to_check_reg[0]   CK ^ -> Q v  SDFFHQX4  0.525   0.535    2.843  
      u_account_balance/g13462                 -            CLKINVX2  0.000   0.535    2.843  
      u_account_balance/g13462                 A v -> Y ^   CLKINVX2  0.102   0.636    2.945  
      u_account_balance/g13458                 -            AND2X6    0.000   0.636    2.945  
      u_account_balance/g13458                 A ^ -> Y ^   AND2X6    0.192   0.828    3.137  
      u_account_balance/g13451                 -            CLKINVX1  0.000   0.828    3.137  
      u_account_balance/g13451                 A ^ -> Y v   CLKINVX1  0.085   0.913    3.222  
      u_account_balance/g13401                 -            NOR2XL    0.000   0.913    3.222  
      u_account_balance/g13401                 B v -> Y ^   NOR2XL    0.289   1.202    3.511  
      u_account_balance/g13318                 -            AOI22XL   0.000   1.202    3.511  
      u_account_balance/g13318                 A0 ^ -> Y v  AOI22XL   0.142   1.343    3.652  
      u_account_balance/g13257                 -            NAND2XL   0.000   1.343    3.652  
      u_account_balance/g13257                 A v -> Y ^   NAND2XL   0.082   1.425    3.734  
      u_account_balance/g13241                 -            NOR2XL    0.000   1.425    3.734  
      u_account_balance/g13241                 A ^ -> Y v   NOR2XL    0.051   1.476    3.785  
      u_account_balance/g13200                 -            NAND2XL   0.000   1.476    3.785  
      u_account_balance/g13200                 B v -> Y ^   NAND2XL   0.076   1.552    3.861  
      u_account_balance/g13192                 -            NOR2X1    0.000   1.552    3.861  
      u_account_balance/g13192                 A ^ -> Y v   NOR2X1    0.082   1.634    3.942  
      u_account_balance/g13187                 -            NAND2X1   0.000   1.634    3.942  
      u_account_balance/g13187                 B v -> Y ^   NAND2X1   0.088   1.721    4.030  
      u_account_balance/g13184                 -            OR4X1     0.000   1.721    4.030  
      u_account_balance/g13184                 D ^ -> Y ^   OR4X1     0.139   1.860    4.169  
      u_account_balance/g13179                 -            OR2X1     0.000   1.860    4.169  
      u_account_balance/g13179                 B ^ -> Y ^   OR2X1     0.135   1.995    4.304  
      u_account_balance/g13173                 -            NAND3X1   0.000   1.995    4.304  
      u_account_balance/g13173                 C ^ -> Y v   NAND3X1   0.169   2.164    4.473  
      u_account_balance/g2                     -            NAND2BX1  0.000   2.164    4.473  
      u_account_balance/g2                     AN v -> Y v  NAND2BX1  0.180   2.345    4.654  
      u_account_balance/g13156                 -            NOR2XL    0.000   2.345    4.654  
      u_account_balance/g13156                 B v -> Y ^   NOR2XL    0.141   2.485    4.794  
      u_account_balance/g13150                 -            INVX1     0.000   2.485    4.794  
      u_account_balance/g13150                 A ^ -> Y v   INVX1     0.069   2.555    4.864  
      u_account_balance/g13147                 -            OR2X1     0.000   2.555    4.864  
      u_account_balance/g13147                 B v -> Y v   OR2X1     0.402   2.957    5.266  
      u_account_balance/balance_db_reg[11][5]  -            SDFFQXL   0.000   2.957    5.266  
      -----------------------------------------------------------------------------------------
     Clock Rise Edge                      0.000
     + Source Insertion Delay             0.010
     = Beginpoint Arrival Time            0.010
     Other End Path:
      ----------------------------------------------------------------------------------
      Instance                                 Arc    Cell     Retime  Arrival  Required  
                                                               Delay   Time     Time  
      ----------------------------------------------------------------------------------
      -                                        clk ^  -        -       0.010    -2.299  
      u_account_balance/balance_db_reg[11][5]  -      SDFFQXL  0.000   0.010    -2.299  
      ----------------------------------------------------------------------------------
Path 39: MET Setup Check with Pin u_account_balance/balance_db_reg[11][4]/CK 
Endpoint:   u_account_balance/balance_db_reg[11][4]/SE (v) checked with  leading edge of 'clk'
Beginpoint: u_vehicle_interface/id_to_check_reg[0]/Q   (v) triggered by  leading edge of 'clk'
Path Groups: {clk}
Retime Analysis { Data Path-Slew }
Other End Arrival Time          0.010
- Setup                         0.344
+ Phase Shift                   5.600
= Required Time                 5.266
- Arrival Time                  2.957
= Slack Time                    2.309
= Slack Time(original)          2.289
     Clock Rise Edge                      0.000
     + Source Insertion Delay             0.010
     = Beginpoint Arrival Time            0.010
     Timing Path:
      -----------------------------------------------------------------------------------------
      Instance                                 Arc          Cell      Retime  Arrival  Required  
                                                                      Delay   Time     Time  
      -----------------------------------------------------------------------------------------
      -                                        clk ^        -         -       0.010    2.319  
      u_vehicle_interface/id_to_check_reg[0]   -            SDFFHQX4  0.000   0.010    2.319  
      u_vehicle_interface/id_to_check_reg[0]   CK ^ -> Q v  SDFFHQX4  0.525   0.535    2.843  
      u_account_balance/g13462                 -            CLKINVX2  0.000   0.535    2.843  
      u_account_balance/g13462                 A v -> Y ^   CLKINVX2  0.102   0.636    2.945  
      u_account_balance/g13458                 -            AND2X6    0.000   0.636    2.945  
      u_account_balance/g13458                 A ^ -> Y ^   AND2X6    0.192   0.828    3.137  
      u_account_balance/g13451                 -            CLKINVX1  0.000   0.828    3.137  
      u_account_balance/g13451                 A ^ -> Y v   CLKINVX1  0.085   0.913    3.222  
      u_account_balance/g13401                 -            NOR2XL    0.000   0.913    3.222  
      u_account_balance/g13401                 B v -> Y ^   NOR2XL    0.289   1.202    3.511  
      u_account_balance/g13318                 -            AOI22XL   0.000   1.202    3.511  
      u_account_balance/g13318                 A0 ^ -> Y v  AOI22XL   0.142   1.343    3.652  
      u_account_balance/g13257                 -            NAND2XL   0.000   1.343    3.652  
      u_account_balance/g13257                 A v -> Y ^   NAND2XL   0.082   1.425    3.734  
      u_account_balance/g13241                 -            NOR2XL    0.000   1.425    3.734  
      u_account_balance/g13241                 A ^ -> Y v   NOR2XL    0.051   1.476    3.785  
      u_account_balance/g13200                 -            NAND2XL   0.000   1.476    3.785  
      u_account_balance/g13200                 B v -> Y ^   NAND2XL   0.076   1.552    3.861  
      u_account_balance/g13192                 -            NOR2X1    0.000   1.552    3.861  
      u_account_balance/g13192                 A ^ -> Y v   NOR2X1    0.082   1.634    3.942  
      u_account_balance/g13187                 -            NAND2X1   0.000   1.634    3.942  
      u_account_balance/g13187                 B v -> Y ^   NAND2X1   0.088   1.721    4.030  
      u_account_balance/g13184                 -            OR4X1     0.000   1.721    4.030  
      u_account_balance/g13184                 D ^ -> Y ^   OR4X1     0.139   1.860    4.169  
      u_account_balance/g13179                 -            OR2X1     0.000   1.860    4.169  
      u_account_balance/g13179                 B ^ -> Y ^   OR2X1     0.135   1.995    4.304  
      u_account_balance/g13173                 -            NAND3X1   0.000   1.995    4.304  
      u_account_balance/g13173                 C ^ -> Y v   NAND3X1   0.169   2.164    4.473  
      u_account_balance/g2                     -            NAND2BX1  0.000   2.164    4.473  
      u_account_balance/g2                     AN v -> Y v  NAND2BX1  0.180   2.345    4.654  
      u_account_balance/g13156                 -            NOR2XL    0.000   2.345    4.654  
      u_account_balance/g13156                 B v -> Y ^   NOR2XL    0.141   2.485    4.794  
      u_account_balance/g13150                 -            INVX1     0.000   2.485    4.794  
      u_account_balance/g13150                 A ^ -> Y v   INVX1     0.069   2.555    4.864  
      u_account_balance/g13147                 -            OR2X1     0.000   2.555    4.864  
      u_account_balance/g13147                 B v -> Y v   OR2X1     0.402   2.957    5.266  
      u_account_balance/balance_db_reg[11][4]  -            SDFFQXL   0.000   2.957    5.266  
      -----------------------------------------------------------------------------------------
     Clock Rise Edge                      0.000
     + Source Insertion Delay             0.010
     = Beginpoint Arrival Time            0.010
     Other End Path:
      ----------------------------------------------------------------------------------
      Instance                                 Arc    Cell     Retime  Arrival  Required  
                                                               Delay   Time     Time  
      ----------------------------------------------------------------------------------
      -                                        clk ^  -        -       0.010    -2.299  
      u_account_balance/balance_db_reg[11][4]  -      SDFFQXL  0.000   0.010    -2.299  
      ----------------------------------------------------------------------------------
Path 40: MET Setup Check with Pin u_account_balance/balance_db_reg[11][3]/CK 
Endpoint:   u_account_balance/balance_db_reg[11][3]/SE (v) checked with  leading edge of 'clk'
Beginpoint: u_vehicle_interface/id_to_check_reg[0]/Q   (v) triggered by  leading edge of 'clk'
Path Groups: {clk}
Retime Analysis { Data Path-Slew }
Other End Arrival Time          0.010
- Setup                         0.344
+ Phase Shift                   5.600
= Required Time                 5.266
- Arrival Time                  2.957
= Slack Time                    2.309
= Slack Time(original)          2.289
     Clock Rise Edge                      0.000
     + Source Insertion Delay             0.010
     = Beginpoint Arrival Time            0.010
     Timing Path:
      -----------------------------------------------------------------------------------------
      Instance                                 Arc          Cell      Retime  Arrival  Required  
                                                                      Delay   Time     Time  
      -----------------------------------------------------------------------------------------
      -                                        clk ^        -         -       0.010    2.319  
      u_vehicle_interface/id_to_check_reg[0]   -            SDFFHQX4  0.000   0.010    2.319  
      u_vehicle_interface/id_to_check_reg[0]   CK ^ -> Q v  SDFFHQX4  0.525   0.535    2.843  
      u_account_balance/g13462                 -            CLKINVX2  0.000   0.535    2.843  
      u_account_balance/g13462                 A v -> Y ^   CLKINVX2  0.102   0.636    2.945  
      u_account_balance/g13458                 -            AND2X6    0.000   0.636    2.945  
      u_account_balance/g13458                 A ^ -> Y ^   AND2X6    0.192   0.828    3.137  
      u_account_balance/g13451                 -            CLKINVX1  0.000   0.828    3.137  
      u_account_balance/g13451                 A ^ -> Y v   CLKINVX1  0.085   0.913    3.222  
      u_account_balance/g13401                 -            NOR2XL    0.000   0.913    3.222  
      u_account_balance/g13401                 B v -> Y ^   NOR2XL    0.289   1.202    3.511  
      u_account_balance/g13318                 -            AOI22XL   0.000   1.202    3.511  
      u_account_balance/g13318                 A0 ^ -> Y v  AOI22XL   0.142   1.343    3.652  
      u_account_balance/g13257                 -            NAND2XL   0.000   1.343    3.652  
      u_account_balance/g13257                 A v -> Y ^   NAND2XL   0.082   1.425    3.734  
      u_account_balance/g13241                 -            NOR2XL    0.000   1.425    3.734  
      u_account_balance/g13241                 A ^ -> Y v   NOR2XL    0.051   1.476    3.785  
      u_account_balance/g13200                 -            NAND2XL   0.000   1.476    3.785  
      u_account_balance/g13200                 B v -> Y ^   NAND2XL   0.076   1.552    3.861  
      u_account_balance/g13192                 -            NOR2X1    0.000   1.552    3.861  
      u_account_balance/g13192                 A ^ -> Y v   NOR2X1    0.082   1.634    3.942  
      u_account_balance/g13187                 -            NAND2X1   0.000   1.634    3.942  
      u_account_balance/g13187                 B v -> Y ^   NAND2X1   0.088   1.721    4.030  
      u_account_balance/g13184                 -            OR4X1     0.000   1.721    4.030  
      u_account_balance/g13184                 D ^ -> Y ^   OR4X1     0.139   1.860    4.169  
      u_account_balance/g13179                 -            OR2X1     0.000   1.860    4.169  
      u_account_balance/g13179                 B ^ -> Y ^   OR2X1     0.135   1.995    4.304  
      u_account_balance/g13173                 -            NAND3X1   0.000   1.995    4.304  
      u_account_balance/g13173                 C ^ -> Y v   NAND3X1   0.169   2.164    4.473  
      u_account_balance/g2                     -            NAND2BX1  0.000   2.164    4.473  
      u_account_balance/g2                     AN v -> Y v  NAND2BX1  0.180   2.345    4.654  
      u_account_balance/g13156                 -            NOR2XL    0.000   2.345    4.654  
      u_account_balance/g13156                 B v -> Y ^   NOR2XL    0.141   2.485    4.794  
      u_account_balance/g13150                 -            INVX1     0.000   2.485    4.794  
      u_account_balance/g13150                 A ^ -> Y v   INVX1     0.069   2.555    4.864  
      u_account_balance/g13147                 -            OR2X1     0.000   2.555    4.864  
      u_account_balance/g13147                 B v -> Y v   OR2X1     0.402   2.957    5.266  
      u_account_balance/balance_db_reg[11][3]  -            SDFFQXL   0.000   2.957    5.266  
      -----------------------------------------------------------------------------------------
     Clock Rise Edge                      0.000
     + Source Insertion Delay             0.010
     = Beginpoint Arrival Time            0.010
     Other End Path:
      ----------------------------------------------------------------------------------
      Instance                                 Arc    Cell     Retime  Arrival  Required  
                                                               Delay   Time     Time  
      ----------------------------------------------------------------------------------
      -                                        clk ^  -        -       0.010    -2.299  
      u_account_balance/balance_db_reg[11][3]  -      SDFFQXL  0.000   0.010    -2.299  
      ----------------------------------------------------------------------------------
Path 41: MET Setup Check with Pin u_account_balance/balance_db_reg[11][2]/CK 
Endpoint:   u_account_balance/balance_db_reg[11][2]/SE (v) checked with  leading edge of 'clk'
Beginpoint: u_vehicle_interface/id_to_check_reg[0]/Q   (v) triggered by  leading edge of 'clk'
Path Groups: {clk}
Retime Analysis { Data Path-Slew }
Other End Arrival Time          0.010
- Setup                         0.344
+ Phase Shift                   5.600
= Required Time                 5.266
- Arrival Time                  2.957
= Slack Time                    2.309
= Slack Time(original)          2.289
     Clock Rise Edge                      0.000
     + Source Insertion Delay             0.010
     = Beginpoint Arrival Time            0.010
     Timing Path:
      -----------------------------------------------------------------------------------------
      Instance                                 Arc          Cell      Retime  Arrival  Required  
                                                                      Delay   Time     Time  
      -----------------------------------------------------------------------------------------
      -                                        clk ^        -         -       0.010    2.319  
      u_vehicle_interface/id_to_check_reg[0]   -            SDFFHQX4  0.000   0.010    2.319  
      u_vehicle_interface/id_to_check_reg[0]   CK ^ -> Q v  SDFFHQX4  0.525   0.535    2.843  
      u_account_balance/g13462                 -            CLKINVX2  0.000   0.535    2.843  
      u_account_balance/g13462                 A v -> Y ^   CLKINVX2  0.102   0.636    2.945  
      u_account_balance/g13458                 -            AND2X6    0.000   0.636    2.945  
      u_account_balance/g13458                 A ^ -> Y ^   AND2X6    0.192   0.828    3.137  
      u_account_balance/g13451                 -            CLKINVX1  0.000   0.828    3.137  
      u_account_balance/g13451                 A ^ -> Y v   CLKINVX1  0.085   0.913    3.222  
      u_account_balance/g13401                 -            NOR2XL    0.000   0.913    3.222  
      u_account_balance/g13401                 B v -> Y ^   NOR2XL    0.289   1.202    3.511  
      u_account_balance/g13318                 -            AOI22XL   0.000   1.202    3.511  
      u_account_balance/g13318                 A0 ^ -> Y v  AOI22XL   0.142   1.343    3.652  
      u_account_balance/g13257                 -            NAND2XL   0.000   1.343    3.652  
      u_account_balance/g13257                 A v -> Y ^   NAND2XL   0.082   1.425    3.734  
      u_account_balance/g13241                 -            NOR2XL    0.000   1.425    3.734  
      u_account_balance/g13241                 A ^ -> Y v   NOR2XL    0.051   1.476    3.785  
      u_account_balance/g13200                 -            NAND2XL   0.000   1.476    3.785  
      u_account_balance/g13200                 B v -> Y ^   NAND2XL   0.076   1.552    3.861  
      u_account_balance/g13192                 -            NOR2X1    0.000   1.552    3.861  
      u_account_balance/g13192                 A ^ -> Y v   NOR2X1    0.082   1.634    3.942  
      u_account_balance/g13187                 -            NAND2X1   0.000   1.634    3.942  
      u_account_balance/g13187                 B v -> Y ^   NAND2X1   0.088   1.721    4.030  
      u_account_balance/g13184                 -            OR4X1     0.000   1.721    4.030  
      u_account_balance/g13184                 D ^ -> Y ^   OR4X1     0.139   1.860    4.169  
      u_account_balance/g13179                 -            OR2X1     0.000   1.860    4.169  
      u_account_balance/g13179                 B ^ -> Y ^   OR2X1     0.135   1.995    4.304  
      u_account_balance/g13173                 -            NAND3X1   0.000   1.995    4.304  
      u_account_balance/g13173                 C ^ -> Y v   NAND3X1   0.169   2.164    4.473  
      u_account_balance/g2                     -            NAND2BX1  0.000   2.164    4.473  
      u_account_balance/g2                     AN v -> Y v  NAND2BX1  0.180   2.345    4.654  
      u_account_balance/g13156                 -            NOR2XL    0.000   2.345    4.654  
      u_account_balance/g13156                 B v -> Y ^   NOR2XL    0.141   2.485    4.794  
      u_account_balance/g13150                 -            INVX1     0.000   2.485    4.794  
      u_account_balance/g13150                 A ^ -> Y v   INVX1     0.069   2.555    4.864  
      u_account_balance/g13147                 -            OR2X1     0.000   2.555    4.864  
      u_account_balance/g13147                 B v -> Y v   OR2X1     0.402   2.957    5.266  
      u_account_balance/balance_db_reg[11][2]  -            SDFFQXL   0.000   2.957    5.266  
      -----------------------------------------------------------------------------------------
     Clock Rise Edge                      0.000
     + Source Insertion Delay             0.010
     = Beginpoint Arrival Time            0.010
     Other End Path:
      ----------------------------------------------------------------------------------
      Instance                                 Arc    Cell     Retime  Arrival  Required  
                                                               Delay   Time     Time  
      ----------------------------------------------------------------------------------
      -                                        clk ^  -        -       0.010    -2.299  
      u_account_balance/balance_db_reg[11][2]  -      SDFFQXL  0.000   0.010    -2.299  
      ----------------------------------------------------------------------------------
Path 42: MET Setup Check with Pin u_account_balance/balance_db_reg[11][1]/CK 
Endpoint:   u_account_balance/balance_db_reg[11][1]/SE (v) checked with  leading edge of 'clk'
Beginpoint: u_vehicle_interface/id_to_check_reg[0]/Q   (v) triggered by  leading edge of 'clk'
Path Groups: {clk}
Retime Analysis { Data Path-Slew }
Other End Arrival Time          0.010
- Setup                         0.344
+ Phase Shift                   5.600
= Required Time                 5.266
- Arrival Time                  2.957
= Slack Time                    2.309
= Slack Time(original)          2.289
     Clock Rise Edge                      0.000
     + Source Insertion Delay             0.010
     = Beginpoint Arrival Time            0.010
     Timing Path:
      -----------------------------------------------------------------------------------------
      Instance                                 Arc          Cell      Retime  Arrival  Required  
                                                                      Delay   Time     Time  
      -----------------------------------------------------------------------------------------
      -                                        clk ^        -         -       0.010    2.319  
      u_vehicle_interface/id_to_check_reg[0]   -            SDFFHQX4  0.000   0.010    2.319  
      u_vehicle_interface/id_to_check_reg[0]   CK ^ -> Q v  SDFFHQX4  0.525   0.535    2.843  
      u_account_balance/g13462                 -            CLKINVX2  0.000   0.535    2.843  
      u_account_balance/g13462                 A v -> Y ^   CLKINVX2  0.102   0.636    2.945  
      u_account_balance/g13458                 -            AND2X6    0.000   0.636    2.945  
      u_account_balance/g13458                 A ^ -> Y ^   AND2X6    0.192   0.828    3.137  
      u_account_balance/g13451                 -            CLKINVX1  0.000   0.828    3.137  
      u_account_balance/g13451                 A ^ -> Y v   CLKINVX1  0.085   0.913    3.222  
      u_account_balance/g13401                 -            NOR2XL    0.000   0.913    3.222  
      u_account_balance/g13401                 B v -> Y ^   NOR2XL    0.289   1.202    3.511  
      u_account_balance/g13318                 -            AOI22XL   0.000   1.202    3.511  
      u_account_balance/g13318                 A0 ^ -> Y v  AOI22XL   0.142   1.343    3.652  
      u_account_balance/g13257                 -            NAND2XL   0.000   1.343    3.652  
      u_account_balance/g13257                 A v -> Y ^   NAND2XL   0.082   1.425    3.734  
      u_account_balance/g13241                 -            NOR2XL    0.000   1.425    3.734  
      u_account_balance/g13241                 A ^ -> Y v   NOR2XL    0.051   1.476    3.785  
      u_account_balance/g13200                 -            NAND2XL   0.000   1.476    3.785  
      u_account_balance/g13200                 B v -> Y ^   NAND2XL   0.076   1.552    3.861  
      u_account_balance/g13192                 -            NOR2X1    0.000   1.552    3.861  
      u_account_balance/g13192                 A ^ -> Y v   NOR2X1    0.082   1.634    3.942  
      u_account_balance/g13187                 -            NAND2X1   0.000   1.634    3.942  
      u_account_balance/g13187                 B v -> Y ^   NAND2X1   0.088   1.721    4.030  
      u_account_balance/g13184                 -            OR4X1     0.000   1.721    4.030  
      u_account_balance/g13184                 D ^ -> Y ^   OR4X1     0.139   1.860    4.169  
      u_account_balance/g13179                 -            OR2X1     0.000   1.860    4.169  
      u_account_balance/g13179                 B ^ -> Y ^   OR2X1     0.135   1.995    4.304  
      u_account_balance/g13173                 -            NAND3X1   0.000   1.995    4.304  
      u_account_balance/g13173                 C ^ -> Y v   NAND3X1   0.169   2.164    4.473  
      u_account_balance/g2                     -            NAND2BX1  0.000   2.164    4.473  
      u_account_balance/g2                     AN v -> Y v  NAND2BX1  0.180   2.345    4.654  
      u_account_balance/g13156                 -            NOR2XL    0.000   2.345    4.654  
      u_account_balance/g13156                 B v -> Y ^   NOR2XL    0.141   2.485    4.794  
      u_account_balance/g13150                 -            INVX1     0.000   2.485    4.794  
      u_account_balance/g13150                 A ^ -> Y v   INVX1     0.069   2.555    4.864  
      u_account_balance/g13147                 -            OR2X1     0.000   2.555    4.864  
      u_account_balance/g13147                 B v -> Y v   OR2X1     0.402   2.957    5.266  
      u_account_balance/balance_db_reg[11][1]  -            SDFFQX1   0.000   2.957    5.266  
      -----------------------------------------------------------------------------------------
     Clock Rise Edge                      0.000
     + Source Insertion Delay             0.010
     = Beginpoint Arrival Time            0.010
     Other End Path:
      ----------------------------------------------------------------------------------
      Instance                                 Arc    Cell     Retime  Arrival  Required  
                                                               Delay   Time     Time  
      ----------------------------------------------------------------------------------
      -                                        clk ^  -        -       0.010    -2.299  
      u_account_balance/balance_db_reg[11][1]  -      SDFFQX1  0.000   0.010    -2.299  
      ----------------------------------------------------------------------------------
Path 43: MET Setup Check with Pin u_account_balance/balance_db_reg[15][15]/CK 
Endpoint:   u_account_balance/balance_db_reg[15][15]/SE (v) checked with  leading edge of 'clk'
Beginpoint: u_vehicle_interface/id_to_check_reg[0]/Q    (v) triggered by  leading edge of 'clk'
Path Groups: {clk}
Retime Analysis { Data Path-Slew }
Other End Arrival Time          0.010
- Setup                         0.344
+ Phase Shift                   5.600
= Required Time                 5.266
- Arrival Time                  2.956
= Slack Time                    2.310
= Slack Time(original)          2.290
     Clock Rise Edge                      0.000
     + Source Insertion Delay             0.010
     = Beginpoint Arrival Time            0.010
     Timing Path:
      ------------------------------------------------------------------------------------------
      Instance                                  Arc          Cell      Retime  Arrival  Required  
                                                                       Delay   Time     Time  
      ------------------------------------------------------------------------------------------
      -                                         clk ^        -         -       0.010    2.320  
      u_vehicle_interface/id_to_check_reg[0]    -            SDFFHQX4  0.000   0.010    2.320  
      u_vehicle_interface/id_to_check_reg[0]    CK ^ -> Q v  SDFFHQX4  0.525   0.535    2.844  
      u_account_balance/g13462                  -            CLKINVX2  0.000   0.535    2.844  
      u_account_balance/g13462                  A v -> Y ^   CLKINVX2  0.102   0.636    2.946  
      u_account_balance/g13458                  -            AND2X6    0.000   0.636    2.946  
      u_account_balance/g13458                  A ^ -> Y ^   AND2X6    0.192   0.828    3.138  
      u_account_balance/g13451                  -            CLKINVX1  0.000   0.828    3.138  
      u_account_balance/g13451                  A ^ -> Y v   CLKINVX1  0.085   0.913    3.223  
      u_account_balance/g13401                  -            NOR2XL    0.000   0.913    3.223  
      u_account_balance/g13401                  B v -> Y ^   NOR2XL    0.289   1.202    3.511  
      u_account_balance/g13318                  -            AOI22XL   0.000   1.202    3.511  
      u_account_balance/g13318                  A0 ^ -> Y v  AOI22XL   0.142   1.343    3.653  
      u_account_balance/g13257                  -            NAND2XL   0.000   1.343    3.653  
      u_account_balance/g13257                  A v -> Y ^   NAND2XL   0.082   1.425    3.735  
      u_account_balance/g13241                  -            NOR2XL    0.000   1.425    3.735  
      u_account_balance/g13241                  A ^ -> Y v   NOR2XL    0.051   1.476    3.786  
      u_account_balance/g13200                  -            NAND2XL   0.000   1.476    3.786  
      u_account_balance/g13200                  B v -> Y ^   NAND2XL   0.076   1.552    3.861  
      u_account_balance/g13192                  -            NOR2X1    0.000   1.552    3.861  
      u_account_balance/g13192                  A ^ -> Y v   NOR2X1    0.082   1.634    3.943  
      u_account_balance/g13187                  -            NAND2X1   0.000   1.634    3.943  
      u_account_balance/g13187                  B v -> Y ^   NAND2X1   0.088   1.721    4.031  
      u_account_balance/g13184                  -            OR4X1     0.000   1.721    4.031  
      u_account_balance/g13184                  D ^ -> Y ^   OR4X1     0.139   1.860    4.169  
      u_account_balance/g13179                  -            OR2X1     0.000   1.860    4.169  
      u_account_balance/g13179                  B ^ -> Y ^   OR2X1     0.135   1.995    4.305  
      u_account_balance/g13173                  -            NAND3X1   0.000   1.995    4.305  
      u_account_balance/g13173                  C ^ -> Y v   NAND3X1   0.169   2.164    4.474  
      u_account_balance/g2                      -            NAND2BX1  0.000   2.164    4.474  
      u_account_balance/g2                      AN v -> Y v  NAND2BX1  0.180   2.345    4.654  
      u_account_balance/g13156                  -            NOR2XL    0.000   2.345    4.654  
      u_account_balance/g13156                  B v -> Y ^   NOR2XL    0.141   2.485    4.795  
      u_account_balance/g13150                  -            INVX1     0.000   2.485    4.795  
      u_account_balance/g13150                  A ^ -> Y v   INVX1     0.069   2.555    4.864  
      u_account_balance/g13145                  -            OR2X1     0.000   2.555    4.864  
      u_account_balance/g13145                  B v -> Y v   OR2X1     0.401   2.956    5.266  
      u_account_balance/balance_db_reg[15][15]  -            SDFFQXL   0.000   2.956    5.266  
      ------------------------------------------------------------------------------------------
     Clock Rise Edge                      0.000
     + Source Insertion Delay             0.010
     = Beginpoint Arrival Time            0.010
     Other End Path:
      -----------------------------------------------------------------------------------
      Instance                                  Arc    Cell     Retime  Arrival  Required  
                                                                Delay   Time     Time  
      -----------------------------------------------------------------------------------
      -                                         clk ^  -        -       0.010    -2.300  
      u_account_balance/balance_db_reg[15][15]  -      SDFFQXL  0.000   0.010    -2.300  
      -----------------------------------------------------------------------------------
Path 44: MET Setup Check with Pin u_account_balance/balance_db_reg[15][14]/CK 
Endpoint:   u_account_balance/balance_db_reg[15][14]/SE (v) checked with  leading edge of 'clk'
Beginpoint: u_vehicle_interface/id_to_check_reg[0]/Q    (v) triggered by  leading edge of 'clk'
Path Groups: {clk}
Retime Analysis { Data Path-Slew }
Other End Arrival Time          0.010
- Setup                         0.344
+ Phase Shift                   5.600
= Required Time                 5.266
- Arrival Time                  2.956
= Slack Time                    2.310
= Slack Time(original)          2.290
     Clock Rise Edge                      0.000
     + Source Insertion Delay             0.010
     = Beginpoint Arrival Time            0.010
     Timing Path:
      ------------------------------------------------------------------------------------------
      Instance                                  Arc          Cell      Retime  Arrival  Required  
                                                                       Delay   Time     Time  
      ------------------------------------------------------------------------------------------
      -                                         clk ^        -         -       0.010    2.320  
      u_vehicle_interface/id_to_check_reg[0]    -            SDFFHQX4  0.000   0.010    2.320  
      u_vehicle_interface/id_to_check_reg[0]    CK ^ -> Q v  SDFFHQX4  0.525   0.535    2.844  
      u_account_balance/g13462                  -            CLKINVX2  0.000   0.535    2.844  
      u_account_balance/g13462                  A v -> Y ^   CLKINVX2  0.102   0.636    2.946  
      u_account_balance/g13458                  -            AND2X6    0.000   0.636    2.946  
      u_account_balance/g13458                  A ^ -> Y ^   AND2X6    0.192   0.828    3.138  
      u_account_balance/g13451                  -            CLKINVX1  0.000   0.828    3.138  
      u_account_balance/g13451                  A ^ -> Y v   CLKINVX1  0.085   0.913    3.223  
      u_account_balance/g13401                  -            NOR2XL    0.000   0.913    3.223  
      u_account_balance/g13401                  B v -> Y ^   NOR2XL    0.289   1.202    3.511  
      u_account_balance/g13318                  -            AOI22XL   0.000   1.202    3.511  
      u_account_balance/g13318                  A0 ^ -> Y v  AOI22XL   0.142   1.343    3.653  
      u_account_balance/g13257                  -            NAND2XL   0.000   1.343    3.653  
      u_account_balance/g13257                  A v -> Y ^   NAND2XL   0.082   1.425    3.735  
      u_account_balance/g13241                  -            NOR2XL    0.000   1.425    3.735  
      u_account_balance/g13241                  A ^ -> Y v   NOR2XL    0.051   1.476    3.786  
      u_account_balance/g13200                  -            NAND2XL   0.000   1.476    3.786  
      u_account_balance/g13200                  B v -> Y ^   NAND2XL   0.076   1.552    3.861  
      u_account_balance/g13192                  -            NOR2X1    0.000   1.552    3.861  
      u_account_balance/g13192                  A ^ -> Y v   NOR2X1    0.082   1.634    3.943  
      u_account_balance/g13187                  -            NAND2X1   0.000   1.634    3.943  
      u_account_balance/g13187                  B v -> Y ^   NAND2X1   0.088   1.721    4.031  
      u_account_balance/g13184                  -            OR4X1     0.000   1.721    4.031  
      u_account_balance/g13184                  D ^ -> Y ^   OR4X1     0.139   1.860    4.169  
      u_account_balance/g13179                  -            OR2X1     0.000   1.860    4.169  
      u_account_balance/g13179                  B ^ -> Y ^   OR2X1     0.135   1.995    4.305  
      u_account_balance/g13173                  -            NAND3X1   0.000   1.995    4.305  
      u_account_balance/g13173                  C ^ -> Y v   NAND3X1   0.169   2.164    4.474  
      u_account_balance/g2                      -            NAND2BX1  0.000   2.164    4.474  
      u_account_balance/g2                      AN v -> Y v  NAND2BX1  0.180   2.345    4.654  
      u_account_balance/g13156                  -            NOR2XL    0.000   2.345    4.654  
      u_account_balance/g13156                  B v -> Y ^   NOR2XL    0.141   2.485    4.795  
      u_account_balance/g13150                  -            INVX1     0.000   2.485    4.795  
      u_account_balance/g13150                  A ^ -> Y v   INVX1     0.069   2.555    4.864  
      u_account_balance/g13145                  -            OR2X1     0.000   2.555    4.864  
      u_account_balance/g13145                  B v -> Y v   OR2X1     0.401   2.956    5.266  
      u_account_balance/balance_db_reg[15][14]  -            SDFFQXL   0.000   2.956    5.266  
      ------------------------------------------------------------------------------------------
     Clock Rise Edge                      0.000
     + Source Insertion Delay             0.010
     = Beginpoint Arrival Time            0.010
     Other End Path:
      -----------------------------------------------------------------------------------
      Instance                                  Arc    Cell     Retime  Arrival  Required  
                                                                Delay   Time     Time  
      -----------------------------------------------------------------------------------
      -                                         clk ^  -        -       0.010    -2.300  
      u_account_balance/balance_db_reg[15][14]  -      SDFFQXL  0.000   0.010    -2.300  
      -----------------------------------------------------------------------------------
Path 45: MET Setup Check with Pin u_account_balance/balance_db_reg[15][13]/CK 
Endpoint:   u_account_balance/balance_db_reg[15][13]/SE (v) checked with  leading edge of 'clk'
Beginpoint: u_vehicle_interface/id_to_check_reg[0]/Q    (v) triggered by  leading edge of 'clk'
Path Groups: {clk}
Retime Analysis { Data Path-Slew }
Other End Arrival Time          0.010
- Setup                         0.344
+ Phase Shift                   5.600
= Required Time                 5.266
- Arrival Time                  2.956
= Slack Time                    2.310
= Slack Time(original)          2.290
     Clock Rise Edge                      0.000
     + Source Insertion Delay             0.010
     = Beginpoint Arrival Time            0.010
     Timing Path:
      ------------------------------------------------------------------------------------------
      Instance                                  Arc          Cell      Retime  Arrival  Required  
                                                                       Delay   Time     Time  
      ------------------------------------------------------------------------------------------
      -                                         clk ^        -         -       0.010    2.320  
      u_vehicle_interface/id_to_check_reg[0]    -            SDFFHQX4  0.000   0.010    2.320  
      u_vehicle_interface/id_to_check_reg[0]    CK ^ -> Q v  SDFFHQX4  0.525   0.535    2.844  
      u_account_balance/g13462                  -            CLKINVX2  0.000   0.535    2.844  
      u_account_balance/g13462                  A v -> Y ^   CLKINVX2  0.102   0.636    2.946  
      u_account_balance/g13458                  -            AND2X6    0.000   0.636    2.946  
      u_account_balance/g13458                  A ^ -> Y ^   AND2X6    0.192   0.828    3.138  
      u_account_balance/g13451                  -            CLKINVX1  0.000   0.828    3.138  
      u_account_balance/g13451                  A ^ -> Y v   CLKINVX1  0.085   0.913    3.223  
      u_account_balance/g13401                  -            NOR2XL    0.000   0.913    3.223  
      u_account_balance/g13401                  B v -> Y ^   NOR2XL    0.289   1.202    3.511  
      u_account_balance/g13318                  -            AOI22XL   0.000   1.202    3.511  
      u_account_balance/g13318                  A0 ^ -> Y v  AOI22XL   0.142   1.343    3.653  
      u_account_balance/g13257                  -            NAND2XL   0.000   1.343    3.653  
      u_account_balance/g13257                  A v -> Y ^   NAND2XL   0.082   1.425    3.735  
      u_account_balance/g13241                  -            NOR2XL    0.000   1.425    3.735  
      u_account_balance/g13241                  A ^ -> Y v   NOR2XL    0.051   1.476    3.786  
      u_account_balance/g13200                  -            NAND2XL   0.000   1.476    3.786  
      u_account_balance/g13200                  B v -> Y ^   NAND2XL   0.076   1.552    3.861  
      u_account_balance/g13192                  -            NOR2X1    0.000   1.552    3.861  
      u_account_balance/g13192                  A ^ -> Y v   NOR2X1    0.082   1.634    3.943  
      u_account_balance/g13187                  -            NAND2X1   0.000   1.634    3.943  
      u_account_balance/g13187                  B v -> Y ^   NAND2X1   0.088   1.721    4.031  
      u_account_balance/g13184                  -            OR4X1     0.000   1.721    4.031  
      u_account_balance/g13184                  D ^ -> Y ^   OR4X1     0.139   1.860    4.169  
      u_account_balance/g13179                  -            OR2X1     0.000   1.860    4.169  
      u_account_balance/g13179                  B ^ -> Y ^   OR2X1     0.135   1.995    4.305  
      u_account_balance/g13173                  -            NAND3X1   0.000   1.995    4.305  
      u_account_balance/g13173                  C ^ -> Y v   NAND3X1   0.169   2.164    4.474  
      u_account_balance/g2                      -            NAND2BX1  0.000   2.164    4.474  
      u_account_balance/g2                      AN v -> Y v  NAND2BX1  0.180   2.345    4.654  
      u_account_balance/g13156                  -            NOR2XL    0.000   2.345    4.654  
      u_account_balance/g13156                  B v -> Y ^   NOR2XL    0.141   2.485    4.795  
      u_account_balance/g13150                  -            INVX1     0.000   2.485    4.795  
      u_account_balance/g13150                  A ^ -> Y v   INVX1     0.069   2.555    4.864  
      u_account_balance/g13145                  -            OR2X1     0.000   2.555    4.864  
      u_account_balance/g13145                  B v -> Y v   OR2X1     0.401   2.956    5.266  
      u_account_balance/balance_db_reg[15][13]  -            SDFFQXL   0.000   2.956    5.266  
      ------------------------------------------------------------------------------------------
     Clock Rise Edge                      0.000
     + Source Insertion Delay             0.010
     = Beginpoint Arrival Time            0.010
     Other End Path:
      -----------------------------------------------------------------------------------
      Instance                                  Arc    Cell     Retime  Arrival  Required  
                                                                Delay   Time     Time  
      -----------------------------------------------------------------------------------
      -                                         clk ^  -        -       0.010    -2.300  
      u_account_balance/balance_db_reg[15][13]  -      SDFFQXL  0.000   0.010    -2.300  
      -----------------------------------------------------------------------------------
Path 46: MET Setup Check with Pin u_account_balance/balance_db_reg[15][12]/CK 
Endpoint:   u_account_balance/balance_db_reg[15][12]/SE (v) checked with  leading edge of 'clk'
Beginpoint: u_vehicle_interface/id_to_check_reg[0]/Q    (v) triggered by  leading edge of 'clk'
Path Groups: {clk}
Retime Analysis { Data Path-Slew }
Other End Arrival Time          0.010
- Setup                         0.344
+ Phase Shift                   5.600
= Required Time                 5.266
- Arrival Time                  2.956
= Slack Time                    2.310
= Slack Time(original)          2.290
     Clock Rise Edge                      0.000
     + Source Insertion Delay             0.010
     = Beginpoint Arrival Time            0.010
     Timing Path:
      ------------------------------------------------------------------------------------------
      Instance                                  Arc          Cell      Retime  Arrival  Required  
                                                                       Delay   Time     Time  
      ------------------------------------------------------------------------------------------
      -                                         clk ^        -         -       0.010    2.320  
      u_vehicle_interface/id_to_check_reg[0]    -            SDFFHQX4  0.000   0.010    2.320  
      u_vehicle_interface/id_to_check_reg[0]    CK ^ -> Q v  SDFFHQX4  0.525   0.535    2.844  
      u_account_balance/g13462                  -            CLKINVX2  0.000   0.535    2.844  
      u_account_balance/g13462                  A v -> Y ^   CLKINVX2  0.102   0.636    2.946  
      u_account_balance/g13458                  -            AND2X6    0.000   0.636    2.946  
      u_account_balance/g13458                  A ^ -> Y ^   AND2X6    0.192   0.828    3.138  
      u_account_balance/g13451                  -            CLKINVX1  0.000   0.828    3.138  
      u_account_balance/g13451                  A ^ -> Y v   CLKINVX1  0.085   0.913    3.223  
      u_account_balance/g13401                  -            NOR2XL    0.000   0.913    3.223  
      u_account_balance/g13401                  B v -> Y ^   NOR2XL    0.289   1.202    3.511  
      u_account_balance/g13318                  -            AOI22XL   0.000   1.202    3.511  
      u_account_balance/g13318                  A0 ^ -> Y v  AOI22XL   0.142   1.343    3.653  
      u_account_balance/g13257                  -            NAND2XL   0.000   1.343    3.653  
      u_account_balance/g13257                  A v -> Y ^   NAND2XL   0.082   1.425    3.735  
      u_account_balance/g13241                  -            NOR2XL    0.000   1.425    3.735  
      u_account_balance/g13241                  A ^ -> Y v   NOR2XL    0.051   1.476    3.786  
      u_account_balance/g13200                  -            NAND2XL   0.000   1.476    3.786  
      u_account_balance/g13200                  B v -> Y ^   NAND2XL   0.076   1.552    3.861  
      u_account_balance/g13192                  -            NOR2X1    0.000   1.552    3.861  
      u_account_balance/g13192                  A ^ -> Y v   NOR2X1    0.082   1.634    3.943  
      u_account_balance/g13187                  -            NAND2X1   0.000   1.634    3.943  
      u_account_balance/g13187                  B v -> Y ^   NAND2X1   0.088   1.721    4.031  
      u_account_balance/g13184                  -            OR4X1     0.000   1.721    4.031  
      u_account_balance/g13184                  D ^ -> Y ^   OR4X1     0.139   1.860    4.169  
      u_account_balance/g13179                  -            OR2X1     0.000   1.860    4.169  
      u_account_balance/g13179                  B ^ -> Y ^   OR2X1     0.135   1.995    4.305  
      u_account_balance/g13173                  -            NAND3X1   0.000   1.995    4.305  
      u_account_balance/g13173                  C ^ -> Y v   NAND3X1   0.169   2.164    4.474  
      u_account_balance/g2                      -            NAND2BX1  0.000   2.164    4.474  
      u_account_balance/g2                      AN v -> Y v  NAND2BX1  0.180   2.345    4.654  
      u_account_balance/g13156                  -            NOR2XL    0.000   2.345    4.654  
      u_account_balance/g13156                  B v -> Y ^   NOR2XL    0.141   2.485    4.795  
      u_account_balance/g13150                  -            INVX1     0.000   2.485    4.795  
      u_account_balance/g13150                  A ^ -> Y v   INVX1     0.069   2.555    4.864  
      u_account_balance/g13145                  -            OR2X1     0.000   2.555    4.864  
      u_account_balance/g13145                  B v -> Y v   OR2X1     0.401   2.956    5.266  
      u_account_balance/balance_db_reg[15][12]  -            SDFFQXL   0.000   2.956    5.266  
      ------------------------------------------------------------------------------------------
     Clock Rise Edge                      0.000
     + Source Insertion Delay             0.010
     = Beginpoint Arrival Time            0.010
     Other End Path:
      -----------------------------------------------------------------------------------
      Instance                                  Arc    Cell     Retime  Arrival  Required  
                                                                Delay   Time     Time  
      -----------------------------------------------------------------------------------
      -                                         clk ^  -        -       0.010    -2.300  
      u_account_balance/balance_db_reg[15][12]  -      SDFFQXL  0.000   0.010    -2.300  
      -----------------------------------------------------------------------------------
Path 47: MET Setup Check with Pin u_account_balance/balance_db_reg[15][11]/CK 
Endpoint:   u_account_balance/balance_db_reg[15][11]/SE (v) checked with  leading edge of 'clk'
Beginpoint: u_vehicle_interface/id_to_check_reg[0]/Q    (v) triggered by  leading edge of 'clk'
Path Groups: {clk}
Retime Analysis { Data Path-Slew }
Other End Arrival Time          0.010
- Setup                         0.344
+ Phase Shift                   5.600
= Required Time                 5.266
- Arrival Time                  2.956
= Slack Time                    2.310
= Slack Time(original)          2.290
     Clock Rise Edge                      0.000
     + Source Insertion Delay             0.010
     = Beginpoint Arrival Time            0.010
     Timing Path:
      ------------------------------------------------------------------------------------------
      Instance                                  Arc          Cell      Retime  Arrival  Required  
                                                                       Delay   Time     Time  
      ------------------------------------------------------------------------------------------
      -                                         clk ^        -         -       0.010    2.320  
      u_vehicle_interface/id_to_check_reg[0]    -            SDFFHQX4  0.000   0.010    2.320  
      u_vehicle_interface/id_to_check_reg[0]    CK ^ -> Q v  SDFFHQX4  0.525   0.535    2.844  
      u_account_balance/g13462                  -            CLKINVX2  0.000   0.535    2.844  
      u_account_balance/g13462                  A v -> Y ^   CLKINVX2  0.102   0.636    2.946  
      u_account_balance/g13458                  -            AND2X6    0.000   0.636    2.946  
      u_account_balance/g13458                  A ^ -> Y ^   AND2X6    0.192   0.828    3.138  
      u_account_balance/g13451                  -            CLKINVX1  0.000   0.828    3.138  
      u_account_balance/g13451                  A ^ -> Y v   CLKINVX1  0.085   0.913    3.223  
      u_account_balance/g13401                  -            NOR2XL    0.000   0.913    3.223  
      u_account_balance/g13401                  B v -> Y ^   NOR2XL    0.289   1.202    3.511  
      u_account_balance/g13318                  -            AOI22XL   0.000   1.202    3.511  
      u_account_balance/g13318                  A0 ^ -> Y v  AOI22XL   0.142   1.343    3.653  
      u_account_balance/g13257                  -            NAND2XL   0.000   1.343    3.653  
      u_account_balance/g13257                  A v -> Y ^   NAND2XL   0.082   1.425    3.735  
      u_account_balance/g13241                  -            NOR2XL    0.000   1.425    3.735  
      u_account_balance/g13241                  A ^ -> Y v   NOR2XL    0.051   1.476    3.786  
      u_account_balance/g13200                  -            NAND2XL   0.000   1.476    3.786  
      u_account_balance/g13200                  B v -> Y ^   NAND2XL   0.076   1.552    3.861  
      u_account_balance/g13192                  -            NOR2X1    0.000   1.552    3.861  
      u_account_balance/g13192                  A ^ -> Y v   NOR2X1    0.082   1.634    3.943  
      u_account_balance/g13187                  -            NAND2X1   0.000   1.634    3.943  
      u_account_balance/g13187                  B v -> Y ^   NAND2X1   0.088   1.721    4.031  
      u_account_balance/g13184                  -            OR4X1     0.000   1.721    4.031  
      u_account_balance/g13184                  D ^ -> Y ^   OR4X1     0.139   1.860    4.169  
      u_account_balance/g13179                  -            OR2X1     0.000   1.860    4.169  
      u_account_balance/g13179                  B ^ -> Y ^   OR2X1     0.135   1.995    4.305  
      u_account_balance/g13173                  -            NAND3X1   0.000   1.995    4.305  
      u_account_balance/g13173                  C ^ -> Y v   NAND3X1   0.169   2.164    4.474  
      u_account_balance/g2                      -            NAND2BX1  0.000   2.164    4.474  
      u_account_balance/g2                      AN v -> Y v  NAND2BX1  0.180   2.345    4.654  
      u_account_balance/g13156                  -            NOR2XL    0.000   2.345    4.654  
      u_account_balance/g13156                  B v -> Y ^   NOR2XL    0.141   2.485    4.795  
      u_account_balance/g13150                  -            INVX1     0.000   2.485    4.795  
      u_account_balance/g13150                  A ^ -> Y v   INVX1     0.069   2.555    4.864  
      u_account_balance/g13145                  -            OR2X1     0.000   2.555    4.864  
      u_account_balance/g13145                  B v -> Y v   OR2X1     0.401   2.956    5.266  
      u_account_balance/balance_db_reg[15][11]  -            SDFFQXL   0.000   2.956    5.266  
      ------------------------------------------------------------------------------------------
     Clock Rise Edge                      0.000
     + Source Insertion Delay             0.010
     = Beginpoint Arrival Time            0.010
     Other End Path:
      -----------------------------------------------------------------------------------
      Instance                                  Arc    Cell     Retime  Arrival  Required  
                                                                Delay   Time     Time  
      -----------------------------------------------------------------------------------
      -                                         clk ^  -        -       0.010    -2.300  
      u_account_balance/balance_db_reg[15][11]  -      SDFFQXL  0.000   0.010    -2.300  
      -----------------------------------------------------------------------------------
Path 48: MET Setup Check with Pin u_account_balance/balance_db_reg[15][10]/CK 
Endpoint:   u_account_balance/balance_db_reg[15][10]/SE (v) checked with  leading edge of 'clk'
Beginpoint: u_vehicle_interface/id_to_check_reg[0]/Q    (v) triggered by  leading edge of 'clk'
Path Groups: {clk}
Retime Analysis { Data Path-Slew }
Other End Arrival Time          0.010
- Setup                         0.344
+ Phase Shift                   5.600
= Required Time                 5.266
- Arrival Time                  2.956
= Slack Time                    2.310
= Slack Time(original)          2.290
     Clock Rise Edge                      0.000
     + Source Insertion Delay             0.010
     = Beginpoint Arrival Time            0.010
     Timing Path:
      ------------------------------------------------------------------------------------------
      Instance                                  Arc          Cell      Retime  Arrival  Required  
                                                                       Delay   Time     Time  
      ------------------------------------------------------------------------------------------
      -                                         clk ^        -         -       0.010    2.320  
      u_vehicle_interface/id_to_check_reg[0]    -            SDFFHQX4  0.000   0.010    2.320  
      u_vehicle_interface/id_to_check_reg[0]    CK ^ -> Q v  SDFFHQX4  0.525   0.535    2.844  
      u_account_balance/g13462                  -            CLKINVX2  0.000   0.535    2.844  
      u_account_balance/g13462                  A v -> Y ^   CLKINVX2  0.102   0.636    2.946  
      u_account_balance/g13458                  -            AND2X6    0.000   0.636    2.946  
      u_account_balance/g13458                  A ^ -> Y ^   AND2X6    0.192   0.828    3.138  
      u_account_balance/g13451                  -            CLKINVX1  0.000   0.828    3.138  
      u_account_balance/g13451                  A ^ -> Y v   CLKINVX1  0.085   0.913    3.223  
      u_account_balance/g13401                  -            NOR2XL    0.000   0.913    3.223  
      u_account_balance/g13401                  B v -> Y ^   NOR2XL    0.289   1.202    3.511  
      u_account_balance/g13318                  -            AOI22XL   0.000   1.202    3.511  
      u_account_balance/g13318                  A0 ^ -> Y v  AOI22XL   0.142   1.343    3.653  
      u_account_balance/g13257                  -            NAND2XL   0.000   1.343    3.653  
      u_account_balance/g13257                  A v -> Y ^   NAND2XL   0.082   1.425    3.735  
      u_account_balance/g13241                  -            NOR2XL    0.000   1.425    3.735  
      u_account_balance/g13241                  A ^ -> Y v   NOR2XL    0.051   1.476    3.786  
      u_account_balance/g13200                  -            NAND2XL   0.000   1.476    3.786  
      u_account_balance/g13200                  B v -> Y ^   NAND2XL   0.076   1.552    3.861  
      u_account_balance/g13192                  -            NOR2X1    0.000   1.552    3.861  
      u_account_balance/g13192                  A ^ -> Y v   NOR2X1    0.082   1.634    3.943  
      u_account_balance/g13187                  -            NAND2X1   0.000   1.634    3.943  
      u_account_balance/g13187                  B v -> Y ^   NAND2X1   0.088   1.721    4.031  
      u_account_balance/g13184                  -            OR4X1     0.000   1.721    4.031  
      u_account_balance/g13184                  D ^ -> Y ^   OR4X1     0.139   1.860    4.169  
      u_account_balance/g13179                  -            OR2X1     0.000   1.860    4.169  
      u_account_balance/g13179                  B ^ -> Y ^   OR2X1     0.135   1.995    4.305  
      u_account_balance/g13173                  -            NAND3X1   0.000   1.995    4.305  
      u_account_balance/g13173                  C ^ -> Y v   NAND3X1   0.169   2.164    4.474  
      u_account_balance/g2                      -            NAND2BX1  0.000   2.164    4.474  
      u_account_balance/g2                      AN v -> Y v  NAND2BX1  0.180   2.345    4.654  
      u_account_balance/g13156                  -            NOR2XL    0.000   2.345    4.654  
      u_account_balance/g13156                  B v -> Y ^   NOR2XL    0.141   2.485    4.795  
      u_account_balance/g13150                  -            INVX1     0.000   2.485    4.795  
      u_account_balance/g13150                  A ^ -> Y v   INVX1     0.069   2.555    4.864  
      u_account_balance/g13145                  -            OR2X1     0.000   2.555    4.864  
      u_account_balance/g13145                  B v -> Y v   OR2X1     0.401   2.956    5.266  
      u_account_balance/balance_db_reg[15][10]  -            SDFFQXL   0.000   2.956    5.266  
      ------------------------------------------------------------------------------------------
     Clock Rise Edge                      0.000
     + Source Insertion Delay             0.010
     = Beginpoint Arrival Time            0.010
     Other End Path:
      -----------------------------------------------------------------------------------
      Instance                                  Arc    Cell     Retime  Arrival  Required  
                                                                Delay   Time     Time  
      -----------------------------------------------------------------------------------
      -                                         clk ^  -        -       0.010    -2.300  
      u_account_balance/balance_db_reg[15][10]  -      SDFFQXL  0.000   0.010    -2.300  
      -----------------------------------------------------------------------------------
Path 49: MET Setup Check with Pin u_account_balance/balance_db_reg[15][9]/CK 
Endpoint:   u_account_balance/balance_db_reg[15][9]/SE (v) checked with  leading edge of 'clk'
Beginpoint: u_vehicle_interface/id_to_check_reg[0]/Q   (v) triggered by  leading edge of 'clk'
Path Groups: {clk}
Retime Analysis { Data Path-Slew }
Other End Arrival Time          0.010
- Setup                         0.344
+ Phase Shift                   5.600
= Required Time                 5.266
- Arrival Time                  2.956
= Slack Time                    2.310
= Slack Time(original)          2.290
     Clock Rise Edge                      0.000
     + Source Insertion Delay             0.010
     = Beginpoint Arrival Time            0.010
     Timing Path:
      -----------------------------------------------------------------------------------------
      Instance                                 Arc          Cell      Retime  Arrival  Required  
                                                                      Delay   Time     Time  
      -----------------------------------------------------------------------------------------
      -                                        clk ^        -         -       0.010    2.320  
      u_vehicle_interface/id_to_check_reg[0]   -            SDFFHQX4  0.000   0.010    2.320  
      u_vehicle_interface/id_to_check_reg[0]   CK ^ -> Q v  SDFFHQX4  0.525   0.535    2.844  
      u_account_balance/g13462                 -            CLKINVX2  0.000   0.535    2.844  
      u_account_balance/g13462                 A v -> Y ^   CLKINVX2  0.102   0.636    2.946  
      u_account_balance/g13458                 -            AND2X6    0.000   0.636    2.946  
      u_account_balance/g13458                 A ^ -> Y ^   AND2X6    0.192   0.828    3.138  
      u_account_balance/g13451                 -            CLKINVX1  0.000   0.828    3.138  
      u_account_balance/g13451                 A ^ -> Y v   CLKINVX1  0.085   0.913    3.223  
      u_account_balance/g13401                 -            NOR2XL    0.000   0.913    3.223  
      u_account_balance/g13401                 B v -> Y ^   NOR2XL    0.289   1.202    3.511  
      u_account_balance/g13318                 -            AOI22XL   0.000   1.202    3.511  
      u_account_balance/g13318                 A0 ^ -> Y v  AOI22XL   0.142   1.343    3.653  
      u_account_balance/g13257                 -            NAND2XL   0.000   1.343    3.653  
      u_account_balance/g13257                 A v -> Y ^   NAND2XL   0.082   1.425    3.735  
      u_account_balance/g13241                 -            NOR2XL    0.000   1.425    3.735  
      u_account_balance/g13241                 A ^ -> Y v   NOR2XL    0.051   1.476    3.786  
      u_account_balance/g13200                 -            NAND2XL   0.000   1.476    3.786  
      u_account_balance/g13200                 B v -> Y ^   NAND2XL   0.076   1.552    3.861  
      u_account_balance/g13192                 -            NOR2X1    0.000   1.552    3.861  
      u_account_balance/g13192                 A ^ -> Y v   NOR2X1    0.082   1.634    3.943  
      u_account_balance/g13187                 -            NAND2X1   0.000   1.634    3.943  
      u_account_balance/g13187                 B v -> Y ^   NAND2X1   0.088   1.721    4.031  
      u_account_balance/g13184                 -            OR4X1     0.000   1.721    4.031  
      u_account_balance/g13184                 D ^ -> Y ^   OR4X1     0.139   1.860    4.169  
      u_account_balance/g13179                 -            OR2X1     0.000   1.860    4.169  
      u_account_balance/g13179                 B ^ -> Y ^   OR2X1     0.135   1.995    4.305  
      u_account_balance/g13173                 -            NAND3X1   0.000   1.995    4.305  
      u_account_balance/g13173                 C ^ -> Y v   NAND3X1   0.169   2.164    4.474  
      u_account_balance/g2                     -            NAND2BX1  0.000   2.164    4.474  
      u_account_balance/g2                     AN v -> Y v  NAND2BX1  0.180   2.345    4.654  
      u_account_balance/g13156                 -            NOR2XL    0.000   2.345    4.654  
      u_account_balance/g13156                 B v -> Y ^   NOR2XL    0.141   2.485    4.795  
      u_account_balance/g13150                 -            INVX1     0.000   2.485    4.795  
      u_account_balance/g13150                 A ^ -> Y v   INVX1     0.069   2.555    4.864  
      u_account_balance/g13145                 -            OR2X1     0.000   2.555    4.864  
      u_account_balance/g13145                 B v -> Y v   OR2X1     0.401   2.956    5.266  
      u_account_balance/balance_db_reg[15][9]  -            SDFFQXL   0.000   2.956    5.266  
      -----------------------------------------------------------------------------------------
     Clock Rise Edge                      0.000
     + Source Insertion Delay             0.010
     = Beginpoint Arrival Time            0.010
     Other End Path:
      ----------------------------------------------------------------------------------
      Instance                                 Arc    Cell     Retime  Arrival  Required  
                                                               Delay   Time     Time  
      ----------------------------------------------------------------------------------
      -                                        clk ^  -        -       0.010    -2.300  
      u_account_balance/balance_db_reg[15][9]  -      SDFFQXL  0.000   0.010    -2.300  
      ----------------------------------------------------------------------------------
Path 50: MET Setup Check with Pin u_account_balance/balance_db_reg[15][8]/CK 
Endpoint:   u_account_balance/balance_db_reg[15][8]/SE (v) checked with  leading edge of 'clk'
Beginpoint: u_vehicle_interface/id_to_check_reg[0]/Q   (v) triggered by  leading edge of 'clk'
Path Groups: {clk}
Retime Analysis { Data Path-Slew }
Other End Arrival Time          0.010
- Setup                         0.344
+ Phase Shift                   5.600
= Required Time                 5.266
- Arrival Time                  2.956
= Slack Time                    2.310
= Slack Time(original)          2.290
     Clock Rise Edge                      0.000
     + Source Insertion Delay             0.010
     = Beginpoint Arrival Time            0.010
     Timing Path:
      -----------------------------------------------------------------------------------------
      Instance                                 Arc          Cell      Retime  Arrival  Required  
                                                                      Delay   Time     Time  
      -----------------------------------------------------------------------------------------
      -                                        clk ^        -         -       0.010    2.320  
      u_vehicle_interface/id_to_check_reg[0]   -            SDFFHQX4  0.000   0.010    2.320  
      u_vehicle_interface/id_to_check_reg[0]   CK ^ -> Q v  SDFFHQX4  0.525   0.535    2.844  
      u_account_balance/g13462                 -            CLKINVX2  0.000   0.535    2.844  
      u_account_balance/g13462                 A v -> Y ^   CLKINVX2  0.102   0.636    2.946  
      u_account_balance/g13458                 -            AND2X6    0.000   0.636    2.946  
      u_account_balance/g13458                 A ^ -> Y ^   AND2X6    0.192   0.828    3.138  
      u_account_balance/g13451                 -            CLKINVX1  0.000   0.828    3.138  
      u_account_balance/g13451                 A ^ -> Y v   CLKINVX1  0.085   0.913    3.223  
      u_account_balance/g13401                 -            NOR2XL    0.000   0.913    3.223  
      u_account_balance/g13401                 B v -> Y ^   NOR2XL    0.289   1.202    3.511  
      u_account_balance/g13318                 -            AOI22XL   0.000   1.202    3.511  
      u_account_balance/g13318                 A0 ^ -> Y v  AOI22XL   0.142   1.343    3.653  
      u_account_balance/g13257                 -            NAND2XL   0.000   1.343    3.653  
      u_account_balance/g13257                 A v -> Y ^   NAND2XL   0.082   1.425    3.735  
      u_account_balance/g13241                 -            NOR2XL    0.000   1.425    3.735  
      u_account_balance/g13241                 A ^ -> Y v   NOR2XL    0.051   1.476    3.786  
      u_account_balance/g13200                 -            NAND2XL   0.000   1.476    3.786  
      u_account_balance/g13200                 B v -> Y ^   NAND2XL   0.076   1.552    3.861  
      u_account_balance/g13192                 -            NOR2X1    0.000   1.552    3.861  
      u_account_balance/g13192                 A ^ -> Y v   NOR2X1    0.082   1.634    3.943  
      u_account_balance/g13187                 -            NAND2X1   0.000   1.634    3.943  
      u_account_balance/g13187                 B v -> Y ^   NAND2X1   0.088   1.721    4.031  
      u_account_balance/g13184                 -            OR4X1     0.000   1.721    4.031  
      u_account_balance/g13184                 D ^ -> Y ^   OR4X1     0.139   1.860    4.169  
      u_account_balance/g13179                 -            OR2X1     0.000   1.860    4.169  
      u_account_balance/g13179                 B ^ -> Y ^   OR2X1     0.135   1.995    4.305  
      u_account_balance/g13173                 -            NAND3X1   0.000   1.995    4.305  
      u_account_balance/g13173                 C ^ -> Y v   NAND3X1   0.169   2.164    4.474  
      u_account_balance/g2                     -            NAND2BX1  0.000   2.164    4.474  
      u_account_balance/g2                     AN v -> Y v  NAND2BX1  0.180   2.345    4.654  
      u_account_balance/g13156                 -            NOR2XL    0.000   2.345    4.654  
      u_account_balance/g13156                 B v -> Y ^   NOR2XL    0.141   2.485    4.795  
      u_account_balance/g13150                 -            INVX1     0.000   2.485    4.795  
      u_account_balance/g13150                 A ^ -> Y v   INVX1     0.069   2.555    4.864  
      u_account_balance/g13145                 -            OR2X1     0.000   2.555    4.864  
      u_account_balance/g13145                 B v -> Y v   OR2X1     0.401   2.956    5.266  
      u_account_balance/balance_db_reg[15][8]  -            SDFFQXL   0.000   2.956    5.266  
      -----------------------------------------------------------------------------------------
     Clock Rise Edge                      0.000
     + Source Insertion Delay             0.010
     = Beginpoint Arrival Time            0.010
     Other End Path:
      ----------------------------------------------------------------------------------
      Instance                                 Arc    Cell     Retime  Arrival  Required  
                                                               Delay   Time     Time  
      ----------------------------------------------------------------------------------
      -                                        clk ^  -        -       0.010    -2.300  
      u_account_balance/balance_db_reg[15][8]  -      SDFFQXL  0.000   0.010    -2.300  
      ----------------------------------------------------------------------------------

