###############################################################
#  Generated by:      Cadence Tempus 20.10-p003_1
#  OS:                Linux x86_64(Host ID edatools-server2.iiitd.edu.in)
#  Generated on:      Mon Nov 17 01:59:46 2025
#  Design:            toll_gate
#  Command:           report_timing -retime path_slew_propagation -max_path 50 -nworst 50 -path_type full_clock > $report_dir/pba_area.rpt
###############################################################
Path 1: MET Setup Check with Pin u_account_balance/balance_db_reg[2][15]/CK 
Endpoint:   u_account_balance/balance_db_reg[2][15]/D (^) checked with  leading edge of 'clk'
Beginpoint: u_vehicle_interface/id_to_check_reg[3]/Q  (^) triggered by  leading edge of 'clk'
Path Groups: {clk}
Retime Analysis { Data Path-Slew }
Other End Arrival Time          0.010
- Setup                         0.116
+ Phase Shift                   5.600
= Required Time                 5.494
- Arrival Time                  2.860
= Slack Time                    2.634
= Slack Time(original)          2.589
     Clock Rise Edge                      0.000
     + Source Insertion Delay             0.010
     = Beginpoint Arrival Time            0.010
     Timing Path:
      ------------------------------------------------------------------------------------------
      Instance                                 Arc          Cell       Retime  Arrival  Required  
                                                                       Delay   Time     Time  
      ------------------------------------------------------------------------------------------
      -                                        clk ^        -          -       0.010    2.644  
      u_vehicle_interface/id_to_check_reg[3]   -            DFFQX4     0.000   0.010    2.644  
      u_vehicle_interface/id_to_check_reg[3]   CK ^ -> Q ^  DFFQX4     0.569   0.579    3.213  
      u_account_balance/g18655                 -            INVX8      0.000   0.579    3.213  
      u_account_balance/g18655                 A ^ -> Y v   INVX8      0.155   0.734    3.368  
      u_account_balance/g18630                 -            NAND2X2    0.000   0.734    3.368  
      u_account_balance/g18630                 B v -> Y ^   NAND2X2    0.091   0.825    3.459  
      u_account_balance/g18625                 -            CLKINVX2   0.000   0.825    3.459  
      u_account_balance/g18625                 A ^ -> Y v   CLKINVX2   0.139   0.965    3.598  
      u_account_balance/g18480                 -            AOI222XL   0.000   0.965    3.598  
      u_account_balance/g18480                 A1 v -> Y ^  AOI222XL   0.265   1.230    3.863  
      u_account_balance/g18413                 -            AOI21X1    0.000   1.230    3.863  
      u_account_balance/g18413                 A1 ^ -> Y v  AOI21X1    0.113   1.343    3.977  
      u_account_balance/g18397                 -            AOI211X1   0.000   1.343    3.977  
      u_account_balance/g18397                 C0 v -> Y ^  AOI211X1   0.113   1.456    4.090  
      u_account_balance/g18393                 -            NAND2XL    0.000   1.456    4.090  
      u_account_balance/g18393                 A ^ -> Y v   NAND2XL    0.163   1.619    4.252  
      u_account_balance/g18389                 -            INVX1      0.000   1.619    4.252  
      u_account_balance/g18389                 A v -> Y ^   INVX1      0.099   1.718    4.351  
      u_account_balance/g18372                 -            NAND3BX2   0.000   1.718    4.351  
      u_account_balance/g18372                 B ^ -> Y v   NAND3BX2   0.152   1.869    4.503  
      u_account_balance/g3633                  -            NAND2BX1   0.000   1.869    4.503  
      u_account_balance/g3633                  AN v -> Y v  NAND2BX1   0.178   2.048    4.681  
      u_account_balance/g3617                  -            NAND2BX1   0.000   2.048    4.681  
      u_account_balance/g3617                  AN v -> Y v  NAND2BX1   0.142   2.189    4.823  
      u_account_balance/g3602                  -            NOR2XL     0.000   2.189    4.823  
      u_account_balance/g3602                  B v -> Y ^   NOR2XL     0.155   2.344    4.978  
      u_account_balance/g3529                  -            CLKXOR2X1  0.000   2.344    4.978  
      u_account_balance/g3529                  B ^ -> Y ^   CLKXOR2X1  0.322   2.666    5.300  
      u_account_balance/g3335                  -            AO22XL     0.000   2.666    5.300  
      u_account_balance/g3335                  A1 ^ -> Y ^  AO22XL     0.194   2.860    5.494  
      u_account_balance/balance_db_reg[2][15]  -            DFFQX1     0.000   2.860    5.494  
      ------------------------------------------------------------------------------------------
     Clock Rise Edge                      0.000
     + Source Insertion Delay             0.010
     = Beginpoint Arrival Time            0.010
     Other End Path:
      ---------------------------------------------------------------------------------
      Instance                                 Arc    Cell    Retime  Arrival  Required  
                                                              Delay   Time     Time  
      ---------------------------------------------------------------------------------
      -                                        clk ^  -       -       0.010    -2.624  
      u_account_balance/balance_db_reg[2][15]  -      DFFQX1  0.000   0.010    -2.624  
      ---------------------------------------------------------------------------------
Path 2: MET Setup Check with Pin u_account_balance/balance_db_reg[2][15]/CK 
Endpoint:   u_account_balance/balance_db_reg[2][15]/D (^) checked with  leading edge of 'clk'
Beginpoint: u_vehicle_interface/id_to_check_reg[3]/Q  (v) triggered by  leading edge of 'clk'
Path Groups: {clk}
Retime Analysis { Data Path-Slew }
Other End Arrival Time          0.010
- Setup                         0.138
+ Phase Shift                   5.600
= Required Time                 5.472
- Arrival Time                  2.848
= Slack Time                    2.624
= Slack Time(original)          2.600
     Clock Rise Edge                      0.000
     + Source Insertion Delay             0.010
     = Beginpoint Arrival Time            0.010
     Timing Path:
      -----------------------------------------------------------------------------------------
      Instance                                 Arc          Cell      Retime  Arrival  Required  
                                                                      Delay   Time     Time  
      -----------------------------------------------------------------------------------------
      -                                        clk ^        -         -       0.010    2.634  
      u_vehicle_interface/id_to_check_reg[3]   -            DFFQX4    0.000   0.010    2.634  
      u_vehicle_interface/id_to_check_reg[3]   CK ^ -> Q v  DFFQX4    0.579   0.589    3.213  
      u_account_balance/g18655                 -            INVX8     0.000   0.589    3.213  
      u_account_balance/g18655                 A v -> Y ^   INVX8     0.174   0.763    3.387  
      u_account_balance/g18673                 -            INVX3     0.000   0.763    3.387  
      u_account_balance/g18673                 A ^ -> Y v   INVX3     0.132   0.894    3.518  
      u_account_balance/g18628                 -            NOR2XL    0.000   0.894    3.518  
      u_account_balance/g18628                 B v -> Y ^   NOR2XL    0.213   1.107    3.731  
      u_account_balance/g18468                 -            AOI222XL  0.000   1.107    3.731  
      u_account_balance/g18468                 A1 ^ -> Y v  AOI222XL  0.167   1.274    3.898  
      u_account_balance/g18448                 -            NOR2XL    0.000   1.274    3.898  
      u_account_balance/g18448                 B v -> Y ^   NOR2XL    0.136   1.410    4.034  
      u_account_balance/g18397                 -            AOI211X1  0.000   1.410    4.034  
      u_account_balance/g18397                 B0 ^ -> Y v  AOI211X1  0.057   1.467    4.091  
      u_account_balance/g18393                 -            NAND2XL   0.000   1.467    4.091  
      u_account_balance/g18393                 A v -> Y ^   NAND2XL   0.112   1.579    4.203  
      u_account_balance/g18389                 -            INVX1     0.000   1.579    4.203  
      u_account_balance/g18389                 A ^ -> Y v   INVX1     0.069   1.647    4.272  
      u_account_balance/g18372                 -            NAND3BX2  0.000   1.647    4.272  
      u_account_balance/g18372                 B v -> Y ^   NAND3BX2  0.081   1.728    4.352  
      u_account_balance/g18369                 -            OAI21X2   0.000   1.728    4.352  
      u_account_balance/g18369                 A0 ^ -> Y v  OAI21X2   0.098   1.826    4.450  
      u_account_balance/g3607                  -            NOR2XL    0.000   1.826    4.450  
      u_account_balance/g3607                  B v -> Y ^   NOR2XL    0.122   1.947    4.572  
      u_account_balance/g3589                  -            NAND2XL   0.000   1.947    4.572  
      u_account_balance/g3589                  B ^ -> Y v   NAND2XL   0.154   2.102    4.726  
      u_account_balance/g3578                  -            NOR2XL    0.000   2.102    4.726  
      u_account_balance/g3578                  B v -> Y ^   NOR2XL    0.514   2.615    5.240  
      u_account_balance/g3335                  -            AO22XL    0.000   2.615    5.240  
      u_account_balance/g3335                  A0 ^ -> Y ^  AO22XL    0.232   2.848    5.472  
      u_account_balance/balance_db_reg[2][15]  -            DFFQX1    0.000   2.848    5.472  
      -----------------------------------------------------------------------------------------
     Clock Rise Edge                      0.000
     + Source Insertion Delay             0.010
     = Beginpoint Arrival Time            0.010
     Other End Path:
      ---------------------------------------------------------------------------------
      Instance                                 Arc    Cell    Retime  Arrival  Required  
                                                              Delay   Time     Time  
      ---------------------------------------------------------------------------------
      -                                        clk ^  -       -       0.010    -2.614  
      u_account_balance/balance_db_reg[2][15]  -      DFFQX1  0.000   0.010    -2.614  
      ---------------------------------------------------------------------------------
Path 3: MET Setup Check with Pin u_account_balance/balance_db_reg[2][14]/CK 
Endpoint:   u_account_balance/balance_db_reg[2][14]/D (^) checked with  leading edge of 'clk'
Beginpoint: u_vehicle_interface/id_to_check_reg[3]/Q  (v) triggered by  leading edge of 'clk'
Path Groups: {clk}
Retime Analysis { Data Path-Slew }
Other End Arrival Time          0.010
- Setup                         0.138
+ Phase Shift                   5.600
= Required Time                 5.472
- Arrival Time                  2.848
= Slack Time                    2.624
= Slack Time(original)          2.600
     Clock Rise Edge                      0.000
     + Source Insertion Delay             0.010
     = Beginpoint Arrival Time            0.010
     Timing Path:
      -----------------------------------------------------------------------------------------
      Instance                                 Arc          Cell      Retime  Arrival  Required  
                                                                      Delay   Time     Time  
      -----------------------------------------------------------------------------------------
      -                                        clk ^        -         -       0.010    2.634  
      u_vehicle_interface/id_to_check_reg[3]   -            DFFQX4    0.000   0.010    2.634  
      u_vehicle_interface/id_to_check_reg[3]   CK ^ -> Q v  DFFQX4    0.579   0.589    3.213  
      u_account_balance/g18655                 -            INVX8     0.000   0.589    3.213  
      u_account_balance/g18655                 A v -> Y ^   INVX8     0.174   0.763    3.387  
      u_account_balance/g18673                 -            INVX3     0.000   0.763    3.387  
      u_account_balance/g18673                 A ^ -> Y v   INVX3     0.132   0.894    3.518  
      u_account_balance/g18628                 -            NOR2XL    0.000   0.894    3.518  
      u_account_balance/g18628                 B v -> Y ^   NOR2XL    0.213   1.107    3.731  
      u_account_balance/g18468                 -            AOI222XL  0.000   1.107    3.731  
      u_account_balance/g18468                 A1 ^ -> Y v  AOI222XL  0.167   1.274    3.898  
      u_account_balance/g18448                 -            NOR2XL    0.000   1.274    3.898  
      u_account_balance/g18448                 B v -> Y ^   NOR2XL    0.136   1.410    4.034  
      u_account_balance/g18397                 -            AOI211X1  0.000   1.410    4.034  
      u_account_balance/g18397                 B0 ^ -> Y v  AOI211X1  0.057   1.467    4.091  
      u_account_balance/g18393                 -            NAND2XL   0.000   1.467    4.091  
      u_account_balance/g18393                 A v -> Y ^   NAND2XL   0.112   1.579    4.203  
      u_account_balance/g18389                 -            INVX1     0.000   1.579    4.203  
      u_account_balance/g18389                 A ^ -> Y v   INVX1     0.069   1.647    4.272  
      u_account_balance/g18372                 -            NAND3BX2  0.000   1.647    4.272  
      u_account_balance/g18372                 B v -> Y ^   NAND3BX2  0.081   1.728    4.352  
      u_account_balance/g18369                 -            OAI21X2   0.000   1.728    4.352  
      u_account_balance/g18369                 A0 ^ -> Y v  OAI21X2   0.098   1.826    4.450  
      u_account_balance/g3607                  -            NOR2XL    0.000   1.826    4.450  
      u_account_balance/g3607                  B v -> Y ^   NOR2XL    0.122   1.947    4.572  
      u_account_balance/g3589                  -            NAND2XL   0.000   1.947    4.572  
      u_account_balance/g3589                  B ^ -> Y v   NAND2XL   0.154   2.102    4.726  
      u_account_balance/g3578                  -            NOR2XL    0.000   2.102    4.726  
      u_account_balance/g3578                  B v -> Y ^   NOR2XL    0.514   2.615    5.240  
      u_account_balance/g3428                  -            AO22XL    0.000   2.615    5.240  
      u_account_balance/g3428                  A0 ^ -> Y ^  AO22XL    0.232   2.848    5.472  
      u_account_balance/balance_db_reg[2][14]  -            DFFQX1    0.000   2.848    5.472  
      -----------------------------------------------------------------------------------------
     Clock Rise Edge                      0.000
     + Source Insertion Delay             0.010
     = Beginpoint Arrival Time            0.010
     Other End Path:
      ---------------------------------------------------------------------------------
      Instance                                 Arc    Cell    Retime  Arrival  Required  
                                                              Delay   Time     Time  
      ---------------------------------------------------------------------------------
      -                                        clk ^  -       -       0.010    -2.614  
      u_account_balance/balance_db_reg[2][14]  -      DFFQX1  0.000   0.010    -2.614  
      ---------------------------------------------------------------------------------
Path 4: MET Setup Check with Pin u_account_balance/balance_db_reg[2][13]/CK 
Endpoint:   u_account_balance/balance_db_reg[2][13]/D (^) checked with  leading edge of 'clk'
Beginpoint: u_vehicle_interface/id_to_check_reg[3]/Q  (v) triggered by  leading edge of 'clk'
Path Groups: {clk}
Retime Analysis { Data Path-Slew }
Other End Arrival Time          0.010
- Setup                         0.138
+ Phase Shift                   5.600
= Required Time                 5.472
- Arrival Time                  2.848
= Slack Time                    2.624
= Slack Time(original)          2.600
     Clock Rise Edge                      0.000
     + Source Insertion Delay             0.010
     = Beginpoint Arrival Time            0.010
     Timing Path:
      -----------------------------------------------------------------------------------------
      Instance                                 Arc          Cell      Retime  Arrival  Required  
                                                                      Delay   Time     Time  
      -----------------------------------------------------------------------------------------
      -                                        clk ^        -         -       0.010    2.634  
      u_vehicle_interface/id_to_check_reg[3]   -            DFFQX4    0.000   0.010    2.634  
      u_vehicle_interface/id_to_check_reg[3]   CK ^ -> Q v  DFFQX4    0.579   0.589    3.213  
      u_account_balance/g18655                 -            INVX8     0.000   0.589    3.213  
      u_account_balance/g18655                 A v -> Y ^   INVX8     0.174   0.763    3.387  
      u_account_balance/g18673                 -            INVX3     0.000   0.763    3.387  
      u_account_balance/g18673                 A ^ -> Y v   INVX3     0.132   0.894    3.518  
      u_account_balance/g18628                 -            NOR2XL    0.000   0.894    3.518  
      u_account_balance/g18628                 B v -> Y ^   NOR2XL    0.213   1.107    3.731  
      u_account_balance/g18468                 -            AOI222XL  0.000   1.107    3.731  
      u_account_balance/g18468                 A1 ^ -> Y v  AOI222XL  0.167   1.274    3.898  
      u_account_balance/g18448                 -            NOR2XL    0.000   1.274    3.898  
      u_account_balance/g18448                 B v -> Y ^   NOR2XL    0.136   1.410    4.034  
      u_account_balance/g18397                 -            AOI211X1  0.000   1.410    4.034  
      u_account_balance/g18397                 B0 ^ -> Y v  AOI211X1  0.057   1.467    4.091  
      u_account_balance/g18393                 -            NAND2XL   0.000   1.467    4.091  
      u_account_balance/g18393                 A v -> Y ^   NAND2XL   0.112   1.579    4.203  
      u_account_balance/g18389                 -            INVX1     0.000   1.579    4.203  
      u_account_balance/g18389                 A ^ -> Y v   INVX1     0.069   1.647    4.272  
      u_account_balance/g18372                 -            NAND3BX2  0.000   1.647    4.272  
      u_account_balance/g18372                 B v -> Y ^   NAND3BX2  0.081   1.728    4.352  
      u_account_balance/g18369                 -            OAI21X2   0.000   1.728    4.352  
      u_account_balance/g18369                 A0 ^ -> Y v  OAI21X2   0.098   1.826    4.450  
      u_account_balance/g3607                  -            NOR2XL    0.000   1.826    4.450  
      u_account_balance/g3607                  B v -> Y ^   NOR2XL    0.122   1.947    4.572  
      u_account_balance/g3589                  -            NAND2XL   0.000   1.947    4.572  
      u_account_balance/g3589                  B ^ -> Y v   NAND2XL   0.154   2.102    4.726  
      u_account_balance/g3578                  -            NOR2XL    0.000   2.102    4.726  
      u_account_balance/g3578                  B v -> Y ^   NOR2XL    0.514   2.615    5.240  
      u_account_balance/g3457                  -            AO22XL    0.000   2.615    5.240  
      u_account_balance/g3457                  A0 ^ -> Y ^  AO22XL    0.232   2.848    5.472  
      u_account_balance/balance_db_reg[2][13]  -            DFFQX1    0.000   2.848    5.472  
      -----------------------------------------------------------------------------------------
     Clock Rise Edge                      0.000
     + Source Insertion Delay             0.010
     = Beginpoint Arrival Time            0.010
     Other End Path:
      ---------------------------------------------------------------------------------
      Instance                                 Arc    Cell    Retime  Arrival  Required  
                                                              Delay   Time     Time  
      ---------------------------------------------------------------------------------
      -                                        clk ^  -       -       0.010    -2.614  
      u_account_balance/balance_db_reg[2][13]  -      DFFQX1  0.000   0.010    -2.614  
      ---------------------------------------------------------------------------------
Path 5: MET Setup Check with Pin u_account_balance/balance_db_reg[2][12]/CK 
Endpoint:   u_account_balance/balance_db_reg[2][12]/D (^) checked with  leading edge of 'clk'
Beginpoint: u_vehicle_interface/id_to_check_reg[3]/Q  (v) triggered by  leading edge of 'clk'
Path Groups: {clk}
Retime Analysis { Data Path-Slew }
Other End Arrival Time          0.010
- Setup                         0.138
+ Phase Shift                   5.600
= Required Time                 5.472
- Arrival Time                  2.848
= Slack Time                    2.624
= Slack Time(original)          2.600
     Clock Rise Edge                      0.000
     + Source Insertion Delay             0.010
     = Beginpoint Arrival Time            0.010
     Timing Path:
      -----------------------------------------------------------------------------------------
      Instance                                 Arc          Cell      Retime  Arrival  Required  
                                                                      Delay   Time     Time  
      -----------------------------------------------------------------------------------------
      -                                        clk ^        -         -       0.010    2.634  
      u_vehicle_interface/id_to_check_reg[3]   -            DFFQX4    0.000   0.010    2.634  
      u_vehicle_interface/id_to_check_reg[3]   CK ^ -> Q v  DFFQX4    0.579   0.589    3.213  
      u_account_balance/g18655                 -            INVX8     0.000   0.589    3.213  
      u_account_balance/g18655                 A v -> Y ^   INVX8     0.174   0.763    3.387  
      u_account_balance/g18673                 -            INVX3     0.000   0.763    3.387  
      u_account_balance/g18673                 A ^ -> Y v   INVX3     0.132   0.894    3.518  
      u_account_balance/g18628                 -            NOR2XL    0.000   0.894    3.518  
      u_account_balance/g18628                 B v -> Y ^   NOR2XL    0.213   1.107    3.731  
      u_account_balance/g18468                 -            AOI222XL  0.000   1.107    3.731  
      u_account_balance/g18468                 A1 ^ -> Y v  AOI222XL  0.167   1.274    3.898  
      u_account_balance/g18448                 -            NOR2XL    0.000   1.274    3.898  
      u_account_balance/g18448                 B v -> Y ^   NOR2XL    0.136   1.410    4.034  
      u_account_balance/g18397                 -            AOI211X1  0.000   1.410    4.034  
      u_account_balance/g18397                 B0 ^ -> Y v  AOI211X1  0.057   1.467    4.091  
      u_account_balance/g18393                 -            NAND2XL   0.000   1.467    4.091  
      u_account_balance/g18393                 A v -> Y ^   NAND2XL   0.112   1.579    4.203  
      u_account_balance/g18389                 -            INVX1     0.000   1.579    4.203  
      u_account_balance/g18389                 A ^ -> Y v   INVX1     0.069   1.647    4.272  
      u_account_balance/g18372                 -            NAND3BX2  0.000   1.647    4.272  
      u_account_balance/g18372                 B v -> Y ^   NAND3BX2  0.081   1.728    4.352  
      u_account_balance/g18369                 -            OAI21X2   0.000   1.728    4.352  
      u_account_balance/g18369                 A0 ^ -> Y v  OAI21X2   0.098   1.826    4.450  
      u_account_balance/g3607                  -            NOR2XL    0.000   1.826    4.450  
      u_account_balance/g3607                  B v -> Y ^   NOR2XL    0.122   1.947    4.572  
      u_account_balance/g3589                  -            NAND2XL   0.000   1.947    4.572  
      u_account_balance/g3589                  B ^ -> Y v   NAND2XL   0.154   2.102    4.726  
      u_account_balance/g3578                  -            NOR2XL    0.000   2.102    4.726  
      u_account_balance/g3578                  B v -> Y ^   NOR2XL    0.514   2.615    5.240  
      u_account_balance/g3456                  -            AO22XL    0.000   2.615    5.240  
      u_account_balance/g3456                  A0 ^ -> Y ^  AO22XL    0.232   2.848    5.472  
      u_account_balance/balance_db_reg[2][12]  -            DFFQX1    0.000   2.848    5.472  
      -----------------------------------------------------------------------------------------
     Clock Rise Edge                      0.000
     + Source Insertion Delay             0.010
     = Beginpoint Arrival Time            0.010
     Other End Path:
      ---------------------------------------------------------------------------------
      Instance                                 Arc    Cell    Retime  Arrival  Required  
                                                              Delay   Time     Time  
      ---------------------------------------------------------------------------------
      -                                        clk ^  -       -       0.010    -2.614  
      u_account_balance/balance_db_reg[2][12]  -      DFFQX1  0.000   0.010    -2.614  
      ---------------------------------------------------------------------------------
Path 6: MET Setup Check with Pin u_account_balance/balance_db_reg[2][11]/CK 
Endpoint:   u_account_balance/balance_db_reg[2][11]/D (^) checked with  leading edge of 'clk'
Beginpoint: u_vehicle_interface/id_to_check_reg[3]/Q  (v) triggered by  leading edge of 'clk'
Path Groups: {clk}
Retime Analysis { Data Path-Slew }
Other End Arrival Time          0.010
- Setup                         0.138
+ Phase Shift                   5.600
= Required Time                 5.472
- Arrival Time                  2.848
= Slack Time                    2.624
= Slack Time(original)          2.600
     Clock Rise Edge                      0.000
     + Source Insertion Delay             0.010
     = Beginpoint Arrival Time            0.010
     Timing Path:
      -----------------------------------------------------------------------------------------
      Instance                                 Arc          Cell      Retime  Arrival  Required  
                                                                      Delay   Time     Time  
      -----------------------------------------------------------------------------------------
      -                                        clk ^        -         -       0.010    2.634  
      u_vehicle_interface/id_to_check_reg[3]   -            DFFQX4    0.000   0.010    2.634  
      u_vehicle_interface/id_to_check_reg[3]   CK ^ -> Q v  DFFQX4    0.579   0.589    3.213  
      u_account_balance/g18655                 -            INVX8     0.000   0.589    3.213  
      u_account_balance/g18655                 A v -> Y ^   INVX8     0.174   0.763    3.387  
      u_account_balance/g18673                 -            INVX3     0.000   0.763    3.387  
      u_account_balance/g18673                 A ^ -> Y v   INVX3     0.132   0.894    3.518  
      u_account_balance/g18628                 -            NOR2XL    0.000   0.894    3.518  
      u_account_balance/g18628                 B v -> Y ^   NOR2XL    0.213   1.107    3.731  
      u_account_balance/g18468                 -            AOI222XL  0.000   1.107    3.731  
      u_account_balance/g18468                 A1 ^ -> Y v  AOI222XL  0.167   1.274    3.898  
      u_account_balance/g18448                 -            NOR2XL    0.000   1.274    3.898  
      u_account_balance/g18448                 B v -> Y ^   NOR2XL    0.136   1.410    4.034  
      u_account_balance/g18397                 -            AOI211X1  0.000   1.410    4.034  
      u_account_balance/g18397                 B0 ^ -> Y v  AOI211X1  0.057   1.467    4.091  
      u_account_balance/g18393                 -            NAND2XL   0.000   1.467    4.091  
      u_account_balance/g18393                 A v -> Y ^   NAND2XL   0.112   1.579    4.203  
      u_account_balance/g18389                 -            INVX1     0.000   1.579    4.203  
      u_account_balance/g18389                 A ^ -> Y v   INVX1     0.069   1.647    4.272  
      u_account_balance/g18372                 -            NAND3BX2  0.000   1.647    4.272  
      u_account_balance/g18372                 B v -> Y ^   NAND3BX2  0.081   1.728    4.352  
      u_account_balance/g18369                 -            OAI21X2   0.000   1.728    4.352  
      u_account_balance/g18369                 A0 ^ -> Y v  OAI21X2   0.098   1.826    4.450  
      u_account_balance/g3607                  -            NOR2XL    0.000   1.826    4.450  
      u_account_balance/g3607                  B v -> Y ^   NOR2XL    0.122   1.947    4.572  
      u_account_balance/g3589                  -            NAND2XL   0.000   1.947    4.572  
      u_account_balance/g3589                  B ^ -> Y v   NAND2XL   0.154   2.102    4.726  
      u_account_balance/g3578                  -            NOR2XL    0.000   2.102    4.726  
      u_account_balance/g3578                  B v -> Y ^   NOR2XL    0.514   2.615    5.240  
      u_account_balance/g3455                  -            AO22XL    0.000   2.615    5.240  
      u_account_balance/g3455                  A0 ^ -> Y ^  AO22XL    0.232   2.848    5.472  
      u_account_balance/balance_db_reg[2][11]  -            DFFQX1    0.000   2.848    5.472  
      -----------------------------------------------------------------------------------------
     Clock Rise Edge                      0.000
     + Source Insertion Delay             0.010
     = Beginpoint Arrival Time            0.010
     Other End Path:
      ---------------------------------------------------------------------------------
      Instance                                 Arc    Cell    Retime  Arrival  Required  
                                                              Delay   Time     Time  
      ---------------------------------------------------------------------------------
      -                                        clk ^  -       -       0.010    -2.614  
      u_account_balance/balance_db_reg[2][11]  -      DFFQX1  0.000   0.010    -2.614  
      ---------------------------------------------------------------------------------
Path 7: MET Setup Check with Pin u_account_balance/balance_db_reg[2][10]/CK 
Endpoint:   u_account_balance/balance_db_reg[2][10]/D (^) checked with  leading edge of 'clk'
Beginpoint: u_vehicle_interface/id_to_check_reg[3]/Q  (v) triggered by  leading edge of 'clk'
Path Groups: {clk}
Retime Analysis { Data Path-Slew }
Other End Arrival Time          0.010
- Setup                         0.138
+ Phase Shift                   5.600
= Required Time                 5.472
- Arrival Time                  2.848
= Slack Time                    2.624
= Slack Time(original)          2.600
     Clock Rise Edge                      0.000
     + Source Insertion Delay             0.010
     = Beginpoint Arrival Time            0.010
     Timing Path:
      -----------------------------------------------------------------------------------------
      Instance                                 Arc          Cell      Retime  Arrival  Required  
                                                                      Delay   Time     Time  
      -----------------------------------------------------------------------------------------
      -                                        clk ^        -         -       0.010    2.634  
      u_vehicle_interface/id_to_check_reg[3]   -            DFFQX4    0.000   0.010    2.634  
      u_vehicle_interface/id_to_check_reg[3]   CK ^ -> Q v  DFFQX4    0.579   0.589    3.213  
      u_account_balance/g18655                 -            INVX8     0.000   0.589    3.213  
      u_account_balance/g18655                 A v -> Y ^   INVX8     0.174   0.763    3.387  
      u_account_balance/g18673                 -            INVX3     0.000   0.763    3.387  
      u_account_balance/g18673                 A ^ -> Y v   INVX3     0.132   0.894    3.518  
      u_account_balance/g18628                 -            NOR2XL    0.000   0.894    3.518  
      u_account_balance/g18628                 B v -> Y ^   NOR2XL    0.213   1.107    3.731  
      u_account_balance/g18468                 -            AOI222XL  0.000   1.107    3.731  
      u_account_balance/g18468                 A1 ^ -> Y v  AOI222XL  0.167   1.274    3.898  
      u_account_balance/g18448                 -            NOR2XL    0.000   1.274    3.898  
      u_account_balance/g18448                 B v -> Y ^   NOR2XL    0.136   1.410    4.034  
      u_account_balance/g18397                 -            AOI211X1  0.000   1.410    4.034  
      u_account_balance/g18397                 B0 ^ -> Y v  AOI211X1  0.057   1.467    4.091  
      u_account_balance/g18393                 -            NAND2XL   0.000   1.467    4.091  
      u_account_balance/g18393                 A v -> Y ^   NAND2XL   0.112   1.579    4.203  
      u_account_balance/g18389                 -            INVX1     0.000   1.579    4.203  
      u_account_balance/g18389                 A ^ -> Y v   INVX1     0.069   1.647    4.272  
      u_account_balance/g18372                 -            NAND3BX2  0.000   1.647    4.272  
      u_account_balance/g18372                 B v -> Y ^   NAND3BX2  0.081   1.728    4.352  
      u_account_balance/g18369                 -            OAI21X2   0.000   1.728    4.352  
      u_account_balance/g18369                 A0 ^ -> Y v  OAI21X2   0.098   1.826    4.450  
      u_account_balance/g3607                  -            NOR2XL    0.000   1.826    4.450  
      u_account_balance/g3607                  B v -> Y ^   NOR2XL    0.122   1.947    4.572  
      u_account_balance/g3589                  -            NAND2XL   0.000   1.947    4.572  
      u_account_balance/g3589                  B ^ -> Y v   NAND2XL   0.154   2.102    4.726  
      u_account_balance/g3578                  -            NOR2XL    0.000   2.102    4.726  
      u_account_balance/g3578                  B v -> Y ^   NOR2XL    0.514   2.615    5.240  
      u_account_balance/g3454                  -            AO22XL    0.000   2.615    5.240  
      u_account_balance/g3454                  A0 ^ -> Y ^  AO22XL    0.232   2.848    5.472  
      u_account_balance/balance_db_reg[2][10]  -            DFFQX1    0.000   2.848    5.472  
      -----------------------------------------------------------------------------------------
     Clock Rise Edge                      0.000
     + Source Insertion Delay             0.010
     = Beginpoint Arrival Time            0.010
     Other End Path:
      ---------------------------------------------------------------------------------
      Instance                                 Arc    Cell    Retime  Arrival  Required  
                                                              Delay   Time     Time  
      ---------------------------------------------------------------------------------
      -                                        clk ^  -       -       0.010    -2.614  
      u_account_balance/balance_db_reg[2][10]  -      DFFQX1  0.000   0.010    -2.614  
      ---------------------------------------------------------------------------------
Path 8: MET Setup Check with Pin u_account_balance/balance_db_reg[2][9]/CK 
Endpoint:   u_account_balance/balance_db_reg[2][9]/D (^) checked with  leading edge of 'clk'
Beginpoint: u_vehicle_interface/id_to_check_reg[3]/Q (v) triggered by  leading edge of 'clk'
Path Groups: {clk}
Retime Analysis { Data Path-Slew }
Other End Arrival Time          0.010
- Setup                         0.138
+ Phase Shift                   5.600
= Required Time                 5.472
- Arrival Time                  2.848
= Slack Time                    2.624
= Slack Time(original)          2.600
     Clock Rise Edge                      0.000
     + Source Insertion Delay             0.010
     = Beginpoint Arrival Time            0.010
     Timing Path:
      ----------------------------------------------------------------------------------------
      Instance                                Arc          Cell      Retime  Arrival  Required  
                                                                     Delay   Time     Time  
      ----------------------------------------------------------------------------------------
      -                                       clk ^        -         -       0.010    2.634  
      u_vehicle_interface/id_to_check_reg[3]  -            DFFQX4    0.000   0.010    2.634  
      u_vehicle_interface/id_to_check_reg[3]  CK ^ -> Q v  DFFQX4    0.579   0.589    3.213  
      u_account_balance/g18655                -            INVX8     0.000   0.589    3.213  
      u_account_balance/g18655                A v -> Y ^   INVX8     0.174   0.763    3.387  
      u_account_balance/g18673                -            INVX3     0.000   0.763    3.387  
      u_account_balance/g18673                A ^ -> Y v   INVX3     0.132   0.894    3.518  
      u_account_balance/g18628                -            NOR2XL    0.000   0.894    3.518  
      u_account_balance/g18628                B v -> Y ^   NOR2XL    0.213   1.107    3.731  
      u_account_balance/g18468                -            AOI222XL  0.000   1.107    3.731  
      u_account_balance/g18468                A1 ^ -> Y v  AOI222XL  0.167   1.274    3.898  
      u_account_balance/g18448                -            NOR2XL    0.000   1.274    3.898  
      u_account_balance/g18448                B v -> Y ^   NOR2XL    0.136   1.410    4.034  
      u_account_balance/g18397                -            AOI211X1  0.000   1.410    4.034  
      u_account_balance/g18397                B0 ^ -> Y v  AOI211X1  0.057   1.467    4.091  
      u_account_balance/g18393                -            NAND2XL   0.000   1.467    4.091  
      u_account_balance/g18393                A v -> Y ^   NAND2XL   0.112   1.579    4.203  
      u_account_balance/g18389                -            INVX1     0.000   1.579    4.203  
      u_account_balance/g18389                A ^ -> Y v   INVX1     0.069   1.647    4.272  
      u_account_balance/g18372                -            NAND3BX2  0.000   1.647    4.272  
      u_account_balance/g18372                B v -> Y ^   NAND3BX2  0.081   1.728    4.352  
      u_account_balance/g18369                -            OAI21X2   0.000   1.728    4.352  
      u_account_balance/g18369                A0 ^ -> Y v  OAI21X2   0.098   1.826    4.450  
      u_account_balance/g3607                 -            NOR2XL    0.000   1.826    4.450  
      u_account_balance/g3607                 B v -> Y ^   NOR2XL    0.122   1.947    4.572  
      u_account_balance/g3589                 -            NAND2XL   0.000   1.947    4.572  
      u_account_balance/g3589                 B ^ -> Y v   NAND2XL   0.154   2.102    4.726  
      u_account_balance/g3578                 -            NOR2XL    0.000   2.102    4.726  
      u_account_balance/g3578                 B v -> Y ^   NOR2XL    0.514   2.615    5.240  
      u_account_balance/g3453                 -            AO22XL    0.000   2.615    5.240  
      u_account_balance/g3453                 A0 ^ -> Y ^  AO22XL    0.232   2.848    5.472  
      u_account_balance/balance_db_reg[2][9]  -            DFFQX1    0.000   2.848    5.472  
      ----------------------------------------------------------------------------------------
     Clock Rise Edge                      0.000
     + Source Insertion Delay             0.010
     = Beginpoint Arrival Time            0.010
     Other End Path:
      --------------------------------------------------------------------------------
      Instance                                Arc    Cell    Retime  Arrival  Required  
                                                             Delay   Time     Time  
      --------------------------------------------------------------------------------
      -                                       clk ^  -       -       0.010    -2.614  
      u_account_balance/balance_db_reg[2][9]  -      DFFQX1  0.000   0.010    -2.614  
      --------------------------------------------------------------------------------
Path 9: MET Setup Check with Pin u_account_balance/balance_db_reg[2][8]/CK 
Endpoint:   u_account_balance/balance_db_reg[2][8]/D (^) checked with  leading edge of 'clk'
Beginpoint: u_vehicle_interface/id_to_check_reg[3]/Q (v) triggered by  leading edge of 'clk'
Path Groups: {clk}
Retime Analysis { Data Path-Slew }
Other End Arrival Time          0.010
- Setup                         0.138
+ Phase Shift                   5.600
= Required Time                 5.472
- Arrival Time                  2.848
= Slack Time                    2.624
= Slack Time(original)          2.600
     Clock Rise Edge                      0.000
     + Source Insertion Delay             0.010
     = Beginpoint Arrival Time            0.010
     Timing Path:
      ----------------------------------------------------------------------------------------
      Instance                                Arc          Cell      Retime  Arrival  Required  
                                                                     Delay   Time     Time  
      ----------------------------------------------------------------------------------------
      -                                       clk ^        -         -       0.010    2.634  
      u_vehicle_interface/id_to_check_reg[3]  -            DFFQX4    0.000   0.010    2.634  
      u_vehicle_interface/id_to_check_reg[3]  CK ^ -> Q v  DFFQX4    0.579   0.589    3.213  
      u_account_balance/g18655                -            INVX8     0.000   0.589    3.213  
      u_account_balance/g18655                A v -> Y ^   INVX8     0.174   0.763    3.387  
      u_account_balance/g18673                -            INVX3     0.000   0.763    3.387  
      u_account_balance/g18673                A ^ -> Y v   INVX3     0.132   0.894    3.518  
      u_account_balance/g18628                -            NOR2XL    0.000   0.894    3.518  
      u_account_balance/g18628                B v -> Y ^   NOR2XL    0.213   1.107    3.731  
      u_account_balance/g18468                -            AOI222XL  0.000   1.107    3.731  
      u_account_balance/g18468                A1 ^ -> Y v  AOI222XL  0.167   1.274    3.898  
      u_account_balance/g18448                -            NOR2XL    0.000   1.274    3.898  
      u_account_balance/g18448                B v -> Y ^   NOR2XL    0.136   1.410    4.034  
      u_account_balance/g18397                -            AOI211X1  0.000   1.410    4.034  
      u_account_balance/g18397                B0 ^ -> Y v  AOI211X1  0.057   1.467    4.091  
      u_account_balance/g18393                -            NAND2XL   0.000   1.467    4.091  
      u_account_balance/g18393                A v -> Y ^   NAND2XL   0.112   1.579    4.203  
      u_account_balance/g18389                -            INVX1     0.000   1.579    4.203  
      u_account_balance/g18389                A ^ -> Y v   INVX1     0.069   1.647    4.272  
      u_account_balance/g18372                -            NAND3BX2  0.000   1.647    4.272  
      u_account_balance/g18372                B v -> Y ^   NAND3BX2  0.081   1.728    4.352  
      u_account_balance/g18369                -            OAI21X2   0.000   1.728    4.352  
      u_account_balance/g18369                A0 ^ -> Y v  OAI21X2   0.098   1.826    4.450  
      u_account_balance/g3607                 -            NOR2XL    0.000   1.826    4.450  
      u_account_balance/g3607                 B v -> Y ^   NOR2XL    0.122   1.947    4.572  
      u_account_balance/g3589                 -            NAND2XL   0.000   1.947    4.572  
      u_account_balance/g3589                 B ^ -> Y v   NAND2XL   0.154   2.102    4.726  
      u_account_balance/g3578                 -            NOR2XL    0.000   2.102    4.726  
      u_account_balance/g3578                 B v -> Y ^   NOR2XL    0.514   2.615    5.240  
      u_account_balance/g3452                 -            AO22XL    0.000   2.615    5.240  
      u_account_balance/g3452                 A0 ^ -> Y ^  AO22XL    0.232   2.848    5.472  
      u_account_balance/balance_db_reg[2][8]  -            DFFQX1    0.000   2.848    5.472  
      ----------------------------------------------------------------------------------------
     Clock Rise Edge                      0.000
     + Source Insertion Delay             0.010
     = Beginpoint Arrival Time            0.010
     Other End Path:
      --------------------------------------------------------------------------------
      Instance                                Arc    Cell    Retime  Arrival  Required  
                                                             Delay   Time     Time  
      --------------------------------------------------------------------------------
      -                                       clk ^  -       -       0.010    -2.614  
      u_account_balance/balance_db_reg[2][8]  -      DFFQX1  0.000   0.010    -2.614  
      --------------------------------------------------------------------------------
Path 10: MET Setup Check with Pin u_account_balance/balance_db_reg[2][7]/CK 
Endpoint:   u_account_balance/balance_db_reg[2][7]/D (^) checked with  leading edge of 'clk'
Beginpoint: u_vehicle_interface/id_to_check_reg[3]/Q (v) triggered by  leading edge of 'clk'
Path Groups: {clk}
Retime Analysis { Data Path-Slew }
Other End Arrival Time          0.010
- Setup                         0.138
+ Phase Shift                   5.600
= Required Time                 5.472
- Arrival Time                  2.848
= Slack Time                    2.624
= Slack Time(original)          2.600
     Clock Rise Edge                      0.000
     + Source Insertion Delay             0.010
     = Beginpoint Arrival Time            0.010
     Timing Path:
      ----------------------------------------------------------------------------------------
      Instance                                Arc          Cell      Retime  Arrival  Required  
                                                                     Delay   Time     Time  
      ----------------------------------------------------------------------------------------
      -                                       clk ^        -         -       0.010    2.634  
      u_vehicle_interface/id_to_check_reg[3]  -            DFFQX4    0.000   0.010    2.634  
      u_vehicle_interface/id_to_check_reg[3]  CK ^ -> Q v  DFFQX4    0.579   0.589    3.213  
      u_account_balance/g18655                -            INVX8     0.000   0.589    3.213  
      u_account_balance/g18655                A v -> Y ^   INVX8     0.174   0.763    3.387  
      u_account_balance/g18673                -            INVX3     0.000   0.763    3.387  
      u_account_balance/g18673                A ^ -> Y v   INVX3     0.132   0.894    3.518  
      u_account_balance/g18628                -            NOR2XL    0.000   0.894    3.518  
      u_account_balance/g18628                B v -> Y ^   NOR2XL    0.213   1.107    3.731  
      u_account_balance/g18468                -            AOI222XL  0.000   1.107    3.731  
      u_account_balance/g18468                A1 ^ -> Y v  AOI222XL  0.167   1.274    3.898  
      u_account_balance/g18448                -            NOR2XL    0.000   1.274    3.898  
      u_account_balance/g18448                B v -> Y ^   NOR2XL    0.136   1.410    4.034  
      u_account_balance/g18397                -            AOI211X1  0.000   1.410    4.034  
      u_account_balance/g18397                B0 ^ -> Y v  AOI211X1  0.057   1.467    4.091  
      u_account_balance/g18393                -            NAND2XL   0.000   1.467    4.091  
      u_account_balance/g18393                A v -> Y ^   NAND2XL   0.112   1.579    4.203  
      u_account_balance/g18389                -            INVX1     0.000   1.579    4.203  
      u_account_balance/g18389                A ^ -> Y v   INVX1     0.069   1.647    4.272  
      u_account_balance/g18372                -            NAND3BX2  0.000   1.647    4.272  
      u_account_balance/g18372                B v -> Y ^   NAND3BX2  0.081   1.728    4.352  
      u_account_balance/g18369                -            OAI21X2   0.000   1.728    4.352  
      u_account_balance/g18369                A0 ^ -> Y v  OAI21X2   0.098   1.826    4.450  
      u_account_balance/g3607                 -            NOR2XL    0.000   1.826    4.450  
      u_account_balance/g3607                 B v -> Y ^   NOR2XL    0.122   1.947    4.572  
      u_account_balance/g3589                 -            NAND2XL   0.000   1.947    4.572  
      u_account_balance/g3589                 B ^ -> Y v   NAND2XL   0.154   2.102    4.726  
      u_account_balance/g3578                 -            NOR2XL    0.000   2.102    4.726  
      u_account_balance/g3578                 B v -> Y ^   NOR2XL    0.514   2.615    5.240  
      u_account_balance/g3451                 -            AO22XL    0.000   2.615    5.240  
      u_account_balance/g3451                 A0 ^ -> Y ^  AO22XL    0.232   2.848    5.472  
      u_account_balance/balance_db_reg[2][7]  -            DFFQX1    0.000   2.848    5.472  
      ----------------------------------------------------------------------------------------
     Clock Rise Edge                      0.000
     + Source Insertion Delay             0.010
     = Beginpoint Arrival Time            0.010
     Other End Path:
      --------------------------------------------------------------------------------
      Instance                                Arc    Cell    Retime  Arrival  Required  
                                                             Delay   Time     Time  
      --------------------------------------------------------------------------------
      -                                       clk ^  -       -       0.010    -2.614  
      u_account_balance/balance_db_reg[2][7]  -      DFFQX1  0.000   0.010    -2.614  
      --------------------------------------------------------------------------------
Path 11: MET Setup Check with Pin u_account_balance/balance_db_reg[2][6]/CK 
Endpoint:   u_account_balance/balance_db_reg[2][6]/D (^) checked with  leading edge of 'clk'
Beginpoint: u_vehicle_interface/id_to_check_reg[3]/Q (v) triggered by  leading edge of 'clk'
Path Groups: {clk}
Retime Analysis { Data Path-Slew }
Other End Arrival Time          0.010
- Setup                         0.138
+ Phase Shift                   5.600
= Required Time                 5.472
- Arrival Time                  2.848
= Slack Time                    2.624
= Slack Time(original)          2.600
     Clock Rise Edge                      0.000
     + Source Insertion Delay             0.010
     = Beginpoint Arrival Time            0.010
     Timing Path:
      ----------------------------------------------------------------------------------------
      Instance                                Arc          Cell      Retime  Arrival  Required  
                                                                     Delay   Time     Time  
      ----------------------------------------------------------------------------------------
      -                                       clk ^        -         -       0.010    2.634  
      u_vehicle_interface/id_to_check_reg[3]  -            DFFQX4    0.000   0.010    2.634  
      u_vehicle_interface/id_to_check_reg[3]  CK ^ -> Q v  DFFQX4    0.579   0.589    3.213  
      u_account_balance/g18655                -            INVX8     0.000   0.589    3.213  
      u_account_balance/g18655                A v -> Y ^   INVX8     0.174   0.763    3.387  
      u_account_balance/g18673                -            INVX3     0.000   0.763    3.387  
      u_account_balance/g18673                A ^ -> Y v   INVX3     0.132   0.894    3.518  
      u_account_balance/g18628                -            NOR2XL    0.000   0.894    3.518  
      u_account_balance/g18628                B v -> Y ^   NOR2XL    0.213   1.107    3.731  
      u_account_balance/g18468                -            AOI222XL  0.000   1.107    3.731  
      u_account_balance/g18468                A1 ^ -> Y v  AOI222XL  0.167   1.274    3.898  
      u_account_balance/g18448                -            NOR2XL    0.000   1.274    3.898  
      u_account_balance/g18448                B v -> Y ^   NOR2XL    0.136   1.410    4.034  
      u_account_balance/g18397                -            AOI211X1  0.000   1.410    4.034  
      u_account_balance/g18397                B0 ^ -> Y v  AOI211X1  0.057   1.467    4.091  
      u_account_balance/g18393                -            NAND2XL   0.000   1.467    4.091  
      u_account_balance/g18393                A v -> Y ^   NAND2XL   0.112   1.579    4.203  
      u_account_balance/g18389                -            INVX1     0.000   1.579    4.203  
      u_account_balance/g18389                A ^ -> Y v   INVX1     0.069   1.647    4.272  
      u_account_balance/g18372                -            NAND3BX2  0.000   1.647    4.272  
      u_account_balance/g18372                B v -> Y ^   NAND3BX2  0.081   1.728    4.352  
      u_account_balance/g18369                -            OAI21X2   0.000   1.728    4.352  
      u_account_balance/g18369                A0 ^ -> Y v  OAI21X2   0.098   1.826    4.450  
      u_account_balance/g3607                 -            NOR2XL    0.000   1.826    4.450  
      u_account_balance/g3607                 B v -> Y ^   NOR2XL    0.122   1.947    4.572  
      u_account_balance/g3589                 -            NAND2XL   0.000   1.947    4.572  
      u_account_balance/g3589                 B ^ -> Y v   NAND2XL   0.154   2.102    4.726  
      u_account_balance/g3578                 -            NOR2XL    0.000   2.102    4.726  
      u_account_balance/g3578                 B v -> Y ^   NOR2XL    0.514   2.615    5.240  
      u_account_balance/g3450                 -            AO22XL    0.000   2.615    5.240  
      u_account_balance/g3450                 A0 ^ -> Y ^  AO22XL    0.232   2.848    5.472  
      u_account_balance/balance_db_reg[2][6]  -            DFFQX1    0.000   2.848    5.472  
      ----------------------------------------------------------------------------------------
     Clock Rise Edge                      0.000
     + Source Insertion Delay             0.010
     = Beginpoint Arrival Time            0.010
     Other End Path:
      --------------------------------------------------------------------------------
      Instance                                Arc    Cell    Retime  Arrival  Required  
                                                             Delay   Time     Time  
      --------------------------------------------------------------------------------
      -                                       clk ^  -       -       0.010    -2.614  
      u_account_balance/balance_db_reg[2][6]  -      DFFQX1  0.000   0.010    -2.614  
      --------------------------------------------------------------------------------
Path 12: MET Setup Check with Pin u_account_balance/balance_db_reg[2][5]/CK 
Endpoint:   u_account_balance/balance_db_reg[2][5]/D (^) checked with  leading edge of 'clk'
Beginpoint: u_vehicle_interface/id_to_check_reg[3]/Q (v) triggered by  leading edge of 'clk'
Path Groups: {clk}
Retime Analysis { Data Path-Slew }
Other End Arrival Time          0.010
- Setup                         0.138
+ Phase Shift                   5.600
= Required Time                 5.472
- Arrival Time                  2.848
= Slack Time                    2.624
= Slack Time(original)          2.600
     Clock Rise Edge                      0.000
     + Source Insertion Delay             0.010
     = Beginpoint Arrival Time            0.010
     Timing Path:
      ----------------------------------------------------------------------------------------
      Instance                                Arc          Cell      Retime  Arrival  Required  
                                                                     Delay   Time     Time  
      ----------------------------------------------------------------------------------------
      -                                       clk ^        -         -       0.010    2.634  
      u_vehicle_interface/id_to_check_reg[3]  -            DFFQX4    0.000   0.010    2.634  
      u_vehicle_interface/id_to_check_reg[3]  CK ^ -> Q v  DFFQX4    0.579   0.589    3.213  
      u_account_balance/g18655                -            INVX8     0.000   0.589    3.213  
      u_account_balance/g18655                A v -> Y ^   INVX8     0.174   0.763    3.387  
      u_account_balance/g18673                -            INVX3     0.000   0.763    3.387  
      u_account_balance/g18673                A ^ -> Y v   INVX3     0.132   0.894    3.518  
      u_account_balance/g18628                -            NOR2XL    0.000   0.894    3.518  
      u_account_balance/g18628                B v -> Y ^   NOR2XL    0.213   1.107    3.731  
      u_account_balance/g18468                -            AOI222XL  0.000   1.107    3.731  
      u_account_balance/g18468                A1 ^ -> Y v  AOI222XL  0.167   1.274    3.898  
      u_account_balance/g18448                -            NOR2XL    0.000   1.274    3.898  
      u_account_balance/g18448                B v -> Y ^   NOR2XL    0.136   1.410    4.034  
      u_account_balance/g18397                -            AOI211X1  0.000   1.410    4.034  
      u_account_balance/g18397                B0 ^ -> Y v  AOI211X1  0.057   1.467    4.091  
      u_account_balance/g18393                -            NAND2XL   0.000   1.467    4.091  
      u_account_balance/g18393                A v -> Y ^   NAND2XL   0.112   1.579    4.203  
      u_account_balance/g18389                -            INVX1     0.000   1.579    4.203  
      u_account_balance/g18389                A ^ -> Y v   INVX1     0.069   1.647    4.272  
      u_account_balance/g18372                -            NAND3BX2  0.000   1.647    4.272  
      u_account_balance/g18372                B v -> Y ^   NAND3BX2  0.081   1.728    4.352  
      u_account_balance/g18369                -            OAI21X2   0.000   1.728    4.352  
      u_account_balance/g18369                A0 ^ -> Y v  OAI21X2   0.098   1.826    4.450  
      u_account_balance/g3607                 -            NOR2XL    0.000   1.826    4.450  
      u_account_balance/g3607                 B v -> Y ^   NOR2XL    0.122   1.947    4.572  
      u_account_balance/g3589                 -            NAND2XL   0.000   1.947    4.572  
      u_account_balance/g3589                 B ^ -> Y v   NAND2XL   0.154   2.102    4.726  
      u_account_balance/g3578                 -            NOR2XL    0.000   2.102    4.726  
      u_account_balance/g3578                 B v -> Y ^   NOR2XL    0.514   2.615    5.240  
      u_account_balance/g3449                 -            AO22XL    0.000   2.615    5.240  
      u_account_balance/g3449                 A0 ^ -> Y ^  AO22XL    0.232   2.848    5.472  
      u_account_balance/balance_db_reg[2][5]  -            DFFQX1    0.000   2.848    5.472  
      ----------------------------------------------------------------------------------------
     Clock Rise Edge                      0.000
     + Source Insertion Delay             0.010
     = Beginpoint Arrival Time            0.010
     Other End Path:
      --------------------------------------------------------------------------------
      Instance                                Arc    Cell    Retime  Arrival  Required  
                                                             Delay   Time     Time  
      --------------------------------------------------------------------------------
      -                                       clk ^  -       -       0.010    -2.614  
      u_account_balance/balance_db_reg[2][5]  -      DFFQX1  0.000   0.010    -2.614  
      --------------------------------------------------------------------------------
Path 13: MET Setup Check with Pin u_account_balance/balance_db_reg[2][4]/CK 
Endpoint:   u_account_balance/balance_db_reg[2][4]/D (^) checked with  leading edge of 'clk'
Beginpoint: u_vehicle_interface/id_to_check_reg[3]/Q (v) triggered by  leading edge of 'clk'
Path Groups: {clk}
Retime Analysis { Data Path-Slew }
Other End Arrival Time          0.010
- Setup                         0.138
+ Phase Shift                   5.600
= Required Time                 5.472
- Arrival Time                  2.848
= Slack Time                    2.624
= Slack Time(original)          2.600
     Clock Rise Edge                      0.000
     + Source Insertion Delay             0.010
     = Beginpoint Arrival Time            0.010
     Timing Path:
      ----------------------------------------------------------------------------------------
      Instance                                Arc          Cell      Retime  Arrival  Required  
                                                                     Delay   Time     Time  
      ----------------------------------------------------------------------------------------
      -                                       clk ^        -         -       0.010    2.634  
      u_vehicle_interface/id_to_check_reg[3]  -            DFFQX4    0.000   0.010    2.634  
      u_vehicle_interface/id_to_check_reg[3]  CK ^ -> Q v  DFFQX4    0.579   0.589    3.213  
      u_account_balance/g18655                -            INVX8     0.000   0.589    3.213  
      u_account_balance/g18655                A v -> Y ^   INVX8     0.174   0.763    3.387  
      u_account_balance/g18673                -            INVX3     0.000   0.763    3.387  
      u_account_balance/g18673                A ^ -> Y v   INVX3     0.132   0.894    3.518  
      u_account_balance/g18628                -            NOR2XL    0.000   0.894    3.518  
      u_account_balance/g18628                B v -> Y ^   NOR2XL    0.213   1.107    3.731  
      u_account_balance/g18468                -            AOI222XL  0.000   1.107    3.731  
      u_account_balance/g18468                A1 ^ -> Y v  AOI222XL  0.167   1.274    3.898  
      u_account_balance/g18448                -            NOR2XL    0.000   1.274    3.898  
      u_account_balance/g18448                B v -> Y ^   NOR2XL    0.136   1.410    4.034  
      u_account_balance/g18397                -            AOI211X1  0.000   1.410    4.034  
      u_account_balance/g18397                B0 ^ -> Y v  AOI211X1  0.057   1.467    4.091  
      u_account_balance/g18393                -            NAND2XL   0.000   1.467    4.091  
      u_account_balance/g18393                A v -> Y ^   NAND2XL   0.112   1.579    4.203  
      u_account_balance/g18389                -            INVX1     0.000   1.579    4.203  
      u_account_balance/g18389                A ^ -> Y v   INVX1     0.069   1.647    4.272  
      u_account_balance/g18372                -            NAND3BX2  0.000   1.647    4.272  
      u_account_balance/g18372                B v -> Y ^   NAND3BX2  0.081   1.728    4.352  
      u_account_balance/g18369                -            OAI21X2   0.000   1.728    4.352  
      u_account_balance/g18369                A0 ^ -> Y v  OAI21X2   0.098   1.826    4.450  
      u_account_balance/g3607                 -            NOR2XL    0.000   1.826    4.450  
      u_account_balance/g3607                 B v -> Y ^   NOR2XL    0.122   1.947    4.572  
      u_account_balance/g3589                 -            NAND2XL   0.000   1.947    4.572  
      u_account_balance/g3589                 B ^ -> Y v   NAND2XL   0.154   2.102    4.726  
      u_account_balance/g3578                 -            NOR2XL    0.000   2.102    4.726  
      u_account_balance/g3578                 B v -> Y ^   NOR2XL    0.514   2.615    5.240  
      u_account_balance/g3448                 -            AO22XL    0.000   2.615    5.240  
      u_account_balance/g3448                 A0 ^ -> Y ^  AO22XL    0.232   2.848    5.472  
      u_account_balance/balance_db_reg[2][4]  -            DFFQX1    0.000   2.848    5.472  
      ----------------------------------------------------------------------------------------
     Clock Rise Edge                      0.000
     + Source Insertion Delay             0.010
     = Beginpoint Arrival Time            0.010
     Other End Path:
      --------------------------------------------------------------------------------
      Instance                                Arc    Cell    Retime  Arrival  Required  
                                                             Delay   Time     Time  
      --------------------------------------------------------------------------------
      -                                       clk ^  -       -       0.010    -2.614  
      u_account_balance/balance_db_reg[2][4]  -      DFFQX1  0.000   0.010    -2.614  
      --------------------------------------------------------------------------------
Path 14: MET Setup Check with Pin u_account_balance/balance_db_reg[2][3]/CK 
Endpoint:   u_account_balance/balance_db_reg[2][3]/D (^) checked with  leading edge of 'clk'
Beginpoint: u_vehicle_interface/id_to_check_reg[3]/Q (v) triggered by  leading edge of 'clk'
Path Groups: {clk}
Retime Analysis { Data Path-Slew }
Other End Arrival Time          0.010
- Setup                         0.138
+ Phase Shift                   5.600
= Required Time                 5.472
- Arrival Time                  2.848
= Slack Time                    2.624
= Slack Time(original)          2.600
     Clock Rise Edge                      0.000
     + Source Insertion Delay             0.010
     = Beginpoint Arrival Time            0.010
     Timing Path:
      ----------------------------------------------------------------------------------------
      Instance                                Arc          Cell      Retime  Arrival  Required  
                                                                     Delay   Time     Time  
      ----------------------------------------------------------------------------------------
      -                                       clk ^        -         -       0.010    2.634  
      u_vehicle_interface/id_to_check_reg[3]  -            DFFQX4    0.000   0.010    2.634  
      u_vehicle_interface/id_to_check_reg[3]  CK ^ -> Q v  DFFQX4    0.579   0.589    3.213  
      u_account_balance/g18655                -            INVX8     0.000   0.589    3.213  
      u_account_balance/g18655                A v -> Y ^   INVX8     0.174   0.763    3.387  
      u_account_balance/g18673                -            INVX3     0.000   0.763    3.387  
      u_account_balance/g18673                A ^ -> Y v   INVX3     0.132   0.894    3.518  
      u_account_balance/g18628                -            NOR2XL    0.000   0.894    3.518  
      u_account_balance/g18628                B v -> Y ^   NOR2XL    0.213   1.107    3.731  
      u_account_balance/g18468                -            AOI222XL  0.000   1.107    3.731  
      u_account_balance/g18468                A1 ^ -> Y v  AOI222XL  0.167   1.274    3.898  
      u_account_balance/g18448                -            NOR2XL    0.000   1.274    3.898  
      u_account_balance/g18448                B v -> Y ^   NOR2XL    0.136   1.410    4.034  
      u_account_balance/g18397                -            AOI211X1  0.000   1.410    4.034  
      u_account_balance/g18397                B0 ^ -> Y v  AOI211X1  0.057   1.467    4.091  
      u_account_balance/g18393                -            NAND2XL   0.000   1.467    4.091  
      u_account_balance/g18393                A v -> Y ^   NAND2XL   0.112   1.579    4.203  
      u_account_balance/g18389                -            INVX1     0.000   1.579    4.203  
      u_account_balance/g18389                A ^ -> Y v   INVX1     0.069   1.647    4.272  
      u_account_balance/g18372                -            NAND3BX2  0.000   1.647    4.272  
      u_account_balance/g18372                B v -> Y ^   NAND3BX2  0.081   1.728    4.352  
      u_account_balance/g18369                -            OAI21X2   0.000   1.728    4.352  
      u_account_balance/g18369                A0 ^ -> Y v  OAI21X2   0.098   1.826    4.450  
      u_account_balance/g3607                 -            NOR2XL    0.000   1.826    4.450  
      u_account_balance/g3607                 B v -> Y ^   NOR2XL    0.122   1.947    4.572  
      u_account_balance/g3589                 -            NAND2XL   0.000   1.947    4.572  
      u_account_balance/g3589                 B ^ -> Y v   NAND2XL   0.154   2.102    4.726  
      u_account_balance/g3578                 -            NOR2XL    0.000   2.102    4.726  
      u_account_balance/g3578                 B v -> Y ^   NOR2XL    0.514   2.615    5.240  
      u_account_balance/g3447                 -            AO22XL    0.000   2.615    5.240  
      u_account_balance/g3447                 A0 ^ -> Y ^  AO22XL    0.232   2.848    5.472  
      u_account_balance/balance_db_reg[2][3]  -            DFFQX1    0.000   2.848    5.472  
      ----------------------------------------------------------------------------------------
     Clock Rise Edge                      0.000
     + Source Insertion Delay             0.010
     = Beginpoint Arrival Time            0.010
     Other End Path:
      --------------------------------------------------------------------------------
      Instance                                Arc    Cell    Retime  Arrival  Required  
                                                             Delay   Time     Time  
      --------------------------------------------------------------------------------
      -                                       clk ^  -       -       0.010    -2.614  
      u_account_balance/balance_db_reg[2][3]  -      DFFQX1  0.000   0.010    -2.614  
      --------------------------------------------------------------------------------
Path 15: MET Setup Check with Pin u_account_balance/balance_db_reg[7][15]/CK 
Endpoint:   u_account_balance/balance_db_reg[7][15]/SE (^) checked with  leading edge of 'clk'
Beginpoint: u_vehicle_interface/id_to_check_reg[3]/Q   (v) triggered by  leading edge of 'clk'
Path Groups: {clk}
Retime Analysis { Data Path-Slew }
Other End Arrival Time          0.010
- Setup                         0.259
+ Phase Shift                   5.600
= Required Time                 5.351
- Arrival Time                  2.722
= Slack Time                    2.629
= Slack Time(original)          2.602
     Clock Rise Edge                      0.000
     + Source Insertion Delay             0.010
     = Beginpoint Arrival Time            0.010
     Timing Path:
      -----------------------------------------------------------------------------------------
      Instance                                 Arc          Cell      Retime  Arrival  Required  
                                                                      Delay   Time     Time  
      -----------------------------------------------------------------------------------------
      -                                        clk ^        -         -       0.010    2.639  
      u_vehicle_interface/id_to_check_reg[3]   -            DFFQX4    0.000   0.010    2.639  
      u_vehicle_interface/id_to_check_reg[3]   CK ^ -> Q v  DFFQX4    0.579   0.589    3.217  
      u_account_balance/g18655                 -            INVX8     0.000   0.589    3.217  
      u_account_balance/g18655                 A v -> Y ^   INVX8     0.174   0.763    3.391  
      u_account_balance/g18673                 -            INVX3     0.000   0.763    3.391  
      u_account_balance/g18673                 A ^ -> Y v   INVX3     0.132   0.894    3.523  
      u_account_balance/g18628                 -            NOR2XL    0.000   0.894    3.523  
      u_account_balance/g18628                 B v -> Y ^   NOR2XL    0.213   1.107    3.736  
      u_account_balance/g18468                 -            AOI222XL  0.000   1.107    3.736  
      u_account_balance/g18468                 A1 ^ -> Y v  AOI222XL  0.167   1.274    3.903  
      u_account_balance/g18448                 -            NOR2XL    0.000   1.274    3.903  
      u_account_balance/g18448                 B v -> Y ^   NOR2XL    0.136   1.410    4.038  
      u_account_balance/g18397                 -            AOI211X1  0.000   1.410    4.038  
      u_account_balance/g18397                 B0 ^ -> Y v  AOI211X1  0.057   1.467    4.095  
      u_account_balance/g18393                 -            NAND2XL   0.000   1.467    4.095  
      u_account_balance/g18393                 A v -> Y ^   NAND2XL   0.112   1.579    4.207  
      u_account_balance/g18389                 -            INVX1     0.000   1.579    4.207  
      u_account_balance/g18389                 A ^ -> Y v   INVX1     0.069   1.648    4.276  
      u_account_balance/g18372                 -            NAND3BX2  0.000   1.648    4.276  
      u_account_balance/g18372                 B v -> Y ^   NAND3BX2  0.081   1.728    4.357  
      u_account_balance/g18369                 -            OAI21X2   0.000   1.728    4.357  
      u_account_balance/g18369                 A0 ^ -> Y v  OAI21X2   0.098   1.826    4.455  
      u_account_balance/g18368                 -            NOR2BX2   0.000   1.826    4.455  
      u_account_balance/g18368                 B v -> Y ^   NOR2BX2   0.094   1.920    4.549  
      u_account_balance/g3625                  -            NOR3BX1   0.000   1.920    4.549  
      u_account_balance/g3625                  AN ^ -> Y ^  NOR3BX1   0.248   2.169    4.797  
      u_account_balance/g3615                  -            AND3X1    0.000   2.169    4.797  
      u_account_balance/g3615                  C ^ -> Y ^   AND3X1    0.553   2.722    5.351  
      u_account_balance/balance_db_reg[7][15]  -            SDFFQX1   0.000   2.722    5.351  
      -----------------------------------------------------------------------------------------
     Clock Rise Edge                      0.000
     + Source Insertion Delay             0.010
     = Beginpoint Arrival Time            0.010
     Other End Path:
      ----------------------------------------------------------------------------------
      Instance                                 Arc    Cell     Retime  Arrival  Required  
                                                               Delay   Time     Time  
      ----------------------------------------------------------------------------------
      -                                        clk ^  -        -       0.010    -2.619  
      u_account_balance/balance_db_reg[7][15]  -      SDFFQX1  0.000   0.010    -2.619  
      ----------------------------------------------------------------------------------
Path 16: MET Setup Check with Pin u_account_balance/balance_db_reg[7][14]/CK 
Endpoint:   u_account_balance/balance_db_reg[7][14]/SE (^) checked with  leading edge of 'clk'
Beginpoint: u_vehicle_interface/id_to_check_reg[3]/Q   (v) triggered by  leading edge of 'clk'
Path Groups: {clk}
Retime Analysis { Data Path-Slew }
Other End Arrival Time          0.010
- Setup                         0.259
+ Phase Shift                   5.600
= Required Time                 5.351
- Arrival Time                  2.722
= Slack Time                    2.629
= Slack Time(original)          2.602
     Clock Rise Edge                      0.000
     + Source Insertion Delay             0.010
     = Beginpoint Arrival Time            0.010
     Timing Path:
      -----------------------------------------------------------------------------------------
      Instance                                 Arc          Cell      Retime  Arrival  Required  
                                                                      Delay   Time     Time  
      -----------------------------------------------------------------------------------------
      -                                        clk ^        -         -       0.010    2.639  
      u_vehicle_interface/id_to_check_reg[3]   -            DFFQX4    0.000   0.010    2.639  
      u_vehicle_interface/id_to_check_reg[3]   CK ^ -> Q v  DFFQX4    0.579   0.589    3.217  
      u_account_balance/g18655                 -            INVX8     0.000   0.589    3.217  
      u_account_balance/g18655                 A v -> Y ^   INVX8     0.174   0.763    3.391  
      u_account_balance/g18673                 -            INVX3     0.000   0.763    3.391  
      u_account_balance/g18673                 A ^ -> Y v   INVX3     0.132   0.894    3.523  
      u_account_balance/g18628                 -            NOR2XL    0.000   0.894    3.523  
      u_account_balance/g18628                 B v -> Y ^   NOR2XL    0.213   1.107    3.736  
      u_account_balance/g18468                 -            AOI222XL  0.000   1.107    3.736  
      u_account_balance/g18468                 A1 ^ -> Y v  AOI222XL  0.167   1.274    3.903  
      u_account_balance/g18448                 -            NOR2XL    0.000   1.274    3.903  
      u_account_balance/g18448                 B v -> Y ^   NOR2XL    0.136   1.410    4.038  
      u_account_balance/g18397                 -            AOI211X1  0.000   1.410    4.038  
      u_account_balance/g18397                 B0 ^ -> Y v  AOI211X1  0.057   1.467    4.095  
      u_account_balance/g18393                 -            NAND2XL   0.000   1.467    4.095  
      u_account_balance/g18393                 A v -> Y ^   NAND2XL   0.112   1.579    4.207  
      u_account_balance/g18389                 -            INVX1     0.000   1.579    4.207  
      u_account_balance/g18389                 A ^ -> Y v   INVX1     0.069   1.648    4.276  
      u_account_balance/g18372                 -            NAND3BX2  0.000   1.648    4.276  
      u_account_balance/g18372                 B v -> Y ^   NAND3BX2  0.081   1.728    4.357  
      u_account_balance/g18369                 -            OAI21X2   0.000   1.728    4.357  
      u_account_balance/g18369                 A0 ^ -> Y v  OAI21X2   0.098   1.826    4.455  
      u_account_balance/g18368                 -            NOR2BX2   0.000   1.826    4.455  
      u_account_balance/g18368                 B v -> Y ^   NOR2BX2   0.094   1.920    4.549  
      u_account_balance/g3625                  -            NOR3BX1   0.000   1.920    4.549  
      u_account_balance/g3625                  AN ^ -> Y ^  NOR3BX1   0.248   2.169    4.797  
      u_account_balance/g3615                  -            AND3X1    0.000   2.169    4.797  
      u_account_balance/g3615                  C ^ -> Y ^   AND3X1    0.553   2.722    5.351  
      u_account_balance/balance_db_reg[7][14]  -            SDFFQX1   0.000   2.722    5.351  
      -----------------------------------------------------------------------------------------
     Clock Rise Edge                      0.000
     + Source Insertion Delay             0.010
     = Beginpoint Arrival Time            0.010
     Other End Path:
      ----------------------------------------------------------------------------------
      Instance                                 Arc    Cell     Retime  Arrival  Required  
                                                               Delay   Time     Time  
      ----------------------------------------------------------------------------------
      -                                        clk ^  -        -       0.010    -2.619  
      u_account_balance/balance_db_reg[7][14]  -      SDFFQX1  0.000   0.010    -2.619  
      ----------------------------------------------------------------------------------
Path 17: MET Setup Check with Pin u_account_balance/balance_db_reg[7][13]/CK 
Endpoint:   u_account_balance/balance_db_reg[7][13]/SE (^) checked with  leading edge of 'clk'
Beginpoint: u_vehicle_interface/id_to_check_reg[3]/Q   (v) triggered by  leading edge of 'clk'
Path Groups: {clk}
Retime Analysis { Data Path-Slew }
Other End Arrival Time          0.010
- Setup                         0.259
+ Phase Shift                   5.600
= Required Time                 5.351
- Arrival Time                  2.722
= Slack Time                    2.629
= Slack Time(original)          2.602
     Clock Rise Edge                      0.000
     + Source Insertion Delay             0.010
     = Beginpoint Arrival Time            0.010
     Timing Path:
      -----------------------------------------------------------------------------------------
      Instance                                 Arc          Cell      Retime  Arrival  Required  
                                                                      Delay   Time     Time  
      -----------------------------------------------------------------------------------------
      -                                        clk ^        -         -       0.010    2.639  
      u_vehicle_interface/id_to_check_reg[3]   -            DFFQX4    0.000   0.010    2.639  
      u_vehicle_interface/id_to_check_reg[3]   CK ^ -> Q v  DFFQX4    0.579   0.589    3.217  
      u_account_balance/g18655                 -            INVX8     0.000   0.589    3.217  
      u_account_balance/g18655                 A v -> Y ^   INVX8     0.174   0.763    3.391  
      u_account_balance/g18673                 -            INVX3     0.000   0.763    3.391  
      u_account_balance/g18673                 A ^ -> Y v   INVX3     0.132   0.894    3.523  
      u_account_balance/g18628                 -            NOR2XL    0.000   0.894    3.523  
      u_account_balance/g18628                 B v -> Y ^   NOR2XL    0.213   1.107    3.736  
      u_account_balance/g18468                 -            AOI222XL  0.000   1.107    3.736  
      u_account_balance/g18468                 A1 ^ -> Y v  AOI222XL  0.167   1.274    3.903  
      u_account_balance/g18448                 -            NOR2XL    0.000   1.274    3.903  
      u_account_balance/g18448                 B v -> Y ^   NOR2XL    0.136   1.410    4.038  
      u_account_balance/g18397                 -            AOI211X1  0.000   1.410    4.038  
      u_account_balance/g18397                 B0 ^ -> Y v  AOI211X1  0.057   1.467    4.095  
      u_account_balance/g18393                 -            NAND2XL   0.000   1.467    4.095  
      u_account_balance/g18393                 A v -> Y ^   NAND2XL   0.112   1.579    4.207  
      u_account_balance/g18389                 -            INVX1     0.000   1.579    4.207  
      u_account_balance/g18389                 A ^ -> Y v   INVX1     0.069   1.648    4.276  
      u_account_balance/g18372                 -            NAND3BX2  0.000   1.648    4.276  
      u_account_balance/g18372                 B v -> Y ^   NAND3BX2  0.081   1.728    4.357  
      u_account_balance/g18369                 -            OAI21X2   0.000   1.728    4.357  
      u_account_balance/g18369                 A0 ^ -> Y v  OAI21X2   0.098   1.826    4.455  
      u_account_balance/g18368                 -            NOR2BX2   0.000   1.826    4.455  
      u_account_balance/g18368                 B v -> Y ^   NOR2BX2   0.094   1.920    4.549  
      u_account_balance/g3625                  -            NOR3BX1   0.000   1.920    4.549  
      u_account_balance/g3625                  AN ^ -> Y ^  NOR3BX1   0.248   2.169    4.797  
      u_account_balance/g3615                  -            AND3X1    0.000   2.169    4.797  
      u_account_balance/g3615                  C ^ -> Y ^   AND3X1    0.553   2.722    5.351  
      u_account_balance/balance_db_reg[7][13]  -            SDFFQX1   0.000   2.722    5.351  
      -----------------------------------------------------------------------------------------
     Clock Rise Edge                      0.000
     + Source Insertion Delay             0.010
     = Beginpoint Arrival Time            0.010
     Other End Path:
      ----------------------------------------------------------------------------------
      Instance                                 Arc    Cell     Retime  Arrival  Required  
                                                               Delay   Time     Time  
      ----------------------------------------------------------------------------------
      -                                        clk ^  -        -       0.010    -2.619  
      u_account_balance/balance_db_reg[7][13]  -      SDFFQX1  0.000   0.010    -2.619  
      ----------------------------------------------------------------------------------
Path 18: MET Setup Check with Pin u_account_balance/balance_db_reg[7][12]/CK 
Endpoint:   u_account_balance/balance_db_reg[7][12]/SE (^) checked with  leading edge of 'clk'
Beginpoint: u_vehicle_interface/id_to_check_reg[3]/Q   (v) triggered by  leading edge of 'clk'
Path Groups: {clk}
Retime Analysis { Data Path-Slew }
Other End Arrival Time          0.010
- Setup                         0.259
+ Phase Shift                   5.600
= Required Time                 5.351
- Arrival Time                  2.722
= Slack Time                    2.629
= Slack Time(original)          2.602
     Clock Rise Edge                      0.000
     + Source Insertion Delay             0.010
     = Beginpoint Arrival Time            0.010
     Timing Path:
      -----------------------------------------------------------------------------------------
      Instance                                 Arc          Cell      Retime  Arrival  Required  
                                                                      Delay   Time     Time  
      -----------------------------------------------------------------------------------------
      -                                        clk ^        -         -       0.010    2.639  
      u_vehicle_interface/id_to_check_reg[3]   -            DFFQX4    0.000   0.010    2.639  
      u_vehicle_interface/id_to_check_reg[3]   CK ^ -> Q v  DFFQX4    0.579   0.589    3.217  
      u_account_balance/g18655                 -            INVX8     0.000   0.589    3.217  
      u_account_balance/g18655                 A v -> Y ^   INVX8     0.174   0.763    3.391  
      u_account_balance/g18673                 -            INVX3     0.000   0.763    3.391  
      u_account_balance/g18673                 A ^ -> Y v   INVX3     0.132   0.894    3.523  
      u_account_balance/g18628                 -            NOR2XL    0.000   0.894    3.523  
      u_account_balance/g18628                 B v -> Y ^   NOR2XL    0.213   1.107    3.736  
      u_account_balance/g18468                 -            AOI222XL  0.000   1.107    3.736  
      u_account_balance/g18468                 A1 ^ -> Y v  AOI222XL  0.167   1.274    3.903  
      u_account_balance/g18448                 -            NOR2XL    0.000   1.274    3.903  
      u_account_balance/g18448                 B v -> Y ^   NOR2XL    0.136   1.410    4.038  
      u_account_balance/g18397                 -            AOI211X1  0.000   1.410    4.038  
      u_account_balance/g18397                 B0 ^ -> Y v  AOI211X1  0.057   1.467    4.095  
      u_account_balance/g18393                 -            NAND2XL   0.000   1.467    4.095  
      u_account_balance/g18393                 A v -> Y ^   NAND2XL   0.112   1.579    4.207  
      u_account_balance/g18389                 -            INVX1     0.000   1.579    4.207  
      u_account_balance/g18389                 A ^ -> Y v   INVX1     0.069   1.648    4.276  
      u_account_balance/g18372                 -            NAND3BX2  0.000   1.648    4.276  
      u_account_balance/g18372                 B v -> Y ^   NAND3BX2  0.081   1.728    4.357  
      u_account_balance/g18369                 -            OAI21X2   0.000   1.728    4.357  
      u_account_balance/g18369                 A0 ^ -> Y v  OAI21X2   0.098   1.826    4.455  
      u_account_balance/g18368                 -            NOR2BX2   0.000   1.826    4.455  
      u_account_balance/g18368                 B v -> Y ^   NOR2BX2   0.094   1.920    4.549  
      u_account_balance/g3625                  -            NOR3BX1   0.000   1.920    4.549  
      u_account_balance/g3625                  AN ^ -> Y ^  NOR3BX1   0.248   2.169    4.797  
      u_account_balance/g3615                  -            AND3X1    0.000   2.169    4.797  
      u_account_balance/g3615                  C ^ -> Y ^   AND3X1    0.553   2.722    5.351  
      u_account_balance/balance_db_reg[7][12]  -            SDFFQX1   0.000   2.722    5.351  
      -----------------------------------------------------------------------------------------
     Clock Rise Edge                      0.000
     + Source Insertion Delay             0.010
     = Beginpoint Arrival Time            0.010
     Other End Path:
      ----------------------------------------------------------------------------------
      Instance                                 Arc    Cell     Retime  Arrival  Required  
                                                               Delay   Time     Time  
      ----------------------------------------------------------------------------------
      -                                        clk ^  -        -       0.010    -2.619  
      u_account_balance/balance_db_reg[7][12]  -      SDFFQX1  0.000   0.010    -2.619  
      ----------------------------------------------------------------------------------
Path 19: MET Setup Check with Pin u_account_balance/balance_db_reg[7][11]/CK 
Endpoint:   u_account_balance/balance_db_reg[7][11]/SE (^) checked with  leading edge of 'clk'
Beginpoint: u_vehicle_interface/id_to_check_reg[3]/Q   (v) triggered by  leading edge of 'clk'
Path Groups: {clk}
Retime Analysis { Data Path-Slew }
Other End Arrival Time          0.010
- Setup                         0.259
+ Phase Shift                   5.600
= Required Time                 5.351
- Arrival Time                  2.722
= Slack Time                    2.629
= Slack Time(original)          2.602
     Clock Rise Edge                      0.000
     + Source Insertion Delay             0.010
     = Beginpoint Arrival Time            0.010
     Timing Path:
      -----------------------------------------------------------------------------------------
      Instance                                 Arc          Cell      Retime  Arrival  Required  
                                                                      Delay   Time     Time  
      -----------------------------------------------------------------------------------------
      -                                        clk ^        -         -       0.010    2.639  
      u_vehicle_interface/id_to_check_reg[3]   -            DFFQX4    0.000   0.010    2.639  
      u_vehicle_interface/id_to_check_reg[3]   CK ^ -> Q v  DFFQX4    0.579   0.589    3.217  
      u_account_balance/g18655                 -            INVX8     0.000   0.589    3.217  
      u_account_balance/g18655                 A v -> Y ^   INVX8     0.174   0.763    3.391  
      u_account_balance/g18673                 -            INVX3     0.000   0.763    3.391  
      u_account_balance/g18673                 A ^ -> Y v   INVX3     0.132   0.894    3.523  
      u_account_balance/g18628                 -            NOR2XL    0.000   0.894    3.523  
      u_account_balance/g18628                 B v -> Y ^   NOR2XL    0.213   1.107    3.736  
      u_account_balance/g18468                 -            AOI222XL  0.000   1.107    3.736  
      u_account_balance/g18468                 A1 ^ -> Y v  AOI222XL  0.167   1.274    3.903  
      u_account_balance/g18448                 -            NOR2XL    0.000   1.274    3.903  
      u_account_balance/g18448                 B v -> Y ^   NOR2XL    0.136   1.410    4.038  
      u_account_balance/g18397                 -            AOI211X1  0.000   1.410    4.038  
      u_account_balance/g18397                 B0 ^ -> Y v  AOI211X1  0.057   1.467    4.095  
      u_account_balance/g18393                 -            NAND2XL   0.000   1.467    4.095  
      u_account_balance/g18393                 A v -> Y ^   NAND2XL   0.112   1.579    4.207  
      u_account_balance/g18389                 -            INVX1     0.000   1.579    4.207  
      u_account_balance/g18389                 A ^ -> Y v   INVX1     0.069   1.648    4.276  
      u_account_balance/g18372                 -            NAND3BX2  0.000   1.648    4.276  
      u_account_balance/g18372                 B v -> Y ^   NAND3BX2  0.081   1.728    4.357  
      u_account_balance/g18369                 -            OAI21X2   0.000   1.728    4.357  
      u_account_balance/g18369                 A0 ^ -> Y v  OAI21X2   0.098   1.826    4.455  
      u_account_balance/g18368                 -            NOR2BX2   0.000   1.826    4.455  
      u_account_balance/g18368                 B v -> Y ^   NOR2BX2   0.094   1.920    4.549  
      u_account_balance/g3625                  -            NOR3BX1   0.000   1.920    4.549  
      u_account_balance/g3625                  AN ^ -> Y ^  NOR3BX1   0.248   2.169    4.797  
      u_account_balance/g3615                  -            AND3X1    0.000   2.169    4.797  
      u_account_balance/g3615                  C ^ -> Y ^   AND3X1    0.553   2.722    5.351  
      u_account_balance/balance_db_reg[7][11]  -            SDFFQX1   0.000   2.722    5.351  
      -----------------------------------------------------------------------------------------
     Clock Rise Edge                      0.000
     + Source Insertion Delay             0.010
     = Beginpoint Arrival Time            0.010
     Other End Path:
      ----------------------------------------------------------------------------------
      Instance                                 Arc    Cell     Retime  Arrival  Required  
                                                               Delay   Time     Time  
      ----------------------------------------------------------------------------------
      -                                        clk ^  -        -       0.010    -2.619  
      u_account_balance/balance_db_reg[7][11]  -      SDFFQX1  0.000   0.010    -2.619  
      ----------------------------------------------------------------------------------
Path 20: MET Setup Check with Pin u_account_balance/balance_db_reg[7][10]/CK 
Endpoint:   u_account_balance/balance_db_reg[7][10]/SE (^) checked with  leading edge of 'clk'
Beginpoint: u_vehicle_interface/id_to_check_reg[3]/Q   (v) triggered by  leading edge of 'clk'
Path Groups: {clk}
Retime Analysis { Data Path-Slew }
Other End Arrival Time          0.010
- Setup                         0.259
+ Phase Shift                   5.600
= Required Time                 5.351
- Arrival Time                  2.722
= Slack Time                    2.629
= Slack Time(original)          2.602
     Clock Rise Edge                      0.000
     + Source Insertion Delay             0.010
     = Beginpoint Arrival Time            0.010
     Timing Path:
      -----------------------------------------------------------------------------------------
      Instance                                 Arc          Cell      Retime  Arrival  Required  
                                                                      Delay   Time     Time  
      -----------------------------------------------------------------------------------------
      -                                        clk ^        -         -       0.010    2.639  
      u_vehicle_interface/id_to_check_reg[3]   -            DFFQX4    0.000   0.010    2.639  
      u_vehicle_interface/id_to_check_reg[3]   CK ^ -> Q v  DFFQX4    0.579   0.589    3.217  
      u_account_balance/g18655                 -            INVX8     0.000   0.589    3.217  
      u_account_balance/g18655                 A v -> Y ^   INVX8     0.174   0.763    3.391  
      u_account_balance/g18673                 -            INVX3     0.000   0.763    3.391  
      u_account_balance/g18673                 A ^ -> Y v   INVX3     0.132   0.894    3.523  
      u_account_balance/g18628                 -            NOR2XL    0.000   0.894    3.523  
      u_account_balance/g18628                 B v -> Y ^   NOR2XL    0.213   1.107    3.736  
      u_account_balance/g18468                 -            AOI222XL  0.000   1.107    3.736  
      u_account_balance/g18468                 A1 ^ -> Y v  AOI222XL  0.167   1.274    3.903  
      u_account_balance/g18448                 -            NOR2XL    0.000   1.274    3.903  
      u_account_balance/g18448                 B v -> Y ^   NOR2XL    0.136   1.410    4.038  
      u_account_balance/g18397                 -            AOI211X1  0.000   1.410    4.038  
      u_account_balance/g18397                 B0 ^ -> Y v  AOI211X1  0.057   1.467    4.095  
      u_account_balance/g18393                 -            NAND2XL   0.000   1.467    4.095  
      u_account_balance/g18393                 A v -> Y ^   NAND2XL   0.112   1.579    4.207  
      u_account_balance/g18389                 -            INVX1     0.000   1.579    4.207  
      u_account_balance/g18389                 A ^ -> Y v   INVX1     0.069   1.648    4.276  
      u_account_balance/g18372                 -            NAND3BX2  0.000   1.648    4.276  
      u_account_balance/g18372                 B v -> Y ^   NAND3BX2  0.081   1.728    4.357  
      u_account_balance/g18369                 -            OAI21X2   0.000   1.728    4.357  
      u_account_balance/g18369                 A0 ^ -> Y v  OAI21X2   0.098   1.826    4.455  
      u_account_balance/g18368                 -            NOR2BX2   0.000   1.826    4.455  
      u_account_balance/g18368                 B v -> Y ^   NOR2BX2   0.094   1.920    4.549  
      u_account_balance/g3625                  -            NOR3BX1   0.000   1.920    4.549  
      u_account_balance/g3625                  AN ^ -> Y ^  NOR3BX1   0.248   2.169    4.797  
      u_account_balance/g3615                  -            AND3X1    0.000   2.169    4.797  
      u_account_balance/g3615                  C ^ -> Y ^   AND3X1    0.553   2.722    5.351  
      u_account_balance/balance_db_reg[7][10]  -            SDFFQX1   0.000   2.722    5.351  
      -----------------------------------------------------------------------------------------
     Clock Rise Edge                      0.000
     + Source Insertion Delay             0.010
     = Beginpoint Arrival Time            0.010
     Other End Path:
      ----------------------------------------------------------------------------------
      Instance                                 Arc    Cell     Retime  Arrival  Required  
                                                               Delay   Time     Time  
      ----------------------------------------------------------------------------------
      -                                        clk ^  -        -       0.010    -2.619  
      u_account_balance/balance_db_reg[7][10]  -      SDFFQX1  0.000   0.010    -2.619  
      ----------------------------------------------------------------------------------
Path 21: MET Setup Check with Pin u_account_balance/balance_db_reg[7][9]/CK 
Endpoint:   u_account_balance/balance_db_reg[7][9]/SE (^) checked with  leading edge of 'clk'
Beginpoint: u_vehicle_interface/id_to_check_reg[3]/Q  (v) triggered by  leading edge of 'clk'
Path Groups: {clk}
Retime Analysis { Data Path-Slew }
Other End Arrival Time          0.010
- Setup                         0.259
+ Phase Shift                   5.600
= Required Time                 5.351
- Arrival Time                  2.722
= Slack Time                    2.629
= Slack Time(original)          2.602
     Clock Rise Edge                      0.000
     + Source Insertion Delay             0.010
     = Beginpoint Arrival Time            0.010
     Timing Path:
      ----------------------------------------------------------------------------------------
      Instance                                Arc          Cell      Retime  Arrival  Required  
                                                                     Delay   Time     Time  
      ----------------------------------------------------------------------------------------
      -                                       clk ^        -         -       0.010    2.639  
      u_vehicle_interface/id_to_check_reg[3]  -            DFFQX4    0.000   0.010    2.639  
      u_vehicle_interface/id_to_check_reg[3]  CK ^ -> Q v  DFFQX4    0.579   0.589    3.217  
      u_account_balance/g18655                -            INVX8     0.000   0.589    3.217  
      u_account_balance/g18655                A v -> Y ^   INVX8     0.174   0.763    3.391  
      u_account_balance/g18673                -            INVX3     0.000   0.763    3.391  
      u_account_balance/g18673                A ^ -> Y v   INVX3     0.132   0.894    3.523  
      u_account_balance/g18628                -            NOR2XL    0.000   0.894    3.523  
      u_account_balance/g18628                B v -> Y ^   NOR2XL    0.213   1.107    3.736  
      u_account_balance/g18468                -            AOI222XL  0.000   1.107    3.736  
      u_account_balance/g18468                A1 ^ -> Y v  AOI222XL  0.167   1.274    3.903  
      u_account_balance/g18448                -            NOR2XL    0.000   1.274    3.903  
      u_account_balance/g18448                B v -> Y ^   NOR2XL    0.136   1.410    4.038  
      u_account_balance/g18397                -            AOI211X1  0.000   1.410    4.038  
      u_account_balance/g18397                B0 ^ -> Y v  AOI211X1  0.057   1.467    4.095  
      u_account_balance/g18393                -            NAND2XL   0.000   1.467    4.095  
      u_account_balance/g18393                A v -> Y ^   NAND2XL   0.112   1.579    4.207  
      u_account_balance/g18389                -            INVX1     0.000   1.579    4.207  
      u_account_balance/g18389                A ^ -> Y v   INVX1     0.069   1.648    4.276  
      u_account_balance/g18372                -            NAND3BX2  0.000   1.648    4.276  
      u_account_balance/g18372                B v -> Y ^   NAND3BX2  0.081   1.728    4.357  
      u_account_balance/g18369                -            OAI21X2   0.000   1.728    4.357  
      u_account_balance/g18369                A0 ^ -> Y v  OAI21X2   0.098   1.826    4.455  
      u_account_balance/g18368                -            NOR2BX2   0.000   1.826    4.455  
      u_account_balance/g18368                B v -> Y ^   NOR2BX2   0.094   1.920    4.549  
      u_account_balance/g3625                 -            NOR3BX1   0.000   1.920    4.549  
      u_account_balance/g3625                 AN ^ -> Y ^  NOR3BX1   0.248   2.169    4.797  
      u_account_balance/g3615                 -            AND3X1    0.000   2.169    4.797  
      u_account_balance/g3615                 C ^ -> Y ^   AND3X1    0.553   2.722    5.351  
      u_account_balance/balance_db_reg[7][9]  -            SDFFQX1   0.000   2.722    5.351  
      ----------------------------------------------------------------------------------------
     Clock Rise Edge                      0.000
     + Source Insertion Delay             0.010
     = Beginpoint Arrival Time            0.010
     Other End Path:
      ---------------------------------------------------------------------------------
      Instance                                Arc    Cell     Retime  Arrival  Required  
                                                              Delay   Time     Time  
      ---------------------------------------------------------------------------------
      -                                       clk ^  -        -       0.010    -2.619  
      u_account_balance/balance_db_reg[7][9]  -      SDFFQX1  0.000   0.010    -2.619  
      ---------------------------------------------------------------------------------
Path 22: MET Setup Check with Pin u_account_balance/balance_db_reg[7][8]/CK 
Endpoint:   u_account_balance/balance_db_reg[7][8]/SE (^) checked with  leading edge of 'clk'
Beginpoint: u_vehicle_interface/id_to_check_reg[3]/Q  (v) triggered by  leading edge of 'clk'
Path Groups: {clk}
Retime Analysis { Data Path-Slew }
Other End Arrival Time          0.010
- Setup                         0.259
+ Phase Shift                   5.600
= Required Time                 5.351
- Arrival Time                  2.722
= Slack Time                    2.629
= Slack Time(original)          2.602
     Clock Rise Edge                      0.000
     + Source Insertion Delay             0.010
     = Beginpoint Arrival Time            0.010
     Timing Path:
      ----------------------------------------------------------------------------------------
      Instance                                Arc          Cell      Retime  Arrival  Required  
                                                                     Delay   Time     Time  
      ----------------------------------------------------------------------------------------
      -                                       clk ^        -         -       0.010    2.639  
      u_vehicle_interface/id_to_check_reg[3]  -            DFFQX4    0.000   0.010    2.639  
      u_vehicle_interface/id_to_check_reg[3]  CK ^ -> Q v  DFFQX4    0.579   0.589    3.217  
      u_account_balance/g18655                -            INVX8     0.000   0.589    3.217  
      u_account_balance/g18655                A v -> Y ^   INVX8     0.174   0.763    3.391  
      u_account_balance/g18673                -            INVX3     0.000   0.763    3.391  
      u_account_balance/g18673                A ^ -> Y v   INVX3     0.132   0.894    3.523  
      u_account_balance/g18628                -            NOR2XL    0.000   0.894    3.523  
      u_account_balance/g18628                B v -> Y ^   NOR2XL    0.213   1.107    3.736  
      u_account_balance/g18468                -            AOI222XL  0.000   1.107    3.736  
      u_account_balance/g18468                A1 ^ -> Y v  AOI222XL  0.167   1.274    3.903  
      u_account_balance/g18448                -            NOR2XL    0.000   1.274    3.903  
      u_account_balance/g18448                B v -> Y ^   NOR2XL    0.136   1.410    4.038  
      u_account_balance/g18397                -            AOI211X1  0.000   1.410    4.038  
      u_account_balance/g18397                B0 ^ -> Y v  AOI211X1  0.057   1.467    4.095  
      u_account_balance/g18393                -            NAND2XL   0.000   1.467    4.095  
      u_account_balance/g18393                A v -> Y ^   NAND2XL   0.112   1.579    4.207  
      u_account_balance/g18389                -            INVX1     0.000   1.579    4.207  
      u_account_balance/g18389                A ^ -> Y v   INVX1     0.069   1.648    4.276  
      u_account_balance/g18372                -            NAND3BX2  0.000   1.648    4.276  
      u_account_balance/g18372                B v -> Y ^   NAND3BX2  0.081   1.728    4.357  
      u_account_balance/g18369                -            OAI21X2   0.000   1.728    4.357  
      u_account_balance/g18369                A0 ^ -> Y v  OAI21X2   0.098   1.826    4.455  
      u_account_balance/g18368                -            NOR2BX2   0.000   1.826    4.455  
      u_account_balance/g18368                B v -> Y ^   NOR2BX2   0.094   1.920    4.549  
      u_account_balance/g3625                 -            NOR3BX1   0.000   1.920    4.549  
      u_account_balance/g3625                 AN ^ -> Y ^  NOR3BX1   0.248   2.169    4.797  
      u_account_balance/g3615                 -            AND3X1    0.000   2.169    4.797  
      u_account_balance/g3615                 C ^ -> Y ^   AND3X1    0.553   2.722    5.351  
      u_account_balance/balance_db_reg[7][8]  -            SDFFQX1   0.000   2.722    5.351  
      ----------------------------------------------------------------------------------------
     Clock Rise Edge                      0.000
     + Source Insertion Delay             0.010
     = Beginpoint Arrival Time            0.010
     Other End Path:
      ---------------------------------------------------------------------------------
      Instance                                Arc    Cell     Retime  Arrival  Required  
                                                              Delay   Time     Time  
      ---------------------------------------------------------------------------------
      -                                       clk ^  -        -       0.010    -2.619  
      u_account_balance/balance_db_reg[7][8]  -      SDFFQX1  0.000   0.010    -2.619  
      ---------------------------------------------------------------------------------
Path 23: MET Setup Check with Pin u_account_balance/balance_db_reg[7][7]/CK 
Endpoint:   u_account_balance/balance_db_reg[7][7]/SE (^) checked with  leading edge of 'clk'
Beginpoint: u_vehicle_interface/id_to_check_reg[3]/Q  (v) triggered by  leading edge of 'clk'
Path Groups: {clk}
Retime Analysis { Data Path-Slew }
Other End Arrival Time          0.010
- Setup                         0.259
+ Phase Shift                   5.600
= Required Time                 5.351
- Arrival Time                  2.722
= Slack Time                    2.629
= Slack Time(original)          2.602
     Clock Rise Edge                      0.000
     + Source Insertion Delay             0.010
     = Beginpoint Arrival Time            0.010
     Timing Path:
      ----------------------------------------------------------------------------------------
      Instance                                Arc          Cell      Retime  Arrival  Required  
                                                                     Delay   Time     Time  
      ----------------------------------------------------------------------------------------
      -                                       clk ^        -         -       0.010    2.639  
      u_vehicle_interface/id_to_check_reg[3]  -            DFFQX4    0.000   0.010    2.639  
      u_vehicle_interface/id_to_check_reg[3]  CK ^ -> Q v  DFFQX4    0.579   0.589    3.217  
      u_account_balance/g18655                -            INVX8     0.000   0.589    3.217  
      u_account_balance/g18655                A v -> Y ^   INVX8     0.174   0.763    3.391  
      u_account_balance/g18673                -            INVX3     0.000   0.763    3.391  
      u_account_balance/g18673                A ^ -> Y v   INVX3     0.132   0.894    3.523  
      u_account_balance/g18628                -            NOR2XL    0.000   0.894    3.523  
      u_account_balance/g18628                B v -> Y ^   NOR2XL    0.213   1.107    3.736  
      u_account_balance/g18468                -            AOI222XL  0.000   1.107    3.736  
      u_account_balance/g18468                A1 ^ -> Y v  AOI222XL  0.167   1.274    3.903  
      u_account_balance/g18448                -            NOR2XL    0.000   1.274    3.903  
      u_account_balance/g18448                B v -> Y ^   NOR2XL    0.136   1.410    4.038  
      u_account_balance/g18397                -            AOI211X1  0.000   1.410    4.038  
      u_account_balance/g18397                B0 ^ -> Y v  AOI211X1  0.057   1.467    4.095  
      u_account_balance/g18393                -            NAND2XL   0.000   1.467    4.095  
      u_account_balance/g18393                A v -> Y ^   NAND2XL   0.112   1.579    4.207  
      u_account_balance/g18389                -            INVX1     0.000   1.579    4.207  
      u_account_balance/g18389                A ^ -> Y v   INVX1     0.069   1.648    4.276  
      u_account_balance/g18372                -            NAND3BX2  0.000   1.648    4.276  
      u_account_balance/g18372                B v -> Y ^   NAND3BX2  0.081   1.728    4.357  
      u_account_balance/g18369                -            OAI21X2   0.000   1.728    4.357  
      u_account_balance/g18369                A0 ^ -> Y v  OAI21X2   0.098   1.826    4.455  
      u_account_balance/g18368                -            NOR2BX2   0.000   1.826    4.455  
      u_account_balance/g18368                B v -> Y ^   NOR2BX2   0.094   1.920    4.549  
      u_account_balance/g3625                 -            NOR3BX1   0.000   1.920    4.549  
      u_account_balance/g3625                 AN ^ -> Y ^  NOR3BX1   0.248   2.169    4.797  
      u_account_balance/g3615                 -            AND3X1    0.000   2.169    4.797  
      u_account_balance/g3615                 C ^ -> Y ^   AND3X1    0.553   2.722    5.351  
      u_account_balance/balance_db_reg[7][7]  -            SDFFQX1   0.000   2.722    5.351  
      ----------------------------------------------------------------------------------------
     Clock Rise Edge                      0.000
     + Source Insertion Delay             0.010
     = Beginpoint Arrival Time            0.010
     Other End Path:
      ---------------------------------------------------------------------------------
      Instance                                Arc    Cell     Retime  Arrival  Required  
                                                              Delay   Time     Time  
      ---------------------------------------------------------------------------------
      -                                       clk ^  -        -       0.010    -2.619  
      u_account_balance/balance_db_reg[7][7]  -      SDFFQX1  0.000   0.010    -2.619  
      ---------------------------------------------------------------------------------
Path 24: MET Setup Check with Pin u_account_balance/balance_db_reg[7][6]/CK 
Endpoint:   u_account_balance/balance_db_reg[7][6]/SE (^) checked with  leading edge of 'clk'
Beginpoint: u_vehicle_interface/id_to_check_reg[3]/Q  (v) triggered by  leading edge of 'clk'
Path Groups: {clk}
Retime Analysis { Data Path-Slew }
Other End Arrival Time          0.010
- Setup                         0.259
+ Phase Shift                   5.600
= Required Time                 5.351
- Arrival Time                  2.722
= Slack Time                    2.629
= Slack Time(original)          2.602
     Clock Rise Edge                      0.000
     + Source Insertion Delay             0.010
     = Beginpoint Arrival Time            0.010
     Timing Path:
      ----------------------------------------------------------------------------------------
      Instance                                Arc          Cell      Retime  Arrival  Required  
                                                                     Delay   Time     Time  
      ----------------------------------------------------------------------------------------
      -                                       clk ^        -         -       0.010    2.639  
      u_vehicle_interface/id_to_check_reg[3]  -            DFFQX4    0.000   0.010    2.639  
      u_vehicle_interface/id_to_check_reg[3]  CK ^ -> Q v  DFFQX4    0.579   0.589    3.217  
      u_account_balance/g18655                -            INVX8     0.000   0.589    3.217  
      u_account_balance/g18655                A v -> Y ^   INVX8     0.174   0.763    3.391  
      u_account_balance/g18673                -            INVX3     0.000   0.763    3.391  
      u_account_balance/g18673                A ^ -> Y v   INVX3     0.132   0.894    3.523  
      u_account_balance/g18628                -            NOR2XL    0.000   0.894    3.523  
      u_account_balance/g18628                B v -> Y ^   NOR2XL    0.213   1.107    3.736  
      u_account_balance/g18468                -            AOI222XL  0.000   1.107    3.736  
      u_account_balance/g18468                A1 ^ -> Y v  AOI222XL  0.167   1.274    3.903  
      u_account_balance/g18448                -            NOR2XL    0.000   1.274    3.903  
      u_account_balance/g18448                B v -> Y ^   NOR2XL    0.136   1.410    4.038  
      u_account_balance/g18397                -            AOI211X1  0.000   1.410    4.038  
      u_account_balance/g18397                B0 ^ -> Y v  AOI211X1  0.057   1.467    4.095  
      u_account_balance/g18393                -            NAND2XL   0.000   1.467    4.095  
      u_account_balance/g18393                A v -> Y ^   NAND2XL   0.112   1.579    4.207  
      u_account_balance/g18389                -            INVX1     0.000   1.579    4.207  
      u_account_balance/g18389                A ^ -> Y v   INVX1     0.069   1.648    4.276  
      u_account_balance/g18372                -            NAND3BX2  0.000   1.648    4.276  
      u_account_balance/g18372                B v -> Y ^   NAND3BX2  0.081   1.728    4.357  
      u_account_balance/g18369                -            OAI21X2   0.000   1.728    4.357  
      u_account_balance/g18369                A0 ^ -> Y v  OAI21X2   0.098   1.826    4.455  
      u_account_balance/g18368                -            NOR2BX2   0.000   1.826    4.455  
      u_account_balance/g18368                B v -> Y ^   NOR2BX2   0.094   1.920    4.549  
      u_account_balance/g3625                 -            NOR3BX1   0.000   1.920    4.549  
      u_account_balance/g3625                 AN ^ -> Y ^  NOR3BX1   0.248   2.169    4.797  
      u_account_balance/g3615                 -            AND3X1    0.000   2.169    4.797  
      u_account_balance/g3615                 C ^ -> Y ^   AND3X1    0.553   2.722    5.351  
      u_account_balance/balance_db_reg[7][6]  -            SDFFQX1   0.000   2.722    5.351  
      ----------------------------------------------------------------------------------------
     Clock Rise Edge                      0.000
     + Source Insertion Delay             0.010
     = Beginpoint Arrival Time            0.010
     Other End Path:
      ---------------------------------------------------------------------------------
      Instance                                Arc    Cell     Retime  Arrival  Required  
                                                              Delay   Time     Time  
      ---------------------------------------------------------------------------------
      -                                       clk ^  -        -       0.010    -2.619  
      u_account_balance/balance_db_reg[7][6]  -      SDFFQX1  0.000   0.010    -2.619  
      ---------------------------------------------------------------------------------
Path 25: MET Setup Check with Pin u_account_balance/balance_db_reg[7][5]/CK 
Endpoint:   u_account_balance/balance_db_reg[7][5]/SE (^) checked with  leading edge of 'clk'
Beginpoint: u_vehicle_interface/id_to_check_reg[3]/Q  (v) triggered by  leading edge of 'clk'
Path Groups: {clk}
Retime Analysis { Data Path-Slew }
Other End Arrival Time          0.010
- Setup                         0.259
+ Phase Shift                   5.600
= Required Time                 5.351
- Arrival Time                  2.722
= Slack Time                    2.629
= Slack Time(original)          2.602
     Clock Rise Edge                      0.000
     + Source Insertion Delay             0.010
     = Beginpoint Arrival Time            0.010
     Timing Path:
      ----------------------------------------------------------------------------------------
      Instance                                Arc          Cell      Retime  Arrival  Required  
                                                                     Delay   Time     Time  
      ----------------------------------------------------------------------------------------
      -                                       clk ^        -         -       0.010    2.639  
      u_vehicle_interface/id_to_check_reg[3]  -            DFFQX4    0.000   0.010    2.639  
      u_vehicle_interface/id_to_check_reg[3]  CK ^ -> Q v  DFFQX4    0.579   0.589    3.217  
      u_account_balance/g18655                -            INVX8     0.000   0.589    3.217  
      u_account_balance/g18655                A v -> Y ^   INVX8     0.174   0.763    3.391  
      u_account_balance/g18673                -            INVX3     0.000   0.763    3.391  
      u_account_balance/g18673                A ^ -> Y v   INVX3     0.132   0.894    3.523  
      u_account_balance/g18628                -            NOR2XL    0.000   0.894    3.523  
      u_account_balance/g18628                B v -> Y ^   NOR2XL    0.213   1.107    3.736  
      u_account_balance/g18468                -            AOI222XL  0.000   1.107    3.736  
      u_account_balance/g18468                A1 ^ -> Y v  AOI222XL  0.167   1.274    3.903  
      u_account_balance/g18448                -            NOR2XL    0.000   1.274    3.903  
      u_account_balance/g18448                B v -> Y ^   NOR2XL    0.136   1.410    4.038  
      u_account_balance/g18397                -            AOI211X1  0.000   1.410    4.038  
      u_account_balance/g18397                B0 ^ -> Y v  AOI211X1  0.057   1.467    4.095  
      u_account_balance/g18393                -            NAND2XL   0.000   1.467    4.095  
      u_account_balance/g18393                A v -> Y ^   NAND2XL   0.112   1.579    4.207  
      u_account_balance/g18389                -            INVX1     0.000   1.579    4.207  
      u_account_balance/g18389                A ^ -> Y v   INVX1     0.069   1.648    4.276  
      u_account_balance/g18372                -            NAND3BX2  0.000   1.648    4.276  
      u_account_balance/g18372                B v -> Y ^   NAND3BX2  0.081   1.728    4.357  
      u_account_balance/g18369                -            OAI21X2   0.000   1.728    4.357  
      u_account_balance/g18369                A0 ^ -> Y v  OAI21X2   0.098   1.826    4.455  
      u_account_balance/g18368                -            NOR2BX2   0.000   1.826    4.455  
      u_account_balance/g18368                B v -> Y ^   NOR2BX2   0.094   1.920    4.549  
      u_account_balance/g3625                 -            NOR3BX1   0.000   1.920    4.549  
      u_account_balance/g3625                 AN ^ -> Y ^  NOR3BX1   0.248   2.169    4.797  
      u_account_balance/g3615                 -            AND3X1    0.000   2.169    4.797  
      u_account_balance/g3615                 C ^ -> Y ^   AND3X1    0.553   2.722    5.351  
      u_account_balance/balance_db_reg[7][5]  -            SDFFQX1   0.000   2.722    5.351  
      ----------------------------------------------------------------------------------------
     Clock Rise Edge                      0.000
     + Source Insertion Delay             0.010
     = Beginpoint Arrival Time            0.010
     Other End Path:
      ---------------------------------------------------------------------------------
      Instance                                Arc    Cell     Retime  Arrival  Required  
                                                              Delay   Time     Time  
      ---------------------------------------------------------------------------------
      -                                       clk ^  -        -       0.010    -2.619  
      u_account_balance/balance_db_reg[7][5]  -      SDFFQX1  0.000   0.010    -2.619  
      ---------------------------------------------------------------------------------
Path 26: MET Setup Check with Pin u_account_balance/balance_db_reg[7][4]/CK 
Endpoint:   u_account_balance/balance_db_reg[7][4]/SE (^) checked with  leading edge of 'clk'
Beginpoint: u_vehicle_interface/id_to_check_reg[3]/Q  (v) triggered by  leading edge of 'clk'
Path Groups: {clk}
Retime Analysis { Data Path-Slew }
Other End Arrival Time          0.010
- Setup                         0.259
+ Phase Shift                   5.600
= Required Time                 5.351
- Arrival Time                  2.722
= Slack Time                    2.629
= Slack Time(original)          2.602
     Clock Rise Edge                      0.000
     + Source Insertion Delay             0.010
     = Beginpoint Arrival Time            0.010
     Timing Path:
      ----------------------------------------------------------------------------------------
      Instance                                Arc          Cell      Retime  Arrival  Required  
                                                                     Delay   Time     Time  
      ----------------------------------------------------------------------------------------
      -                                       clk ^        -         -       0.010    2.639  
      u_vehicle_interface/id_to_check_reg[3]  -            DFFQX4    0.000   0.010    2.639  
      u_vehicle_interface/id_to_check_reg[3]  CK ^ -> Q v  DFFQX4    0.579   0.589    3.217  
      u_account_balance/g18655                -            INVX8     0.000   0.589    3.217  
      u_account_balance/g18655                A v -> Y ^   INVX8     0.174   0.763    3.391  
      u_account_balance/g18673                -            INVX3     0.000   0.763    3.391  
      u_account_balance/g18673                A ^ -> Y v   INVX3     0.132   0.894    3.523  
      u_account_balance/g18628                -            NOR2XL    0.000   0.894    3.523  
      u_account_balance/g18628                B v -> Y ^   NOR2XL    0.213   1.107    3.736  
      u_account_balance/g18468                -            AOI222XL  0.000   1.107    3.736  
      u_account_balance/g18468                A1 ^ -> Y v  AOI222XL  0.167   1.274    3.903  
      u_account_balance/g18448                -            NOR2XL    0.000   1.274    3.903  
      u_account_balance/g18448                B v -> Y ^   NOR2XL    0.136   1.410    4.038  
      u_account_balance/g18397                -            AOI211X1  0.000   1.410    4.038  
      u_account_balance/g18397                B0 ^ -> Y v  AOI211X1  0.057   1.467    4.095  
      u_account_balance/g18393                -            NAND2XL   0.000   1.467    4.095  
      u_account_balance/g18393                A v -> Y ^   NAND2XL   0.112   1.579    4.207  
      u_account_balance/g18389                -            INVX1     0.000   1.579    4.207  
      u_account_balance/g18389                A ^ -> Y v   INVX1     0.069   1.648    4.276  
      u_account_balance/g18372                -            NAND3BX2  0.000   1.648    4.276  
      u_account_balance/g18372                B v -> Y ^   NAND3BX2  0.081   1.728    4.357  
      u_account_balance/g18369                -            OAI21X2   0.000   1.728    4.357  
      u_account_balance/g18369                A0 ^ -> Y v  OAI21X2   0.098   1.826    4.455  
      u_account_balance/g18368                -            NOR2BX2   0.000   1.826    4.455  
      u_account_balance/g18368                B v -> Y ^   NOR2BX2   0.094   1.920    4.549  
      u_account_balance/g3625                 -            NOR3BX1   0.000   1.920    4.549  
      u_account_balance/g3625                 AN ^ -> Y ^  NOR3BX1   0.248   2.169    4.797  
      u_account_balance/g3615                 -            AND3X1    0.000   2.169    4.797  
      u_account_balance/g3615                 C ^ -> Y ^   AND3X1    0.553   2.722    5.351  
      u_account_balance/balance_db_reg[7][4]  -            SDFFQX1   0.000   2.722    5.351  
      ----------------------------------------------------------------------------------------
     Clock Rise Edge                      0.000
     + Source Insertion Delay             0.010
     = Beginpoint Arrival Time            0.010
     Other End Path:
      ---------------------------------------------------------------------------------
      Instance                                Arc    Cell     Retime  Arrival  Required  
                                                              Delay   Time     Time  
      ---------------------------------------------------------------------------------
      -                                       clk ^  -        -       0.010    -2.619  
      u_account_balance/balance_db_reg[7][4]  -      SDFFQX1  0.000   0.010    -2.619  
      ---------------------------------------------------------------------------------
Path 27: MET Setup Check with Pin u_account_balance/balance_db_reg[7][3]/CK 
Endpoint:   u_account_balance/balance_db_reg[7][3]/SE (^) checked with  leading edge of 'clk'
Beginpoint: u_vehicle_interface/id_to_check_reg[3]/Q  (v) triggered by  leading edge of 'clk'
Path Groups: {clk}
Retime Analysis { Data Path-Slew }
Other End Arrival Time          0.010
- Setup                         0.259
+ Phase Shift                   5.600
= Required Time                 5.351
- Arrival Time                  2.722
= Slack Time                    2.629
= Slack Time(original)          2.602
     Clock Rise Edge                      0.000
     + Source Insertion Delay             0.010
     = Beginpoint Arrival Time            0.010
     Timing Path:
      ----------------------------------------------------------------------------------------
      Instance                                Arc          Cell      Retime  Arrival  Required  
                                                                     Delay   Time     Time  
      ----------------------------------------------------------------------------------------
      -                                       clk ^        -         -       0.010    2.639  
      u_vehicle_interface/id_to_check_reg[3]  -            DFFQX4    0.000   0.010    2.639  
      u_vehicle_interface/id_to_check_reg[3]  CK ^ -> Q v  DFFQX4    0.579   0.589    3.217  
      u_account_balance/g18655                -            INVX8     0.000   0.589    3.217  
      u_account_balance/g18655                A v -> Y ^   INVX8     0.174   0.763    3.391  
      u_account_balance/g18673                -            INVX3     0.000   0.763    3.391  
      u_account_balance/g18673                A ^ -> Y v   INVX3     0.132   0.894    3.523  
      u_account_balance/g18628                -            NOR2XL    0.000   0.894    3.523  
      u_account_balance/g18628                B v -> Y ^   NOR2XL    0.213   1.107    3.736  
      u_account_balance/g18468                -            AOI222XL  0.000   1.107    3.736  
      u_account_balance/g18468                A1 ^ -> Y v  AOI222XL  0.167   1.274    3.903  
      u_account_balance/g18448                -            NOR2XL    0.000   1.274    3.903  
      u_account_balance/g18448                B v -> Y ^   NOR2XL    0.136   1.410    4.038  
      u_account_balance/g18397                -            AOI211X1  0.000   1.410    4.038  
      u_account_balance/g18397                B0 ^ -> Y v  AOI211X1  0.057   1.467    4.095  
      u_account_balance/g18393                -            NAND2XL   0.000   1.467    4.095  
      u_account_balance/g18393                A v -> Y ^   NAND2XL   0.112   1.579    4.207  
      u_account_balance/g18389                -            INVX1     0.000   1.579    4.207  
      u_account_balance/g18389                A ^ -> Y v   INVX1     0.069   1.648    4.276  
      u_account_balance/g18372                -            NAND3BX2  0.000   1.648    4.276  
      u_account_balance/g18372                B v -> Y ^   NAND3BX2  0.081   1.728    4.357  
      u_account_balance/g18369                -            OAI21X2   0.000   1.728    4.357  
      u_account_balance/g18369                A0 ^ -> Y v  OAI21X2   0.098   1.826    4.455  
      u_account_balance/g18368                -            NOR2BX2   0.000   1.826    4.455  
      u_account_balance/g18368                B v -> Y ^   NOR2BX2   0.094   1.920    4.549  
      u_account_balance/g3625                 -            NOR3BX1   0.000   1.920    4.549  
      u_account_balance/g3625                 AN ^ -> Y ^  NOR3BX1   0.248   2.169    4.797  
      u_account_balance/g3615                 -            AND3X1    0.000   2.169    4.797  
      u_account_balance/g3615                 C ^ -> Y ^   AND3X1    0.553   2.722    5.351  
      u_account_balance/balance_db_reg[7][3]  -            SDFFQX1   0.000   2.722    5.351  
      ----------------------------------------------------------------------------------------
     Clock Rise Edge                      0.000
     + Source Insertion Delay             0.010
     = Beginpoint Arrival Time            0.010
     Other End Path:
      ---------------------------------------------------------------------------------
      Instance                                Arc    Cell     Retime  Arrival  Required  
                                                              Delay   Time     Time  
      ---------------------------------------------------------------------------------
      -                                       clk ^  -        -       0.010    -2.619  
      u_account_balance/balance_db_reg[7][3]  -      SDFFQX1  0.000   0.010    -2.619  
      ---------------------------------------------------------------------------------
Path 28: MET Setup Check with Pin u_account_balance/balance_db_reg[7][2]/CK 
Endpoint:   u_account_balance/balance_db_reg[7][2]/SE (^) checked with  leading edge of 'clk'
Beginpoint: u_vehicle_interface/id_to_check_reg[3]/Q  (v) triggered by  leading edge of 'clk'
Path Groups: {clk}
Retime Analysis { Data Path-Slew }
Other End Arrival Time          0.010
- Setup                         0.259
+ Phase Shift                   5.600
= Required Time                 5.351
- Arrival Time                  2.722
= Slack Time                    2.629
= Slack Time(original)          2.602
     Clock Rise Edge                      0.000
     + Source Insertion Delay             0.010
     = Beginpoint Arrival Time            0.010
     Timing Path:
      ----------------------------------------------------------------------------------------
      Instance                                Arc          Cell      Retime  Arrival  Required  
                                                                     Delay   Time     Time  
      ----------------------------------------------------------------------------------------
      -                                       clk ^        -         -       0.010    2.639  
      u_vehicle_interface/id_to_check_reg[3]  -            DFFQX4    0.000   0.010    2.639  
      u_vehicle_interface/id_to_check_reg[3]  CK ^ -> Q v  DFFQX4    0.579   0.589    3.217  
      u_account_balance/g18655                -            INVX8     0.000   0.589    3.217  
      u_account_balance/g18655                A v -> Y ^   INVX8     0.174   0.763    3.391  
      u_account_balance/g18673                -            INVX3     0.000   0.763    3.391  
      u_account_balance/g18673                A ^ -> Y v   INVX3     0.132   0.894    3.523  
      u_account_balance/g18628                -            NOR2XL    0.000   0.894    3.523  
      u_account_balance/g18628                B v -> Y ^   NOR2XL    0.213   1.107    3.736  
      u_account_balance/g18468                -            AOI222XL  0.000   1.107    3.736  
      u_account_balance/g18468                A1 ^ -> Y v  AOI222XL  0.167   1.274    3.903  
      u_account_balance/g18448                -            NOR2XL    0.000   1.274    3.903  
      u_account_balance/g18448                B v -> Y ^   NOR2XL    0.136   1.410    4.038  
      u_account_balance/g18397                -            AOI211X1  0.000   1.410    4.038  
      u_account_balance/g18397                B0 ^ -> Y v  AOI211X1  0.057   1.467    4.095  
      u_account_balance/g18393                -            NAND2XL   0.000   1.467    4.095  
      u_account_balance/g18393                A v -> Y ^   NAND2XL   0.112   1.579    4.207  
      u_account_balance/g18389                -            INVX1     0.000   1.579    4.207  
      u_account_balance/g18389                A ^ -> Y v   INVX1     0.069   1.648    4.276  
      u_account_balance/g18372                -            NAND3BX2  0.000   1.648    4.276  
      u_account_balance/g18372                B v -> Y ^   NAND3BX2  0.081   1.728    4.357  
      u_account_balance/g18369                -            OAI21X2   0.000   1.728    4.357  
      u_account_balance/g18369                A0 ^ -> Y v  OAI21X2   0.098   1.826    4.455  
      u_account_balance/g18368                -            NOR2BX2   0.000   1.826    4.455  
      u_account_balance/g18368                B v -> Y ^   NOR2BX2   0.094   1.920    4.549  
      u_account_balance/g3625                 -            NOR3BX1   0.000   1.920    4.549  
      u_account_balance/g3625                 AN ^ -> Y ^  NOR3BX1   0.248   2.169    4.797  
      u_account_balance/g3615                 -            AND3X1    0.000   2.169    4.797  
      u_account_balance/g3615                 C ^ -> Y ^   AND3X1    0.553   2.722    5.351  
      u_account_balance/balance_db_reg[7][2]  -            SDFFQX1   0.000   2.722    5.351  
      ----------------------------------------------------------------------------------------
     Clock Rise Edge                      0.000
     + Source Insertion Delay             0.010
     = Beginpoint Arrival Time            0.010
     Other End Path:
      ---------------------------------------------------------------------------------
      Instance                                Arc    Cell     Retime  Arrival  Required  
                                                              Delay   Time     Time  
      ---------------------------------------------------------------------------------
      -                                       clk ^  -        -       0.010    -2.619  
      u_account_balance/balance_db_reg[7][2]  -      SDFFQX1  0.000   0.010    -2.619  
      ---------------------------------------------------------------------------------
Path 29: MET Setup Check with Pin u_account_balance/balance_db_reg[7][1]/CK 
Endpoint:   u_account_balance/balance_db_reg[7][1]/SE (^) checked with  leading edge of 'clk'
Beginpoint: u_vehicle_interface/id_to_check_reg[3]/Q  (v) triggered by  leading edge of 'clk'
Path Groups: {clk}
Retime Analysis { Data Path-Slew }
Other End Arrival Time          0.010
- Setup                         0.259
+ Phase Shift                   5.600
= Required Time                 5.351
- Arrival Time                  2.722
= Slack Time                    2.629
= Slack Time(original)          2.602
     Clock Rise Edge                      0.000
     + Source Insertion Delay             0.010
     = Beginpoint Arrival Time            0.010
     Timing Path:
      ----------------------------------------------------------------------------------------
      Instance                                Arc          Cell      Retime  Arrival  Required  
                                                                     Delay   Time     Time  
      ----------------------------------------------------------------------------------------
      -                                       clk ^        -         -       0.010    2.639  
      u_vehicle_interface/id_to_check_reg[3]  -            DFFQX4    0.000   0.010    2.639  
      u_vehicle_interface/id_to_check_reg[3]  CK ^ -> Q v  DFFQX4    0.579   0.589    3.217  
      u_account_balance/g18655                -            INVX8     0.000   0.589    3.217  
      u_account_balance/g18655                A v -> Y ^   INVX8     0.174   0.763    3.391  
      u_account_balance/g18673                -            INVX3     0.000   0.763    3.391  
      u_account_balance/g18673                A ^ -> Y v   INVX3     0.132   0.894    3.523  
      u_account_balance/g18628                -            NOR2XL    0.000   0.894    3.523  
      u_account_balance/g18628                B v -> Y ^   NOR2XL    0.213   1.107    3.736  
      u_account_balance/g18468                -            AOI222XL  0.000   1.107    3.736  
      u_account_balance/g18468                A1 ^ -> Y v  AOI222XL  0.167   1.274    3.903  
      u_account_balance/g18448                -            NOR2XL    0.000   1.274    3.903  
      u_account_balance/g18448                B v -> Y ^   NOR2XL    0.136   1.410    4.038  
      u_account_balance/g18397                -            AOI211X1  0.000   1.410    4.038  
      u_account_balance/g18397                B0 ^ -> Y v  AOI211X1  0.057   1.467    4.095  
      u_account_balance/g18393                -            NAND2XL   0.000   1.467    4.095  
      u_account_balance/g18393                A v -> Y ^   NAND2XL   0.112   1.579    4.207  
      u_account_balance/g18389                -            INVX1     0.000   1.579    4.207  
      u_account_balance/g18389                A ^ -> Y v   INVX1     0.069   1.648    4.276  
      u_account_balance/g18372                -            NAND3BX2  0.000   1.648    4.276  
      u_account_balance/g18372                B v -> Y ^   NAND3BX2  0.081   1.728    4.357  
      u_account_balance/g18369                -            OAI21X2   0.000   1.728    4.357  
      u_account_balance/g18369                A0 ^ -> Y v  OAI21X2   0.098   1.826    4.455  
      u_account_balance/g18368                -            NOR2BX2   0.000   1.826    4.455  
      u_account_balance/g18368                B v -> Y ^   NOR2BX2   0.094   1.920    4.549  
      u_account_balance/g3625                 -            NOR3BX1   0.000   1.920    4.549  
      u_account_balance/g3625                 AN ^ -> Y ^  NOR3BX1   0.248   2.169    4.797  
      u_account_balance/g3615                 -            AND3X1    0.000   2.169    4.797  
      u_account_balance/g3615                 C ^ -> Y ^   AND3X1    0.553   2.722    5.351  
      u_account_balance/balance_db_reg[7][1]  -            SDFFQX1   0.000   2.722    5.351  
      ----------------------------------------------------------------------------------------
     Clock Rise Edge                      0.000
     + Source Insertion Delay             0.010
     = Beginpoint Arrival Time            0.010
     Other End Path:
      ---------------------------------------------------------------------------------
      Instance                                Arc    Cell     Retime  Arrival  Required  
                                                              Delay   Time     Time  
      ---------------------------------------------------------------------------------
      -                                       clk ^  -        -       0.010    -2.619  
      u_account_balance/balance_db_reg[7][1]  -      SDFFQX1  0.000   0.010    -2.619  
      ---------------------------------------------------------------------------------
Path 30: MET Setup Check with Pin u_account_balance/balance_db_reg[2][15]/CK 
Endpoint:   u_account_balance/balance_db_reg[2][15]/D (^) checked with  leading edge of 'clk'
Beginpoint: u_vehicle_interface/id_to_check_reg[0]/Q  (v) triggered by  leading edge of 'clk'
Path Groups: {clk}
Retime Analysis { Data Path-Slew }
Other End Arrival Time          0.010
- Setup                         0.138
+ Phase Shift                   5.600
= Required Time                 5.472
- Arrival Time                  2.839
= Slack Time                    2.633
= Slack Time(original)          2.604
     Clock Rise Edge                      0.000
     + Source Insertion Delay             0.010
     = Beginpoint Arrival Time            0.010
     Timing Path:
      -------------------------------------------------------------------------------------------
      Instance                                 Arc           Cell       Retime  Arrival  Required  
                                                                        Delay   Time     Time  
      -------------------------------------------------------------------------------------------
      -                                        clk ^         -          -       0.010    2.643  
      u_vehicle_interface/id_to_check_reg[0]   -             DFFQX4     0.000   0.010    2.643  
      u_vehicle_interface/id_to_check_reg[0]   CK ^ -> Q v   DFFQX4     0.583   0.593    3.226  
      u_account_balance/g18683                 -             CLKINVX8   0.000   0.593    3.226  
      u_account_balance/g18683                 A v -> Y ^    CLKINVX8   0.115   0.708    3.341  
      u_account_balance/g18631                 -             AND2X4     0.000   0.708    3.341  
      u_account_balance/g18631                 A ^ -> Y ^    AND2X4     0.280   0.988    3.621  
      u_account_balance/g18626                 -             CLKINVX1   0.000   0.988    3.621  
      u_account_balance/g18626                 A ^ -> Y v    CLKINVX1   0.071   1.059    3.692  
      u_account_balance/g18570                 -             NOR2XL     0.000   1.059    3.692  
      u_account_balance/g18570                 B v -> Y ^    NOR2XL     0.136   1.195    3.828  
      u_account_balance/g18485                 -             OAI2BB1X1  0.000   1.195    3.828  
      u_account_balance/g18485                 A1N ^ -> Y ^  OAI2BB1X1  0.160   1.355    3.988  
      u_account_balance/g18414                 -             NOR3X1     0.000   1.355    3.988  
      u_account_balance/g18414                 A ^ -> Y v    NOR3X1     0.051   1.406    4.039  
      u_account_balance/g18399                 -             NAND2X1    0.000   1.406    4.039  
      u_account_balance/g18399                 B v -> Y ^    NAND2X1    0.059   1.464    4.097  
      u_account_balance/g18380                 -             NOR2XL     0.000   1.464    4.097  
      u_account_balance/g18380                 A ^ -> Y v    NOR2XL     0.070   1.534    4.167  
      u_account_balance/g2                     -             NOR3BXL    0.000   1.534    4.167  
      u_account_balance/g2                     AN v -> Y v   NOR3BXL    0.102   1.636    4.269  
      u_account_balance/g18370                 -             NAND2XL    0.000   1.636    4.269  
      u_account_balance/g18370                 A v -> Y ^    NAND2XL    0.091   1.727    4.360  
      u_account_balance/g18369                 -             OAI21X2    0.000   1.727    4.360  
      u_account_balance/g18369                 A1 ^ -> Y v   OAI21X2    0.093   1.820    4.453  
      u_account_balance/g3607                  -             NOR2XL     0.000   1.820    4.453  
      u_account_balance/g3607                  B v -> Y ^    NOR2XL     0.119   1.939    4.572  
      u_account_balance/g3589                  -             NAND2XL    0.000   1.939    4.572  
      u_account_balance/g3589                  B ^ -> Y v    NAND2XL    0.154   2.093    4.726  
      u_account_balance/g3578                  -             NOR2XL     0.000   2.093    4.726  
      u_account_balance/g3578                  B v -> Y ^    NOR2XL     0.514   2.607    5.240  
      u_account_balance/g3335                  -             AO22XL     0.000   2.607    5.240  
      u_account_balance/g3335                  A0 ^ -> Y ^   AO22XL     0.232   2.839    5.472  
      u_account_balance/balance_db_reg[2][15]  -             DFFQX1     0.000   2.839    5.472  
      -------------------------------------------------------------------------------------------
     Clock Rise Edge                      0.000
     + Source Insertion Delay             0.010
     = Beginpoint Arrival Time            0.010
     Other End Path:
      ---------------------------------------------------------------------------------
      Instance                                 Arc    Cell    Retime  Arrival  Required  
                                                              Delay   Time     Time  
      ---------------------------------------------------------------------------------
      -                                        clk ^  -       -       0.010    -2.623  
      u_account_balance/balance_db_reg[2][15]  -      DFFQX1  0.000   0.010    -2.623  
      ---------------------------------------------------------------------------------
Path 31: MET Setup Check with Pin u_account_balance/balance_db_reg[2][14]/CK 
Endpoint:   u_account_balance/balance_db_reg[2][14]/D (^) checked with  leading edge of 'clk'
Beginpoint: u_vehicle_interface/id_to_check_reg[0]/Q  (v) triggered by  leading edge of 'clk'
Path Groups: {clk}
Retime Analysis { Data Path-Slew }
Other End Arrival Time          0.010
- Setup                         0.138
+ Phase Shift                   5.600
= Required Time                 5.472
- Arrival Time                  2.839
= Slack Time                    2.633
= Slack Time(original)          2.604
     Clock Rise Edge                      0.000
     + Source Insertion Delay             0.010
     = Beginpoint Arrival Time            0.010
     Timing Path:
      -------------------------------------------------------------------------------------------
      Instance                                 Arc           Cell       Retime  Arrival  Required  
                                                                        Delay   Time     Time  
      -------------------------------------------------------------------------------------------
      -                                        clk ^         -          -       0.010    2.643  
      u_vehicle_interface/id_to_check_reg[0]   -             DFFQX4     0.000   0.010    2.643  
      u_vehicle_interface/id_to_check_reg[0]   CK ^ -> Q v   DFFQX4     0.583   0.593    3.226  
      u_account_balance/g18683                 -             CLKINVX8   0.000   0.593    3.226  
      u_account_balance/g18683                 A v -> Y ^    CLKINVX8   0.115   0.708    3.341  
      u_account_balance/g18631                 -             AND2X4     0.000   0.708    3.341  
      u_account_balance/g18631                 A ^ -> Y ^    AND2X4     0.280   0.988    3.621  
      u_account_balance/g18626                 -             CLKINVX1   0.000   0.988    3.621  
      u_account_balance/g18626                 A ^ -> Y v    CLKINVX1   0.071   1.059    3.692  
      u_account_balance/g18570                 -             NOR2XL     0.000   1.059    3.692  
      u_account_balance/g18570                 B v -> Y ^    NOR2XL     0.136   1.195    3.828  
      u_account_balance/g18485                 -             OAI2BB1X1  0.000   1.195    3.828  
      u_account_balance/g18485                 A1N ^ -> Y ^  OAI2BB1X1  0.160   1.355    3.988  
      u_account_balance/g18414                 -             NOR3X1     0.000   1.355    3.988  
      u_account_balance/g18414                 A ^ -> Y v    NOR3X1     0.051   1.406    4.039  
      u_account_balance/g18399                 -             NAND2X1    0.000   1.406    4.039  
      u_account_balance/g18399                 B v -> Y ^    NAND2X1    0.059   1.464    4.097  
      u_account_balance/g18380                 -             NOR2XL     0.000   1.464    4.097  
      u_account_balance/g18380                 A ^ -> Y v    NOR2XL     0.070   1.534    4.167  
      u_account_balance/g2                     -             NOR3BXL    0.000   1.534    4.167  
      u_account_balance/g2                     AN v -> Y v   NOR3BXL    0.102   1.636    4.269  
      u_account_balance/g18370                 -             NAND2XL    0.000   1.636    4.269  
      u_account_balance/g18370                 A v -> Y ^    NAND2XL    0.091   1.727    4.360  
      u_account_balance/g18369                 -             OAI21X2    0.000   1.727    4.360  
      u_account_balance/g18369                 A1 ^ -> Y v   OAI21X2    0.093   1.820    4.453  
      u_account_balance/g3607                  -             NOR2XL     0.000   1.820    4.453  
      u_account_balance/g3607                  B v -> Y ^    NOR2XL     0.119   1.939    4.572  
      u_account_balance/g3589                  -             NAND2XL    0.000   1.939    4.572  
      u_account_balance/g3589                  B ^ -> Y v    NAND2XL    0.154   2.093    4.726  
      u_account_balance/g3578                  -             NOR2XL     0.000   2.093    4.726  
      u_account_balance/g3578                  B v -> Y ^    NOR2XL     0.514   2.607    5.240  
      u_account_balance/g3428                  -             AO22XL     0.000   2.607    5.240  
      u_account_balance/g3428                  A0 ^ -> Y ^   AO22XL     0.232   2.839    5.472  
      u_account_balance/balance_db_reg[2][14]  -             DFFQX1     0.000   2.839    5.472  
      -------------------------------------------------------------------------------------------
     Clock Rise Edge                      0.000
     + Source Insertion Delay             0.010
     = Beginpoint Arrival Time            0.010
     Other End Path:
      ---------------------------------------------------------------------------------
      Instance                                 Arc    Cell    Retime  Arrival  Required  
                                                              Delay   Time     Time  
      ---------------------------------------------------------------------------------
      -                                        clk ^  -       -       0.010    -2.623  
      u_account_balance/balance_db_reg[2][14]  -      DFFQX1  0.000   0.010    -2.623  
      ---------------------------------------------------------------------------------
Path 32: MET Setup Check with Pin u_account_balance/balance_db_reg[2][13]/CK 
Endpoint:   u_account_balance/balance_db_reg[2][13]/D (^) checked with  leading edge of 'clk'
Beginpoint: u_vehicle_interface/id_to_check_reg[0]/Q  (v) triggered by  leading edge of 'clk'
Path Groups: {clk}
Retime Analysis { Data Path-Slew }
Other End Arrival Time          0.010
- Setup                         0.138
+ Phase Shift                   5.600
= Required Time                 5.472
- Arrival Time                  2.839
= Slack Time                    2.633
= Slack Time(original)          2.604
     Clock Rise Edge                      0.000
     + Source Insertion Delay             0.010
     = Beginpoint Arrival Time            0.010
     Timing Path:
      -------------------------------------------------------------------------------------------
      Instance                                 Arc           Cell       Retime  Arrival  Required  
                                                                        Delay   Time     Time  
      -------------------------------------------------------------------------------------------
      -                                        clk ^         -          -       0.010    2.643  
      u_vehicle_interface/id_to_check_reg[0]   -             DFFQX4     0.000   0.010    2.643  
      u_vehicle_interface/id_to_check_reg[0]   CK ^ -> Q v   DFFQX4     0.583   0.593    3.226  
      u_account_balance/g18683                 -             CLKINVX8   0.000   0.593    3.226  
      u_account_balance/g18683                 A v -> Y ^    CLKINVX8   0.115   0.708    3.341  
      u_account_balance/g18631                 -             AND2X4     0.000   0.708    3.341  
      u_account_balance/g18631                 A ^ -> Y ^    AND2X4     0.280   0.988    3.621  
      u_account_balance/g18626                 -             CLKINVX1   0.000   0.988    3.621  
      u_account_balance/g18626                 A ^ -> Y v    CLKINVX1   0.071   1.059    3.692  
      u_account_balance/g18570                 -             NOR2XL     0.000   1.059    3.692  
      u_account_balance/g18570                 B v -> Y ^    NOR2XL     0.136   1.195    3.828  
      u_account_balance/g18485                 -             OAI2BB1X1  0.000   1.195    3.828  
      u_account_balance/g18485                 A1N ^ -> Y ^  OAI2BB1X1  0.160   1.355    3.988  
      u_account_balance/g18414                 -             NOR3X1     0.000   1.355    3.988  
      u_account_balance/g18414                 A ^ -> Y v    NOR3X1     0.051   1.406    4.039  
      u_account_balance/g18399                 -             NAND2X1    0.000   1.406    4.039  
      u_account_balance/g18399                 B v -> Y ^    NAND2X1    0.059   1.464    4.097  
      u_account_balance/g18380                 -             NOR2XL     0.000   1.464    4.097  
      u_account_balance/g18380                 A ^ -> Y v    NOR2XL     0.070   1.534    4.167  
      u_account_balance/g2                     -             NOR3BXL    0.000   1.534    4.167  
      u_account_balance/g2                     AN v -> Y v   NOR3BXL    0.102   1.636    4.269  
      u_account_balance/g18370                 -             NAND2XL    0.000   1.636    4.269  
      u_account_balance/g18370                 A v -> Y ^    NAND2XL    0.091   1.727    4.360  
      u_account_balance/g18369                 -             OAI21X2    0.000   1.727    4.360  
      u_account_balance/g18369                 A1 ^ -> Y v   OAI21X2    0.093   1.820    4.453  
      u_account_balance/g3607                  -             NOR2XL     0.000   1.820    4.453  
      u_account_balance/g3607                  B v -> Y ^    NOR2XL     0.119   1.939    4.572  
      u_account_balance/g3589                  -             NAND2XL    0.000   1.939    4.572  
      u_account_balance/g3589                  B ^ -> Y v    NAND2XL    0.154   2.093    4.726  
      u_account_balance/g3578                  -             NOR2XL     0.000   2.093    4.726  
      u_account_balance/g3578                  B v -> Y ^    NOR2XL     0.514   2.607    5.240  
      u_account_balance/g3457                  -             AO22XL     0.000   2.607    5.240  
      u_account_balance/g3457                  A0 ^ -> Y ^   AO22XL     0.232   2.839    5.472  
      u_account_balance/balance_db_reg[2][13]  -             DFFQX1     0.000   2.839    5.472  
      -------------------------------------------------------------------------------------------
     Clock Rise Edge                      0.000
     + Source Insertion Delay             0.010
     = Beginpoint Arrival Time            0.010
     Other End Path:
      ---------------------------------------------------------------------------------
      Instance                                 Arc    Cell    Retime  Arrival  Required  
                                                              Delay   Time     Time  
      ---------------------------------------------------------------------------------
      -                                        clk ^  -       -       0.010    -2.623  
      u_account_balance/balance_db_reg[2][13]  -      DFFQX1  0.000   0.010    -2.623  
      ---------------------------------------------------------------------------------
Path 33: MET Setup Check with Pin u_account_balance/balance_db_reg[2][12]/CK 
Endpoint:   u_account_balance/balance_db_reg[2][12]/D (^) checked with  leading edge of 'clk'
Beginpoint: u_vehicle_interface/id_to_check_reg[0]/Q  (v) triggered by  leading edge of 'clk'
Path Groups: {clk}
Retime Analysis { Data Path-Slew }
Other End Arrival Time          0.010
- Setup                         0.138
+ Phase Shift                   5.600
= Required Time                 5.472
- Arrival Time                  2.839
= Slack Time                    2.633
= Slack Time(original)          2.604
     Clock Rise Edge                      0.000
     + Source Insertion Delay             0.010
     = Beginpoint Arrival Time            0.010
     Timing Path:
      -------------------------------------------------------------------------------------------
      Instance                                 Arc           Cell       Retime  Arrival  Required  
                                                                        Delay   Time     Time  
      -------------------------------------------------------------------------------------------
      -                                        clk ^         -          -       0.010    2.643  
      u_vehicle_interface/id_to_check_reg[0]   -             DFFQX4     0.000   0.010    2.643  
      u_vehicle_interface/id_to_check_reg[0]   CK ^ -> Q v   DFFQX4     0.583   0.593    3.226  
      u_account_balance/g18683                 -             CLKINVX8   0.000   0.593    3.226  
      u_account_balance/g18683                 A v -> Y ^    CLKINVX8   0.115   0.708    3.341  
      u_account_balance/g18631                 -             AND2X4     0.000   0.708    3.341  
      u_account_balance/g18631                 A ^ -> Y ^    AND2X4     0.280   0.988    3.621  
      u_account_balance/g18626                 -             CLKINVX1   0.000   0.988    3.621  
      u_account_balance/g18626                 A ^ -> Y v    CLKINVX1   0.071   1.059    3.692  
      u_account_balance/g18570                 -             NOR2XL     0.000   1.059    3.692  
      u_account_balance/g18570                 B v -> Y ^    NOR2XL     0.136   1.195    3.828  
      u_account_balance/g18485                 -             OAI2BB1X1  0.000   1.195    3.828  
      u_account_balance/g18485                 A1N ^ -> Y ^  OAI2BB1X1  0.160   1.355    3.988  
      u_account_balance/g18414                 -             NOR3X1     0.000   1.355    3.988  
      u_account_balance/g18414                 A ^ -> Y v    NOR3X1     0.051   1.406    4.039  
      u_account_balance/g18399                 -             NAND2X1    0.000   1.406    4.039  
      u_account_balance/g18399                 B v -> Y ^    NAND2X1    0.059   1.464    4.097  
      u_account_balance/g18380                 -             NOR2XL     0.000   1.464    4.097  
      u_account_balance/g18380                 A ^ -> Y v    NOR2XL     0.070   1.534    4.167  
      u_account_balance/g2                     -             NOR3BXL    0.000   1.534    4.167  
      u_account_balance/g2                     AN v -> Y v   NOR3BXL    0.102   1.636    4.269  
      u_account_balance/g18370                 -             NAND2XL    0.000   1.636    4.269  
      u_account_balance/g18370                 A v -> Y ^    NAND2XL    0.091   1.727    4.360  
      u_account_balance/g18369                 -             OAI21X2    0.000   1.727    4.360  
      u_account_balance/g18369                 A1 ^ -> Y v   OAI21X2    0.093   1.820    4.453  
      u_account_balance/g3607                  -             NOR2XL     0.000   1.820    4.453  
      u_account_balance/g3607                  B v -> Y ^    NOR2XL     0.119   1.939    4.572  
      u_account_balance/g3589                  -             NAND2XL    0.000   1.939    4.572  
      u_account_balance/g3589                  B ^ -> Y v    NAND2XL    0.154   2.093    4.726  
      u_account_balance/g3578                  -             NOR2XL     0.000   2.093    4.726  
      u_account_balance/g3578                  B v -> Y ^    NOR2XL     0.514   2.607    5.240  
      u_account_balance/g3456                  -             AO22XL     0.000   2.607    5.240  
      u_account_balance/g3456                  A0 ^ -> Y ^   AO22XL     0.232   2.839    5.472  
      u_account_balance/balance_db_reg[2][12]  -             DFFQX1     0.000   2.839    5.472  
      -------------------------------------------------------------------------------------------
     Clock Rise Edge                      0.000
     + Source Insertion Delay             0.010
     = Beginpoint Arrival Time            0.010
     Other End Path:
      ---------------------------------------------------------------------------------
      Instance                                 Arc    Cell    Retime  Arrival  Required  
                                                              Delay   Time     Time  
      ---------------------------------------------------------------------------------
      -                                        clk ^  -       -       0.010    -2.623  
      u_account_balance/balance_db_reg[2][12]  -      DFFQX1  0.000   0.010    -2.623  
      ---------------------------------------------------------------------------------
Path 34: MET Setup Check with Pin u_account_balance/balance_db_reg[2][11]/CK 
Endpoint:   u_account_balance/balance_db_reg[2][11]/D (^) checked with  leading edge of 'clk'
Beginpoint: u_vehicle_interface/id_to_check_reg[0]/Q  (v) triggered by  leading edge of 'clk'
Path Groups: {clk}
Retime Analysis { Data Path-Slew }
Other End Arrival Time          0.010
- Setup                         0.138
+ Phase Shift                   5.600
= Required Time                 5.472
- Arrival Time                  2.839
= Slack Time                    2.633
= Slack Time(original)          2.604
     Clock Rise Edge                      0.000
     + Source Insertion Delay             0.010
     = Beginpoint Arrival Time            0.010
     Timing Path:
      -------------------------------------------------------------------------------------------
      Instance                                 Arc           Cell       Retime  Arrival  Required  
                                                                        Delay   Time     Time  
      -------------------------------------------------------------------------------------------
      -                                        clk ^         -          -       0.010    2.643  
      u_vehicle_interface/id_to_check_reg[0]   -             DFFQX4     0.000   0.010    2.643  
      u_vehicle_interface/id_to_check_reg[0]   CK ^ -> Q v   DFFQX4     0.583   0.593    3.226  
      u_account_balance/g18683                 -             CLKINVX8   0.000   0.593    3.226  
      u_account_balance/g18683                 A v -> Y ^    CLKINVX8   0.115   0.708    3.341  
      u_account_balance/g18631                 -             AND2X4     0.000   0.708    3.341  
      u_account_balance/g18631                 A ^ -> Y ^    AND2X4     0.280   0.988    3.621  
      u_account_balance/g18626                 -             CLKINVX1   0.000   0.988    3.621  
      u_account_balance/g18626                 A ^ -> Y v    CLKINVX1   0.071   1.059    3.692  
      u_account_balance/g18570                 -             NOR2XL     0.000   1.059    3.692  
      u_account_balance/g18570                 B v -> Y ^    NOR2XL     0.136   1.195    3.828  
      u_account_balance/g18485                 -             OAI2BB1X1  0.000   1.195    3.828  
      u_account_balance/g18485                 A1N ^ -> Y ^  OAI2BB1X1  0.160   1.355    3.988  
      u_account_balance/g18414                 -             NOR3X1     0.000   1.355    3.988  
      u_account_balance/g18414                 A ^ -> Y v    NOR3X1     0.051   1.406    4.039  
      u_account_balance/g18399                 -             NAND2X1    0.000   1.406    4.039  
      u_account_balance/g18399                 B v -> Y ^    NAND2X1    0.059   1.464    4.097  
      u_account_balance/g18380                 -             NOR2XL     0.000   1.464    4.097  
      u_account_balance/g18380                 A ^ -> Y v    NOR2XL     0.070   1.534    4.167  
      u_account_balance/g2                     -             NOR3BXL    0.000   1.534    4.167  
      u_account_balance/g2                     AN v -> Y v   NOR3BXL    0.102   1.636    4.269  
      u_account_balance/g18370                 -             NAND2XL    0.000   1.636    4.269  
      u_account_balance/g18370                 A v -> Y ^    NAND2XL    0.091   1.727    4.360  
      u_account_balance/g18369                 -             OAI21X2    0.000   1.727    4.360  
      u_account_balance/g18369                 A1 ^ -> Y v   OAI21X2    0.093   1.820    4.453  
      u_account_balance/g3607                  -             NOR2XL     0.000   1.820    4.453  
      u_account_balance/g3607                  B v -> Y ^    NOR2XL     0.119   1.939    4.572  
      u_account_balance/g3589                  -             NAND2XL    0.000   1.939    4.572  
      u_account_balance/g3589                  B ^ -> Y v    NAND2XL    0.154   2.093    4.726  
      u_account_balance/g3578                  -             NOR2XL     0.000   2.093    4.726  
      u_account_balance/g3578                  B v -> Y ^    NOR2XL     0.514   2.607    5.240  
      u_account_balance/g3455                  -             AO22XL     0.000   2.607    5.240  
      u_account_balance/g3455                  A0 ^ -> Y ^   AO22XL     0.232   2.839    5.472  
      u_account_balance/balance_db_reg[2][11]  -             DFFQX1     0.000   2.839    5.472  
      -------------------------------------------------------------------------------------------
     Clock Rise Edge                      0.000
     + Source Insertion Delay             0.010
     = Beginpoint Arrival Time            0.010
     Other End Path:
      ---------------------------------------------------------------------------------
      Instance                                 Arc    Cell    Retime  Arrival  Required  
                                                              Delay   Time     Time  
      ---------------------------------------------------------------------------------
      -                                        clk ^  -       -       0.010    -2.623  
      u_account_balance/balance_db_reg[2][11]  -      DFFQX1  0.000   0.010    -2.623  
      ---------------------------------------------------------------------------------
Path 35: MET Setup Check with Pin u_account_balance/balance_db_reg[2][10]/CK 
Endpoint:   u_account_balance/balance_db_reg[2][10]/D (^) checked with  leading edge of 'clk'
Beginpoint: u_vehicle_interface/id_to_check_reg[0]/Q  (v) triggered by  leading edge of 'clk'
Path Groups: {clk}
Retime Analysis { Data Path-Slew }
Other End Arrival Time          0.010
- Setup                         0.138
+ Phase Shift                   5.600
= Required Time                 5.472
- Arrival Time                  2.839
= Slack Time                    2.633
= Slack Time(original)          2.604
     Clock Rise Edge                      0.000
     + Source Insertion Delay             0.010
     = Beginpoint Arrival Time            0.010
     Timing Path:
      -------------------------------------------------------------------------------------------
      Instance                                 Arc           Cell       Retime  Arrival  Required  
                                                                        Delay   Time     Time  
      -------------------------------------------------------------------------------------------
      -                                        clk ^         -          -       0.010    2.643  
      u_vehicle_interface/id_to_check_reg[0]   -             DFFQX4     0.000   0.010    2.643  
      u_vehicle_interface/id_to_check_reg[0]   CK ^ -> Q v   DFFQX4     0.583   0.593    3.226  
      u_account_balance/g18683                 -             CLKINVX8   0.000   0.593    3.226  
      u_account_balance/g18683                 A v -> Y ^    CLKINVX8   0.115   0.708    3.341  
      u_account_balance/g18631                 -             AND2X4     0.000   0.708    3.341  
      u_account_balance/g18631                 A ^ -> Y ^    AND2X4     0.280   0.988    3.621  
      u_account_balance/g18626                 -             CLKINVX1   0.000   0.988    3.621  
      u_account_balance/g18626                 A ^ -> Y v    CLKINVX1   0.071   1.059    3.692  
      u_account_balance/g18570                 -             NOR2XL     0.000   1.059    3.692  
      u_account_balance/g18570                 B v -> Y ^    NOR2XL     0.136   1.195    3.828  
      u_account_balance/g18485                 -             OAI2BB1X1  0.000   1.195    3.828  
      u_account_balance/g18485                 A1N ^ -> Y ^  OAI2BB1X1  0.160   1.355    3.988  
      u_account_balance/g18414                 -             NOR3X1     0.000   1.355    3.988  
      u_account_balance/g18414                 A ^ -> Y v    NOR3X1     0.051   1.406    4.039  
      u_account_balance/g18399                 -             NAND2X1    0.000   1.406    4.039  
      u_account_balance/g18399                 B v -> Y ^    NAND2X1    0.059   1.464    4.097  
      u_account_balance/g18380                 -             NOR2XL     0.000   1.464    4.097  
      u_account_balance/g18380                 A ^ -> Y v    NOR2XL     0.070   1.534    4.167  
      u_account_balance/g2                     -             NOR3BXL    0.000   1.534    4.167  
      u_account_balance/g2                     AN v -> Y v   NOR3BXL    0.102   1.636    4.269  
      u_account_balance/g18370                 -             NAND2XL    0.000   1.636    4.269  
      u_account_balance/g18370                 A v -> Y ^    NAND2XL    0.091   1.727    4.360  
      u_account_balance/g18369                 -             OAI21X2    0.000   1.727    4.360  
      u_account_balance/g18369                 A1 ^ -> Y v   OAI21X2    0.093   1.820    4.453  
      u_account_balance/g3607                  -             NOR2XL     0.000   1.820    4.453  
      u_account_balance/g3607                  B v -> Y ^    NOR2XL     0.119   1.939    4.572  
      u_account_balance/g3589                  -             NAND2XL    0.000   1.939    4.572  
      u_account_balance/g3589                  B ^ -> Y v    NAND2XL    0.154   2.093    4.726  
      u_account_balance/g3578                  -             NOR2XL     0.000   2.093    4.726  
      u_account_balance/g3578                  B v -> Y ^    NOR2XL     0.514   2.607    5.240  
      u_account_balance/g3454                  -             AO22XL     0.000   2.607    5.240  
      u_account_balance/g3454                  A0 ^ -> Y ^   AO22XL     0.232   2.839    5.472  
      u_account_balance/balance_db_reg[2][10]  -             DFFQX1     0.000   2.839    5.472  
      -------------------------------------------------------------------------------------------
     Clock Rise Edge                      0.000
     + Source Insertion Delay             0.010
     = Beginpoint Arrival Time            0.010
     Other End Path:
      ---------------------------------------------------------------------------------
      Instance                                 Arc    Cell    Retime  Arrival  Required  
                                                              Delay   Time     Time  
      ---------------------------------------------------------------------------------
      -                                        clk ^  -       -       0.010    -2.623  
      u_account_balance/balance_db_reg[2][10]  -      DFFQX1  0.000   0.010    -2.623  
      ---------------------------------------------------------------------------------
Path 36: MET Setup Check with Pin u_account_balance/balance_db_reg[2][9]/CK 
Endpoint:   u_account_balance/balance_db_reg[2][9]/D (^) checked with  leading edge of 'clk'
Beginpoint: u_vehicle_interface/id_to_check_reg[0]/Q (v) triggered by  leading edge of 'clk'
Path Groups: {clk}
Retime Analysis { Data Path-Slew }
Other End Arrival Time          0.010
- Setup                         0.138
+ Phase Shift                   5.600
= Required Time                 5.472
- Arrival Time                  2.839
= Slack Time                    2.633
= Slack Time(original)          2.604
     Clock Rise Edge                      0.000
     + Source Insertion Delay             0.010
     = Beginpoint Arrival Time            0.010
     Timing Path:
      ------------------------------------------------------------------------------------------
      Instance                                Arc           Cell       Retime  Arrival  Required  
                                                                       Delay   Time     Time  
      ------------------------------------------------------------------------------------------
      -                                       clk ^         -          -       0.010    2.643  
      u_vehicle_interface/id_to_check_reg[0]  -             DFFQX4     0.000   0.010    2.643  
      u_vehicle_interface/id_to_check_reg[0]  CK ^ -> Q v   DFFQX4     0.583   0.593    3.226  
      u_account_balance/g18683                -             CLKINVX8   0.000   0.593    3.226  
      u_account_balance/g18683                A v -> Y ^    CLKINVX8   0.115   0.708    3.341  
      u_account_balance/g18631                -             AND2X4     0.000   0.708    3.341  
      u_account_balance/g18631                A ^ -> Y ^    AND2X4     0.280   0.988    3.621  
      u_account_balance/g18626                -             CLKINVX1   0.000   0.988    3.621  
      u_account_balance/g18626                A ^ -> Y v    CLKINVX1   0.071   1.059    3.692  
      u_account_balance/g18570                -             NOR2XL     0.000   1.059    3.692  
      u_account_balance/g18570                B v -> Y ^    NOR2XL     0.136   1.195    3.828  
      u_account_balance/g18485                -             OAI2BB1X1  0.000   1.195    3.828  
      u_account_balance/g18485                A1N ^ -> Y ^  OAI2BB1X1  0.160   1.355    3.988  
      u_account_balance/g18414                -             NOR3X1     0.000   1.355    3.988  
      u_account_balance/g18414                A ^ -> Y v    NOR3X1     0.051   1.406    4.039  
      u_account_balance/g18399                -             NAND2X1    0.000   1.406    4.039  
      u_account_balance/g18399                B v -> Y ^    NAND2X1    0.059   1.464    4.097  
      u_account_balance/g18380                -             NOR2XL     0.000   1.464    4.097  
      u_account_balance/g18380                A ^ -> Y v    NOR2XL     0.070   1.534    4.167  
      u_account_balance/g2                    -             NOR3BXL    0.000   1.534    4.167  
      u_account_balance/g2                    AN v -> Y v   NOR3BXL    0.102   1.636    4.269  
      u_account_balance/g18370                -             NAND2XL    0.000   1.636    4.269  
      u_account_balance/g18370                A v -> Y ^    NAND2XL    0.091   1.727    4.360  
      u_account_balance/g18369                -             OAI21X2    0.000   1.727    4.360  
      u_account_balance/g18369                A1 ^ -> Y v   OAI21X2    0.093   1.820    4.453  
      u_account_balance/g3607                 -             NOR2XL     0.000   1.820    4.453  
      u_account_balance/g3607                 B v -> Y ^    NOR2XL     0.119   1.939    4.572  
      u_account_balance/g3589                 -             NAND2XL    0.000   1.939    4.572  
      u_account_balance/g3589                 B ^ -> Y v    NAND2XL    0.154   2.093    4.726  
      u_account_balance/g3578                 -             NOR2XL     0.000   2.093    4.726  
      u_account_balance/g3578                 B v -> Y ^    NOR2XL     0.514   2.607    5.240  
      u_account_balance/g3453                 -             AO22XL     0.000   2.607    5.240  
      u_account_balance/g3453                 A0 ^ -> Y ^   AO22XL     0.232   2.839    5.472  
      u_account_balance/balance_db_reg[2][9]  -             DFFQX1     0.000   2.839    5.472  
      ------------------------------------------------------------------------------------------
     Clock Rise Edge                      0.000
     + Source Insertion Delay             0.010
     = Beginpoint Arrival Time            0.010
     Other End Path:
      --------------------------------------------------------------------------------
      Instance                                Arc    Cell    Retime  Arrival  Required  
                                                             Delay   Time     Time  
      --------------------------------------------------------------------------------
      -                                       clk ^  -       -       0.010    -2.623  
      u_account_balance/balance_db_reg[2][9]  -      DFFQX1  0.000   0.010    -2.623  
      --------------------------------------------------------------------------------
Path 37: MET Setup Check with Pin u_account_balance/balance_db_reg[2][8]/CK 
Endpoint:   u_account_balance/balance_db_reg[2][8]/D (^) checked with  leading edge of 'clk'
Beginpoint: u_vehicle_interface/id_to_check_reg[0]/Q (v) triggered by  leading edge of 'clk'
Path Groups: {clk}
Retime Analysis { Data Path-Slew }
Other End Arrival Time          0.010
- Setup                         0.138
+ Phase Shift                   5.600
= Required Time                 5.472
- Arrival Time                  2.839
= Slack Time                    2.633
= Slack Time(original)          2.604
     Clock Rise Edge                      0.000
     + Source Insertion Delay             0.010
     = Beginpoint Arrival Time            0.010
     Timing Path:
      ------------------------------------------------------------------------------------------
      Instance                                Arc           Cell       Retime  Arrival  Required  
                                                                       Delay   Time     Time  
      ------------------------------------------------------------------------------------------
      -                                       clk ^         -          -       0.010    2.643  
      u_vehicle_interface/id_to_check_reg[0]  -             DFFQX4     0.000   0.010    2.643  
      u_vehicle_interface/id_to_check_reg[0]  CK ^ -> Q v   DFFQX4     0.583   0.593    3.226  
      u_account_balance/g18683                -             CLKINVX8   0.000   0.593    3.226  
      u_account_balance/g18683                A v -> Y ^    CLKINVX8   0.115   0.708    3.341  
      u_account_balance/g18631                -             AND2X4     0.000   0.708    3.341  
      u_account_balance/g18631                A ^ -> Y ^    AND2X4     0.280   0.988    3.621  
      u_account_balance/g18626                -             CLKINVX1   0.000   0.988    3.621  
      u_account_balance/g18626                A ^ -> Y v    CLKINVX1   0.071   1.059    3.692  
      u_account_balance/g18570                -             NOR2XL     0.000   1.059    3.692  
      u_account_balance/g18570                B v -> Y ^    NOR2XL     0.136   1.195    3.828  
      u_account_balance/g18485                -             OAI2BB1X1  0.000   1.195    3.828  
      u_account_balance/g18485                A1N ^ -> Y ^  OAI2BB1X1  0.160   1.355    3.988  
      u_account_balance/g18414                -             NOR3X1     0.000   1.355    3.988  
      u_account_balance/g18414                A ^ -> Y v    NOR3X1     0.051   1.406    4.039  
      u_account_balance/g18399                -             NAND2X1    0.000   1.406    4.039  
      u_account_balance/g18399                B v -> Y ^    NAND2X1    0.059   1.464    4.097  
      u_account_balance/g18380                -             NOR2XL     0.000   1.464    4.097  
      u_account_balance/g18380                A ^ -> Y v    NOR2XL     0.070   1.534    4.167  
      u_account_balance/g2                    -             NOR3BXL    0.000   1.534    4.167  
      u_account_balance/g2                    AN v -> Y v   NOR3BXL    0.102   1.636    4.269  
      u_account_balance/g18370                -             NAND2XL    0.000   1.636    4.269  
      u_account_balance/g18370                A v -> Y ^    NAND2XL    0.091   1.727    4.360  
      u_account_balance/g18369                -             OAI21X2    0.000   1.727    4.360  
      u_account_balance/g18369                A1 ^ -> Y v   OAI21X2    0.093   1.820    4.453  
      u_account_balance/g3607                 -             NOR2XL     0.000   1.820    4.453  
      u_account_balance/g3607                 B v -> Y ^    NOR2XL     0.119   1.939    4.572  
      u_account_balance/g3589                 -             NAND2XL    0.000   1.939    4.572  
      u_account_balance/g3589                 B ^ -> Y v    NAND2XL    0.154   2.093    4.726  
      u_account_balance/g3578                 -             NOR2XL     0.000   2.093    4.726  
      u_account_balance/g3578                 B v -> Y ^    NOR2XL     0.514   2.607    5.240  
      u_account_balance/g3452                 -             AO22XL     0.000   2.607    5.240  
      u_account_balance/g3452                 A0 ^ -> Y ^   AO22XL     0.232   2.839    5.472  
      u_account_balance/balance_db_reg[2][8]  -             DFFQX1     0.000   2.839    5.472  
      ------------------------------------------------------------------------------------------
     Clock Rise Edge                      0.000
     + Source Insertion Delay             0.010
     = Beginpoint Arrival Time            0.010
     Other End Path:
      --------------------------------------------------------------------------------
      Instance                                Arc    Cell    Retime  Arrival  Required  
                                                             Delay   Time     Time  
      --------------------------------------------------------------------------------
      -                                       clk ^  -       -       0.010    -2.623  
      u_account_balance/balance_db_reg[2][8]  -      DFFQX1  0.000   0.010    -2.623  
      --------------------------------------------------------------------------------
Path 38: MET Setup Check with Pin u_account_balance/balance_db_reg[2][7]/CK 
Endpoint:   u_account_balance/balance_db_reg[2][7]/D (^) checked with  leading edge of 'clk'
Beginpoint: u_vehicle_interface/id_to_check_reg[0]/Q (v) triggered by  leading edge of 'clk'
Path Groups: {clk}
Retime Analysis { Data Path-Slew }
Other End Arrival Time          0.010
- Setup                         0.138
+ Phase Shift                   5.600
= Required Time                 5.472
- Arrival Time                  2.839
= Slack Time                    2.633
= Slack Time(original)          2.604
     Clock Rise Edge                      0.000
     + Source Insertion Delay             0.010
     = Beginpoint Arrival Time            0.010
     Timing Path:
      ------------------------------------------------------------------------------------------
      Instance                                Arc           Cell       Retime  Arrival  Required  
                                                                       Delay   Time     Time  
      ------------------------------------------------------------------------------------------
      -                                       clk ^         -          -       0.010    2.643  
      u_vehicle_interface/id_to_check_reg[0]  -             DFFQX4     0.000   0.010    2.643  
      u_vehicle_interface/id_to_check_reg[0]  CK ^ -> Q v   DFFQX4     0.583   0.593    3.226  
      u_account_balance/g18683                -             CLKINVX8   0.000   0.593    3.226  
      u_account_balance/g18683                A v -> Y ^    CLKINVX8   0.115   0.708    3.341  
      u_account_balance/g18631                -             AND2X4     0.000   0.708    3.341  
      u_account_balance/g18631                A ^ -> Y ^    AND2X4     0.280   0.988    3.621  
      u_account_balance/g18626                -             CLKINVX1   0.000   0.988    3.621  
      u_account_balance/g18626                A ^ -> Y v    CLKINVX1   0.071   1.059    3.692  
      u_account_balance/g18570                -             NOR2XL     0.000   1.059    3.692  
      u_account_balance/g18570                B v -> Y ^    NOR2XL     0.136   1.195    3.828  
      u_account_balance/g18485                -             OAI2BB1X1  0.000   1.195    3.828  
      u_account_balance/g18485                A1N ^ -> Y ^  OAI2BB1X1  0.160   1.355    3.988  
      u_account_balance/g18414                -             NOR3X1     0.000   1.355    3.988  
      u_account_balance/g18414                A ^ -> Y v    NOR3X1     0.051   1.406    4.039  
      u_account_balance/g18399                -             NAND2X1    0.000   1.406    4.039  
      u_account_balance/g18399                B v -> Y ^    NAND2X1    0.059   1.464    4.097  
      u_account_balance/g18380                -             NOR2XL     0.000   1.464    4.097  
      u_account_balance/g18380                A ^ -> Y v    NOR2XL     0.070   1.534    4.167  
      u_account_balance/g2                    -             NOR3BXL    0.000   1.534    4.167  
      u_account_balance/g2                    AN v -> Y v   NOR3BXL    0.102   1.636    4.269  
      u_account_balance/g18370                -             NAND2XL    0.000   1.636    4.269  
      u_account_balance/g18370                A v -> Y ^    NAND2XL    0.091   1.727    4.360  
      u_account_balance/g18369                -             OAI21X2    0.000   1.727    4.360  
      u_account_balance/g18369                A1 ^ -> Y v   OAI21X2    0.093   1.820    4.453  
      u_account_balance/g3607                 -             NOR2XL     0.000   1.820    4.453  
      u_account_balance/g3607                 B v -> Y ^    NOR2XL     0.119   1.939    4.572  
      u_account_balance/g3589                 -             NAND2XL    0.000   1.939    4.572  
      u_account_balance/g3589                 B ^ -> Y v    NAND2XL    0.154   2.093    4.726  
      u_account_balance/g3578                 -             NOR2XL     0.000   2.093    4.726  
      u_account_balance/g3578                 B v -> Y ^    NOR2XL     0.514   2.607    5.240  
      u_account_balance/g3451                 -             AO22XL     0.000   2.607    5.240  
      u_account_balance/g3451                 A0 ^ -> Y ^   AO22XL     0.232   2.839    5.472  
      u_account_balance/balance_db_reg[2][7]  -             DFFQX1     0.000   2.839    5.472  
      ------------------------------------------------------------------------------------------
     Clock Rise Edge                      0.000
     + Source Insertion Delay             0.010
     = Beginpoint Arrival Time            0.010
     Other End Path:
      --------------------------------------------------------------------------------
      Instance                                Arc    Cell    Retime  Arrival  Required  
                                                             Delay   Time     Time  
      --------------------------------------------------------------------------------
      -                                       clk ^  -       -       0.010    -2.623  
      u_account_balance/balance_db_reg[2][7]  -      DFFQX1  0.000   0.010    -2.623  
      --------------------------------------------------------------------------------
Path 39: MET Setup Check with Pin u_account_balance/balance_db_reg[2][6]/CK 
Endpoint:   u_account_balance/balance_db_reg[2][6]/D (^) checked with  leading edge of 'clk'
Beginpoint: u_vehicle_interface/id_to_check_reg[0]/Q (v) triggered by  leading edge of 'clk'
Path Groups: {clk}
Retime Analysis { Data Path-Slew }
Other End Arrival Time          0.010
- Setup                         0.138
+ Phase Shift                   5.600
= Required Time                 5.472
- Arrival Time                  2.839
= Slack Time                    2.633
= Slack Time(original)          2.604
     Clock Rise Edge                      0.000
     + Source Insertion Delay             0.010
     = Beginpoint Arrival Time            0.010
     Timing Path:
      ------------------------------------------------------------------------------------------
      Instance                                Arc           Cell       Retime  Arrival  Required  
                                                                       Delay   Time     Time  
      ------------------------------------------------------------------------------------------
      -                                       clk ^         -          -       0.010    2.643  
      u_vehicle_interface/id_to_check_reg[0]  -             DFFQX4     0.000   0.010    2.643  
      u_vehicle_interface/id_to_check_reg[0]  CK ^ -> Q v   DFFQX4     0.583   0.593    3.226  
      u_account_balance/g18683                -             CLKINVX8   0.000   0.593    3.226  
      u_account_balance/g18683                A v -> Y ^    CLKINVX8   0.115   0.708    3.341  
      u_account_balance/g18631                -             AND2X4     0.000   0.708    3.341  
      u_account_balance/g18631                A ^ -> Y ^    AND2X4     0.280   0.988    3.621  
      u_account_balance/g18626                -             CLKINVX1   0.000   0.988    3.621  
      u_account_balance/g18626                A ^ -> Y v    CLKINVX1   0.071   1.059    3.692  
      u_account_balance/g18570                -             NOR2XL     0.000   1.059    3.692  
      u_account_balance/g18570                B v -> Y ^    NOR2XL     0.136   1.195    3.828  
      u_account_balance/g18485                -             OAI2BB1X1  0.000   1.195    3.828  
      u_account_balance/g18485                A1N ^ -> Y ^  OAI2BB1X1  0.160   1.355    3.988  
      u_account_balance/g18414                -             NOR3X1     0.000   1.355    3.988  
      u_account_balance/g18414                A ^ -> Y v    NOR3X1     0.051   1.406    4.039  
      u_account_balance/g18399                -             NAND2X1    0.000   1.406    4.039  
      u_account_balance/g18399                B v -> Y ^    NAND2X1    0.059   1.464    4.097  
      u_account_balance/g18380                -             NOR2XL     0.000   1.464    4.097  
      u_account_balance/g18380                A ^ -> Y v    NOR2XL     0.070   1.534    4.167  
      u_account_balance/g2                    -             NOR3BXL    0.000   1.534    4.167  
      u_account_balance/g2                    AN v -> Y v   NOR3BXL    0.102   1.636    4.269  
      u_account_balance/g18370                -             NAND2XL    0.000   1.636    4.269  
      u_account_balance/g18370                A v -> Y ^    NAND2XL    0.091   1.727    4.360  
      u_account_balance/g18369                -             OAI21X2    0.000   1.727    4.360  
      u_account_balance/g18369                A1 ^ -> Y v   OAI21X2    0.093   1.820    4.453  
      u_account_balance/g3607                 -             NOR2XL     0.000   1.820    4.453  
      u_account_balance/g3607                 B v -> Y ^    NOR2XL     0.119   1.939    4.572  
      u_account_balance/g3589                 -             NAND2XL    0.000   1.939    4.572  
      u_account_balance/g3589                 B ^ -> Y v    NAND2XL    0.154   2.093    4.726  
      u_account_balance/g3578                 -             NOR2XL     0.000   2.093    4.726  
      u_account_balance/g3578                 B v -> Y ^    NOR2XL     0.514   2.607    5.240  
      u_account_balance/g3450                 -             AO22XL     0.000   2.607    5.240  
      u_account_balance/g3450                 A0 ^ -> Y ^   AO22XL     0.232   2.839    5.472  
      u_account_balance/balance_db_reg[2][6]  -             DFFQX1     0.000   2.839    5.472  
      ------------------------------------------------------------------------------------------
     Clock Rise Edge                      0.000
     + Source Insertion Delay             0.010
     = Beginpoint Arrival Time            0.010
     Other End Path:
      --------------------------------------------------------------------------------
      Instance                                Arc    Cell    Retime  Arrival  Required  
                                                             Delay   Time     Time  
      --------------------------------------------------------------------------------
      -                                       clk ^  -       -       0.010    -2.623  
      u_account_balance/balance_db_reg[2][6]  -      DFFQX1  0.000   0.010    -2.623  
      --------------------------------------------------------------------------------
Path 40: MET Setup Check with Pin u_account_balance/balance_db_reg[2][5]/CK 
Endpoint:   u_account_balance/balance_db_reg[2][5]/D (^) checked with  leading edge of 'clk'
Beginpoint: u_vehicle_interface/id_to_check_reg[0]/Q (v) triggered by  leading edge of 'clk'
Path Groups: {clk}
Retime Analysis { Data Path-Slew }
Other End Arrival Time          0.010
- Setup                         0.138
+ Phase Shift                   5.600
= Required Time                 5.472
- Arrival Time                  2.839
= Slack Time                    2.633
= Slack Time(original)          2.604
     Clock Rise Edge                      0.000
     + Source Insertion Delay             0.010
     = Beginpoint Arrival Time            0.010
     Timing Path:
      ------------------------------------------------------------------------------------------
      Instance                                Arc           Cell       Retime  Arrival  Required  
                                                                       Delay   Time     Time  
      ------------------------------------------------------------------------------------------
      -                                       clk ^         -          -       0.010    2.643  
      u_vehicle_interface/id_to_check_reg[0]  -             DFFQX4     0.000   0.010    2.643  
      u_vehicle_interface/id_to_check_reg[0]  CK ^ -> Q v   DFFQX4     0.583   0.593    3.226  
      u_account_balance/g18683                -             CLKINVX8   0.000   0.593    3.226  
      u_account_balance/g18683                A v -> Y ^    CLKINVX8   0.115   0.708    3.341  
      u_account_balance/g18631                -             AND2X4     0.000   0.708    3.341  
      u_account_balance/g18631                A ^ -> Y ^    AND2X4     0.280   0.988    3.621  
      u_account_balance/g18626                -             CLKINVX1   0.000   0.988    3.621  
      u_account_balance/g18626                A ^ -> Y v    CLKINVX1   0.071   1.059    3.692  
      u_account_balance/g18570                -             NOR2XL     0.000   1.059    3.692  
      u_account_balance/g18570                B v -> Y ^    NOR2XL     0.136   1.195    3.828  
      u_account_balance/g18485                -             OAI2BB1X1  0.000   1.195    3.828  
      u_account_balance/g18485                A1N ^ -> Y ^  OAI2BB1X1  0.160   1.355    3.988  
      u_account_balance/g18414                -             NOR3X1     0.000   1.355    3.988  
      u_account_balance/g18414                A ^ -> Y v    NOR3X1     0.051   1.406    4.039  
      u_account_balance/g18399                -             NAND2X1    0.000   1.406    4.039  
      u_account_balance/g18399                B v -> Y ^    NAND2X1    0.059   1.464    4.097  
      u_account_balance/g18380                -             NOR2XL     0.000   1.464    4.097  
      u_account_balance/g18380                A ^ -> Y v    NOR2XL     0.070   1.534    4.167  
      u_account_balance/g2                    -             NOR3BXL    0.000   1.534    4.167  
      u_account_balance/g2                    AN v -> Y v   NOR3BXL    0.102   1.636    4.269  
      u_account_balance/g18370                -             NAND2XL    0.000   1.636    4.269  
      u_account_balance/g18370                A v -> Y ^    NAND2XL    0.091   1.727    4.360  
      u_account_balance/g18369                -             OAI21X2    0.000   1.727    4.360  
      u_account_balance/g18369                A1 ^ -> Y v   OAI21X2    0.093   1.820    4.453  
      u_account_balance/g3607                 -             NOR2XL     0.000   1.820    4.453  
      u_account_balance/g3607                 B v -> Y ^    NOR2XL     0.119   1.939    4.572  
      u_account_balance/g3589                 -             NAND2XL    0.000   1.939    4.572  
      u_account_balance/g3589                 B ^ -> Y v    NAND2XL    0.154   2.093    4.726  
      u_account_balance/g3578                 -             NOR2XL     0.000   2.093    4.726  
      u_account_balance/g3578                 B v -> Y ^    NOR2XL     0.514   2.607    5.240  
      u_account_balance/g3449                 -             AO22XL     0.000   2.607    5.240  
      u_account_balance/g3449                 A0 ^ -> Y ^   AO22XL     0.232   2.839    5.472  
      u_account_balance/balance_db_reg[2][5]  -             DFFQX1     0.000   2.839    5.472  
      ------------------------------------------------------------------------------------------
     Clock Rise Edge                      0.000
     + Source Insertion Delay             0.010
     = Beginpoint Arrival Time            0.010
     Other End Path:
      --------------------------------------------------------------------------------
      Instance                                Arc    Cell    Retime  Arrival  Required  
                                                             Delay   Time     Time  
      --------------------------------------------------------------------------------
      -                                       clk ^  -       -       0.010    -2.623  
      u_account_balance/balance_db_reg[2][5]  -      DFFQX1  0.000   0.010    -2.623  
      --------------------------------------------------------------------------------
Path 41: MET Setup Check with Pin u_account_balance/balance_db_reg[2][4]/CK 
Endpoint:   u_account_balance/balance_db_reg[2][4]/D (^) checked with  leading edge of 'clk'
Beginpoint: u_vehicle_interface/id_to_check_reg[0]/Q (v) triggered by  leading edge of 'clk'
Path Groups: {clk}
Retime Analysis { Data Path-Slew }
Other End Arrival Time          0.010
- Setup                         0.138
+ Phase Shift                   5.600
= Required Time                 5.472
- Arrival Time                  2.839
= Slack Time                    2.633
= Slack Time(original)          2.604
     Clock Rise Edge                      0.000
     + Source Insertion Delay             0.010
     = Beginpoint Arrival Time            0.010
     Timing Path:
      ------------------------------------------------------------------------------------------
      Instance                                Arc           Cell       Retime  Arrival  Required  
                                                                       Delay   Time     Time  
      ------------------------------------------------------------------------------------------
      -                                       clk ^         -          -       0.010    2.643  
      u_vehicle_interface/id_to_check_reg[0]  -             DFFQX4     0.000   0.010    2.643  
      u_vehicle_interface/id_to_check_reg[0]  CK ^ -> Q v   DFFQX4     0.583   0.593    3.226  
      u_account_balance/g18683                -             CLKINVX8   0.000   0.593    3.226  
      u_account_balance/g18683                A v -> Y ^    CLKINVX8   0.115   0.708    3.341  
      u_account_balance/g18631                -             AND2X4     0.000   0.708    3.341  
      u_account_balance/g18631                A ^ -> Y ^    AND2X4     0.280   0.988    3.621  
      u_account_balance/g18626                -             CLKINVX1   0.000   0.988    3.621  
      u_account_balance/g18626                A ^ -> Y v    CLKINVX1   0.071   1.059    3.692  
      u_account_balance/g18570                -             NOR2XL     0.000   1.059    3.692  
      u_account_balance/g18570                B v -> Y ^    NOR2XL     0.136   1.195    3.828  
      u_account_balance/g18485                -             OAI2BB1X1  0.000   1.195    3.828  
      u_account_balance/g18485                A1N ^ -> Y ^  OAI2BB1X1  0.160   1.355    3.988  
      u_account_balance/g18414                -             NOR3X1     0.000   1.355    3.988  
      u_account_balance/g18414                A ^ -> Y v    NOR3X1     0.051   1.406    4.039  
      u_account_balance/g18399                -             NAND2X1    0.000   1.406    4.039  
      u_account_balance/g18399                B v -> Y ^    NAND2X1    0.059   1.464    4.097  
      u_account_balance/g18380                -             NOR2XL     0.000   1.464    4.097  
      u_account_balance/g18380                A ^ -> Y v    NOR2XL     0.070   1.534    4.167  
      u_account_balance/g2                    -             NOR3BXL    0.000   1.534    4.167  
      u_account_balance/g2                    AN v -> Y v   NOR3BXL    0.102   1.636    4.269  
      u_account_balance/g18370                -             NAND2XL    0.000   1.636    4.269  
      u_account_balance/g18370                A v -> Y ^    NAND2XL    0.091   1.727    4.360  
      u_account_balance/g18369                -             OAI21X2    0.000   1.727    4.360  
      u_account_balance/g18369                A1 ^ -> Y v   OAI21X2    0.093   1.820    4.453  
      u_account_balance/g3607                 -             NOR2XL     0.000   1.820    4.453  
      u_account_balance/g3607                 B v -> Y ^    NOR2XL     0.119   1.939    4.572  
      u_account_balance/g3589                 -             NAND2XL    0.000   1.939    4.572  
      u_account_balance/g3589                 B ^ -> Y v    NAND2XL    0.154   2.093    4.726  
      u_account_balance/g3578                 -             NOR2XL     0.000   2.093    4.726  
      u_account_balance/g3578                 B v -> Y ^    NOR2XL     0.514   2.607    5.240  
      u_account_balance/g3448                 -             AO22XL     0.000   2.607    5.240  
      u_account_balance/g3448                 A0 ^ -> Y ^   AO22XL     0.232   2.839    5.472  
      u_account_balance/balance_db_reg[2][4]  -             DFFQX1     0.000   2.839    5.472  
      ------------------------------------------------------------------------------------------
     Clock Rise Edge                      0.000
     + Source Insertion Delay             0.010
     = Beginpoint Arrival Time            0.010
     Other End Path:
      --------------------------------------------------------------------------------
      Instance                                Arc    Cell    Retime  Arrival  Required  
                                                             Delay   Time     Time  
      --------------------------------------------------------------------------------
      -                                       clk ^  -       -       0.010    -2.623  
      u_account_balance/balance_db_reg[2][4]  -      DFFQX1  0.000   0.010    -2.623  
      --------------------------------------------------------------------------------
Path 42: MET Setup Check with Pin u_account_balance/balance_db_reg[2][3]/CK 
Endpoint:   u_account_balance/balance_db_reg[2][3]/D (^) checked with  leading edge of 'clk'
Beginpoint: u_vehicle_interface/id_to_check_reg[0]/Q (v) triggered by  leading edge of 'clk'
Path Groups: {clk}
Retime Analysis { Data Path-Slew }
Other End Arrival Time          0.010
- Setup                         0.138
+ Phase Shift                   5.600
= Required Time                 5.472
- Arrival Time                  2.839
= Slack Time                    2.633
= Slack Time(original)          2.604
     Clock Rise Edge                      0.000
     + Source Insertion Delay             0.010
     = Beginpoint Arrival Time            0.010
     Timing Path:
      ------------------------------------------------------------------------------------------
      Instance                                Arc           Cell       Retime  Arrival  Required  
                                                                       Delay   Time     Time  
      ------------------------------------------------------------------------------------------
      -                                       clk ^         -          -       0.010    2.643  
      u_vehicle_interface/id_to_check_reg[0]  -             DFFQX4     0.000   0.010    2.643  
      u_vehicle_interface/id_to_check_reg[0]  CK ^ -> Q v   DFFQX4     0.583   0.593    3.226  
      u_account_balance/g18683                -             CLKINVX8   0.000   0.593    3.226  
      u_account_balance/g18683                A v -> Y ^    CLKINVX8   0.115   0.708    3.341  
      u_account_balance/g18631                -             AND2X4     0.000   0.708    3.341  
      u_account_balance/g18631                A ^ -> Y ^    AND2X4     0.280   0.988    3.621  
      u_account_balance/g18626                -             CLKINVX1   0.000   0.988    3.621  
      u_account_balance/g18626                A ^ -> Y v    CLKINVX1   0.071   1.059    3.692  
      u_account_balance/g18570                -             NOR2XL     0.000   1.059    3.692  
      u_account_balance/g18570                B v -> Y ^    NOR2XL     0.136   1.195    3.828  
      u_account_balance/g18485                -             OAI2BB1X1  0.000   1.195    3.828  
      u_account_balance/g18485                A1N ^ -> Y ^  OAI2BB1X1  0.160   1.355    3.988  
      u_account_balance/g18414                -             NOR3X1     0.000   1.355    3.988  
      u_account_balance/g18414                A ^ -> Y v    NOR3X1     0.051   1.406    4.039  
      u_account_balance/g18399                -             NAND2X1    0.000   1.406    4.039  
      u_account_balance/g18399                B v -> Y ^    NAND2X1    0.059   1.464    4.097  
      u_account_balance/g18380                -             NOR2XL     0.000   1.464    4.097  
      u_account_balance/g18380                A ^ -> Y v    NOR2XL     0.070   1.534    4.167  
      u_account_balance/g2                    -             NOR3BXL    0.000   1.534    4.167  
      u_account_balance/g2                    AN v -> Y v   NOR3BXL    0.102   1.636    4.269  
      u_account_balance/g18370                -             NAND2XL    0.000   1.636    4.269  
      u_account_balance/g18370                A v -> Y ^    NAND2XL    0.091   1.727    4.360  
      u_account_balance/g18369                -             OAI21X2    0.000   1.727    4.360  
      u_account_balance/g18369                A1 ^ -> Y v   OAI21X2    0.093   1.820    4.453  
      u_account_balance/g3607                 -             NOR2XL     0.000   1.820    4.453  
      u_account_balance/g3607                 B v -> Y ^    NOR2XL     0.119   1.939    4.572  
      u_account_balance/g3589                 -             NAND2XL    0.000   1.939    4.572  
      u_account_balance/g3589                 B ^ -> Y v    NAND2XL    0.154   2.093    4.726  
      u_account_balance/g3578                 -             NOR2XL     0.000   2.093    4.726  
      u_account_balance/g3578                 B v -> Y ^    NOR2XL     0.514   2.607    5.240  
      u_account_balance/g3447                 -             AO22XL     0.000   2.607    5.240  
      u_account_balance/g3447                 A0 ^ -> Y ^   AO22XL     0.232   2.839    5.472  
      u_account_balance/balance_db_reg[2][3]  -             DFFQX1     0.000   2.839    5.472  
      ------------------------------------------------------------------------------------------
     Clock Rise Edge                      0.000
     + Source Insertion Delay             0.010
     = Beginpoint Arrival Time            0.010
     Other End Path:
      --------------------------------------------------------------------------------
      Instance                                Arc    Cell    Retime  Arrival  Required  
                                                             Delay   Time     Time  
      --------------------------------------------------------------------------------
      -                                       clk ^  -       -       0.010    -2.623  
      u_account_balance/balance_db_reg[2][3]  -      DFFQX1  0.000   0.010    -2.623  
      --------------------------------------------------------------------------------
Path 43: MET Setup Check with Pin u_account_balance/balance_db_reg[2][15]/CK 
Endpoint:   u_account_balance/balance_db_reg[2][15]/D (^) checked with  leading edge of 'clk'
Beginpoint: u_vehicle_interface/id_to_check_reg[2]/Q  (v) triggered by  leading edge of 'clk'
Path Groups: {clk}
Retime Analysis { Data Path-Slew }
Other End Arrival Time          0.010
- Setup                         0.138
+ Phase Shift                   5.600
= Required Time                 5.472
- Arrival Time                  2.840
= Slack Time                    2.631
= Slack Time(original)          2.605
     Clock Rise Edge                      0.000
     + Source Insertion Delay             0.010
     = Beginpoint Arrival Time            0.010
     Timing Path:
      -----------------------------------------------------------------------------------------
      Instance                                 Arc          Cell      Retime  Arrival  Required  
                                                                      Delay   Time     Time  
      -----------------------------------------------------------------------------------------
      -                                        clk ^        -         -       0.010    2.641  
      u_vehicle_interface/id_to_check_reg[2]   -            DFFQX1    0.000   0.010    2.641  
      u_vehicle_interface/id_to_check_reg[2]   CK ^ -> Q v  DFFQX1    0.515   0.525    3.157  
      u_account_balance/g18622                 -            OR2X2     0.000   0.525    3.157  
      u_account_balance/g18622                 A v -> Y v   OR2X2     0.287   0.812    3.443  
      u_account_balance/g18617                 -            CLKINVX1  0.000   0.812    3.443  
      u_account_balance/g18617                 A v -> Y ^   CLKINVX1  0.159   0.971    3.602  
      u_account_balance/g18577                 -            NAND2XL   0.000   0.971    3.602  
      u_account_balance/g18577                 B ^ -> Y v   NAND2XL   0.137   1.108    3.739  
      u_account_balance/g18544                 -            INVX1     0.000   1.108    3.739  
      u_account_balance/g18544                 A v -> Y ^   INVX1     0.085   1.192    3.824  
      u_account_balance/g18691                 -            AO22XL    0.000   1.192    3.824  
      u_account_balance/g18691                 A1 ^ -> Y ^  AO22XL    0.169   1.361    3.993  
      u_account_balance/g18414                 -            NOR3X1    0.000   1.361    3.993  
      u_account_balance/g18414                 C ^ -> Y v   NOR3X1    0.048   1.410    4.041  
      u_account_balance/g18399                 -            NAND2X1   0.000   1.410    4.041  
      u_account_balance/g18399                 B v -> Y ^   NAND2X1   0.057   1.466    4.098  
      u_account_balance/g18380                 -            NOR2XL    0.000   1.466    4.098  
      u_account_balance/g18380                 A ^ -> Y v   NOR2XL    0.069   1.536    4.167  
      u_account_balance/g2                     -            NOR3BXL   0.000   1.536    4.167  
      u_account_balance/g2                     AN v -> Y v  NOR3BXL   0.101   1.637    4.269  
      u_account_balance/g18370                 -            NAND2XL   0.000   1.637    4.269  
      u_account_balance/g18370                 A v -> Y ^   NAND2XL   0.091   1.729    4.360  
      u_account_balance/g18369                 -            OAI21X2   0.000   1.729    4.360  
      u_account_balance/g18369                 A1 ^ -> Y v  OAI21X2   0.093   1.822    4.453  
      u_account_balance/g3607                  -            NOR2XL    0.000   1.822    4.453  
      u_account_balance/g3607                  B v -> Y ^   NOR2XL    0.119   1.941    4.572  
      u_account_balance/g3589                  -            NAND2XL   0.000   1.941    4.572  
      u_account_balance/g3589                  B ^ -> Y v   NAND2XL   0.154   2.095    4.726  
      u_account_balance/g3578                  -            NOR2XL    0.000   2.095    4.726  
      u_account_balance/g3578                  B v -> Y ^   NOR2XL    0.514   2.608    5.240  
      u_account_balance/g3335                  -            AO22XL    0.000   2.608    5.240  
      u_account_balance/g3335                  A0 ^ -> Y ^  AO22XL    0.232   2.841    5.472  
      u_account_balance/balance_db_reg[2][15]  -            DFFQX1    0.000   2.841    5.472  
      -----------------------------------------------------------------------------------------
     Clock Rise Edge                      0.000
     + Source Insertion Delay             0.010
     = Beginpoint Arrival Time            0.010
     Other End Path:
      ---------------------------------------------------------------------------------
      Instance                                 Arc    Cell    Retime  Arrival  Required  
                                                              Delay   Time     Time  
      ---------------------------------------------------------------------------------
      -                                        clk ^  -       -       0.010    -2.621  
      u_account_balance/balance_db_reg[2][15]  -      DFFQX1  0.000   0.010    -2.621  
      ---------------------------------------------------------------------------------
Path 44: MET Setup Check with Pin u_account_balance/balance_db_reg[2][14]/CK 
Endpoint:   u_account_balance/balance_db_reg[2][14]/D (^) checked with  leading edge of 'clk'
Beginpoint: u_vehicle_interface/id_to_check_reg[2]/Q  (v) triggered by  leading edge of 'clk'
Path Groups: {clk}
Retime Analysis { Data Path-Slew }
Other End Arrival Time          0.010
- Setup                         0.138
+ Phase Shift                   5.600
= Required Time                 5.472
- Arrival Time                  2.840
= Slack Time                    2.631
= Slack Time(original)          2.605
     Clock Rise Edge                      0.000
     + Source Insertion Delay             0.010
     = Beginpoint Arrival Time            0.010
     Timing Path:
      -----------------------------------------------------------------------------------------
      Instance                                 Arc          Cell      Retime  Arrival  Required  
                                                                      Delay   Time     Time  
      -----------------------------------------------------------------------------------------
      -                                        clk ^        -         -       0.010    2.641  
      u_vehicle_interface/id_to_check_reg[2]   -            DFFQX1    0.000   0.010    2.641  
      u_vehicle_interface/id_to_check_reg[2]   CK ^ -> Q v  DFFQX1    0.515   0.525    3.157  
      u_account_balance/g18622                 -            OR2X2     0.000   0.525    3.157  
      u_account_balance/g18622                 A v -> Y v   OR2X2     0.287   0.812    3.443  
      u_account_balance/g18617                 -            CLKINVX1  0.000   0.812    3.443  
      u_account_balance/g18617                 A v -> Y ^   CLKINVX1  0.159   0.971    3.602  
      u_account_balance/g18577                 -            NAND2XL   0.000   0.971    3.602  
      u_account_balance/g18577                 B ^ -> Y v   NAND2XL   0.137   1.108    3.739  
      u_account_balance/g18544                 -            INVX1     0.000   1.108    3.739  
      u_account_balance/g18544                 A v -> Y ^   INVX1     0.085   1.192    3.824  
      u_account_balance/g18691                 -            AO22XL    0.000   1.192    3.824  
      u_account_balance/g18691                 A1 ^ -> Y ^  AO22XL    0.169   1.361    3.993  
      u_account_balance/g18414                 -            NOR3X1    0.000   1.361    3.993  
      u_account_balance/g18414                 C ^ -> Y v   NOR3X1    0.048   1.410    4.041  
      u_account_balance/g18399                 -            NAND2X1   0.000   1.410    4.041  
      u_account_balance/g18399                 B v -> Y ^   NAND2X1   0.057   1.466    4.098  
      u_account_balance/g18380                 -            NOR2XL    0.000   1.466    4.098  
      u_account_balance/g18380                 A ^ -> Y v   NOR2XL    0.069   1.536    4.167  
      u_account_balance/g2                     -            NOR3BXL   0.000   1.536    4.167  
      u_account_balance/g2                     AN v -> Y v  NOR3BXL   0.101   1.637    4.269  
      u_account_balance/g18370                 -            NAND2XL   0.000   1.637    4.269  
      u_account_balance/g18370                 A v -> Y ^   NAND2XL   0.091   1.729    4.360  
      u_account_balance/g18369                 -            OAI21X2   0.000   1.729    4.360  
      u_account_balance/g18369                 A1 ^ -> Y v  OAI21X2   0.093   1.822    4.453  
      u_account_balance/g3607                  -            NOR2XL    0.000   1.822    4.453  
      u_account_balance/g3607                  B v -> Y ^   NOR2XL    0.119   1.941    4.572  
      u_account_balance/g3589                  -            NAND2XL   0.000   1.941    4.572  
      u_account_balance/g3589                  B ^ -> Y v   NAND2XL   0.154   2.095    4.726  
      u_account_balance/g3578                  -            NOR2XL    0.000   2.095    4.726  
      u_account_balance/g3578                  B v -> Y ^   NOR2XL    0.514   2.608    5.240  
      u_account_balance/g3428                  -            AO22XL    0.000   2.608    5.240  
      u_account_balance/g3428                  A0 ^ -> Y ^  AO22XL    0.232   2.841    5.472  
      u_account_balance/balance_db_reg[2][14]  -            DFFQX1    0.000   2.841    5.472  
      -----------------------------------------------------------------------------------------
     Clock Rise Edge                      0.000
     + Source Insertion Delay             0.010
     = Beginpoint Arrival Time            0.010
     Other End Path:
      ---------------------------------------------------------------------------------
      Instance                                 Arc    Cell    Retime  Arrival  Required  
                                                              Delay   Time     Time  
      ---------------------------------------------------------------------------------
      -                                        clk ^  -       -       0.010    -2.621  
      u_account_balance/balance_db_reg[2][14]  -      DFFQX1  0.000   0.010    -2.621  
      ---------------------------------------------------------------------------------
Path 45: MET Setup Check with Pin u_account_balance/balance_db_reg[2][13]/CK 
Endpoint:   u_account_balance/balance_db_reg[2][13]/D (^) checked with  leading edge of 'clk'
Beginpoint: u_vehicle_interface/id_to_check_reg[2]/Q  (v) triggered by  leading edge of 'clk'
Path Groups: {clk}
Retime Analysis { Data Path-Slew }
Other End Arrival Time          0.010
- Setup                         0.138
+ Phase Shift                   5.600
= Required Time                 5.472
- Arrival Time                  2.840
= Slack Time                    2.631
= Slack Time(original)          2.605
     Clock Rise Edge                      0.000
     + Source Insertion Delay             0.010
     = Beginpoint Arrival Time            0.010
     Timing Path:
      -----------------------------------------------------------------------------------------
      Instance                                 Arc          Cell      Retime  Arrival  Required  
                                                                      Delay   Time     Time  
      -----------------------------------------------------------------------------------------
      -                                        clk ^        -         -       0.010    2.641  
      u_vehicle_interface/id_to_check_reg[2]   -            DFFQX1    0.000   0.010    2.641  
      u_vehicle_interface/id_to_check_reg[2]   CK ^ -> Q v  DFFQX1    0.515   0.525    3.157  
      u_account_balance/g18622                 -            OR2X2     0.000   0.525    3.157  
      u_account_balance/g18622                 A v -> Y v   OR2X2     0.287   0.812    3.443  
      u_account_balance/g18617                 -            CLKINVX1  0.000   0.812    3.443  
      u_account_balance/g18617                 A v -> Y ^   CLKINVX1  0.159   0.971    3.602  
      u_account_balance/g18577                 -            NAND2XL   0.000   0.971    3.602  
      u_account_balance/g18577                 B ^ -> Y v   NAND2XL   0.137   1.108    3.739  
      u_account_balance/g18544                 -            INVX1     0.000   1.108    3.739  
      u_account_balance/g18544                 A v -> Y ^   INVX1     0.085   1.192    3.824  
      u_account_balance/g18691                 -            AO22XL    0.000   1.192    3.824  
      u_account_balance/g18691                 A1 ^ -> Y ^  AO22XL    0.169   1.361    3.993  
      u_account_balance/g18414                 -            NOR3X1    0.000   1.361    3.993  
      u_account_balance/g18414                 C ^ -> Y v   NOR3X1    0.048   1.410    4.041  
      u_account_balance/g18399                 -            NAND2X1   0.000   1.410    4.041  
      u_account_balance/g18399                 B v -> Y ^   NAND2X1   0.057   1.466    4.098  
      u_account_balance/g18380                 -            NOR2XL    0.000   1.466    4.098  
      u_account_balance/g18380                 A ^ -> Y v   NOR2XL    0.069   1.536    4.167  
      u_account_balance/g2                     -            NOR3BXL   0.000   1.536    4.167  
      u_account_balance/g2                     AN v -> Y v  NOR3BXL   0.101   1.637    4.269  
      u_account_balance/g18370                 -            NAND2XL   0.000   1.637    4.269  
      u_account_balance/g18370                 A v -> Y ^   NAND2XL   0.091   1.729    4.360  
      u_account_balance/g18369                 -            OAI21X2   0.000   1.729    4.360  
      u_account_balance/g18369                 A1 ^ -> Y v  OAI21X2   0.093   1.822    4.453  
      u_account_balance/g3607                  -            NOR2XL    0.000   1.822    4.453  
      u_account_balance/g3607                  B v -> Y ^   NOR2XL    0.119   1.941    4.572  
      u_account_balance/g3589                  -            NAND2XL   0.000   1.941    4.572  
      u_account_balance/g3589                  B ^ -> Y v   NAND2XL   0.154   2.095    4.726  
      u_account_balance/g3578                  -            NOR2XL    0.000   2.095    4.726  
      u_account_balance/g3578                  B v -> Y ^   NOR2XL    0.514   2.608    5.240  
      u_account_balance/g3457                  -            AO22XL    0.000   2.608    5.240  
      u_account_balance/g3457                  A0 ^ -> Y ^  AO22XL    0.232   2.841    5.472  
      u_account_balance/balance_db_reg[2][13]  -            DFFQX1    0.000   2.841    5.472  
      -----------------------------------------------------------------------------------------
     Clock Rise Edge                      0.000
     + Source Insertion Delay             0.010
     = Beginpoint Arrival Time            0.010
     Other End Path:
      ---------------------------------------------------------------------------------
      Instance                                 Arc    Cell    Retime  Arrival  Required  
                                                              Delay   Time     Time  
      ---------------------------------------------------------------------------------
      -                                        clk ^  -       -       0.010    -2.621  
      u_account_balance/balance_db_reg[2][13]  -      DFFQX1  0.000   0.010    -2.621  
      ---------------------------------------------------------------------------------
Path 46: MET Setup Check with Pin u_account_balance/balance_db_reg[2][12]/CK 
Endpoint:   u_account_balance/balance_db_reg[2][12]/D (^) checked with  leading edge of 'clk'
Beginpoint: u_vehicle_interface/id_to_check_reg[2]/Q  (v) triggered by  leading edge of 'clk'
Path Groups: {clk}
Retime Analysis { Data Path-Slew }
Other End Arrival Time          0.010
- Setup                         0.138
+ Phase Shift                   5.600
= Required Time                 5.472
- Arrival Time                  2.840
= Slack Time                    2.631
= Slack Time(original)          2.605
     Clock Rise Edge                      0.000
     + Source Insertion Delay             0.010
     = Beginpoint Arrival Time            0.010
     Timing Path:
      -----------------------------------------------------------------------------------------
      Instance                                 Arc          Cell      Retime  Arrival  Required  
                                                                      Delay   Time     Time  
      -----------------------------------------------------------------------------------------
      -                                        clk ^        -         -       0.010    2.641  
      u_vehicle_interface/id_to_check_reg[2]   -            DFFQX1    0.000   0.010    2.641  
      u_vehicle_interface/id_to_check_reg[2]   CK ^ -> Q v  DFFQX1    0.515   0.525    3.157  
      u_account_balance/g18622                 -            OR2X2     0.000   0.525    3.157  
      u_account_balance/g18622                 A v -> Y v   OR2X2     0.287   0.812    3.443  
      u_account_balance/g18617                 -            CLKINVX1  0.000   0.812    3.443  
      u_account_balance/g18617                 A v -> Y ^   CLKINVX1  0.159   0.971    3.602  
      u_account_balance/g18577                 -            NAND2XL   0.000   0.971    3.602  
      u_account_balance/g18577                 B ^ -> Y v   NAND2XL   0.137   1.108    3.739  
      u_account_balance/g18544                 -            INVX1     0.000   1.108    3.739  
      u_account_balance/g18544                 A v -> Y ^   INVX1     0.085   1.192    3.824  
      u_account_balance/g18691                 -            AO22XL    0.000   1.192    3.824  
      u_account_balance/g18691                 A1 ^ -> Y ^  AO22XL    0.169   1.361    3.993  
      u_account_balance/g18414                 -            NOR3X1    0.000   1.361    3.993  
      u_account_balance/g18414                 C ^ -> Y v   NOR3X1    0.048   1.410    4.041  
      u_account_balance/g18399                 -            NAND2X1   0.000   1.410    4.041  
      u_account_balance/g18399                 B v -> Y ^   NAND2X1   0.057   1.466    4.098  
      u_account_balance/g18380                 -            NOR2XL    0.000   1.466    4.098  
      u_account_balance/g18380                 A ^ -> Y v   NOR2XL    0.069   1.536    4.167  
      u_account_balance/g2                     -            NOR3BXL   0.000   1.536    4.167  
      u_account_balance/g2                     AN v -> Y v  NOR3BXL   0.101   1.637    4.269  
      u_account_balance/g18370                 -            NAND2XL   0.000   1.637    4.269  
      u_account_balance/g18370                 A v -> Y ^   NAND2XL   0.091   1.729    4.360  
      u_account_balance/g18369                 -            OAI21X2   0.000   1.729    4.360  
      u_account_balance/g18369                 A1 ^ -> Y v  OAI21X2   0.093   1.822    4.453  
      u_account_balance/g3607                  -            NOR2XL    0.000   1.822    4.453  
      u_account_balance/g3607                  B v -> Y ^   NOR2XL    0.119   1.941    4.572  
      u_account_balance/g3589                  -            NAND2XL   0.000   1.941    4.572  
      u_account_balance/g3589                  B ^ -> Y v   NAND2XL   0.154   2.095    4.726  
      u_account_balance/g3578                  -            NOR2XL    0.000   2.095    4.726  
      u_account_balance/g3578                  B v -> Y ^   NOR2XL    0.514   2.608    5.240  
      u_account_balance/g3456                  -            AO22XL    0.000   2.608    5.240  
      u_account_balance/g3456                  A0 ^ -> Y ^  AO22XL    0.232   2.841    5.472  
      u_account_balance/balance_db_reg[2][12]  -            DFFQX1    0.000   2.841    5.472  
      -----------------------------------------------------------------------------------------
     Clock Rise Edge                      0.000
     + Source Insertion Delay             0.010
     = Beginpoint Arrival Time            0.010
     Other End Path:
      ---------------------------------------------------------------------------------
      Instance                                 Arc    Cell    Retime  Arrival  Required  
                                                              Delay   Time     Time  
      ---------------------------------------------------------------------------------
      -                                        clk ^  -       -       0.010    -2.621  
      u_account_balance/balance_db_reg[2][12]  -      DFFQX1  0.000   0.010    -2.621  
      ---------------------------------------------------------------------------------
Path 47: MET Setup Check with Pin u_account_balance/balance_db_reg[2][11]/CK 
Endpoint:   u_account_balance/balance_db_reg[2][11]/D (^) checked with  leading edge of 'clk'
Beginpoint: u_vehicle_interface/id_to_check_reg[2]/Q  (v) triggered by  leading edge of 'clk'
Path Groups: {clk}
Retime Analysis { Data Path-Slew }
Other End Arrival Time          0.010
- Setup                         0.138
+ Phase Shift                   5.600
= Required Time                 5.472
- Arrival Time                  2.840
= Slack Time                    2.631
= Slack Time(original)          2.605
     Clock Rise Edge                      0.000
     + Source Insertion Delay             0.010
     = Beginpoint Arrival Time            0.010
     Timing Path:
      -----------------------------------------------------------------------------------------
      Instance                                 Arc          Cell      Retime  Arrival  Required  
                                                                      Delay   Time     Time  
      -----------------------------------------------------------------------------------------
      -                                        clk ^        -         -       0.010    2.641  
      u_vehicle_interface/id_to_check_reg[2]   -            DFFQX1    0.000   0.010    2.641  
      u_vehicle_interface/id_to_check_reg[2]   CK ^ -> Q v  DFFQX1    0.515   0.525    3.157  
      u_account_balance/g18622                 -            OR2X2     0.000   0.525    3.157  
      u_account_balance/g18622                 A v -> Y v   OR2X2     0.287   0.812    3.443  
      u_account_balance/g18617                 -            CLKINVX1  0.000   0.812    3.443  
      u_account_balance/g18617                 A v -> Y ^   CLKINVX1  0.159   0.971    3.602  
      u_account_balance/g18577                 -            NAND2XL   0.000   0.971    3.602  
      u_account_balance/g18577                 B ^ -> Y v   NAND2XL   0.137   1.108    3.739  
      u_account_balance/g18544                 -            INVX1     0.000   1.108    3.739  
      u_account_balance/g18544                 A v -> Y ^   INVX1     0.085   1.192    3.824  
      u_account_balance/g18691                 -            AO22XL    0.000   1.192    3.824  
      u_account_balance/g18691                 A1 ^ -> Y ^  AO22XL    0.169   1.361    3.993  
      u_account_balance/g18414                 -            NOR3X1    0.000   1.361    3.993  
      u_account_balance/g18414                 C ^ -> Y v   NOR3X1    0.048   1.410    4.041  
      u_account_balance/g18399                 -            NAND2X1   0.000   1.410    4.041  
      u_account_balance/g18399                 B v -> Y ^   NAND2X1   0.057   1.466    4.098  
      u_account_balance/g18380                 -            NOR2XL    0.000   1.466    4.098  
      u_account_balance/g18380                 A ^ -> Y v   NOR2XL    0.069   1.536    4.167  
      u_account_balance/g2                     -            NOR3BXL   0.000   1.536    4.167  
      u_account_balance/g2                     AN v -> Y v  NOR3BXL   0.101   1.637    4.269  
      u_account_balance/g18370                 -            NAND2XL   0.000   1.637    4.269  
      u_account_balance/g18370                 A v -> Y ^   NAND2XL   0.091   1.729    4.360  
      u_account_balance/g18369                 -            OAI21X2   0.000   1.729    4.360  
      u_account_balance/g18369                 A1 ^ -> Y v  OAI21X2   0.093   1.822    4.453  
      u_account_balance/g3607                  -            NOR2XL    0.000   1.822    4.453  
      u_account_balance/g3607                  B v -> Y ^   NOR2XL    0.119   1.941    4.572  
      u_account_balance/g3589                  -            NAND2XL   0.000   1.941    4.572  
      u_account_balance/g3589                  B ^ -> Y v   NAND2XL   0.154   2.095    4.726  
      u_account_balance/g3578                  -            NOR2XL    0.000   2.095    4.726  
      u_account_balance/g3578                  B v -> Y ^   NOR2XL    0.514   2.608    5.240  
      u_account_balance/g3455                  -            AO22XL    0.000   2.608    5.240  
      u_account_balance/g3455                  A0 ^ -> Y ^  AO22XL    0.232   2.841    5.472  
      u_account_balance/balance_db_reg[2][11]  -            DFFQX1    0.000   2.841    5.472  
      -----------------------------------------------------------------------------------------
     Clock Rise Edge                      0.000
     + Source Insertion Delay             0.010
     = Beginpoint Arrival Time            0.010
     Other End Path:
      ---------------------------------------------------------------------------------
      Instance                                 Arc    Cell    Retime  Arrival  Required  
                                                              Delay   Time     Time  
      ---------------------------------------------------------------------------------
      -                                        clk ^  -       -       0.010    -2.621  
      u_account_balance/balance_db_reg[2][11]  -      DFFQX1  0.000   0.010    -2.621  
      ---------------------------------------------------------------------------------
Path 48: MET Setup Check with Pin u_account_balance/balance_db_reg[2][10]/CK 
Endpoint:   u_account_balance/balance_db_reg[2][10]/D (^) checked with  leading edge of 'clk'
Beginpoint: u_vehicle_interface/id_to_check_reg[2]/Q  (v) triggered by  leading edge of 'clk'
Path Groups: {clk}
Retime Analysis { Data Path-Slew }
Other End Arrival Time          0.010
- Setup                         0.138
+ Phase Shift                   5.600
= Required Time                 5.472
- Arrival Time                  2.840
= Slack Time                    2.631
= Slack Time(original)          2.605
     Clock Rise Edge                      0.000
     + Source Insertion Delay             0.010
     = Beginpoint Arrival Time            0.010
     Timing Path:
      -----------------------------------------------------------------------------------------
      Instance                                 Arc          Cell      Retime  Arrival  Required  
                                                                      Delay   Time     Time  
      -----------------------------------------------------------------------------------------
      -                                        clk ^        -         -       0.010    2.641  
      u_vehicle_interface/id_to_check_reg[2]   -            DFFQX1    0.000   0.010    2.641  
      u_vehicle_interface/id_to_check_reg[2]   CK ^ -> Q v  DFFQX1    0.515   0.525    3.157  
      u_account_balance/g18622                 -            OR2X2     0.000   0.525    3.157  
      u_account_balance/g18622                 A v -> Y v   OR2X2     0.287   0.812    3.443  
      u_account_balance/g18617                 -            CLKINVX1  0.000   0.812    3.443  
      u_account_balance/g18617                 A v -> Y ^   CLKINVX1  0.159   0.971    3.602  
      u_account_balance/g18577                 -            NAND2XL   0.000   0.971    3.602  
      u_account_balance/g18577                 B ^ -> Y v   NAND2XL   0.137   1.108    3.739  
      u_account_balance/g18544                 -            INVX1     0.000   1.108    3.739  
      u_account_balance/g18544                 A v -> Y ^   INVX1     0.085   1.192    3.824  
      u_account_balance/g18691                 -            AO22XL    0.000   1.192    3.824  
      u_account_balance/g18691                 A1 ^ -> Y ^  AO22XL    0.169   1.361    3.993  
      u_account_balance/g18414                 -            NOR3X1    0.000   1.361    3.993  
      u_account_balance/g18414                 C ^ -> Y v   NOR3X1    0.048   1.410    4.041  
      u_account_balance/g18399                 -            NAND2X1   0.000   1.410    4.041  
      u_account_balance/g18399                 B v -> Y ^   NAND2X1   0.057   1.466    4.098  
      u_account_balance/g18380                 -            NOR2XL    0.000   1.466    4.098  
      u_account_balance/g18380                 A ^ -> Y v   NOR2XL    0.069   1.536    4.167  
      u_account_balance/g2                     -            NOR3BXL   0.000   1.536    4.167  
      u_account_balance/g2                     AN v -> Y v  NOR3BXL   0.101   1.637    4.269  
      u_account_balance/g18370                 -            NAND2XL   0.000   1.637    4.269  
      u_account_balance/g18370                 A v -> Y ^   NAND2XL   0.091   1.729    4.360  
      u_account_balance/g18369                 -            OAI21X2   0.000   1.729    4.360  
      u_account_balance/g18369                 A1 ^ -> Y v  OAI21X2   0.093   1.822    4.453  
      u_account_balance/g3607                  -            NOR2XL    0.000   1.822    4.453  
      u_account_balance/g3607                  B v -> Y ^   NOR2XL    0.119   1.941    4.572  
      u_account_balance/g3589                  -            NAND2XL   0.000   1.941    4.572  
      u_account_balance/g3589                  B ^ -> Y v   NAND2XL   0.154   2.095    4.726  
      u_account_balance/g3578                  -            NOR2XL    0.000   2.095    4.726  
      u_account_balance/g3578                  B v -> Y ^   NOR2XL    0.514   2.608    5.240  
      u_account_balance/g3454                  -            AO22XL    0.000   2.608    5.240  
      u_account_balance/g3454                  A0 ^ -> Y ^  AO22XL    0.232   2.841    5.472  
      u_account_balance/balance_db_reg[2][10]  -            DFFQX1    0.000   2.841    5.472  
      -----------------------------------------------------------------------------------------
     Clock Rise Edge                      0.000
     + Source Insertion Delay             0.010
     = Beginpoint Arrival Time            0.010
     Other End Path:
      ---------------------------------------------------------------------------------
      Instance                                 Arc    Cell    Retime  Arrival  Required  
                                                              Delay   Time     Time  
      ---------------------------------------------------------------------------------
      -                                        clk ^  -       -       0.010    -2.621  
      u_account_balance/balance_db_reg[2][10]  -      DFFQX1  0.000   0.010    -2.621  
      ---------------------------------------------------------------------------------
Path 49: MET Setup Check with Pin u_account_balance/balance_db_reg[2][9]/CK 
Endpoint:   u_account_balance/balance_db_reg[2][9]/D (^) checked with  leading edge of 'clk'
Beginpoint: u_vehicle_interface/id_to_check_reg[2]/Q (v) triggered by  leading edge of 'clk'
Path Groups: {clk}
Retime Analysis { Data Path-Slew }
Other End Arrival Time          0.010
- Setup                         0.138
+ Phase Shift                   5.600
= Required Time                 5.472
- Arrival Time                  2.840
= Slack Time                    2.631
= Slack Time(original)          2.605
     Clock Rise Edge                      0.000
     + Source Insertion Delay             0.010
     = Beginpoint Arrival Time            0.010
     Timing Path:
      ----------------------------------------------------------------------------------------
      Instance                                Arc          Cell      Retime  Arrival  Required  
                                                                     Delay   Time     Time  
      ----------------------------------------------------------------------------------------
      -                                       clk ^        -         -       0.010    2.641  
      u_vehicle_interface/id_to_check_reg[2]  -            DFFQX1    0.000   0.010    2.641  
      u_vehicle_interface/id_to_check_reg[2]  CK ^ -> Q v  DFFQX1    0.515   0.525    3.157  
      u_account_balance/g18622                -            OR2X2     0.000   0.525    3.157  
      u_account_balance/g18622                A v -> Y v   OR2X2     0.287   0.812    3.443  
      u_account_balance/g18617                -            CLKINVX1  0.000   0.812    3.443  
      u_account_balance/g18617                A v -> Y ^   CLKINVX1  0.159   0.971    3.602  
      u_account_balance/g18577                -            NAND2XL   0.000   0.971    3.602  
      u_account_balance/g18577                B ^ -> Y v   NAND2XL   0.137   1.108    3.739  
      u_account_balance/g18544                -            INVX1     0.000   1.108    3.739  
      u_account_balance/g18544                A v -> Y ^   INVX1     0.085   1.192    3.824  
      u_account_balance/g18691                -            AO22XL    0.000   1.192    3.824  
      u_account_balance/g18691                A1 ^ -> Y ^  AO22XL    0.169   1.361    3.993  
      u_account_balance/g18414                -            NOR3X1    0.000   1.361    3.993  
      u_account_balance/g18414                C ^ -> Y v   NOR3X1    0.048   1.410    4.041  
      u_account_balance/g18399                -            NAND2X1   0.000   1.410    4.041  
      u_account_balance/g18399                B v -> Y ^   NAND2X1   0.057   1.466    4.098  
      u_account_balance/g18380                -            NOR2XL    0.000   1.466    4.098  
      u_account_balance/g18380                A ^ -> Y v   NOR2XL    0.069   1.536    4.167  
      u_account_balance/g2                    -            NOR3BXL   0.000   1.536    4.167  
      u_account_balance/g2                    AN v -> Y v  NOR3BXL   0.101   1.637    4.269  
      u_account_balance/g18370                -            NAND2XL   0.000   1.637    4.269  
      u_account_balance/g18370                A v -> Y ^   NAND2XL   0.091   1.729    4.360  
      u_account_balance/g18369                -            OAI21X2   0.000   1.729    4.360  
      u_account_balance/g18369                A1 ^ -> Y v  OAI21X2   0.093   1.822    4.453  
      u_account_balance/g3607                 -            NOR2XL    0.000   1.822    4.453  
      u_account_balance/g3607                 B v -> Y ^   NOR2XL    0.119   1.941    4.572  
      u_account_balance/g3589                 -            NAND2XL   0.000   1.941    4.572  
      u_account_balance/g3589                 B ^ -> Y v   NAND2XL   0.154   2.095    4.726  
      u_account_balance/g3578                 -            NOR2XL    0.000   2.095    4.726  
      u_account_balance/g3578                 B v -> Y ^   NOR2XL    0.514   2.608    5.240  
      u_account_balance/g3453                 -            AO22XL    0.000   2.608    5.240  
      u_account_balance/g3453                 A0 ^ -> Y ^  AO22XL    0.232   2.841    5.472  
      u_account_balance/balance_db_reg[2][9]  -            DFFQX1    0.000   2.841    5.472  
      ----------------------------------------------------------------------------------------
     Clock Rise Edge                      0.000
     + Source Insertion Delay             0.010
     = Beginpoint Arrival Time            0.010
     Other End Path:
      --------------------------------------------------------------------------------
      Instance                                Arc    Cell    Retime  Arrival  Required  
                                                             Delay   Time     Time  
      --------------------------------------------------------------------------------
      -                                       clk ^  -       -       0.010    -2.621  
      u_account_balance/balance_db_reg[2][9]  -      DFFQX1  0.000   0.010    -2.621  
      --------------------------------------------------------------------------------
Path 50: MET Setup Check with Pin u_account_balance/balance_db_reg[2][8]/CK 
Endpoint:   u_account_balance/balance_db_reg[2][8]/D (^) checked with  leading edge of 'clk'
Beginpoint: u_vehicle_interface/id_to_check_reg[2]/Q (v) triggered by  leading edge of 'clk'
Path Groups: {clk}
Retime Analysis { Data Path-Slew }
Other End Arrival Time          0.010
- Setup                         0.138
+ Phase Shift                   5.600
= Required Time                 5.472
- Arrival Time                  2.840
= Slack Time                    2.631
= Slack Time(original)          2.605
     Clock Rise Edge                      0.000
     + Source Insertion Delay             0.010
     = Beginpoint Arrival Time            0.010
     Timing Path:
      ----------------------------------------------------------------------------------------
      Instance                                Arc          Cell      Retime  Arrival  Required  
                                                                     Delay   Time     Time  
      ----------------------------------------------------------------------------------------
      -                                       clk ^        -         -       0.010    2.641  
      u_vehicle_interface/id_to_check_reg[2]  -            DFFQX1    0.000   0.010    2.641  
      u_vehicle_interface/id_to_check_reg[2]  CK ^ -> Q v  DFFQX1    0.515   0.525    3.157  
      u_account_balance/g18622                -            OR2X2     0.000   0.525    3.157  
      u_account_balance/g18622                A v -> Y v   OR2X2     0.287   0.812    3.443  
      u_account_balance/g18617                -            CLKINVX1  0.000   0.812    3.443  
      u_account_balance/g18617                A v -> Y ^   CLKINVX1  0.159   0.971    3.602  
      u_account_balance/g18577                -            NAND2XL   0.000   0.971    3.602  
      u_account_balance/g18577                B ^ -> Y v   NAND2XL   0.137   1.108    3.739  
      u_account_balance/g18544                -            INVX1     0.000   1.108    3.739  
      u_account_balance/g18544                A v -> Y ^   INVX1     0.085   1.192    3.824  
      u_account_balance/g18691                -            AO22XL    0.000   1.192    3.824  
      u_account_balance/g18691                A1 ^ -> Y ^  AO22XL    0.169   1.361    3.993  
      u_account_balance/g18414                -            NOR3X1    0.000   1.361    3.993  
      u_account_balance/g18414                C ^ -> Y v   NOR3X1    0.048   1.410    4.041  
      u_account_balance/g18399                -            NAND2X1   0.000   1.410    4.041  
      u_account_balance/g18399                B v -> Y ^   NAND2X1   0.057   1.466    4.098  
      u_account_balance/g18380                -            NOR2XL    0.000   1.466    4.098  
      u_account_balance/g18380                A ^ -> Y v   NOR2XL    0.069   1.536    4.167  
      u_account_balance/g2                    -            NOR3BXL   0.000   1.536    4.167  
      u_account_balance/g2                    AN v -> Y v  NOR3BXL   0.101   1.637    4.269  
      u_account_balance/g18370                -            NAND2XL   0.000   1.637    4.269  
      u_account_balance/g18370                A v -> Y ^   NAND2XL   0.091   1.729    4.360  
      u_account_balance/g18369                -            OAI21X2   0.000   1.729    4.360  
      u_account_balance/g18369                A1 ^ -> Y v  OAI21X2   0.093   1.822    4.453  
      u_account_balance/g3607                 -            NOR2XL    0.000   1.822    4.453  
      u_account_balance/g3607                 B v -> Y ^   NOR2XL    0.119   1.941    4.572  
      u_account_balance/g3589                 -            NAND2XL   0.000   1.941    4.572  
      u_account_balance/g3589                 B ^ -> Y v   NAND2XL   0.154   2.095    4.726  
      u_account_balance/g3578                 -            NOR2XL    0.000   2.095    4.726  
      u_account_balance/g3578                 B v -> Y ^   NOR2XL    0.514   2.608    5.240  
      u_account_balance/g3452                 -            AO22XL    0.000   2.608    5.240  
      u_account_balance/g3452                 A0 ^ -> Y ^  AO22XL    0.232   2.841    5.472  
      u_account_balance/balance_db_reg[2][8]  -            DFFQX1    0.000   2.841    5.472  
      ----------------------------------------------------------------------------------------
     Clock Rise Edge                      0.000
     + Source Insertion Delay             0.010
     = Beginpoint Arrival Time            0.010
     Other End Path:
      --------------------------------------------------------------------------------
      Instance                                Arc    Cell    Retime  Arrival  Required  
                                                             Delay   Time     Time  
      --------------------------------------------------------------------------------
      -                                       clk ^  -       -       0.010    -2.621  
      u_account_balance/balance_db_reg[2][8]  -      DFFQX1  0.000   0.010    -2.621  
      --------------------------------------------------------------------------------

