###############################################################
#  Generated by:      Cadence Tempus 20.10-p003_1
#  OS:                Linux x86_64(Host ID edatools-server2.iiitd.edu.in)
#  Generated on:      Sat Oct 11 20:42:07 2025
#  Design:            toll_gate
#  Command:           report_timing -retime path_slew_propagation -max_path 50 -nworst 50 -path_type full_clock > $report_dir/pba_area.rpt
###############################################################
Path 1: MET Setup Check with Pin u_account_balance/balance_db_reg[9][15]/CK 
Endpoint:   u_account_balance/balance_db_reg[9][15]/SE (^) checked with  leading edge of 'clk'
Beginpoint: u_vehicle_interface/id_to_check_reg[3]/Q   (v) triggered by  leading edge of 'clk'
Path Groups: {clk}
Retime Analysis { Data Path-Slew }
Other End Arrival Time          0.010
- Setup                         0.301
+ Phase Shift                   8.000
= Required Time                 7.709
- Arrival Time                  4.437
= Slack Time                    3.272
= Slack Time(original)          3.183
     Clock Rise Edge                      0.000
     + Source Insertion Delay             0.010
     = Beginpoint Arrival Time            0.010
     Timing Path:
      -----------------------------------------------------------------------------------------
      Instance                                 Arc          Cell      Retime  Arrival  Required  
                                                                      Delay   Time     Time  
      -----------------------------------------------------------------------------------------
      -                                        clk ^        -         -       0.010    3.282  
      u_vehicle_interface/id_to_check_reg[3]   -            SDFFQX1   0.000   0.010    3.282  
      u_vehicle_interface/id_to_check_reg[3]   CK ^ -> Q v  SDFFQX1   0.486   0.496    3.767  
      u_account_balance/g11418                 -            CLKINVX1  0.000   0.496    3.767  
      u_account_balance/g11418                 A v -> Y ^   CLKINVX1  0.151   0.647    3.919  
      u_account_balance/g11413                 -            NAND2XL   0.000   0.647    3.919  
      u_account_balance/g11413                 B ^ -> Y v   NAND2XL   0.324   0.971    4.243  
      u_account_balance/g11377                 -            NOR2XL    0.000   0.971    4.243  
      u_account_balance/g11377                 B v -> Y ^   NOR2XL    0.632   1.603    4.875  
      u_account_balance/g11313                 -            AOI22XL   0.000   1.603    4.875  
      u_account_balance/g11313                 B0 ^ -> Y v  AOI22XL   0.121   1.724    4.996  
      u_account_balance/g11257                 -            NAND2XL   0.000   1.724    4.996  
      u_account_balance/g11257                 A v -> Y ^   NAND2XL   0.110   1.834    5.106  
      u_account_balance/g11219                 -            AOI211X1  0.000   1.834    5.106  
      u_account_balance/g11219                 C0 ^ -> Y v  AOI211X1  0.055   1.889    5.161  
      u_account_balance/g11213                 -            NAND3X1   0.000   1.889    5.161  
      u_account_balance/g11213                 C v -> Y ^   NAND3X1   0.119   2.008    5.280  
      u_account_balance/g11209                 -            NOR2XL    0.000   2.008    5.280  
      u_account_balance/g11209                 B ^ -> Y v   NOR2XL    0.104   2.112    5.384  
      u_account_balance/g11207                 -            NOR2XL    0.000   2.112    5.384  
      u_account_balance/g11207                 B v -> Y ^   NOR2XL    0.257   2.369    5.641  
      u_account_balance/g11205                 -            NOR4BX1   0.000   2.369    5.641  
      u_account_balance/g11205                 D ^ -> Y v   NOR4BX1   0.102   2.472    5.743  
      u_account_balance/g11201                 -            NAND2XL   0.000   2.472    5.743  
      u_account_balance/g11201                 B v -> Y ^   NAND2XL   0.126   2.597    5.869  
      u_account_balance/g11197                 -            NOR2XL    0.000   2.597    5.869  
      u_account_balance/g11197                 B ^ -> Y v   NOR2XL    0.121   2.719    5.991  
      u_account_balance/g11195                 -            NAND3X1   0.000   2.719    5.991  
      u_account_balance/g11195                 C v -> Y ^   NAND3X1   0.114   2.833    6.104  
      u_account_balance/g11189                 -            OR2X1     0.000   2.833    6.104  
      u_account_balance/g11189                 B ^ -> Y ^   OR2X1     0.116   2.948    6.220  
      u_account_balance/g11186                 -            NAND2XL   0.000   2.948    6.220  
      u_account_balance/g11186                 B ^ -> Y v   NAND2XL   0.165   3.113    6.385  
      u_account_balance/g11185                 -            NAND2BX1  0.000   3.113    6.385  
      u_account_balance/g11185                 AN v -> Y v  NAND2BX1  0.181   3.294    6.566  
      u_account_balance/g11178                 -            NOR2XL    0.000   3.294    6.566  
      u_account_balance/g11178                 B v -> Y ^   NOR2XL    0.221   3.515    6.787  
      u_account_balance/g11171                 -            NAND2XL   0.000   3.515    6.787  
      u_account_balance/g11171                 B ^ -> Y v   NAND2XL   0.216   3.731    7.003  
      u_account_balance/g11164                 -            NOR2X1    0.000   3.731    7.003  
      u_account_balance/g11164                 B v -> Y ^   NOR2X1    0.706   4.437    7.709  
      u_account_balance/balance_db_reg[9][15]  -            SDFFQX1   0.000   4.437    7.709  
      -----------------------------------------------------------------------------------------
     Clock Rise Edge                      0.000
     + Source Insertion Delay             0.010
     = Beginpoint Arrival Time            0.010
     Other End Path:
      ----------------------------------------------------------------------------------
      Instance                                 Arc    Cell     Retime  Arrival  Required  
                                                               Delay   Time     Time  
      ----------------------------------------------------------------------------------
      -                                        clk ^  -        -       0.010    -3.262  
      u_account_balance/balance_db_reg[9][15]  -      SDFFQX1  0.000   0.010    -3.262  
      ----------------------------------------------------------------------------------
Path 2: MET Setup Check with Pin u_account_balance/balance_db_reg[9][14]/CK 
Endpoint:   u_account_balance/balance_db_reg[9][14]/SE (^) checked with  leading edge of 'clk'
Beginpoint: u_vehicle_interface/id_to_check_reg[3]/Q   (v) triggered by  leading edge of 'clk'
Path Groups: {clk}
Retime Analysis { Data Path-Slew }
Other End Arrival Time          0.010
- Setup                         0.301
+ Phase Shift                   8.000
= Required Time                 7.709
- Arrival Time                  4.437
= Slack Time                    3.272
= Slack Time(original)          3.183
     Clock Rise Edge                      0.000
     + Source Insertion Delay             0.010
     = Beginpoint Arrival Time            0.010
     Timing Path:
      -----------------------------------------------------------------------------------------
      Instance                                 Arc          Cell      Retime  Arrival  Required  
                                                                      Delay   Time     Time  
      -----------------------------------------------------------------------------------------
      -                                        clk ^        -         -       0.010    3.282  
      u_vehicle_interface/id_to_check_reg[3]   -            SDFFQX1   0.000   0.010    3.282  
      u_vehicle_interface/id_to_check_reg[3]   CK ^ -> Q v  SDFFQX1   0.486   0.496    3.767  
      u_account_balance/g11418                 -            CLKINVX1  0.000   0.496    3.767  
      u_account_balance/g11418                 A v -> Y ^   CLKINVX1  0.151   0.647    3.919  
      u_account_balance/g11413                 -            NAND2XL   0.000   0.647    3.919  
      u_account_balance/g11413                 B ^ -> Y v   NAND2XL   0.324   0.971    4.243  
      u_account_balance/g11377                 -            NOR2XL    0.000   0.971    4.243  
      u_account_balance/g11377                 B v -> Y ^   NOR2XL    0.632   1.603    4.875  
      u_account_balance/g11313                 -            AOI22XL   0.000   1.603    4.875  
      u_account_balance/g11313                 B0 ^ -> Y v  AOI22XL   0.121   1.724    4.996  
      u_account_balance/g11257                 -            NAND2XL   0.000   1.724    4.996  
      u_account_balance/g11257                 A v -> Y ^   NAND2XL   0.110   1.834    5.106  
      u_account_balance/g11219                 -            AOI211X1  0.000   1.834    5.106  
      u_account_balance/g11219                 C0 ^ -> Y v  AOI211X1  0.055   1.889    5.161  
      u_account_balance/g11213                 -            NAND3X1   0.000   1.889    5.161  
      u_account_balance/g11213                 C v -> Y ^   NAND3X1   0.119   2.008    5.280  
      u_account_balance/g11209                 -            NOR2XL    0.000   2.008    5.280  
      u_account_balance/g11209                 B ^ -> Y v   NOR2XL    0.104   2.112    5.384  
      u_account_balance/g11207                 -            NOR2XL    0.000   2.112    5.384  
      u_account_balance/g11207                 B v -> Y ^   NOR2XL    0.257   2.369    5.641  
      u_account_balance/g11205                 -            NOR4BX1   0.000   2.369    5.641  
      u_account_balance/g11205                 D ^ -> Y v   NOR4BX1   0.102   2.472    5.743  
      u_account_balance/g11201                 -            NAND2XL   0.000   2.472    5.743  
      u_account_balance/g11201                 B v -> Y ^   NAND2XL   0.126   2.597    5.869  
      u_account_balance/g11197                 -            NOR2XL    0.000   2.597    5.869  
      u_account_balance/g11197                 B ^ -> Y v   NOR2XL    0.121   2.719    5.991  
      u_account_balance/g11195                 -            NAND3X1   0.000   2.719    5.991  
      u_account_balance/g11195                 C v -> Y ^   NAND3X1   0.114   2.833    6.104  
      u_account_balance/g11189                 -            OR2X1     0.000   2.833    6.104  
      u_account_balance/g11189                 B ^ -> Y ^   OR2X1     0.116   2.948    6.220  
      u_account_balance/g11186                 -            NAND2XL   0.000   2.948    6.220  
      u_account_balance/g11186                 B ^ -> Y v   NAND2XL   0.165   3.113    6.385  
      u_account_balance/g11185                 -            NAND2BX1  0.000   3.113    6.385  
      u_account_balance/g11185                 AN v -> Y v  NAND2BX1  0.181   3.294    6.566  
      u_account_balance/g11178                 -            NOR2XL    0.000   3.294    6.566  
      u_account_balance/g11178                 B v -> Y ^   NOR2XL    0.221   3.515    6.787  
      u_account_balance/g11171                 -            NAND2XL   0.000   3.515    6.787  
      u_account_balance/g11171                 B ^ -> Y v   NAND2XL   0.216   3.731    7.003  
      u_account_balance/g11164                 -            NOR2X1    0.000   3.731    7.003  
      u_account_balance/g11164                 B v -> Y ^   NOR2X1    0.706   4.437    7.709  
      u_account_balance/balance_db_reg[9][14]  -            SDFFQX1   0.000   4.437    7.709  
      -----------------------------------------------------------------------------------------
     Clock Rise Edge                      0.000
     + Source Insertion Delay             0.010
     = Beginpoint Arrival Time            0.010
     Other End Path:
      ----------------------------------------------------------------------------------
      Instance                                 Arc    Cell     Retime  Arrival  Required  
                                                               Delay   Time     Time  
      ----------------------------------------------------------------------------------
      -                                        clk ^  -        -       0.010    -3.262  
      u_account_balance/balance_db_reg[9][14]  -      SDFFQX1  0.000   0.010    -3.262  
      ----------------------------------------------------------------------------------
Path 3: MET Setup Check with Pin u_account_balance/balance_db_reg[9][13]/CK 
Endpoint:   u_account_balance/balance_db_reg[9][13]/SE (^) checked with  leading edge of 'clk'
Beginpoint: u_vehicle_interface/id_to_check_reg[3]/Q   (v) triggered by  leading edge of 'clk'
Path Groups: {clk}
Retime Analysis { Data Path-Slew }
Other End Arrival Time          0.010
- Setup                         0.301
+ Phase Shift                   8.000
= Required Time                 7.709
- Arrival Time                  4.437
= Slack Time                    3.272
= Slack Time(original)          3.183
     Clock Rise Edge                      0.000
     + Source Insertion Delay             0.010
     = Beginpoint Arrival Time            0.010
     Timing Path:
      -----------------------------------------------------------------------------------------
      Instance                                 Arc          Cell      Retime  Arrival  Required  
                                                                      Delay   Time     Time  
      -----------------------------------------------------------------------------------------
      -                                        clk ^        -         -       0.010    3.282  
      u_vehicle_interface/id_to_check_reg[3]   -            SDFFQX1   0.000   0.010    3.282  
      u_vehicle_interface/id_to_check_reg[3]   CK ^ -> Q v  SDFFQX1   0.486   0.496    3.767  
      u_account_balance/g11418                 -            CLKINVX1  0.000   0.496    3.767  
      u_account_balance/g11418                 A v -> Y ^   CLKINVX1  0.151   0.647    3.919  
      u_account_balance/g11413                 -            NAND2XL   0.000   0.647    3.919  
      u_account_balance/g11413                 B ^ -> Y v   NAND2XL   0.324   0.971    4.243  
      u_account_balance/g11377                 -            NOR2XL    0.000   0.971    4.243  
      u_account_balance/g11377                 B v -> Y ^   NOR2XL    0.632   1.603    4.875  
      u_account_balance/g11313                 -            AOI22XL   0.000   1.603    4.875  
      u_account_balance/g11313                 B0 ^ -> Y v  AOI22XL   0.121   1.724    4.996  
      u_account_balance/g11257                 -            NAND2XL   0.000   1.724    4.996  
      u_account_balance/g11257                 A v -> Y ^   NAND2XL   0.110   1.834    5.106  
      u_account_balance/g11219                 -            AOI211X1  0.000   1.834    5.106  
      u_account_balance/g11219                 C0 ^ -> Y v  AOI211X1  0.055   1.889    5.161  
      u_account_balance/g11213                 -            NAND3X1   0.000   1.889    5.161  
      u_account_balance/g11213                 C v -> Y ^   NAND3X1   0.119   2.008    5.280  
      u_account_balance/g11209                 -            NOR2XL    0.000   2.008    5.280  
      u_account_balance/g11209                 B ^ -> Y v   NOR2XL    0.104   2.112    5.384  
      u_account_balance/g11207                 -            NOR2XL    0.000   2.112    5.384  
      u_account_balance/g11207                 B v -> Y ^   NOR2XL    0.257   2.369    5.641  
      u_account_balance/g11205                 -            NOR4BX1   0.000   2.369    5.641  
      u_account_balance/g11205                 D ^ -> Y v   NOR4BX1   0.102   2.472    5.743  
      u_account_balance/g11201                 -            NAND2XL   0.000   2.472    5.743  
      u_account_balance/g11201                 B v -> Y ^   NAND2XL   0.126   2.597    5.869  
      u_account_balance/g11197                 -            NOR2XL    0.000   2.597    5.869  
      u_account_balance/g11197                 B ^ -> Y v   NOR2XL    0.121   2.719    5.991  
      u_account_balance/g11195                 -            NAND3X1   0.000   2.719    5.991  
      u_account_balance/g11195                 C v -> Y ^   NAND3X1   0.114   2.833    6.104  
      u_account_balance/g11189                 -            OR2X1     0.000   2.833    6.104  
      u_account_balance/g11189                 B ^ -> Y ^   OR2X1     0.116   2.948    6.220  
      u_account_balance/g11186                 -            NAND2XL   0.000   2.948    6.220  
      u_account_balance/g11186                 B ^ -> Y v   NAND2XL   0.165   3.113    6.385  
      u_account_balance/g11185                 -            NAND2BX1  0.000   3.113    6.385  
      u_account_balance/g11185                 AN v -> Y v  NAND2BX1  0.181   3.294    6.566  
      u_account_balance/g11178                 -            NOR2XL    0.000   3.294    6.566  
      u_account_balance/g11178                 B v -> Y ^   NOR2XL    0.221   3.515    6.787  
      u_account_balance/g11171                 -            NAND2XL   0.000   3.515    6.787  
      u_account_balance/g11171                 B ^ -> Y v   NAND2XL   0.216   3.731    7.003  
      u_account_balance/g11164                 -            NOR2X1    0.000   3.731    7.003  
      u_account_balance/g11164                 B v -> Y ^   NOR2X1    0.706   4.437    7.709  
      u_account_balance/balance_db_reg[9][13]  -            SDFFQX1   0.000   4.437    7.709  
      -----------------------------------------------------------------------------------------
     Clock Rise Edge                      0.000
     + Source Insertion Delay             0.010
     = Beginpoint Arrival Time            0.010
     Other End Path:
      ----------------------------------------------------------------------------------
      Instance                                 Arc    Cell     Retime  Arrival  Required  
                                                               Delay   Time     Time  
      ----------------------------------------------------------------------------------
      -                                        clk ^  -        -       0.010    -3.262  
      u_account_balance/balance_db_reg[9][13]  -      SDFFQX1  0.000   0.010    -3.262  
      ----------------------------------------------------------------------------------
Path 4: MET Setup Check with Pin u_account_balance/balance_db_reg[9][12]/CK 
Endpoint:   u_account_balance/balance_db_reg[9][12]/SE (^) checked with  leading edge of 'clk'
Beginpoint: u_vehicle_interface/id_to_check_reg[3]/Q   (v) triggered by  leading edge of 'clk'
Path Groups: {clk}
Retime Analysis { Data Path-Slew }
Other End Arrival Time          0.010
- Setup                         0.301
+ Phase Shift                   8.000
= Required Time                 7.709
- Arrival Time                  4.437
= Slack Time                    3.272
= Slack Time(original)          3.183
     Clock Rise Edge                      0.000
     + Source Insertion Delay             0.010
     = Beginpoint Arrival Time            0.010
     Timing Path:
      -----------------------------------------------------------------------------------------
      Instance                                 Arc          Cell      Retime  Arrival  Required  
                                                                      Delay   Time     Time  
      -----------------------------------------------------------------------------------------
      -                                        clk ^        -         -       0.010    3.282  
      u_vehicle_interface/id_to_check_reg[3]   -            SDFFQX1   0.000   0.010    3.282  
      u_vehicle_interface/id_to_check_reg[3]   CK ^ -> Q v  SDFFQX1   0.486   0.496    3.767  
      u_account_balance/g11418                 -            CLKINVX1  0.000   0.496    3.767  
      u_account_balance/g11418                 A v -> Y ^   CLKINVX1  0.151   0.647    3.919  
      u_account_balance/g11413                 -            NAND2XL   0.000   0.647    3.919  
      u_account_balance/g11413                 B ^ -> Y v   NAND2XL   0.324   0.971    4.243  
      u_account_balance/g11377                 -            NOR2XL    0.000   0.971    4.243  
      u_account_balance/g11377                 B v -> Y ^   NOR2XL    0.632   1.603    4.875  
      u_account_balance/g11313                 -            AOI22XL   0.000   1.603    4.875  
      u_account_balance/g11313                 B0 ^ -> Y v  AOI22XL   0.121   1.724    4.996  
      u_account_balance/g11257                 -            NAND2XL   0.000   1.724    4.996  
      u_account_balance/g11257                 A v -> Y ^   NAND2XL   0.110   1.834    5.106  
      u_account_balance/g11219                 -            AOI211X1  0.000   1.834    5.106  
      u_account_balance/g11219                 C0 ^ -> Y v  AOI211X1  0.055   1.889    5.161  
      u_account_balance/g11213                 -            NAND3X1   0.000   1.889    5.161  
      u_account_balance/g11213                 C v -> Y ^   NAND3X1   0.119   2.008    5.280  
      u_account_balance/g11209                 -            NOR2XL    0.000   2.008    5.280  
      u_account_balance/g11209                 B ^ -> Y v   NOR2XL    0.104   2.112    5.384  
      u_account_balance/g11207                 -            NOR2XL    0.000   2.112    5.384  
      u_account_balance/g11207                 B v -> Y ^   NOR2XL    0.257   2.369    5.641  
      u_account_balance/g11205                 -            NOR4BX1   0.000   2.369    5.641  
      u_account_balance/g11205                 D ^ -> Y v   NOR4BX1   0.102   2.472    5.743  
      u_account_balance/g11201                 -            NAND2XL   0.000   2.472    5.743  
      u_account_balance/g11201                 B v -> Y ^   NAND2XL   0.126   2.597    5.869  
      u_account_balance/g11197                 -            NOR2XL    0.000   2.597    5.869  
      u_account_balance/g11197                 B ^ -> Y v   NOR2XL    0.121   2.719    5.991  
      u_account_balance/g11195                 -            NAND3X1   0.000   2.719    5.991  
      u_account_balance/g11195                 C v -> Y ^   NAND3X1   0.114   2.833    6.104  
      u_account_balance/g11189                 -            OR2X1     0.000   2.833    6.104  
      u_account_balance/g11189                 B ^ -> Y ^   OR2X1     0.116   2.948    6.220  
      u_account_balance/g11186                 -            NAND2XL   0.000   2.948    6.220  
      u_account_balance/g11186                 B ^ -> Y v   NAND2XL   0.165   3.113    6.385  
      u_account_balance/g11185                 -            NAND2BX1  0.000   3.113    6.385  
      u_account_balance/g11185                 AN v -> Y v  NAND2BX1  0.181   3.294    6.566  
      u_account_balance/g11178                 -            NOR2XL    0.000   3.294    6.566  
      u_account_balance/g11178                 B v -> Y ^   NOR2XL    0.221   3.515    6.787  
      u_account_balance/g11171                 -            NAND2XL   0.000   3.515    6.787  
      u_account_balance/g11171                 B ^ -> Y v   NAND2XL   0.216   3.731    7.003  
      u_account_balance/g11164                 -            NOR2X1    0.000   3.731    7.003  
      u_account_balance/g11164                 B v -> Y ^   NOR2X1    0.706   4.437    7.709  
      u_account_balance/balance_db_reg[9][12]  -            SDFFQX1   0.000   4.437    7.709  
      -----------------------------------------------------------------------------------------
     Clock Rise Edge                      0.000
     + Source Insertion Delay             0.010
     = Beginpoint Arrival Time            0.010
     Other End Path:
      ----------------------------------------------------------------------------------
      Instance                                 Arc    Cell     Retime  Arrival  Required  
                                                               Delay   Time     Time  
      ----------------------------------------------------------------------------------
      -                                        clk ^  -        -       0.010    -3.262  
      u_account_balance/balance_db_reg[9][12]  -      SDFFQX1  0.000   0.010    -3.262  
      ----------------------------------------------------------------------------------
Path 5: MET Setup Check with Pin u_account_balance/balance_db_reg[9][11]/CK 
Endpoint:   u_account_balance/balance_db_reg[9][11]/SE (^) checked with  leading edge of 'clk'
Beginpoint: u_vehicle_interface/id_to_check_reg[3]/Q   (v) triggered by  leading edge of 'clk'
Path Groups: {clk}
Retime Analysis { Data Path-Slew }
Other End Arrival Time          0.010
- Setup                         0.301
+ Phase Shift                   8.000
= Required Time                 7.709
- Arrival Time                  4.437
= Slack Time                    3.272
= Slack Time(original)          3.183
     Clock Rise Edge                      0.000
     + Source Insertion Delay             0.010
     = Beginpoint Arrival Time            0.010
     Timing Path:
      -----------------------------------------------------------------------------------------
      Instance                                 Arc          Cell      Retime  Arrival  Required  
                                                                      Delay   Time     Time  
      -----------------------------------------------------------------------------------------
      -                                        clk ^        -         -       0.010    3.282  
      u_vehicle_interface/id_to_check_reg[3]   -            SDFFQX1   0.000   0.010    3.282  
      u_vehicle_interface/id_to_check_reg[3]   CK ^ -> Q v  SDFFQX1   0.486   0.496    3.767  
      u_account_balance/g11418                 -            CLKINVX1  0.000   0.496    3.767  
      u_account_balance/g11418                 A v -> Y ^   CLKINVX1  0.151   0.647    3.919  
      u_account_balance/g11413                 -            NAND2XL   0.000   0.647    3.919  
      u_account_balance/g11413                 B ^ -> Y v   NAND2XL   0.324   0.971    4.243  
      u_account_balance/g11377                 -            NOR2XL    0.000   0.971    4.243  
      u_account_balance/g11377                 B v -> Y ^   NOR2XL    0.632   1.603    4.875  
      u_account_balance/g11313                 -            AOI22XL   0.000   1.603    4.875  
      u_account_balance/g11313                 B0 ^ -> Y v  AOI22XL   0.121   1.724    4.996  
      u_account_balance/g11257                 -            NAND2XL   0.000   1.724    4.996  
      u_account_balance/g11257                 A v -> Y ^   NAND2XL   0.110   1.834    5.106  
      u_account_balance/g11219                 -            AOI211X1  0.000   1.834    5.106  
      u_account_balance/g11219                 C0 ^ -> Y v  AOI211X1  0.055   1.889    5.161  
      u_account_balance/g11213                 -            NAND3X1   0.000   1.889    5.161  
      u_account_balance/g11213                 C v -> Y ^   NAND3X1   0.119   2.008    5.280  
      u_account_balance/g11209                 -            NOR2XL    0.000   2.008    5.280  
      u_account_balance/g11209                 B ^ -> Y v   NOR2XL    0.104   2.112    5.384  
      u_account_balance/g11207                 -            NOR2XL    0.000   2.112    5.384  
      u_account_balance/g11207                 B v -> Y ^   NOR2XL    0.257   2.369    5.641  
      u_account_balance/g11205                 -            NOR4BX1   0.000   2.369    5.641  
      u_account_balance/g11205                 D ^ -> Y v   NOR4BX1   0.102   2.472    5.743  
      u_account_balance/g11201                 -            NAND2XL   0.000   2.472    5.743  
      u_account_balance/g11201                 B v -> Y ^   NAND2XL   0.126   2.597    5.869  
      u_account_balance/g11197                 -            NOR2XL    0.000   2.597    5.869  
      u_account_balance/g11197                 B ^ -> Y v   NOR2XL    0.121   2.719    5.991  
      u_account_balance/g11195                 -            NAND3X1   0.000   2.719    5.991  
      u_account_balance/g11195                 C v -> Y ^   NAND3X1   0.114   2.833    6.104  
      u_account_balance/g11189                 -            OR2X1     0.000   2.833    6.104  
      u_account_balance/g11189                 B ^ -> Y ^   OR2X1     0.116   2.948    6.220  
      u_account_balance/g11186                 -            NAND2XL   0.000   2.948    6.220  
      u_account_balance/g11186                 B ^ -> Y v   NAND2XL   0.165   3.113    6.385  
      u_account_balance/g11185                 -            NAND2BX1  0.000   3.113    6.385  
      u_account_balance/g11185                 AN v -> Y v  NAND2BX1  0.181   3.294    6.566  
      u_account_balance/g11178                 -            NOR2XL    0.000   3.294    6.566  
      u_account_balance/g11178                 B v -> Y ^   NOR2XL    0.221   3.515    6.787  
      u_account_balance/g11171                 -            NAND2XL   0.000   3.515    6.787  
      u_account_balance/g11171                 B ^ -> Y v   NAND2XL   0.216   3.731    7.003  
      u_account_balance/g11164                 -            NOR2X1    0.000   3.731    7.003  
      u_account_balance/g11164                 B v -> Y ^   NOR2X1    0.706   4.437    7.709  
      u_account_balance/balance_db_reg[9][11]  -            SDFFQX1   0.000   4.437    7.709  
      -----------------------------------------------------------------------------------------
     Clock Rise Edge                      0.000
     + Source Insertion Delay             0.010
     = Beginpoint Arrival Time            0.010
     Other End Path:
      ----------------------------------------------------------------------------------
      Instance                                 Arc    Cell     Retime  Arrival  Required  
                                                               Delay   Time     Time  
      ----------------------------------------------------------------------------------
      -                                        clk ^  -        -       0.010    -3.262  
      u_account_balance/balance_db_reg[9][11]  -      SDFFQX1  0.000   0.010    -3.262  
      ----------------------------------------------------------------------------------
Path 6: MET Setup Check with Pin u_account_balance/balance_db_reg[9][10]/CK 
Endpoint:   u_account_balance/balance_db_reg[9][10]/SE (^) checked with  leading edge of 'clk'
Beginpoint: u_vehicle_interface/id_to_check_reg[3]/Q   (v) triggered by  leading edge of 'clk'
Path Groups: {clk}
Retime Analysis { Data Path-Slew }
Other End Arrival Time          0.010
- Setup                         0.301
+ Phase Shift                   8.000
= Required Time                 7.709
- Arrival Time                  4.437
= Slack Time                    3.272
= Slack Time(original)          3.183
     Clock Rise Edge                      0.000
     + Source Insertion Delay             0.010
     = Beginpoint Arrival Time            0.010
     Timing Path:
      -----------------------------------------------------------------------------------------
      Instance                                 Arc          Cell      Retime  Arrival  Required  
                                                                      Delay   Time     Time  
      -----------------------------------------------------------------------------------------
      -                                        clk ^        -         -       0.010    3.282  
      u_vehicle_interface/id_to_check_reg[3]   -            SDFFQX1   0.000   0.010    3.282  
      u_vehicle_interface/id_to_check_reg[3]   CK ^ -> Q v  SDFFQX1   0.486   0.496    3.767  
      u_account_balance/g11418                 -            CLKINVX1  0.000   0.496    3.767  
      u_account_balance/g11418                 A v -> Y ^   CLKINVX1  0.151   0.647    3.919  
      u_account_balance/g11413                 -            NAND2XL   0.000   0.647    3.919  
      u_account_balance/g11413                 B ^ -> Y v   NAND2XL   0.324   0.971    4.243  
      u_account_balance/g11377                 -            NOR2XL    0.000   0.971    4.243  
      u_account_balance/g11377                 B v -> Y ^   NOR2XL    0.632   1.603    4.875  
      u_account_balance/g11313                 -            AOI22XL   0.000   1.603    4.875  
      u_account_balance/g11313                 B0 ^ -> Y v  AOI22XL   0.121   1.724    4.996  
      u_account_balance/g11257                 -            NAND2XL   0.000   1.724    4.996  
      u_account_balance/g11257                 A v -> Y ^   NAND2XL   0.110   1.834    5.106  
      u_account_balance/g11219                 -            AOI211X1  0.000   1.834    5.106  
      u_account_balance/g11219                 C0 ^ -> Y v  AOI211X1  0.055   1.889    5.161  
      u_account_balance/g11213                 -            NAND3X1   0.000   1.889    5.161  
      u_account_balance/g11213                 C v -> Y ^   NAND3X1   0.119   2.008    5.280  
      u_account_balance/g11209                 -            NOR2XL    0.000   2.008    5.280  
      u_account_balance/g11209                 B ^ -> Y v   NOR2XL    0.104   2.112    5.384  
      u_account_balance/g11207                 -            NOR2XL    0.000   2.112    5.384  
      u_account_balance/g11207                 B v -> Y ^   NOR2XL    0.257   2.369    5.641  
      u_account_balance/g11205                 -            NOR4BX1   0.000   2.369    5.641  
      u_account_balance/g11205                 D ^ -> Y v   NOR4BX1   0.102   2.472    5.743  
      u_account_balance/g11201                 -            NAND2XL   0.000   2.472    5.743  
      u_account_balance/g11201                 B v -> Y ^   NAND2XL   0.126   2.597    5.869  
      u_account_balance/g11197                 -            NOR2XL    0.000   2.597    5.869  
      u_account_balance/g11197                 B ^ -> Y v   NOR2XL    0.121   2.719    5.991  
      u_account_balance/g11195                 -            NAND3X1   0.000   2.719    5.991  
      u_account_balance/g11195                 C v -> Y ^   NAND3X1   0.114   2.833    6.104  
      u_account_balance/g11189                 -            OR2X1     0.000   2.833    6.104  
      u_account_balance/g11189                 B ^ -> Y ^   OR2X1     0.116   2.948    6.220  
      u_account_balance/g11186                 -            NAND2XL   0.000   2.948    6.220  
      u_account_balance/g11186                 B ^ -> Y v   NAND2XL   0.165   3.113    6.385  
      u_account_balance/g11185                 -            NAND2BX1  0.000   3.113    6.385  
      u_account_balance/g11185                 AN v -> Y v  NAND2BX1  0.181   3.294    6.566  
      u_account_balance/g11178                 -            NOR2XL    0.000   3.294    6.566  
      u_account_balance/g11178                 B v -> Y ^   NOR2XL    0.221   3.515    6.787  
      u_account_balance/g11171                 -            NAND2XL   0.000   3.515    6.787  
      u_account_balance/g11171                 B ^ -> Y v   NAND2XL   0.216   3.731    7.003  
      u_account_balance/g11164                 -            NOR2X1    0.000   3.731    7.003  
      u_account_balance/g11164                 B v -> Y ^   NOR2X1    0.706   4.437    7.709  
      u_account_balance/balance_db_reg[9][10]  -            SDFFQX1   0.000   4.437    7.709  
      -----------------------------------------------------------------------------------------
     Clock Rise Edge                      0.000
     + Source Insertion Delay             0.010
     = Beginpoint Arrival Time            0.010
     Other End Path:
      ----------------------------------------------------------------------------------
      Instance                                 Arc    Cell     Retime  Arrival  Required  
                                                               Delay   Time     Time  
      ----------------------------------------------------------------------------------
      -                                        clk ^  -        -       0.010    -3.262  
      u_account_balance/balance_db_reg[9][10]  -      SDFFQX1  0.000   0.010    -3.262  
      ----------------------------------------------------------------------------------
Path 7: MET Setup Check with Pin u_account_balance/balance_db_reg[9][9]/CK 
Endpoint:   u_account_balance/balance_db_reg[9][9]/SE (^) checked with  leading edge of 'clk'
Beginpoint: u_vehicle_interface/id_to_check_reg[3]/Q  (v) triggered by  leading edge of 'clk'
Path Groups: {clk}
Retime Analysis { Data Path-Slew }
Other End Arrival Time          0.010
- Setup                         0.301
+ Phase Shift                   8.000
= Required Time                 7.709
- Arrival Time                  4.437
= Slack Time                    3.272
= Slack Time(original)          3.183
     Clock Rise Edge                      0.000
     + Source Insertion Delay             0.010
     = Beginpoint Arrival Time            0.010
     Timing Path:
      ----------------------------------------------------------------------------------------
      Instance                                Arc          Cell      Retime  Arrival  Required  
                                                                     Delay   Time     Time  
      ----------------------------------------------------------------------------------------
      -                                       clk ^        -         -       0.010    3.282  
      u_vehicle_interface/id_to_check_reg[3]  -            SDFFQX1   0.000   0.010    3.282  
      u_vehicle_interface/id_to_check_reg[3]  CK ^ -> Q v  SDFFQX1   0.486   0.496    3.767  
      u_account_balance/g11418                -            CLKINVX1  0.000   0.496    3.767  
      u_account_balance/g11418                A v -> Y ^   CLKINVX1  0.151   0.647    3.919  
      u_account_balance/g11413                -            NAND2XL   0.000   0.647    3.919  
      u_account_balance/g11413                B ^ -> Y v   NAND2XL   0.324   0.971    4.243  
      u_account_balance/g11377                -            NOR2XL    0.000   0.971    4.243  
      u_account_balance/g11377                B v -> Y ^   NOR2XL    0.632   1.603    4.875  
      u_account_balance/g11313                -            AOI22XL   0.000   1.603    4.875  
      u_account_balance/g11313                B0 ^ -> Y v  AOI22XL   0.121   1.724    4.996  
      u_account_balance/g11257                -            NAND2XL   0.000   1.724    4.996  
      u_account_balance/g11257                A v -> Y ^   NAND2XL   0.110   1.834    5.106  
      u_account_balance/g11219                -            AOI211X1  0.000   1.834    5.106  
      u_account_balance/g11219                C0 ^ -> Y v  AOI211X1  0.055   1.889    5.161  
      u_account_balance/g11213                -            NAND3X1   0.000   1.889    5.161  
      u_account_balance/g11213                C v -> Y ^   NAND3X1   0.119   2.008    5.280  
      u_account_balance/g11209                -            NOR2XL    0.000   2.008    5.280  
      u_account_balance/g11209                B ^ -> Y v   NOR2XL    0.104   2.112    5.384  
      u_account_balance/g11207                -            NOR2XL    0.000   2.112    5.384  
      u_account_balance/g11207                B v -> Y ^   NOR2XL    0.257   2.369    5.641  
      u_account_balance/g11205                -            NOR4BX1   0.000   2.369    5.641  
      u_account_balance/g11205                D ^ -> Y v   NOR4BX1   0.102   2.472    5.743  
      u_account_balance/g11201                -            NAND2XL   0.000   2.472    5.743  
      u_account_balance/g11201                B v -> Y ^   NAND2XL   0.126   2.597    5.869  
      u_account_balance/g11197                -            NOR2XL    0.000   2.597    5.869  
      u_account_balance/g11197                B ^ -> Y v   NOR2XL    0.121   2.719    5.991  
      u_account_balance/g11195                -            NAND3X1   0.000   2.719    5.991  
      u_account_balance/g11195                C v -> Y ^   NAND3X1   0.114   2.833    6.104  
      u_account_balance/g11189                -            OR2X1     0.000   2.833    6.104  
      u_account_balance/g11189                B ^ -> Y ^   OR2X1     0.116   2.948    6.220  
      u_account_balance/g11186                -            NAND2XL   0.000   2.948    6.220  
      u_account_balance/g11186                B ^ -> Y v   NAND2XL   0.165   3.113    6.385  
      u_account_balance/g11185                -            NAND2BX1  0.000   3.113    6.385  
      u_account_balance/g11185                AN v -> Y v  NAND2BX1  0.181   3.294    6.566  
      u_account_balance/g11178                -            NOR2XL    0.000   3.294    6.566  
      u_account_balance/g11178                B v -> Y ^   NOR2XL    0.221   3.515    6.787  
      u_account_balance/g11171                -            NAND2XL   0.000   3.515    6.787  
      u_account_balance/g11171                B ^ -> Y v   NAND2XL   0.216   3.731    7.003  
      u_account_balance/g11164                -            NOR2X1    0.000   3.731    7.003  
      u_account_balance/g11164                B v -> Y ^   NOR2X1    0.706   4.437    7.709  
      u_account_balance/balance_db_reg[9][9]  -            SDFFQX1   0.000   4.437    7.709  
      ----------------------------------------------------------------------------------------
     Clock Rise Edge                      0.000
     + Source Insertion Delay             0.010
     = Beginpoint Arrival Time            0.010
     Other End Path:
      ---------------------------------------------------------------------------------
      Instance                                Arc    Cell     Retime  Arrival  Required  
                                                              Delay   Time     Time  
      ---------------------------------------------------------------------------------
      -                                       clk ^  -        -       0.010    -3.262  
      u_account_balance/balance_db_reg[9][9]  -      SDFFQX1  0.000   0.010    -3.262  
      ---------------------------------------------------------------------------------
Path 8: MET Setup Check with Pin u_account_balance/balance_db_reg[9][8]/CK 
Endpoint:   u_account_balance/balance_db_reg[9][8]/SE (^) checked with  leading edge of 'clk'
Beginpoint: u_vehicle_interface/id_to_check_reg[3]/Q  (v) triggered by  leading edge of 'clk'
Path Groups: {clk}
Retime Analysis { Data Path-Slew }
Other End Arrival Time          0.010
- Setup                         0.301
+ Phase Shift                   8.000
= Required Time                 7.709
- Arrival Time                  4.437
= Slack Time                    3.272
= Slack Time(original)          3.183
     Clock Rise Edge                      0.000
     + Source Insertion Delay             0.010
     = Beginpoint Arrival Time            0.010
     Timing Path:
      ----------------------------------------------------------------------------------------
      Instance                                Arc          Cell      Retime  Arrival  Required  
                                                                     Delay   Time     Time  
      ----------------------------------------------------------------------------------------
      -                                       clk ^        -         -       0.010    3.282  
      u_vehicle_interface/id_to_check_reg[3]  -            SDFFQX1   0.000   0.010    3.282  
      u_vehicle_interface/id_to_check_reg[3]  CK ^ -> Q v  SDFFQX1   0.486   0.496    3.767  
      u_account_balance/g11418                -            CLKINVX1  0.000   0.496    3.767  
      u_account_balance/g11418                A v -> Y ^   CLKINVX1  0.151   0.647    3.919  
      u_account_balance/g11413                -            NAND2XL   0.000   0.647    3.919  
      u_account_balance/g11413                B ^ -> Y v   NAND2XL   0.324   0.971    4.243  
      u_account_balance/g11377                -            NOR2XL    0.000   0.971    4.243  
      u_account_balance/g11377                B v -> Y ^   NOR2XL    0.632   1.603    4.875  
      u_account_balance/g11313                -            AOI22XL   0.000   1.603    4.875  
      u_account_balance/g11313                B0 ^ -> Y v  AOI22XL   0.121   1.724    4.996  
      u_account_balance/g11257                -            NAND2XL   0.000   1.724    4.996  
      u_account_balance/g11257                A v -> Y ^   NAND2XL   0.110   1.834    5.106  
      u_account_balance/g11219                -            AOI211X1  0.000   1.834    5.106  
      u_account_balance/g11219                C0 ^ -> Y v  AOI211X1  0.055   1.889    5.161  
      u_account_balance/g11213                -            NAND3X1   0.000   1.889    5.161  
      u_account_balance/g11213                C v -> Y ^   NAND3X1   0.119   2.008    5.280  
      u_account_balance/g11209                -            NOR2XL    0.000   2.008    5.280  
      u_account_balance/g11209                B ^ -> Y v   NOR2XL    0.104   2.112    5.384  
      u_account_balance/g11207                -            NOR2XL    0.000   2.112    5.384  
      u_account_balance/g11207                B v -> Y ^   NOR2XL    0.257   2.369    5.641  
      u_account_balance/g11205                -            NOR4BX1   0.000   2.369    5.641  
      u_account_balance/g11205                D ^ -> Y v   NOR4BX1   0.102   2.472    5.743  
      u_account_balance/g11201                -            NAND2XL   0.000   2.472    5.743  
      u_account_balance/g11201                B v -> Y ^   NAND2XL   0.126   2.597    5.869  
      u_account_balance/g11197                -            NOR2XL    0.000   2.597    5.869  
      u_account_balance/g11197                B ^ -> Y v   NOR2XL    0.121   2.719    5.991  
      u_account_balance/g11195                -            NAND3X1   0.000   2.719    5.991  
      u_account_balance/g11195                C v -> Y ^   NAND3X1   0.114   2.833    6.104  
      u_account_balance/g11189                -            OR2X1     0.000   2.833    6.104  
      u_account_balance/g11189                B ^ -> Y ^   OR2X1     0.116   2.948    6.220  
      u_account_balance/g11186                -            NAND2XL   0.000   2.948    6.220  
      u_account_balance/g11186                B ^ -> Y v   NAND2XL   0.165   3.113    6.385  
      u_account_balance/g11185                -            NAND2BX1  0.000   3.113    6.385  
      u_account_balance/g11185                AN v -> Y v  NAND2BX1  0.181   3.294    6.566  
      u_account_balance/g11178                -            NOR2XL    0.000   3.294    6.566  
      u_account_balance/g11178                B v -> Y ^   NOR2XL    0.221   3.515    6.787  
      u_account_balance/g11171                -            NAND2XL   0.000   3.515    6.787  
      u_account_balance/g11171                B ^ -> Y v   NAND2XL   0.216   3.731    7.003  
      u_account_balance/g11164                -            NOR2X1    0.000   3.731    7.003  
      u_account_balance/g11164                B v -> Y ^   NOR2X1    0.706   4.437    7.709  
      u_account_balance/balance_db_reg[9][8]  -            SDFFQX1   0.000   4.437    7.709  
      ----------------------------------------------------------------------------------------
     Clock Rise Edge                      0.000
     + Source Insertion Delay             0.010
     = Beginpoint Arrival Time            0.010
     Other End Path:
      ---------------------------------------------------------------------------------
      Instance                                Arc    Cell     Retime  Arrival  Required  
                                                              Delay   Time     Time  
      ---------------------------------------------------------------------------------
      -                                       clk ^  -        -       0.010    -3.262  
      u_account_balance/balance_db_reg[9][8]  -      SDFFQX1  0.000   0.010    -3.262  
      ---------------------------------------------------------------------------------
Path 9: MET Setup Check with Pin u_account_balance/balance_db_reg[9][7]/CK 
Endpoint:   u_account_balance/balance_db_reg[9][7]/SE (^) checked with  leading edge of 'clk'
Beginpoint: u_vehicle_interface/id_to_check_reg[3]/Q  (v) triggered by  leading edge of 'clk'
Path Groups: {clk}
Retime Analysis { Data Path-Slew }
Other End Arrival Time          0.010
- Setup                         0.301
+ Phase Shift                   8.000
= Required Time                 7.709
- Arrival Time                  4.437
= Slack Time                    3.272
= Slack Time(original)          3.183
     Clock Rise Edge                      0.000
     + Source Insertion Delay             0.010
     = Beginpoint Arrival Time            0.010
     Timing Path:
      ----------------------------------------------------------------------------------------
      Instance                                Arc          Cell      Retime  Arrival  Required  
                                                                     Delay   Time     Time  
      ----------------------------------------------------------------------------------------
      -                                       clk ^        -         -       0.010    3.282  
      u_vehicle_interface/id_to_check_reg[3]  -            SDFFQX1   0.000   0.010    3.282  
      u_vehicle_interface/id_to_check_reg[3]  CK ^ -> Q v  SDFFQX1   0.486   0.496    3.767  
      u_account_balance/g11418                -            CLKINVX1  0.000   0.496    3.767  
      u_account_balance/g11418                A v -> Y ^   CLKINVX1  0.151   0.647    3.919  
      u_account_balance/g11413                -            NAND2XL   0.000   0.647    3.919  
      u_account_balance/g11413                B ^ -> Y v   NAND2XL   0.324   0.971    4.243  
      u_account_balance/g11377                -            NOR2XL    0.000   0.971    4.243  
      u_account_balance/g11377                B v -> Y ^   NOR2XL    0.632   1.603    4.875  
      u_account_balance/g11313                -            AOI22XL   0.000   1.603    4.875  
      u_account_balance/g11313                B0 ^ -> Y v  AOI22XL   0.121   1.724    4.996  
      u_account_balance/g11257                -            NAND2XL   0.000   1.724    4.996  
      u_account_balance/g11257                A v -> Y ^   NAND2XL   0.110   1.834    5.106  
      u_account_balance/g11219                -            AOI211X1  0.000   1.834    5.106  
      u_account_balance/g11219                C0 ^ -> Y v  AOI211X1  0.055   1.889    5.161  
      u_account_balance/g11213                -            NAND3X1   0.000   1.889    5.161  
      u_account_balance/g11213                C v -> Y ^   NAND3X1   0.119   2.008    5.280  
      u_account_balance/g11209                -            NOR2XL    0.000   2.008    5.280  
      u_account_balance/g11209                B ^ -> Y v   NOR2XL    0.104   2.112    5.384  
      u_account_balance/g11207                -            NOR2XL    0.000   2.112    5.384  
      u_account_balance/g11207                B v -> Y ^   NOR2XL    0.257   2.369    5.641  
      u_account_balance/g11205                -            NOR4BX1   0.000   2.369    5.641  
      u_account_balance/g11205                D ^ -> Y v   NOR4BX1   0.102   2.472    5.743  
      u_account_balance/g11201                -            NAND2XL   0.000   2.472    5.743  
      u_account_balance/g11201                B v -> Y ^   NAND2XL   0.126   2.597    5.869  
      u_account_balance/g11197                -            NOR2XL    0.000   2.597    5.869  
      u_account_balance/g11197                B ^ -> Y v   NOR2XL    0.121   2.719    5.991  
      u_account_balance/g11195                -            NAND3X1   0.000   2.719    5.991  
      u_account_balance/g11195                C v -> Y ^   NAND3X1   0.114   2.833    6.104  
      u_account_balance/g11189                -            OR2X1     0.000   2.833    6.104  
      u_account_balance/g11189                B ^ -> Y ^   OR2X1     0.116   2.948    6.220  
      u_account_balance/g11186                -            NAND2XL   0.000   2.948    6.220  
      u_account_balance/g11186                B ^ -> Y v   NAND2XL   0.165   3.113    6.385  
      u_account_balance/g11185                -            NAND2BX1  0.000   3.113    6.385  
      u_account_balance/g11185                AN v -> Y v  NAND2BX1  0.181   3.294    6.566  
      u_account_balance/g11178                -            NOR2XL    0.000   3.294    6.566  
      u_account_balance/g11178                B v -> Y ^   NOR2XL    0.221   3.515    6.787  
      u_account_balance/g11171                -            NAND2XL   0.000   3.515    6.787  
      u_account_balance/g11171                B ^ -> Y v   NAND2XL   0.216   3.731    7.003  
      u_account_balance/g11164                -            NOR2X1    0.000   3.731    7.003  
      u_account_balance/g11164                B v -> Y ^   NOR2X1    0.706   4.437    7.709  
      u_account_balance/balance_db_reg[9][7]  -            SDFFQX1   0.000   4.437    7.709  
      ----------------------------------------------------------------------------------------
     Clock Rise Edge                      0.000
     + Source Insertion Delay             0.010
     = Beginpoint Arrival Time            0.010
     Other End Path:
      ---------------------------------------------------------------------------------
      Instance                                Arc    Cell     Retime  Arrival  Required  
                                                              Delay   Time     Time  
      ---------------------------------------------------------------------------------
      -                                       clk ^  -        -       0.010    -3.262  
      u_account_balance/balance_db_reg[9][7]  -      SDFFQX1  0.000   0.010    -3.262  
      ---------------------------------------------------------------------------------
Path 10: MET Setup Check with Pin u_account_balance/balance_db_reg[9][6]/CK 
Endpoint:   u_account_balance/balance_db_reg[9][6]/SE (^) checked with  leading edge of 'clk'
Beginpoint: u_vehicle_interface/id_to_check_reg[3]/Q  (v) triggered by  leading edge of 'clk'
Path Groups: {clk}
Retime Analysis { Data Path-Slew }
Other End Arrival Time          0.010
- Setup                         0.301
+ Phase Shift                   8.000
= Required Time                 7.709
- Arrival Time                  4.437
= Slack Time                    3.272
= Slack Time(original)          3.183
     Clock Rise Edge                      0.000
     + Source Insertion Delay             0.010
     = Beginpoint Arrival Time            0.010
     Timing Path:
      ----------------------------------------------------------------------------------------
      Instance                                Arc          Cell      Retime  Arrival  Required  
                                                                     Delay   Time     Time  
      ----------------------------------------------------------------------------------------
      -                                       clk ^        -         -       0.010    3.282  
      u_vehicle_interface/id_to_check_reg[3]  -            SDFFQX1   0.000   0.010    3.282  
      u_vehicle_interface/id_to_check_reg[3]  CK ^ -> Q v  SDFFQX1   0.486   0.496    3.767  
      u_account_balance/g11418                -            CLKINVX1  0.000   0.496    3.767  
      u_account_balance/g11418                A v -> Y ^   CLKINVX1  0.151   0.647    3.919  
      u_account_balance/g11413                -            NAND2XL   0.000   0.647    3.919  
      u_account_balance/g11413                B ^ -> Y v   NAND2XL   0.324   0.971    4.243  
      u_account_balance/g11377                -            NOR2XL    0.000   0.971    4.243  
      u_account_balance/g11377                B v -> Y ^   NOR2XL    0.632   1.603    4.875  
      u_account_balance/g11313                -            AOI22XL   0.000   1.603    4.875  
      u_account_balance/g11313                B0 ^ -> Y v  AOI22XL   0.121   1.724    4.996  
      u_account_balance/g11257                -            NAND2XL   0.000   1.724    4.996  
      u_account_balance/g11257                A v -> Y ^   NAND2XL   0.110   1.834    5.106  
      u_account_balance/g11219                -            AOI211X1  0.000   1.834    5.106  
      u_account_balance/g11219                C0 ^ -> Y v  AOI211X1  0.055   1.889    5.161  
      u_account_balance/g11213                -            NAND3X1   0.000   1.889    5.161  
      u_account_balance/g11213                C v -> Y ^   NAND3X1   0.119   2.008    5.280  
      u_account_balance/g11209                -            NOR2XL    0.000   2.008    5.280  
      u_account_balance/g11209                B ^ -> Y v   NOR2XL    0.104   2.112    5.384  
      u_account_balance/g11207                -            NOR2XL    0.000   2.112    5.384  
      u_account_balance/g11207                B v -> Y ^   NOR2XL    0.257   2.369    5.641  
      u_account_balance/g11205                -            NOR4BX1   0.000   2.369    5.641  
      u_account_balance/g11205                D ^ -> Y v   NOR4BX1   0.102   2.472    5.743  
      u_account_balance/g11201                -            NAND2XL   0.000   2.472    5.743  
      u_account_balance/g11201                B v -> Y ^   NAND2XL   0.126   2.597    5.869  
      u_account_balance/g11197                -            NOR2XL    0.000   2.597    5.869  
      u_account_balance/g11197                B ^ -> Y v   NOR2XL    0.121   2.719    5.991  
      u_account_balance/g11195                -            NAND3X1   0.000   2.719    5.991  
      u_account_balance/g11195                C v -> Y ^   NAND3X1   0.114   2.833    6.104  
      u_account_balance/g11189                -            OR2X1     0.000   2.833    6.104  
      u_account_balance/g11189                B ^ -> Y ^   OR2X1     0.116   2.948    6.220  
      u_account_balance/g11186                -            NAND2XL   0.000   2.948    6.220  
      u_account_balance/g11186                B ^ -> Y v   NAND2XL   0.165   3.113    6.385  
      u_account_balance/g11185                -            NAND2BX1  0.000   3.113    6.385  
      u_account_balance/g11185                AN v -> Y v  NAND2BX1  0.181   3.294    6.566  
      u_account_balance/g11178                -            NOR2XL    0.000   3.294    6.566  
      u_account_balance/g11178                B v -> Y ^   NOR2XL    0.221   3.515    6.787  
      u_account_balance/g11171                -            NAND2XL   0.000   3.515    6.787  
      u_account_balance/g11171                B ^ -> Y v   NAND2XL   0.216   3.731    7.003  
      u_account_balance/g11164                -            NOR2X1    0.000   3.731    7.003  
      u_account_balance/g11164                B v -> Y ^   NOR2X1    0.706   4.437    7.709  
      u_account_balance/balance_db_reg[9][6]  -            SDFFQX1   0.000   4.437    7.709  
      ----------------------------------------------------------------------------------------
     Clock Rise Edge                      0.000
     + Source Insertion Delay             0.010
     = Beginpoint Arrival Time            0.010
     Other End Path:
      ---------------------------------------------------------------------------------
      Instance                                Arc    Cell     Retime  Arrival  Required  
                                                              Delay   Time     Time  
      ---------------------------------------------------------------------------------
      -                                       clk ^  -        -       0.010    -3.262  
      u_account_balance/balance_db_reg[9][6]  -      SDFFQX1  0.000   0.010    -3.262  
      ---------------------------------------------------------------------------------
Path 11: MET Setup Check with Pin u_account_balance/balance_db_reg[9][5]/CK 
Endpoint:   u_account_balance/balance_db_reg[9][5]/SE (^) checked with  leading edge of 'clk'
Beginpoint: u_vehicle_interface/id_to_check_reg[3]/Q  (v) triggered by  leading edge of 'clk'
Path Groups: {clk}
Retime Analysis { Data Path-Slew }
Other End Arrival Time          0.010
- Setup                         0.301
+ Phase Shift                   8.000
= Required Time                 7.709
- Arrival Time                  4.437
= Slack Time                    3.272
= Slack Time(original)          3.183
     Clock Rise Edge                      0.000
     + Source Insertion Delay             0.010
     = Beginpoint Arrival Time            0.010
     Timing Path:
      ----------------------------------------------------------------------------------------
      Instance                                Arc          Cell      Retime  Arrival  Required  
                                                                     Delay   Time     Time  
      ----------------------------------------------------------------------------------------
      -                                       clk ^        -         -       0.010    3.282  
      u_vehicle_interface/id_to_check_reg[3]  -            SDFFQX1   0.000   0.010    3.282  
      u_vehicle_interface/id_to_check_reg[3]  CK ^ -> Q v  SDFFQX1   0.486   0.496    3.767  
      u_account_balance/g11418                -            CLKINVX1  0.000   0.496    3.767  
      u_account_balance/g11418                A v -> Y ^   CLKINVX1  0.151   0.647    3.919  
      u_account_balance/g11413                -            NAND2XL   0.000   0.647    3.919  
      u_account_balance/g11413                B ^ -> Y v   NAND2XL   0.324   0.971    4.243  
      u_account_balance/g11377                -            NOR2XL    0.000   0.971    4.243  
      u_account_balance/g11377                B v -> Y ^   NOR2XL    0.632   1.603    4.875  
      u_account_balance/g11313                -            AOI22XL   0.000   1.603    4.875  
      u_account_balance/g11313                B0 ^ -> Y v  AOI22XL   0.121   1.724    4.996  
      u_account_balance/g11257                -            NAND2XL   0.000   1.724    4.996  
      u_account_balance/g11257                A v -> Y ^   NAND2XL   0.110   1.834    5.106  
      u_account_balance/g11219                -            AOI211X1  0.000   1.834    5.106  
      u_account_balance/g11219                C0 ^ -> Y v  AOI211X1  0.055   1.889    5.161  
      u_account_balance/g11213                -            NAND3X1   0.000   1.889    5.161  
      u_account_balance/g11213                C v -> Y ^   NAND3X1   0.119   2.008    5.280  
      u_account_balance/g11209                -            NOR2XL    0.000   2.008    5.280  
      u_account_balance/g11209                B ^ -> Y v   NOR2XL    0.104   2.112    5.384  
      u_account_balance/g11207                -            NOR2XL    0.000   2.112    5.384  
      u_account_balance/g11207                B v -> Y ^   NOR2XL    0.257   2.369    5.641  
      u_account_balance/g11205                -            NOR4BX1   0.000   2.369    5.641  
      u_account_balance/g11205                D ^ -> Y v   NOR4BX1   0.102   2.472    5.743  
      u_account_balance/g11201                -            NAND2XL   0.000   2.472    5.743  
      u_account_balance/g11201                B v -> Y ^   NAND2XL   0.126   2.597    5.869  
      u_account_balance/g11197                -            NOR2XL    0.000   2.597    5.869  
      u_account_balance/g11197                B ^ -> Y v   NOR2XL    0.121   2.719    5.991  
      u_account_balance/g11195                -            NAND3X1   0.000   2.719    5.991  
      u_account_balance/g11195                C v -> Y ^   NAND3X1   0.114   2.833    6.104  
      u_account_balance/g11189                -            OR2X1     0.000   2.833    6.104  
      u_account_balance/g11189                B ^ -> Y ^   OR2X1     0.116   2.948    6.220  
      u_account_balance/g11186                -            NAND2XL   0.000   2.948    6.220  
      u_account_balance/g11186                B ^ -> Y v   NAND2XL   0.165   3.113    6.385  
      u_account_balance/g11185                -            NAND2BX1  0.000   3.113    6.385  
      u_account_balance/g11185                AN v -> Y v  NAND2BX1  0.181   3.294    6.566  
      u_account_balance/g11178                -            NOR2XL    0.000   3.294    6.566  
      u_account_balance/g11178                B v -> Y ^   NOR2XL    0.221   3.515    6.787  
      u_account_balance/g11171                -            NAND2XL   0.000   3.515    6.787  
      u_account_balance/g11171                B ^ -> Y v   NAND2XL   0.216   3.731    7.003  
      u_account_balance/g11164                -            NOR2X1    0.000   3.731    7.003  
      u_account_balance/g11164                B v -> Y ^   NOR2X1    0.706   4.437    7.709  
      u_account_balance/balance_db_reg[9][5]  -            SDFFQX1   0.000   4.437    7.709  
      ----------------------------------------------------------------------------------------
     Clock Rise Edge                      0.000
     + Source Insertion Delay             0.010
     = Beginpoint Arrival Time            0.010
     Other End Path:
      ---------------------------------------------------------------------------------
      Instance                                Arc    Cell     Retime  Arrival  Required  
                                                              Delay   Time     Time  
      ---------------------------------------------------------------------------------
      -                                       clk ^  -        -       0.010    -3.262  
      u_account_balance/balance_db_reg[9][5]  -      SDFFQX1  0.000   0.010    -3.262  
      ---------------------------------------------------------------------------------
Path 12: MET Setup Check with Pin u_account_balance/balance_db_reg[9][4]/CK 
Endpoint:   u_account_balance/balance_db_reg[9][4]/SE (^) checked with  leading edge of 'clk'
Beginpoint: u_vehicle_interface/id_to_check_reg[3]/Q  (v) triggered by  leading edge of 'clk'
Path Groups: {clk}
Retime Analysis { Data Path-Slew }
Other End Arrival Time          0.010
- Setup                         0.301
+ Phase Shift                   8.000
= Required Time                 7.709
- Arrival Time                  4.437
= Slack Time                    3.272
= Slack Time(original)          3.183
     Clock Rise Edge                      0.000
     + Source Insertion Delay             0.010
     = Beginpoint Arrival Time            0.010
     Timing Path:
      ----------------------------------------------------------------------------------------
      Instance                                Arc          Cell      Retime  Arrival  Required  
                                                                     Delay   Time     Time  
      ----------------------------------------------------------------------------------------
      -                                       clk ^        -         -       0.010    3.282  
      u_vehicle_interface/id_to_check_reg[3]  -            SDFFQX1   0.000   0.010    3.282  
      u_vehicle_interface/id_to_check_reg[3]  CK ^ -> Q v  SDFFQX1   0.486   0.496    3.767  
      u_account_balance/g11418                -            CLKINVX1  0.000   0.496    3.767  
      u_account_balance/g11418                A v -> Y ^   CLKINVX1  0.151   0.647    3.919  
      u_account_balance/g11413                -            NAND2XL   0.000   0.647    3.919  
      u_account_balance/g11413                B ^ -> Y v   NAND2XL   0.324   0.971    4.243  
      u_account_balance/g11377                -            NOR2XL    0.000   0.971    4.243  
      u_account_balance/g11377                B v -> Y ^   NOR2XL    0.632   1.603    4.875  
      u_account_balance/g11313                -            AOI22XL   0.000   1.603    4.875  
      u_account_balance/g11313                B0 ^ -> Y v  AOI22XL   0.121   1.724    4.996  
      u_account_balance/g11257                -            NAND2XL   0.000   1.724    4.996  
      u_account_balance/g11257                A v -> Y ^   NAND2XL   0.110   1.834    5.106  
      u_account_balance/g11219                -            AOI211X1  0.000   1.834    5.106  
      u_account_balance/g11219                C0 ^ -> Y v  AOI211X1  0.055   1.889    5.161  
      u_account_balance/g11213                -            NAND3X1   0.000   1.889    5.161  
      u_account_balance/g11213                C v -> Y ^   NAND3X1   0.119   2.008    5.280  
      u_account_balance/g11209                -            NOR2XL    0.000   2.008    5.280  
      u_account_balance/g11209                B ^ -> Y v   NOR2XL    0.104   2.112    5.384  
      u_account_balance/g11207                -            NOR2XL    0.000   2.112    5.384  
      u_account_balance/g11207                B v -> Y ^   NOR2XL    0.257   2.369    5.641  
      u_account_balance/g11205                -            NOR4BX1   0.000   2.369    5.641  
      u_account_balance/g11205                D ^ -> Y v   NOR4BX1   0.102   2.472    5.743  
      u_account_balance/g11201                -            NAND2XL   0.000   2.472    5.743  
      u_account_balance/g11201                B v -> Y ^   NAND2XL   0.126   2.597    5.869  
      u_account_balance/g11197                -            NOR2XL    0.000   2.597    5.869  
      u_account_balance/g11197                B ^ -> Y v   NOR2XL    0.121   2.719    5.991  
      u_account_balance/g11195                -            NAND3X1   0.000   2.719    5.991  
      u_account_balance/g11195                C v -> Y ^   NAND3X1   0.114   2.833    6.104  
      u_account_balance/g11189                -            OR2X1     0.000   2.833    6.104  
      u_account_balance/g11189                B ^ -> Y ^   OR2X1     0.116   2.948    6.220  
      u_account_balance/g11186                -            NAND2XL   0.000   2.948    6.220  
      u_account_balance/g11186                B ^ -> Y v   NAND2XL   0.165   3.113    6.385  
      u_account_balance/g11185                -            NAND2BX1  0.000   3.113    6.385  
      u_account_balance/g11185                AN v -> Y v  NAND2BX1  0.181   3.294    6.566  
      u_account_balance/g11178                -            NOR2XL    0.000   3.294    6.566  
      u_account_balance/g11178                B v -> Y ^   NOR2XL    0.221   3.515    6.787  
      u_account_balance/g11171                -            NAND2XL   0.000   3.515    6.787  
      u_account_balance/g11171                B ^ -> Y v   NAND2XL   0.216   3.731    7.003  
      u_account_balance/g11164                -            NOR2X1    0.000   3.731    7.003  
      u_account_balance/g11164                B v -> Y ^   NOR2X1    0.706   4.437    7.709  
      u_account_balance/balance_db_reg[9][4]  -            SDFFQX1   0.000   4.437    7.709  
      ----------------------------------------------------------------------------------------
     Clock Rise Edge                      0.000
     + Source Insertion Delay             0.010
     = Beginpoint Arrival Time            0.010
     Other End Path:
      ---------------------------------------------------------------------------------
      Instance                                Arc    Cell     Retime  Arrival  Required  
                                                              Delay   Time     Time  
      ---------------------------------------------------------------------------------
      -                                       clk ^  -        -       0.010    -3.262  
      u_account_balance/balance_db_reg[9][4]  -      SDFFQX1  0.000   0.010    -3.262  
      ---------------------------------------------------------------------------------
Path 13: MET Setup Check with Pin u_account_balance/balance_db_reg[9][3]/CK 
Endpoint:   u_account_balance/balance_db_reg[9][3]/SE (^) checked with  leading edge of 'clk'
Beginpoint: u_vehicle_interface/id_to_check_reg[3]/Q  (v) triggered by  leading edge of 'clk'
Path Groups: {clk}
Retime Analysis { Data Path-Slew }
Other End Arrival Time          0.010
- Setup                         0.301
+ Phase Shift                   8.000
= Required Time                 7.709
- Arrival Time                  4.437
= Slack Time                    3.272
= Slack Time(original)          3.183
     Clock Rise Edge                      0.000
     + Source Insertion Delay             0.010
     = Beginpoint Arrival Time            0.010
     Timing Path:
      ----------------------------------------------------------------------------------------
      Instance                                Arc          Cell      Retime  Arrival  Required  
                                                                     Delay   Time     Time  
      ----------------------------------------------------------------------------------------
      -                                       clk ^        -         -       0.010    3.282  
      u_vehicle_interface/id_to_check_reg[3]  -            SDFFQX1   0.000   0.010    3.282  
      u_vehicle_interface/id_to_check_reg[3]  CK ^ -> Q v  SDFFQX1   0.486   0.496    3.767  
      u_account_balance/g11418                -            CLKINVX1  0.000   0.496    3.767  
      u_account_balance/g11418                A v -> Y ^   CLKINVX1  0.151   0.647    3.919  
      u_account_balance/g11413                -            NAND2XL   0.000   0.647    3.919  
      u_account_balance/g11413                B ^ -> Y v   NAND2XL   0.324   0.971    4.243  
      u_account_balance/g11377                -            NOR2XL    0.000   0.971    4.243  
      u_account_balance/g11377                B v -> Y ^   NOR2XL    0.632   1.603    4.875  
      u_account_balance/g11313                -            AOI22XL   0.000   1.603    4.875  
      u_account_balance/g11313                B0 ^ -> Y v  AOI22XL   0.121   1.724    4.996  
      u_account_balance/g11257                -            NAND2XL   0.000   1.724    4.996  
      u_account_balance/g11257                A v -> Y ^   NAND2XL   0.110   1.834    5.106  
      u_account_balance/g11219                -            AOI211X1  0.000   1.834    5.106  
      u_account_balance/g11219                C0 ^ -> Y v  AOI211X1  0.055   1.889    5.161  
      u_account_balance/g11213                -            NAND3X1   0.000   1.889    5.161  
      u_account_balance/g11213                C v -> Y ^   NAND3X1   0.119   2.008    5.280  
      u_account_balance/g11209                -            NOR2XL    0.000   2.008    5.280  
      u_account_balance/g11209                B ^ -> Y v   NOR2XL    0.104   2.112    5.384  
      u_account_balance/g11207                -            NOR2XL    0.000   2.112    5.384  
      u_account_balance/g11207                B v -> Y ^   NOR2XL    0.257   2.369    5.641  
      u_account_balance/g11205                -            NOR4BX1   0.000   2.369    5.641  
      u_account_balance/g11205                D ^ -> Y v   NOR4BX1   0.102   2.472    5.743  
      u_account_balance/g11201                -            NAND2XL   0.000   2.472    5.743  
      u_account_balance/g11201                B v -> Y ^   NAND2XL   0.126   2.597    5.869  
      u_account_balance/g11197                -            NOR2XL    0.000   2.597    5.869  
      u_account_balance/g11197                B ^ -> Y v   NOR2XL    0.121   2.719    5.991  
      u_account_balance/g11195                -            NAND3X1   0.000   2.719    5.991  
      u_account_balance/g11195                C v -> Y ^   NAND3X1   0.114   2.833    6.104  
      u_account_balance/g11189                -            OR2X1     0.000   2.833    6.104  
      u_account_balance/g11189                B ^ -> Y ^   OR2X1     0.116   2.948    6.220  
      u_account_balance/g11186                -            NAND2XL   0.000   2.948    6.220  
      u_account_balance/g11186                B ^ -> Y v   NAND2XL   0.165   3.113    6.385  
      u_account_balance/g11185                -            NAND2BX1  0.000   3.113    6.385  
      u_account_balance/g11185                AN v -> Y v  NAND2BX1  0.181   3.294    6.566  
      u_account_balance/g11178                -            NOR2XL    0.000   3.294    6.566  
      u_account_balance/g11178                B v -> Y ^   NOR2XL    0.221   3.515    6.787  
      u_account_balance/g11171                -            NAND2XL   0.000   3.515    6.787  
      u_account_balance/g11171                B ^ -> Y v   NAND2XL   0.216   3.731    7.003  
      u_account_balance/g11164                -            NOR2X1    0.000   3.731    7.003  
      u_account_balance/g11164                B v -> Y ^   NOR2X1    0.706   4.437    7.709  
      u_account_balance/balance_db_reg[9][3]  -            SDFFQX1   0.000   4.437    7.709  
      ----------------------------------------------------------------------------------------
     Clock Rise Edge                      0.000
     + Source Insertion Delay             0.010
     = Beginpoint Arrival Time            0.010
     Other End Path:
      ---------------------------------------------------------------------------------
      Instance                                Arc    Cell     Retime  Arrival  Required  
                                                              Delay   Time     Time  
      ---------------------------------------------------------------------------------
      -                                       clk ^  -        -       0.010    -3.262  
      u_account_balance/balance_db_reg[9][3]  -      SDFFQX1  0.000   0.010    -3.262  
      ---------------------------------------------------------------------------------
Path 14: MET Setup Check with Pin u_account_balance/balance_db_reg[9][2]/CK 
Endpoint:   u_account_balance/balance_db_reg[9][2]/SE (^) checked with  leading edge of 'clk'
Beginpoint: u_vehicle_interface/id_to_check_reg[3]/Q  (v) triggered by  leading edge of 'clk'
Path Groups: {clk}
Retime Analysis { Data Path-Slew }
Other End Arrival Time          0.010
- Setup                         0.301
+ Phase Shift                   8.000
= Required Time                 7.709
- Arrival Time                  4.437
= Slack Time                    3.272
= Slack Time(original)          3.183
     Clock Rise Edge                      0.000
     + Source Insertion Delay             0.010
     = Beginpoint Arrival Time            0.010
     Timing Path:
      ----------------------------------------------------------------------------------------
      Instance                                Arc          Cell      Retime  Arrival  Required  
                                                                     Delay   Time     Time  
      ----------------------------------------------------------------------------------------
      -                                       clk ^        -         -       0.010    3.282  
      u_vehicle_interface/id_to_check_reg[3]  -            SDFFQX1   0.000   0.010    3.282  
      u_vehicle_interface/id_to_check_reg[3]  CK ^ -> Q v  SDFFQX1   0.486   0.496    3.767  
      u_account_balance/g11418                -            CLKINVX1  0.000   0.496    3.767  
      u_account_balance/g11418                A v -> Y ^   CLKINVX1  0.151   0.647    3.919  
      u_account_balance/g11413                -            NAND2XL   0.000   0.647    3.919  
      u_account_balance/g11413                B ^ -> Y v   NAND2XL   0.324   0.971    4.243  
      u_account_balance/g11377                -            NOR2XL    0.000   0.971    4.243  
      u_account_balance/g11377                B v -> Y ^   NOR2XL    0.632   1.603    4.875  
      u_account_balance/g11313                -            AOI22XL   0.000   1.603    4.875  
      u_account_balance/g11313                B0 ^ -> Y v  AOI22XL   0.121   1.724    4.996  
      u_account_balance/g11257                -            NAND2XL   0.000   1.724    4.996  
      u_account_balance/g11257                A v -> Y ^   NAND2XL   0.110   1.834    5.106  
      u_account_balance/g11219                -            AOI211X1  0.000   1.834    5.106  
      u_account_balance/g11219                C0 ^ -> Y v  AOI211X1  0.055   1.889    5.161  
      u_account_balance/g11213                -            NAND3X1   0.000   1.889    5.161  
      u_account_balance/g11213                C v -> Y ^   NAND3X1   0.119   2.008    5.280  
      u_account_balance/g11209                -            NOR2XL    0.000   2.008    5.280  
      u_account_balance/g11209                B ^ -> Y v   NOR2XL    0.104   2.112    5.384  
      u_account_balance/g11207                -            NOR2XL    0.000   2.112    5.384  
      u_account_balance/g11207                B v -> Y ^   NOR2XL    0.257   2.369    5.641  
      u_account_balance/g11205                -            NOR4BX1   0.000   2.369    5.641  
      u_account_balance/g11205                D ^ -> Y v   NOR4BX1   0.102   2.472    5.743  
      u_account_balance/g11201                -            NAND2XL   0.000   2.472    5.743  
      u_account_balance/g11201                B v -> Y ^   NAND2XL   0.126   2.597    5.869  
      u_account_balance/g11197                -            NOR2XL    0.000   2.597    5.869  
      u_account_balance/g11197                B ^ -> Y v   NOR2XL    0.121   2.719    5.991  
      u_account_balance/g11195                -            NAND3X1   0.000   2.719    5.991  
      u_account_balance/g11195                C v -> Y ^   NAND3X1   0.114   2.833    6.104  
      u_account_balance/g11189                -            OR2X1     0.000   2.833    6.104  
      u_account_balance/g11189                B ^ -> Y ^   OR2X1     0.116   2.948    6.220  
      u_account_balance/g11186                -            NAND2XL   0.000   2.948    6.220  
      u_account_balance/g11186                B ^ -> Y v   NAND2XL   0.165   3.113    6.385  
      u_account_balance/g11185                -            NAND2BX1  0.000   3.113    6.385  
      u_account_balance/g11185                AN v -> Y v  NAND2BX1  0.181   3.294    6.566  
      u_account_balance/g11178                -            NOR2XL    0.000   3.294    6.566  
      u_account_balance/g11178                B v -> Y ^   NOR2XL    0.221   3.515    6.787  
      u_account_balance/g11171                -            NAND2XL   0.000   3.515    6.787  
      u_account_balance/g11171                B ^ -> Y v   NAND2XL   0.216   3.731    7.003  
      u_account_balance/g11164                -            NOR2X1    0.000   3.731    7.003  
      u_account_balance/g11164                B v -> Y ^   NOR2X1    0.706   4.437    7.709  
      u_account_balance/balance_db_reg[9][2]  -            SDFFQX1   0.000   4.437    7.709  
      ----------------------------------------------------------------------------------------
     Clock Rise Edge                      0.000
     + Source Insertion Delay             0.010
     = Beginpoint Arrival Time            0.010
     Other End Path:
      ---------------------------------------------------------------------------------
      Instance                                Arc    Cell     Retime  Arrival  Required  
                                                              Delay   Time     Time  
      ---------------------------------------------------------------------------------
      -                                       clk ^  -        -       0.010    -3.262  
      u_account_balance/balance_db_reg[9][2]  -      SDFFQX1  0.000   0.010    -3.262  
      ---------------------------------------------------------------------------------
Path 15: MET Setup Check with Pin u_account_balance/balance_db_reg[9][1]/CK 
Endpoint:   u_account_balance/balance_db_reg[9][1]/SE (^) checked with  leading edge of 'clk'
Beginpoint: u_vehicle_interface/id_to_check_reg[3]/Q  (v) triggered by  leading edge of 'clk'
Path Groups: {clk}
Retime Analysis { Data Path-Slew }
Other End Arrival Time          0.010
- Setup                         0.301
+ Phase Shift                   8.000
= Required Time                 7.709
- Arrival Time                  4.437
= Slack Time                    3.272
= Slack Time(original)          3.183
     Clock Rise Edge                      0.000
     + Source Insertion Delay             0.010
     = Beginpoint Arrival Time            0.010
     Timing Path:
      ----------------------------------------------------------------------------------------
      Instance                                Arc          Cell      Retime  Arrival  Required  
                                                                     Delay   Time     Time  
      ----------------------------------------------------------------------------------------
      -                                       clk ^        -         -       0.010    3.282  
      u_vehicle_interface/id_to_check_reg[3]  -            SDFFQX1   0.000   0.010    3.282  
      u_vehicle_interface/id_to_check_reg[3]  CK ^ -> Q v  SDFFQX1   0.486   0.496    3.767  
      u_account_balance/g11418                -            CLKINVX1  0.000   0.496    3.767  
      u_account_balance/g11418                A v -> Y ^   CLKINVX1  0.151   0.647    3.919  
      u_account_balance/g11413                -            NAND2XL   0.000   0.647    3.919  
      u_account_balance/g11413                B ^ -> Y v   NAND2XL   0.324   0.971    4.243  
      u_account_balance/g11377                -            NOR2XL    0.000   0.971    4.243  
      u_account_balance/g11377                B v -> Y ^   NOR2XL    0.632   1.603    4.875  
      u_account_balance/g11313                -            AOI22XL   0.000   1.603    4.875  
      u_account_balance/g11313                B0 ^ -> Y v  AOI22XL   0.121   1.724    4.996  
      u_account_balance/g11257                -            NAND2XL   0.000   1.724    4.996  
      u_account_balance/g11257                A v -> Y ^   NAND2XL   0.110   1.834    5.106  
      u_account_balance/g11219                -            AOI211X1  0.000   1.834    5.106  
      u_account_balance/g11219                C0 ^ -> Y v  AOI211X1  0.055   1.889    5.161  
      u_account_balance/g11213                -            NAND3X1   0.000   1.889    5.161  
      u_account_balance/g11213                C v -> Y ^   NAND3X1   0.119   2.008    5.280  
      u_account_balance/g11209                -            NOR2XL    0.000   2.008    5.280  
      u_account_balance/g11209                B ^ -> Y v   NOR2XL    0.104   2.112    5.384  
      u_account_balance/g11207                -            NOR2XL    0.000   2.112    5.384  
      u_account_balance/g11207                B v -> Y ^   NOR2XL    0.257   2.369    5.641  
      u_account_balance/g11205                -            NOR4BX1   0.000   2.369    5.641  
      u_account_balance/g11205                D ^ -> Y v   NOR4BX1   0.102   2.472    5.743  
      u_account_balance/g11201                -            NAND2XL   0.000   2.472    5.743  
      u_account_balance/g11201                B v -> Y ^   NAND2XL   0.126   2.597    5.869  
      u_account_balance/g11197                -            NOR2XL    0.000   2.597    5.869  
      u_account_balance/g11197                B ^ -> Y v   NOR2XL    0.121   2.719    5.991  
      u_account_balance/g11195                -            NAND3X1   0.000   2.719    5.991  
      u_account_balance/g11195                C v -> Y ^   NAND3X1   0.114   2.833    6.104  
      u_account_balance/g11189                -            OR2X1     0.000   2.833    6.104  
      u_account_balance/g11189                B ^ -> Y ^   OR2X1     0.116   2.948    6.220  
      u_account_balance/g11186                -            NAND2XL   0.000   2.948    6.220  
      u_account_balance/g11186                B ^ -> Y v   NAND2XL   0.165   3.113    6.385  
      u_account_balance/g11185                -            NAND2BX1  0.000   3.113    6.385  
      u_account_balance/g11185                AN v -> Y v  NAND2BX1  0.181   3.294    6.566  
      u_account_balance/g11178                -            NOR2XL    0.000   3.294    6.566  
      u_account_balance/g11178                B v -> Y ^   NOR2XL    0.221   3.515    6.787  
      u_account_balance/g11171                -            NAND2XL   0.000   3.515    6.787  
      u_account_balance/g11171                B ^ -> Y v   NAND2XL   0.216   3.731    7.003  
      u_account_balance/g11164                -            NOR2X1    0.000   3.731    7.003  
      u_account_balance/g11164                B v -> Y ^   NOR2X1    0.706   4.437    7.709  
      u_account_balance/balance_db_reg[9][1]  -            SDFFQX1   0.000   4.437    7.709  
      ----------------------------------------------------------------------------------------
     Clock Rise Edge                      0.000
     + Source Insertion Delay             0.010
     = Beginpoint Arrival Time            0.010
     Other End Path:
      ---------------------------------------------------------------------------------
      Instance                                Arc    Cell     Retime  Arrival  Required  
                                                              Delay   Time     Time  
      ---------------------------------------------------------------------------------
      -                                       clk ^  -        -       0.010    -3.262  
      u_account_balance/balance_db_reg[9][1]  -      SDFFQX1  0.000   0.010    -3.262  
      ---------------------------------------------------------------------------------
Path 16: MET Setup Check with Pin u_account_balance/balance_db_reg[9][15]/CK 
Endpoint:   u_account_balance/balance_db_reg[9][15]/SE (^) checked with  leading edge of 'clk'
Beginpoint: u_vehicle_interface/id_to_check_reg[3]/Q   (v) triggered by  leading edge of 'clk'
Path Groups: {clk}
Retime Analysis { Data Path-Slew }
Other End Arrival Time          0.010
- Setup                         0.301
+ Phase Shift                   8.000
= Required Time                 7.709
- Arrival Time                  4.427
= Slack Time                    3.282
= Slack Time(original)          3.195
     Clock Rise Edge                      0.000
     + Source Insertion Delay             0.010
     = Beginpoint Arrival Time            0.010
     Timing Path:
      -----------------------------------------------------------------------------------------
      Instance                                 Arc          Cell      Retime  Arrival  Required  
                                                                      Delay   Time     Time  
      -----------------------------------------------------------------------------------------
      -                                        clk ^        -         -       0.010    3.291  
      u_vehicle_interface/id_to_check_reg[3]   -            SDFFQX1   0.000   0.010    3.291  
      u_vehicle_interface/id_to_check_reg[3]   CK ^ -> Q v  SDFFQX1   0.486   0.496    3.777  
      u_account_balance/g11418                 -            CLKINVX1  0.000   0.496    3.777  
      u_account_balance/g11418                 A v -> Y ^   CLKINVX1  0.151   0.647    3.929  
      u_account_balance/g11414                 -            NAND2XL   0.000   0.647    3.929  
      u_account_balance/g11414                 A ^ -> Y v   NAND2XL   0.339   0.986    4.268  
      u_account_balance/g11381                 -            NOR2XL    0.000   0.986    4.268  
      u_account_balance/g11381                 B v -> Y ^   NOR2XL    0.572   1.558    4.840  
      u_account_balance/g11315                 -            AOI22X1   0.000   1.558    4.840  
      u_account_balance/g11315                 A1 ^ -> Y v  AOI22X1   0.159   1.718    4.999  
      u_account_balance/g11257                 -            NAND2XL   0.000   1.718    4.999  
      u_account_balance/g11257                 B v -> Y ^   NAND2XL   0.107   1.824    5.106  
      u_account_balance/g11219                 -            AOI211X1  0.000   1.824    5.106  
      u_account_balance/g11219                 C0 ^ -> Y v  AOI211X1  0.055   1.880    5.161  
      u_account_balance/g11213                 -            NAND3X1   0.000   1.880    5.161  
      u_account_balance/g11213                 C v -> Y ^   NAND3X1   0.119   1.998    5.280  
      u_account_balance/g11209                 -            NOR2XL    0.000   1.998    5.280  
      u_account_balance/g11209                 B ^ -> Y v   NOR2XL    0.104   2.102    5.384  
      u_account_balance/g11207                 -            NOR2XL    0.000   2.102    5.384  
      u_account_balance/g11207                 B v -> Y ^   NOR2XL    0.257   2.360    5.641  
      u_account_balance/g11205                 -            NOR4BX1   0.000   2.360    5.641  
      u_account_balance/g11205                 D ^ -> Y v   NOR4BX1   0.102   2.462    5.743  
      u_account_balance/g11201                 -            NAND2XL   0.000   2.462    5.743  
      u_account_balance/g11201                 B v -> Y ^   NAND2XL   0.126   2.588    5.869  
      u_account_balance/g11197                 -            NOR2XL    0.000   2.588    5.869  
      u_account_balance/g11197                 B ^ -> Y v   NOR2XL    0.121   2.709    5.991  
      u_account_balance/g11195                 -            NAND3X1   0.000   2.709    5.991  
      u_account_balance/g11195                 C v -> Y ^   NAND3X1   0.114   2.823    6.104  
      u_account_balance/g11189                 -            OR2X1     0.000   2.823    6.104  
      u_account_balance/g11189                 B ^ -> Y ^   OR2X1     0.116   2.939    6.220  
      u_account_balance/g11186                 -            NAND2XL   0.000   2.939    6.220  
      u_account_balance/g11186                 B ^ -> Y v   NAND2XL   0.165   3.103    6.385  
      u_account_balance/g11185                 -            NAND2BX1  0.000   3.103    6.385  
      u_account_balance/g11185                 AN v -> Y v  NAND2BX1  0.181   3.284    6.566  
      u_account_balance/g11178                 -            NOR2XL    0.000   3.284    6.566  
      u_account_balance/g11178                 B v -> Y ^   NOR2XL    0.221   3.505    6.787  
      u_account_balance/g11171                 -            NAND2XL   0.000   3.505    6.787  
      u_account_balance/g11171                 B ^ -> Y v   NAND2XL   0.216   3.721    7.003  
      u_account_balance/g11164                 -            NOR2X1    0.000   3.721    7.003  
      u_account_balance/g11164                 B v -> Y ^   NOR2X1    0.706   4.427    7.709  
      u_account_balance/balance_db_reg[9][15]  -            SDFFQX1   0.000   4.427    7.709  
      -----------------------------------------------------------------------------------------
     Clock Rise Edge                      0.000
     + Source Insertion Delay             0.010
     = Beginpoint Arrival Time            0.010
     Other End Path:
      ----------------------------------------------------------------------------------
      Instance                                 Arc    Cell     Retime  Arrival  Required  
                                                               Delay   Time     Time  
      ----------------------------------------------------------------------------------
      -                                        clk ^  -        -       0.010    -3.272  
      u_account_balance/balance_db_reg[9][15]  -      SDFFQX1  0.000   0.010    -3.272  
      ----------------------------------------------------------------------------------
Path 17: MET Setup Check with Pin u_account_balance/balance_db_reg[9][14]/CK 
Endpoint:   u_account_balance/balance_db_reg[9][14]/SE (^) checked with  leading edge of 'clk'
Beginpoint: u_vehicle_interface/id_to_check_reg[3]/Q   (v) triggered by  leading edge of 'clk'
Path Groups: {clk}
Retime Analysis { Data Path-Slew }
Other End Arrival Time          0.010
- Setup                         0.301
+ Phase Shift                   8.000
= Required Time                 7.709
- Arrival Time                  4.427
= Slack Time                    3.282
= Slack Time(original)          3.195
     Clock Rise Edge                      0.000
     + Source Insertion Delay             0.010
     = Beginpoint Arrival Time            0.010
     Timing Path:
      -----------------------------------------------------------------------------------------
      Instance                                 Arc          Cell      Retime  Arrival  Required  
                                                                      Delay   Time     Time  
      -----------------------------------------------------------------------------------------
      -                                        clk ^        -         -       0.010    3.291  
      u_vehicle_interface/id_to_check_reg[3]   -            SDFFQX1   0.000   0.010    3.291  
      u_vehicle_interface/id_to_check_reg[3]   CK ^ -> Q v  SDFFQX1   0.486   0.496    3.777  
      u_account_balance/g11418                 -            CLKINVX1  0.000   0.496    3.777  
      u_account_balance/g11418                 A v -> Y ^   CLKINVX1  0.151   0.647    3.929  
      u_account_balance/g11414                 -            NAND2XL   0.000   0.647    3.929  
      u_account_balance/g11414                 A ^ -> Y v   NAND2XL   0.339   0.986    4.268  
      u_account_balance/g11381                 -            NOR2XL    0.000   0.986    4.268  
      u_account_balance/g11381                 B v -> Y ^   NOR2XL    0.572   1.558    4.840  
      u_account_balance/g11315                 -            AOI22X1   0.000   1.558    4.840  
      u_account_balance/g11315                 A1 ^ -> Y v  AOI22X1   0.159   1.718    4.999  
      u_account_balance/g11257                 -            NAND2XL   0.000   1.718    4.999  
      u_account_balance/g11257                 B v -> Y ^   NAND2XL   0.107   1.824    5.106  
      u_account_balance/g11219                 -            AOI211X1  0.000   1.824    5.106  
      u_account_balance/g11219                 C0 ^ -> Y v  AOI211X1  0.055   1.880    5.161  
      u_account_balance/g11213                 -            NAND3X1   0.000   1.880    5.161  
      u_account_balance/g11213                 C v -> Y ^   NAND3X1   0.119   1.998    5.280  
      u_account_balance/g11209                 -            NOR2XL    0.000   1.998    5.280  
      u_account_balance/g11209                 B ^ -> Y v   NOR2XL    0.104   2.102    5.384  
      u_account_balance/g11207                 -            NOR2XL    0.000   2.102    5.384  
      u_account_balance/g11207                 B v -> Y ^   NOR2XL    0.257   2.360    5.641  
      u_account_balance/g11205                 -            NOR4BX1   0.000   2.360    5.641  
      u_account_balance/g11205                 D ^ -> Y v   NOR4BX1   0.102   2.462    5.743  
      u_account_balance/g11201                 -            NAND2XL   0.000   2.462    5.743  
      u_account_balance/g11201                 B v -> Y ^   NAND2XL   0.126   2.588    5.869  
      u_account_balance/g11197                 -            NOR2XL    0.000   2.588    5.869  
      u_account_balance/g11197                 B ^ -> Y v   NOR2XL    0.121   2.709    5.991  
      u_account_balance/g11195                 -            NAND3X1   0.000   2.709    5.991  
      u_account_balance/g11195                 C v -> Y ^   NAND3X1   0.114   2.823    6.104  
      u_account_balance/g11189                 -            OR2X1     0.000   2.823    6.104  
      u_account_balance/g11189                 B ^ -> Y ^   OR2X1     0.116   2.939    6.220  
      u_account_balance/g11186                 -            NAND2XL   0.000   2.939    6.220  
      u_account_balance/g11186                 B ^ -> Y v   NAND2XL   0.165   3.103    6.385  
      u_account_balance/g11185                 -            NAND2BX1  0.000   3.103    6.385  
      u_account_balance/g11185                 AN v -> Y v  NAND2BX1  0.181   3.284    6.566  
      u_account_balance/g11178                 -            NOR2XL    0.000   3.284    6.566  
      u_account_balance/g11178                 B v -> Y ^   NOR2XL    0.221   3.505    6.787  
      u_account_balance/g11171                 -            NAND2XL   0.000   3.505    6.787  
      u_account_balance/g11171                 B ^ -> Y v   NAND2XL   0.216   3.721    7.003  
      u_account_balance/g11164                 -            NOR2X1    0.000   3.721    7.003  
      u_account_balance/g11164                 B v -> Y ^   NOR2X1    0.706   4.427    7.709  
      u_account_balance/balance_db_reg[9][14]  -            SDFFQX1   0.000   4.427    7.709  
      -----------------------------------------------------------------------------------------
     Clock Rise Edge                      0.000
     + Source Insertion Delay             0.010
     = Beginpoint Arrival Time            0.010
     Other End Path:
      ----------------------------------------------------------------------------------
      Instance                                 Arc    Cell     Retime  Arrival  Required  
                                                               Delay   Time     Time  
      ----------------------------------------------------------------------------------
      -                                        clk ^  -        -       0.010    -3.272  
      u_account_balance/balance_db_reg[9][14]  -      SDFFQX1  0.000   0.010    -3.272  
      ----------------------------------------------------------------------------------
Path 18: MET Setup Check with Pin u_account_balance/balance_db_reg[9][13]/CK 
Endpoint:   u_account_balance/balance_db_reg[9][13]/SE (^) checked with  leading edge of 'clk'
Beginpoint: u_vehicle_interface/id_to_check_reg[3]/Q   (v) triggered by  leading edge of 'clk'
Path Groups: {clk}
Retime Analysis { Data Path-Slew }
Other End Arrival Time          0.010
- Setup                         0.301
+ Phase Shift                   8.000
= Required Time                 7.709
- Arrival Time                  4.427
= Slack Time                    3.282
= Slack Time(original)          3.195
     Clock Rise Edge                      0.000
     + Source Insertion Delay             0.010
     = Beginpoint Arrival Time            0.010
     Timing Path:
      -----------------------------------------------------------------------------------------
      Instance                                 Arc          Cell      Retime  Arrival  Required  
                                                                      Delay   Time     Time  
      -----------------------------------------------------------------------------------------
      -                                        clk ^        -         -       0.010    3.291  
      u_vehicle_interface/id_to_check_reg[3]   -            SDFFQX1   0.000   0.010    3.291  
      u_vehicle_interface/id_to_check_reg[3]   CK ^ -> Q v  SDFFQX1   0.486   0.496    3.777  
      u_account_balance/g11418                 -            CLKINVX1  0.000   0.496    3.777  
      u_account_balance/g11418                 A v -> Y ^   CLKINVX1  0.151   0.647    3.929  
      u_account_balance/g11414                 -            NAND2XL   0.000   0.647    3.929  
      u_account_balance/g11414                 A ^ -> Y v   NAND2XL   0.339   0.986    4.268  
      u_account_balance/g11381                 -            NOR2XL    0.000   0.986    4.268  
      u_account_balance/g11381                 B v -> Y ^   NOR2XL    0.572   1.558    4.840  
      u_account_balance/g11315                 -            AOI22X1   0.000   1.558    4.840  
      u_account_balance/g11315                 A1 ^ -> Y v  AOI22X1   0.159   1.718    4.999  
      u_account_balance/g11257                 -            NAND2XL   0.000   1.718    4.999  
      u_account_balance/g11257                 B v -> Y ^   NAND2XL   0.107   1.824    5.106  
      u_account_balance/g11219                 -            AOI211X1  0.000   1.824    5.106  
      u_account_balance/g11219                 C0 ^ -> Y v  AOI211X1  0.055   1.880    5.161  
      u_account_balance/g11213                 -            NAND3X1   0.000   1.880    5.161  
      u_account_balance/g11213                 C v -> Y ^   NAND3X1   0.119   1.998    5.280  
      u_account_balance/g11209                 -            NOR2XL    0.000   1.998    5.280  
      u_account_balance/g11209                 B ^ -> Y v   NOR2XL    0.104   2.102    5.384  
      u_account_balance/g11207                 -            NOR2XL    0.000   2.102    5.384  
      u_account_balance/g11207                 B v -> Y ^   NOR2XL    0.257   2.360    5.641  
      u_account_balance/g11205                 -            NOR4BX1   0.000   2.360    5.641  
      u_account_balance/g11205                 D ^ -> Y v   NOR4BX1   0.102   2.462    5.743  
      u_account_balance/g11201                 -            NAND2XL   0.000   2.462    5.743  
      u_account_balance/g11201                 B v -> Y ^   NAND2XL   0.126   2.588    5.869  
      u_account_balance/g11197                 -            NOR2XL    0.000   2.588    5.869  
      u_account_balance/g11197                 B ^ -> Y v   NOR2XL    0.121   2.709    5.991  
      u_account_balance/g11195                 -            NAND3X1   0.000   2.709    5.991  
      u_account_balance/g11195                 C v -> Y ^   NAND3X1   0.114   2.823    6.104  
      u_account_balance/g11189                 -            OR2X1     0.000   2.823    6.104  
      u_account_balance/g11189                 B ^ -> Y ^   OR2X1     0.116   2.939    6.220  
      u_account_balance/g11186                 -            NAND2XL   0.000   2.939    6.220  
      u_account_balance/g11186                 B ^ -> Y v   NAND2XL   0.165   3.103    6.385  
      u_account_balance/g11185                 -            NAND2BX1  0.000   3.103    6.385  
      u_account_balance/g11185                 AN v -> Y v  NAND2BX1  0.181   3.284    6.566  
      u_account_balance/g11178                 -            NOR2XL    0.000   3.284    6.566  
      u_account_balance/g11178                 B v -> Y ^   NOR2XL    0.221   3.505    6.787  
      u_account_balance/g11171                 -            NAND2XL   0.000   3.505    6.787  
      u_account_balance/g11171                 B ^ -> Y v   NAND2XL   0.216   3.721    7.003  
      u_account_balance/g11164                 -            NOR2X1    0.000   3.721    7.003  
      u_account_balance/g11164                 B v -> Y ^   NOR2X1    0.706   4.427    7.709  
      u_account_balance/balance_db_reg[9][13]  -            SDFFQX1   0.000   4.427    7.709  
      -----------------------------------------------------------------------------------------
     Clock Rise Edge                      0.000
     + Source Insertion Delay             0.010
     = Beginpoint Arrival Time            0.010
     Other End Path:
      ----------------------------------------------------------------------------------
      Instance                                 Arc    Cell     Retime  Arrival  Required  
                                                               Delay   Time     Time  
      ----------------------------------------------------------------------------------
      -                                        clk ^  -        -       0.010    -3.272  
      u_account_balance/balance_db_reg[9][13]  -      SDFFQX1  0.000   0.010    -3.272  
      ----------------------------------------------------------------------------------
Path 19: MET Setup Check with Pin u_account_balance/balance_db_reg[9][12]/CK 
Endpoint:   u_account_balance/balance_db_reg[9][12]/SE (^) checked with  leading edge of 'clk'
Beginpoint: u_vehicle_interface/id_to_check_reg[3]/Q   (v) triggered by  leading edge of 'clk'
Path Groups: {clk}
Retime Analysis { Data Path-Slew }
Other End Arrival Time          0.010
- Setup                         0.301
+ Phase Shift                   8.000
= Required Time                 7.709
- Arrival Time                  4.427
= Slack Time                    3.282
= Slack Time(original)          3.195
     Clock Rise Edge                      0.000
     + Source Insertion Delay             0.010
     = Beginpoint Arrival Time            0.010
     Timing Path:
      -----------------------------------------------------------------------------------------
      Instance                                 Arc          Cell      Retime  Arrival  Required  
                                                                      Delay   Time     Time  
      -----------------------------------------------------------------------------------------
      -                                        clk ^        -         -       0.010    3.291  
      u_vehicle_interface/id_to_check_reg[3]   -            SDFFQX1   0.000   0.010    3.291  
      u_vehicle_interface/id_to_check_reg[3]   CK ^ -> Q v  SDFFQX1   0.486   0.496    3.777  
      u_account_balance/g11418                 -            CLKINVX1  0.000   0.496    3.777  
      u_account_balance/g11418                 A v -> Y ^   CLKINVX1  0.151   0.647    3.929  
      u_account_balance/g11414                 -            NAND2XL   0.000   0.647    3.929  
      u_account_balance/g11414                 A ^ -> Y v   NAND2XL   0.339   0.986    4.268  
      u_account_balance/g11381                 -            NOR2XL    0.000   0.986    4.268  
      u_account_balance/g11381                 B v -> Y ^   NOR2XL    0.572   1.558    4.840  
      u_account_balance/g11315                 -            AOI22X1   0.000   1.558    4.840  
      u_account_balance/g11315                 A1 ^ -> Y v  AOI22X1   0.159   1.718    4.999  
      u_account_balance/g11257                 -            NAND2XL   0.000   1.718    4.999  
      u_account_balance/g11257                 B v -> Y ^   NAND2XL   0.107   1.824    5.106  
      u_account_balance/g11219                 -            AOI211X1  0.000   1.824    5.106  
      u_account_balance/g11219                 C0 ^ -> Y v  AOI211X1  0.055   1.880    5.161  
      u_account_balance/g11213                 -            NAND3X1   0.000   1.880    5.161  
      u_account_balance/g11213                 C v -> Y ^   NAND3X1   0.119   1.998    5.280  
      u_account_balance/g11209                 -            NOR2XL    0.000   1.998    5.280  
      u_account_balance/g11209                 B ^ -> Y v   NOR2XL    0.104   2.102    5.384  
      u_account_balance/g11207                 -            NOR2XL    0.000   2.102    5.384  
      u_account_balance/g11207                 B v -> Y ^   NOR2XL    0.257   2.360    5.641  
      u_account_balance/g11205                 -            NOR4BX1   0.000   2.360    5.641  
      u_account_balance/g11205                 D ^ -> Y v   NOR4BX1   0.102   2.462    5.743  
      u_account_balance/g11201                 -            NAND2XL   0.000   2.462    5.743  
      u_account_balance/g11201                 B v -> Y ^   NAND2XL   0.126   2.588    5.869  
      u_account_balance/g11197                 -            NOR2XL    0.000   2.588    5.869  
      u_account_balance/g11197                 B ^ -> Y v   NOR2XL    0.121   2.709    5.991  
      u_account_balance/g11195                 -            NAND3X1   0.000   2.709    5.991  
      u_account_balance/g11195                 C v -> Y ^   NAND3X1   0.114   2.823    6.104  
      u_account_balance/g11189                 -            OR2X1     0.000   2.823    6.104  
      u_account_balance/g11189                 B ^ -> Y ^   OR2X1     0.116   2.939    6.220  
      u_account_balance/g11186                 -            NAND2XL   0.000   2.939    6.220  
      u_account_balance/g11186                 B ^ -> Y v   NAND2XL   0.165   3.103    6.385  
      u_account_balance/g11185                 -            NAND2BX1  0.000   3.103    6.385  
      u_account_balance/g11185                 AN v -> Y v  NAND2BX1  0.181   3.284    6.566  
      u_account_balance/g11178                 -            NOR2XL    0.000   3.284    6.566  
      u_account_balance/g11178                 B v -> Y ^   NOR2XL    0.221   3.505    6.787  
      u_account_balance/g11171                 -            NAND2XL   0.000   3.505    6.787  
      u_account_balance/g11171                 B ^ -> Y v   NAND2XL   0.216   3.721    7.003  
      u_account_balance/g11164                 -            NOR2X1    0.000   3.721    7.003  
      u_account_balance/g11164                 B v -> Y ^   NOR2X1    0.706   4.427    7.709  
      u_account_balance/balance_db_reg[9][12]  -            SDFFQX1   0.000   4.427    7.709  
      -----------------------------------------------------------------------------------------
     Clock Rise Edge                      0.000
     + Source Insertion Delay             0.010
     = Beginpoint Arrival Time            0.010
     Other End Path:
      ----------------------------------------------------------------------------------
      Instance                                 Arc    Cell     Retime  Arrival  Required  
                                                               Delay   Time     Time  
      ----------------------------------------------------------------------------------
      -                                        clk ^  -        -       0.010    -3.272  
      u_account_balance/balance_db_reg[9][12]  -      SDFFQX1  0.000   0.010    -3.272  
      ----------------------------------------------------------------------------------
Path 20: MET Setup Check with Pin u_account_balance/balance_db_reg[9][11]/CK 
Endpoint:   u_account_balance/balance_db_reg[9][11]/SE (^) checked with  leading edge of 'clk'
Beginpoint: u_vehicle_interface/id_to_check_reg[3]/Q   (v) triggered by  leading edge of 'clk'
Path Groups: {clk}
Retime Analysis { Data Path-Slew }
Other End Arrival Time          0.010
- Setup                         0.301
+ Phase Shift                   8.000
= Required Time                 7.709
- Arrival Time                  4.427
= Slack Time                    3.282
= Slack Time(original)          3.195
     Clock Rise Edge                      0.000
     + Source Insertion Delay             0.010
     = Beginpoint Arrival Time            0.010
     Timing Path:
      -----------------------------------------------------------------------------------------
      Instance                                 Arc          Cell      Retime  Arrival  Required  
                                                                      Delay   Time     Time  
      -----------------------------------------------------------------------------------------
      -                                        clk ^        -         -       0.010    3.291  
      u_vehicle_interface/id_to_check_reg[3]   -            SDFFQX1   0.000   0.010    3.291  
      u_vehicle_interface/id_to_check_reg[3]   CK ^ -> Q v  SDFFQX1   0.486   0.496    3.777  
      u_account_balance/g11418                 -            CLKINVX1  0.000   0.496    3.777  
      u_account_balance/g11418                 A v -> Y ^   CLKINVX1  0.151   0.647    3.929  
      u_account_balance/g11414                 -            NAND2XL   0.000   0.647    3.929  
      u_account_balance/g11414                 A ^ -> Y v   NAND2XL   0.339   0.986    4.268  
      u_account_balance/g11381                 -            NOR2XL    0.000   0.986    4.268  
      u_account_balance/g11381                 B v -> Y ^   NOR2XL    0.572   1.558    4.840  
      u_account_balance/g11315                 -            AOI22X1   0.000   1.558    4.840  
      u_account_balance/g11315                 A1 ^ -> Y v  AOI22X1   0.159   1.718    4.999  
      u_account_balance/g11257                 -            NAND2XL   0.000   1.718    4.999  
      u_account_balance/g11257                 B v -> Y ^   NAND2XL   0.107   1.824    5.106  
      u_account_balance/g11219                 -            AOI211X1  0.000   1.824    5.106  
      u_account_balance/g11219                 C0 ^ -> Y v  AOI211X1  0.055   1.880    5.161  
      u_account_balance/g11213                 -            NAND3X1   0.000   1.880    5.161  
      u_account_balance/g11213                 C v -> Y ^   NAND3X1   0.119   1.998    5.280  
      u_account_balance/g11209                 -            NOR2XL    0.000   1.998    5.280  
      u_account_balance/g11209                 B ^ -> Y v   NOR2XL    0.104   2.102    5.384  
      u_account_balance/g11207                 -            NOR2XL    0.000   2.102    5.384  
      u_account_balance/g11207                 B v -> Y ^   NOR2XL    0.257   2.360    5.641  
      u_account_balance/g11205                 -            NOR4BX1   0.000   2.360    5.641  
      u_account_balance/g11205                 D ^ -> Y v   NOR4BX1   0.102   2.462    5.743  
      u_account_balance/g11201                 -            NAND2XL   0.000   2.462    5.743  
      u_account_balance/g11201                 B v -> Y ^   NAND2XL   0.126   2.588    5.869  
      u_account_balance/g11197                 -            NOR2XL    0.000   2.588    5.869  
      u_account_balance/g11197                 B ^ -> Y v   NOR2XL    0.121   2.709    5.991  
      u_account_balance/g11195                 -            NAND3X1   0.000   2.709    5.991  
      u_account_balance/g11195                 C v -> Y ^   NAND3X1   0.114   2.823    6.104  
      u_account_balance/g11189                 -            OR2X1     0.000   2.823    6.104  
      u_account_balance/g11189                 B ^ -> Y ^   OR2X1     0.116   2.939    6.220  
      u_account_balance/g11186                 -            NAND2XL   0.000   2.939    6.220  
      u_account_balance/g11186                 B ^ -> Y v   NAND2XL   0.165   3.103    6.385  
      u_account_balance/g11185                 -            NAND2BX1  0.000   3.103    6.385  
      u_account_balance/g11185                 AN v -> Y v  NAND2BX1  0.181   3.284    6.566  
      u_account_balance/g11178                 -            NOR2XL    0.000   3.284    6.566  
      u_account_balance/g11178                 B v -> Y ^   NOR2XL    0.221   3.505    6.787  
      u_account_balance/g11171                 -            NAND2XL   0.000   3.505    6.787  
      u_account_balance/g11171                 B ^ -> Y v   NAND2XL   0.216   3.721    7.003  
      u_account_balance/g11164                 -            NOR2X1    0.000   3.721    7.003  
      u_account_balance/g11164                 B v -> Y ^   NOR2X1    0.706   4.427    7.709  
      u_account_balance/balance_db_reg[9][11]  -            SDFFQX1   0.000   4.427    7.709  
      -----------------------------------------------------------------------------------------
     Clock Rise Edge                      0.000
     + Source Insertion Delay             0.010
     = Beginpoint Arrival Time            0.010
     Other End Path:
      ----------------------------------------------------------------------------------
      Instance                                 Arc    Cell     Retime  Arrival  Required  
                                                               Delay   Time     Time  
      ----------------------------------------------------------------------------------
      -                                        clk ^  -        -       0.010    -3.272  
      u_account_balance/balance_db_reg[9][11]  -      SDFFQX1  0.000   0.010    -3.272  
      ----------------------------------------------------------------------------------
Path 21: MET Setup Check with Pin u_account_balance/balance_db_reg[9][10]/CK 
Endpoint:   u_account_balance/balance_db_reg[9][10]/SE (^) checked with  leading edge of 'clk'
Beginpoint: u_vehicle_interface/id_to_check_reg[3]/Q   (v) triggered by  leading edge of 'clk'
Path Groups: {clk}
Retime Analysis { Data Path-Slew }
Other End Arrival Time          0.010
- Setup                         0.301
+ Phase Shift                   8.000
= Required Time                 7.709
- Arrival Time                  4.427
= Slack Time                    3.282
= Slack Time(original)          3.195
     Clock Rise Edge                      0.000
     + Source Insertion Delay             0.010
     = Beginpoint Arrival Time            0.010
     Timing Path:
      -----------------------------------------------------------------------------------------
      Instance                                 Arc          Cell      Retime  Arrival  Required  
                                                                      Delay   Time     Time  
      -----------------------------------------------------------------------------------------
      -                                        clk ^        -         -       0.010    3.291  
      u_vehicle_interface/id_to_check_reg[3]   -            SDFFQX1   0.000   0.010    3.291  
      u_vehicle_interface/id_to_check_reg[3]   CK ^ -> Q v  SDFFQX1   0.486   0.496    3.777  
      u_account_balance/g11418                 -            CLKINVX1  0.000   0.496    3.777  
      u_account_balance/g11418                 A v -> Y ^   CLKINVX1  0.151   0.647    3.929  
      u_account_balance/g11414                 -            NAND2XL   0.000   0.647    3.929  
      u_account_balance/g11414                 A ^ -> Y v   NAND2XL   0.339   0.986    4.268  
      u_account_balance/g11381                 -            NOR2XL    0.000   0.986    4.268  
      u_account_balance/g11381                 B v -> Y ^   NOR2XL    0.572   1.558    4.840  
      u_account_balance/g11315                 -            AOI22X1   0.000   1.558    4.840  
      u_account_balance/g11315                 A1 ^ -> Y v  AOI22X1   0.159   1.718    4.999  
      u_account_balance/g11257                 -            NAND2XL   0.000   1.718    4.999  
      u_account_balance/g11257                 B v -> Y ^   NAND2XL   0.107   1.824    5.106  
      u_account_balance/g11219                 -            AOI211X1  0.000   1.824    5.106  
      u_account_balance/g11219                 C0 ^ -> Y v  AOI211X1  0.055   1.880    5.161  
      u_account_balance/g11213                 -            NAND3X1   0.000   1.880    5.161  
      u_account_balance/g11213                 C v -> Y ^   NAND3X1   0.119   1.998    5.280  
      u_account_balance/g11209                 -            NOR2XL    0.000   1.998    5.280  
      u_account_balance/g11209                 B ^ -> Y v   NOR2XL    0.104   2.102    5.384  
      u_account_balance/g11207                 -            NOR2XL    0.000   2.102    5.384  
      u_account_balance/g11207                 B v -> Y ^   NOR2XL    0.257   2.360    5.641  
      u_account_balance/g11205                 -            NOR4BX1   0.000   2.360    5.641  
      u_account_balance/g11205                 D ^ -> Y v   NOR4BX1   0.102   2.462    5.743  
      u_account_balance/g11201                 -            NAND2XL   0.000   2.462    5.743  
      u_account_balance/g11201                 B v -> Y ^   NAND2XL   0.126   2.588    5.869  
      u_account_balance/g11197                 -            NOR2XL    0.000   2.588    5.869  
      u_account_balance/g11197                 B ^ -> Y v   NOR2XL    0.121   2.709    5.991  
      u_account_balance/g11195                 -            NAND3X1   0.000   2.709    5.991  
      u_account_balance/g11195                 C v -> Y ^   NAND3X1   0.114   2.823    6.104  
      u_account_balance/g11189                 -            OR2X1     0.000   2.823    6.104  
      u_account_balance/g11189                 B ^ -> Y ^   OR2X1     0.116   2.939    6.220  
      u_account_balance/g11186                 -            NAND2XL   0.000   2.939    6.220  
      u_account_balance/g11186                 B ^ -> Y v   NAND2XL   0.165   3.103    6.385  
      u_account_balance/g11185                 -            NAND2BX1  0.000   3.103    6.385  
      u_account_balance/g11185                 AN v -> Y v  NAND2BX1  0.181   3.284    6.566  
      u_account_balance/g11178                 -            NOR2XL    0.000   3.284    6.566  
      u_account_balance/g11178                 B v -> Y ^   NOR2XL    0.221   3.505    6.787  
      u_account_balance/g11171                 -            NAND2XL   0.000   3.505    6.787  
      u_account_balance/g11171                 B ^ -> Y v   NAND2XL   0.216   3.721    7.003  
      u_account_balance/g11164                 -            NOR2X1    0.000   3.721    7.003  
      u_account_balance/g11164                 B v -> Y ^   NOR2X1    0.706   4.427    7.709  
      u_account_balance/balance_db_reg[9][10]  -            SDFFQX1   0.000   4.427    7.709  
      -----------------------------------------------------------------------------------------
     Clock Rise Edge                      0.000
     + Source Insertion Delay             0.010
     = Beginpoint Arrival Time            0.010
     Other End Path:
      ----------------------------------------------------------------------------------
      Instance                                 Arc    Cell     Retime  Arrival  Required  
                                                               Delay   Time     Time  
      ----------------------------------------------------------------------------------
      -                                        clk ^  -        -       0.010    -3.272  
      u_account_balance/balance_db_reg[9][10]  -      SDFFQX1  0.000   0.010    -3.272  
      ----------------------------------------------------------------------------------
Path 22: MET Setup Check with Pin u_account_balance/balance_db_reg[9][9]/CK 
Endpoint:   u_account_balance/balance_db_reg[9][9]/SE (^) checked with  leading edge of 'clk'
Beginpoint: u_vehicle_interface/id_to_check_reg[3]/Q  (v) triggered by  leading edge of 'clk'
Path Groups: {clk}
Retime Analysis { Data Path-Slew }
Other End Arrival Time          0.010
- Setup                         0.301
+ Phase Shift                   8.000
= Required Time                 7.709
- Arrival Time                  4.427
= Slack Time                    3.282
= Slack Time(original)          3.195
     Clock Rise Edge                      0.000
     + Source Insertion Delay             0.010
     = Beginpoint Arrival Time            0.010
     Timing Path:
      ----------------------------------------------------------------------------------------
      Instance                                Arc          Cell      Retime  Arrival  Required  
                                                                     Delay   Time     Time  
      ----------------------------------------------------------------------------------------
      -                                       clk ^        -         -       0.010    3.291  
      u_vehicle_interface/id_to_check_reg[3]  -            SDFFQX1   0.000   0.010    3.291  
      u_vehicle_interface/id_to_check_reg[3]  CK ^ -> Q v  SDFFQX1   0.486   0.496    3.777  
      u_account_balance/g11418                -            CLKINVX1  0.000   0.496    3.777  
      u_account_balance/g11418                A v -> Y ^   CLKINVX1  0.151   0.647    3.929  
      u_account_balance/g11414                -            NAND2XL   0.000   0.647    3.929  
      u_account_balance/g11414                A ^ -> Y v   NAND2XL   0.339   0.986    4.268  
      u_account_balance/g11381                -            NOR2XL    0.000   0.986    4.268  
      u_account_balance/g11381                B v -> Y ^   NOR2XL    0.572   1.558    4.840  
      u_account_balance/g11315                -            AOI22X1   0.000   1.558    4.840  
      u_account_balance/g11315                A1 ^ -> Y v  AOI22X1   0.159   1.718    4.999  
      u_account_balance/g11257                -            NAND2XL   0.000   1.718    4.999  
      u_account_balance/g11257                B v -> Y ^   NAND2XL   0.107   1.824    5.106  
      u_account_balance/g11219                -            AOI211X1  0.000   1.824    5.106  
      u_account_balance/g11219                C0 ^ -> Y v  AOI211X1  0.055   1.880    5.161  
      u_account_balance/g11213                -            NAND3X1   0.000   1.880    5.161  
      u_account_balance/g11213                C v -> Y ^   NAND3X1   0.119   1.998    5.280  
      u_account_balance/g11209                -            NOR2XL    0.000   1.998    5.280  
      u_account_balance/g11209                B ^ -> Y v   NOR2XL    0.104   2.102    5.384  
      u_account_balance/g11207                -            NOR2XL    0.000   2.102    5.384  
      u_account_balance/g11207                B v -> Y ^   NOR2XL    0.257   2.360    5.641  
      u_account_balance/g11205                -            NOR4BX1   0.000   2.360    5.641  
      u_account_balance/g11205                D ^ -> Y v   NOR4BX1   0.102   2.462    5.743  
      u_account_balance/g11201                -            NAND2XL   0.000   2.462    5.743  
      u_account_balance/g11201                B v -> Y ^   NAND2XL   0.126   2.588    5.869  
      u_account_balance/g11197                -            NOR2XL    0.000   2.588    5.869  
      u_account_balance/g11197                B ^ -> Y v   NOR2XL    0.121   2.709    5.991  
      u_account_balance/g11195                -            NAND3X1   0.000   2.709    5.991  
      u_account_balance/g11195                C v -> Y ^   NAND3X1   0.114   2.823    6.104  
      u_account_balance/g11189                -            OR2X1     0.000   2.823    6.104  
      u_account_balance/g11189                B ^ -> Y ^   OR2X1     0.116   2.939    6.220  
      u_account_balance/g11186                -            NAND2XL   0.000   2.939    6.220  
      u_account_balance/g11186                B ^ -> Y v   NAND2XL   0.165   3.103    6.385  
      u_account_balance/g11185                -            NAND2BX1  0.000   3.103    6.385  
      u_account_balance/g11185                AN v -> Y v  NAND2BX1  0.181   3.284    6.566  
      u_account_balance/g11178                -            NOR2XL    0.000   3.284    6.566  
      u_account_balance/g11178                B v -> Y ^   NOR2XL    0.221   3.505    6.787  
      u_account_balance/g11171                -            NAND2XL   0.000   3.505    6.787  
      u_account_balance/g11171                B ^ -> Y v   NAND2XL   0.216   3.721    7.003  
      u_account_balance/g11164                -            NOR2X1    0.000   3.721    7.003  
      u_account_balance/g11164                B v -> Y ^   NOR2X1    0.706   4.427    7.709  
      u_account_balance/balance_db_reg[9][9]  -            SDFFQX1   0.000   4.427    7.709  
      ----------------------------------------------------------------------------------------
     Clock Rise Edge                      0.000
     + Source Insertion Delay             0.010
     = Beginpoint Arrival Time            0.010
     Other End Path:
      ---------------------------------------------------------------------------------
      Instance                                Arc    Cell     Retime  Arrival  Required  
                                                              Delay   Time     Time  
      ---------------------------------------------------------------------------------
      -                                       clk ^  -        -       0.010    -3.272  
      u_account_balance/balance_db_reg[9][9]  -      SDFFQX1  0.000   0.010    -3.272  
      ---------------------------------------------------------------------------------
Path 23: MET Setup Check with Pin u_account_balance/balance_db_reg[9][8]/CK 
Endpoint:   u_account_balance/balance_db_reg[9][8]/SE (^) checked with  leading edge of 'clk'
Beginpoint: u_vehicle_interface/id_to_check_reg[3]/Q  (v) triggered by  leading edge of 'clk'
Path Groups: {clk}
Retime Analysis { Data Path-Slew }
Other End Arrival Time          0.010
- Setup                         0.301
+ Phase Shift                   8.000
= Required Time                 7.709
- Arrival Time                  4.427
= Slack Time                    3.282
= Slack Time(original)          3.195
     Clock Rise Edge                      0.000
     + Source Insertion Delay             0.010
     = Beginpoint Arrival Time            0.010
     Timing Path:
      ----------------------------------------------------------------------------------------
      Instance                                Arc          Cell      Retime  Arrival  Required  
                                                                     Delay   Time     Time  
      ----------------------------------------------------------------------------------------
      -                                       clk ^        -         -       0.010    3.291  
      u_vehicle_interface/id_to_check_reg[3]  -            SDFFQX1   0.000   0.010    3.291  
      u_vehicle_interface/id_to_check_reg[3]  CK ^ -> Q v  SDFFQX1   0.486   0.496    3.777  
      u_account_balance/g11418                -            CLKINVX1  0.000   0.496    3.777  
      u_account_balance/g11418                A v -> Y ^   CLKINVX1  0.151   0.647    3.929  
      u_account_balance/g11414                -            NAND2XL   0.000   0.647    3.929  
      u_account_balance/g11414                A ^ -> Y v   NAND2XL   0.339   0.986    4.268  
      u_account_balance/g11381                -            NOR2XL    0.000   0.986    4.268  
      u_account_balance/g11381                B v -> Y ^   NOR2XL    0.572   1.558    4.840  
      u_account_balance/g11315                -            AOI22X1   0.000   1.558    4.840  
      u_account_balance/g11315                A1 ^ -> Y v  AOI22X1   0.159   1.718    4.999  
      u_account_balance/g11257                -            NAND2XL   0.000   1.718    4.999  
      u_account_balance/g11257                B v -> Y ^   NAND2XL   0.107   1.824    5.106  
      u_account_balance/g11219                -            AOI211X1  0.000   1.824    5.106  
      u_account_balance/g11219                C0 ^ -> Y v  AOI211X1  0.055   1.880    5.161  
      u_account_balance/g11213                -            NAND3X1   0.000   1.880    5.161  
      u_account_balance/g11213                C v -> Y ^   NAND3X1   0.119   1.998    5.280  
      u_account_balance/g11209                -            NOR2XL    0.000   1.998    5.280  
      u_account_balance/g11209                B ^ -> Y v   NOR2XL    0.104   2.102    5.384  
      u_account_balance/g11207                -            NOR2XL    0.000   2.102    5.384  
      u_account_balance/g11207                B v -> Y ^   NOR2XL    0.257   2.360    5.641  
      u_account_balance/g11205                -            NOR4BX1   0.000   2.360    5.641  
      u_account_balance/g11205                D ^ -> Y v   NOR4BX1   0.102   2.462    5.743  
      u_account_balance/g11201                -            NAND2XL   0.000   2.462    5.743  
      u_account_balance/g11201                B v -> Y ^   NAND2XL   0.126   2.588    5.869  
      u_account_balance/g11197                -            NOR2XL    0.000   2.588    5.869  
      u_account_balance/g11197                B ^ -> Y v   NOR2XL    0.121   2.709    5.991  
      u_account_balance/g11195                -            NAND3X1   0.000   2.709    5.991  
      u_account_balance/g11195                C v -> Y ^   NAND3X1   0.114   2.823    6.104  
      u_account_balance/g11189                -            OR2X1     0.000   2.823    6.104  
      u_account_balance/g11189                B ^ -> Y ^   OR2X1     0.116   2.939    6.220  
      u_account_balance/g11186                -            NAND2XL   0.000   2.939    6.220  
      u_account_balance/g11186                B ^ -> Y v   NAND2XL   0.165   3.103    6.385  
      u_account_balance/g11185                -            NAND2BX1  0.000   3.103    6.385  
      u_account_balance/g11185                AN v -> Y v  NAND2BX1  0.181   3.284    6.566  
      u_account_balance/g11178                -            NOR2XL    0.000   3.284    6.566  
      u_account_balance/g11178                B v -> Y ^   NOR2XL    0.221   3.505    6.787  
      u_account_balance/g11171                -            NAND2XL   0.000   3.505    6.787  
      u_account_balance/g11171                B ^ -> Y v   NAND2XL   0.216   3.721    7.003  
      u_account_balance/g11164                -            NOR2X1    0.000   3.721    7.003  
      u_account_balance/g11164                B v -> Y ^   NOR2X1    0.706   4.427    7.709  
      u_account_balance/balance_db_reg[9][8]  -            SDFFQX1   0.000   4.427    7.709  
      ----------------------------------------------------------------------------------------
     Clock Rise Edge                      0.000
     + Source Insertion Delay             0.010
     = Beginpoint Arrival Time            0.010
     Other End Path:
      ---------------------------------------------------------------------------------
      Instance                                Arc    Cell     Retime  Arrival  Required  
                                                              Delay   Time     Time  
      ---------------------------------------------------------------------------------
      -                                       clk ^  -        -       0.010    -3.272  
      u_account_balance/balance_db_reg[9][8]  -      SDFFQX1  0.000   0.010    -3.272  
      ---------------------------------------------------------------------------------
Path 24: MET Setup Check with Pin u_account_balance/balance_db_reg[9][7]/CK 
Endpoint:   u_account_balance/balance_db_reg[9][7]/SE (^) checked with  leading edge of 'clk'
Beginpoint: u_vehicle_interface/id_to_check_reg[3]/Q  (v) triggered by  leading edge of 'clk'
Path Groups: {clk}
Retime Analysis { Data Path-Slew }
Other End Arrival Time          0.010
- Setup                         0.301
+ Phase Shift                   8.000
= Required Time                 7.709
- Arrival Time                  4.427
= Slack Time                    3.282
= Slack Time(original)          3.195
     Clock Rise Edge                      0.000
     + Source Insertion Delay             0.010
     = Beginpoint Arrival Time            0.010
     Timing Path:
      ----------------------------------------------------------------------------------------
      Instance                                Arc          Cell      Retime  Arrival  Required  
                                                                     Delay   Time     Time  
      ----------------------------------------------------------------------------------------
      -                                       clk ^        -         -       0.010    3.291  
      u_vehicle_interface/id_to_check_reg[3]  -            SDFFQX1   0.000   0.010    3.291  
      u_vehicle_interface/id_to_check_reg[3]  CK ^ -> Q v  SDFFQX1   0.486   0.496    3.777  
      u_account_balance/g11418                -            CLKINVX1  0.000   0.496    3.777  
      u_account_balance/g11418                A v -> Y ^   CLKINVX1  0.151   0.647    3.929  
      u_account_balance/g11414                -            NAND2XL   0.000   0.647    3.929  
      u_account_balance/g11414                A ^ -> Y v   NAND2XL   0.339   0.986    4.268  
      u_account_balance/g11381                -            NOR2XL    0.000   0.986    4.268  
      u_account_balance/g11381                B v -> Y ^   NOR2XL    0.572   1.558    4.840  
      u_account_balance/g11315                -            AOI22X1   0.000   1.558    4.840  
      u_account_balance/g11315                A1 ^ -> Y v  AOI22X1   0.159   1.718    4.999  
      u_account_balance/g11257                -            NAND2XL   0.000   1.718    4.999  
      u_account_balance/g11257                B v -> Y ^   NAND2XL   0.107   1.824    5.106  
      u_account_balance/g11219                -            AOI211X1  0.000   1.824    5.106  
      u_account_balance/g11219                C0 ^ -> Y v  AOI211X1  0.055   1.880    5.161  
      u_account_balance/g11213                -            NAND3X1   0.000   1.880    5.161  
      u_account_balance/g11213                C v -> Y ^   NAND3X1   0.119   1.998    5.280  
      u_account_balance/g11209                -            NOR2XL    0.000   1.998    5.280  
      u_account_balance/g11209                B ^ -> Y v   NOR2XL    0.104   2.102    5.384  
      u_account_balance/g11207                -            NOR2XL    0.000   2.102    5.384  
      u_account_balance/g11207                B v -> Y ^   NOR2XL    0.257   2.360    5.641  
      u_account_balance/g11205                -            NOR4BX1   0.000   2.360    5.641  
      u_account_balance/g11205                D ^ -> Y v   NOR4BX1   0.102   2.462    5.743  
      u_account_balance/g11201                -            NAND2XL   0.000   2.462    5.743  
      u_account_balance/g11201                B v -> Y ^   NAND2XL   0.126   2.588    5.869  
      u_account_balance/g11197                -            NOR2XL    0.000   2.588    5.869  
      u_account_balance/g11197                B ^ -> Y v   NOR2XL    0.121   2.709    5.991  
      u_account_balance/g11195                -            NAND3X1   0.000   2.709    5.991  
      u_account_balance/g11195                C v -> Y ^   NAND3X1   0.114   2.823    6.104  
      u_account_balance/g11189                -            OR2X1     0.000   2.823    6.104  
      u_account_balance/g11189                B ^ -> Y ^   OR2X1     0.116   2.939    6.220  
      u_account_balance/g11186                -            NAND2XL   0.000   2.939    6.220  
      u_account_balance/g11186                B ^ -> Y v   NAND2XL   0.165   3.103    6.385  
      u_account_balance/g11185                -            NAND2BX1  0.000   3.103    6.385  
      u_account_balance/g11185                AN v -> Y v  NAND2BX1  0.181   3.284    6.566  
      u_account_balance/g11178                -            NOR2XL    0.000   3.284    6.566  
      u_account_balance/g11178                B v -> Y ^   NOR2XL    0.221   3.505    6.787  
      u_account_balance/g11171                -            NAND2XL   0.000   3.505    6.787  
      u_account_balance/g11171                B ^ -> Y v   NAND2XL   0.216   3.721    7.003  
      u_account_balance/g11164                -            NOR2X1    0.000   3.721    7.003  
      u_account_balance/g11164                B v -> Y ^   NOR2X1    0.706   4.427    7.709  
      u_account_balance/balance_db_reg[9][7]  -            SDFFQX1   0.000   4.427    7.709  
      ----------------------------------------------------------------------------------------
     Clock Rise Edge                      0.000
     + Source Insertion Delay             0.010
     = Beginpoint Arrival Time            0.010
     Other End Path:
      ---------------------------------------------------------------------------------
      Instance                                Arc    Cell     Retime  Arrival  Required  
                                                              Delay   Time     Time  
      ---------------------------------------------------------------------------------
      -                                       clk ^  -        -       0.010    -3.272  
      u_account_balance/balance_db_reg[9][7]  -      SDFFQX1  0.000   0.010    -3.272  
      ---------------------------------------------------------------------------------
Path 25: MET Setup Check with Pin u_account_balance/balance_db_reg[9][6]/CK 
Endpoint:   u_account_balance/balance_db_reg[9][6]/SE (^) checked with  leading edge of 'clk'
Beginpoint: u_vehicle_interface/id_to_check_reg[3]/Q  (v) triggered by  leading edge of 'clk'
Path Groups: {clk}
Retime Analysis { Data Path-Slew }
Other End Arrival Time          0.010
- Setup                         0.301
+ Phase Shift                   8.000
= Required Time                 7.709
- Arrival Time                  4.427
= Slack Time                    3.282
= Slack Time(original)          3.195
     Clock Rise Edge                      0.000
     + Source Insertion Delay             0.010
     = Beginpoint Arrival Time            0.010
     Timing Path:
      ----------------------------------------------------------------------------------------
      Instance                                Arc          Cell      Retime  Arrival  Required  
                                                                     Delay   Time     Time  
      ----------------------------------------------------------------------------------------
      -                                       clk ^        -         -       0.010    3.291  
      u_vehicle_interface/id_to_check_reg[3]  -            SDFFQX1   0.000   0.010    3.291  
      u_vehicle_interface/id_to_check_reg[3]  CK ^ -> Q v  SDFFQX1   0.486   0.496    3.777  
      u_account_balance/g11418                -            CLKINVX1  0.000   0.496    3.777  
      u_account_balance/g11418                A v -> Y ^   CLKINVX1  0.151   0.647    3.929  
      u_account_balance/g11414                -            NAND2XL   0.000   0.647    3.929  
      u_account_balance/g11414                A ^ -> Y v   NAND2XL   0.339   0.986    4.268  
      u_account_balance/g11381                -            NOR2XL    0.000   0.986    4.268  
      u_account_balance/g11381                B v -> Y ^   NOR2XL    0.572   1.558    4.840  
      u_account_balance/g11315                -            AOI22X1   0.000   1.558    4.840  
      u_account_balance/g11315                A1 ^ -> Y v  AOI22X1   0.159   1.718    4.999  
      u_account_balance/g11257                -            NAND2XL   0.000   1.718    4.999  
      u_account_balance/g11257                B v -> Y ^   NAND2XL   0.107   1.824    5.106  
      u_account_balance/g11219                -            AOI211X1  0.000   1.824    5.106  
      u_account_balance/g11219                C0 ^ -> Y v  AOI211X1  0.055   1.880    5.161  
      u_account_balance/g11213                -            NAND3X1   0.000   1.880    5.161  
      u_account_balance/g11213                C v -> Y ^   NAND3X1   0.119   1.998    5.280  
      u_account_balance/g11209                -            NOR2XL    0.000   1.998    5.280  
      u_account_balance/g11209                B ^ -> Y v   NOR2XL    0.104   2.102    5.384  
      u_account_balance/g11207                -            NOR2XL    0.000   2.102    5.384  
      u_account_balance/g11207                B v -> Y ^   NOR2XL    0.257   2.360    5.641  
      u_account_balance/g11205                -            NOR4BX1   0.000   2.360    5.641  
      u_account_balance/g11205                D ^ -> Y v   NOR4BX1   0.102   2.462    5.743  
      u_account_balance/g11201                -            NAND2XL   0.000   2.462    5.743  
      u_account_balance/g11201                B v -> Y ^   NAND2XL   0.126   2.588    5.869  
      u_account_balance/g11197                -            NOR2XL    0.000   2.588    5.869  
      u_account_balance/g11197                B ^ -> Y v   NOR2XL    0.121   2.709    5.991  
      u_account_balance/g11195                -            NAND3X1   0.000   2.709    5.991  
      u_account_balance/g11195                C v -> Y ^   NAND3X1   0.114   2.823    6.104  
      u_account_balance/g11189                -            OR2X1     0.000   2.823    6.104  
      u_account_balance/g11189                B ^ -> Y ^   OR2X1     0.116   2.939    6.220  
      u_account_balance/g11186                -            NAND2XL   0.000   2.939    6.220  
      u_account_balance/g11186                B ^ -> Y v   NAND2XL   0.165   3.103    6.385  
      u_account_balance/g11185                -            NAND2BX1  0.000   3.103    6.385  
      u_account_balance/g11185                AN v -> Y v  NAND2BX1  0.181   3.284    6.566  
      u_account_balance/g11178                -            NOR2XL    0.000   3.284    6.566  
      u_account_balance/g11178                B v -> Y ^   NOR2XL    0.221   3.505    6.787  
      u_account_balance/g11171                -            NAND2XL   0.000   3.505    6.787  
      u_account_balance/g11171                B ^ -> Y v   NAND2XL   0.216   3.721    7.003  
      u_account_balance/g11164                -            NOR2X1    0.000   3.721    7.003  
      u_account_balance/g11164                B v -> Y ^   NOR2X1    0.706   4.427    7.709  
      u_account_balance/balance_db_reg[9][6]  -            SDFFQX1   0.000   4.427    7.709  
      ----------------------------------------------------------------------------------------
     Clock Rise Edge                      0.000
     + Source Insertion Delay             0.010
     = Beginpoint Arrival Time            0.010
     Other End Path:
      ---------------------------------------------------------------------------------
      Instance                                Arc    Cell     Retime  Arrival  Required  
                                                              Delay   Time     Time  
      ---------------------------------------------------------------------------------
      -                                       clk ^  -        -       0.010    -3.272  
      u_account_balance/balance_db_reg[9][6]  -      SDFFQX1  0.000   0.010    -3.272  
      ---------------------------------------------------------------------------------
Path 26: MET Setup Check with Pin u_account_balance/balance_db_reg[9][5]/CK 
Endpoint:   u_account_balance/balance_db_reg[9][5]/SE (^) checked with  leading edge of 'clk'
Beginpoint: u_vehicle_interface/id_to_check_reg[3]/Q  (v) triggered by  leading edge of 'clk'
Path Groups: {clk}
Retime Analysis { Data Path-Slew }
Other End Arrival Time          0.010
- Setup                         0.301
+ Phase Shift                   8.000
= Required Time                 7.709
- Arrival Time                  4.427
= Slack Time                    3.282
= Slack Time(original)          3.195
     Clock Rise Edge                      0.000
     + Source Insertion Delay             0.010
     = Beginpoint Arrival Time            0.010
     Timing Path:
      ----------------------------------------------------------------------------------------
      Instance                                Arc          Cell      Retime  Arrival  Required  
                                                                     Delay   Time     Time  
      ----------------------------------------------------------------------------------------
      -                                       clk ^        -         -       0.010    3.291  
      u_vehicle_interface/id_to_check_reg[3]  -            SDFFQX1   0.000   0.010    3.291  
      u_vehicle_interface/id_to_check_reg[3]  CK ^ -> Q v  SDFFQX1   0.486   0.496    3.777  
      u_account_balance/g11418                -            CLKINVX1  0.000   0.496    3.777  
      u_account_balance/g11418                A v -> Y ^   CLKINVX1  0.151   0.647    3.929  
      u_account_balance/g11414                -            NAND2XL   0.000   0.647    3.929  
      u_account_balance/g11414                A ^ -> Y v   NAND2XL   0.339   0.986    4.268  
      u_account_balance/g11381                -            NOR2XL    0.000   0.986    4.268  
      u_account_balance/g11381                B v -> Y ^   NOR2XL    0.572   1.558    4.840  
      u_account_balance/g11315                -            AOI22X1   0.000   1.558    4.840  
      u_account_balance/g11315                A1 ^ -> Y v  AOI22X1   0.159   1.718    4.999  
      u_account_balance/g11257                -            NAND2XL   0.000   1.718    4.999  
      u_account_balance/g11257                B v -> Y ^   NAND2XL   0.107   1.824    5.106  
      u_account_balance/g11219                -            AOI211X1  0.000   1.824    5.106  
      u_account_balance/g11219                C0 ^ -> Y v  AOI211X1  0.055   1.880    5.161  
      u_account_balance/g11213                -            NAND3X1   0.000   1.880    5.161  
      u_account_balance/g11213                C v -> Y ^   NAND3X1   0.119   1.998    5.280  
      u_account_balance/g11209                -            NOR2XL    0.000   1.998    5.280  
      u_account_balance/g11209                B ^ -> Y v   NOR2XL    0.104   2.102    5.384  
      u_account_balance/g11207                -            NOR2XL    0.000   2.102    5.384  
      u_account_balance/g11207                B v -> Y ^   NOR2XL    0.257   2.360    5.641  
      u_account_balance/g11205                -            NOR4BX1   0.000   2.360    5.641  
      u_account_balance/g11205                D ^ -> Y v   NOR4BX1   0.102   2.462    5.743  
      u_account_balance/g11201                -            NAND2XL   0.000   2.462    5.743  
      u_account_balance/g11201                B v -> Y ^   NAND2XL   0.126   2.588    5.869  
      u_account_balance/g11197                -            NOR2XL    0.000   2.588    5.869  
      u_account_balance/g11197                B ^ -> Y v   NOR2XL    0.121   2.709    5.991  
      u_account_balance/g11195                -            NAND3X1   0.000   2.709    5.991  
      u_account_balance/g11195                C v -> Y ^   NAND3X1   0.114   2.823    6.104  
      u_account_balance/g11189                -            OR2X1     0.000   2.823    6.104  
      u_account_balance/g11189                B ^ -> Y ^   OR2X1     0.116   2.939    6.220  
      u_account_balance/g11186                -            NAND2XL   0.000   2.939    6.220  
      u_account_balance/g11186                B ^ -> Y v   NAND2XL   0.165   3.103    6.385  
      u_account_balance/g11185                -            NAND2BX1  0.000   3.103    6.385  
      u_account_balance/g11185                AN v -> Y v  NAND2BX1  0.181   3.284    6.566  
      u_account_balance/g11178                -            NOR2XL    0.000   3.284    6.566  
      u_account_balance/g11178                B v -> Y ^   NOR2XL    0.221   3.505    6.787  
      u_account_balance/g11171                -            NAND2XL   0.000   3.505    6.787  
      u_account_balance/g11171                B ^ -> Y v   NAND2XL   0.216   3.721    7.003  
      u_account_balance/g11164                -            NOR2X1    0.000   3.721    7.003  
      u_account_balance/g11164                B v -> Y ^   NOR2X1    0.706   4.427    7.709  
      u_account_balance/balance_db_reg[9][5]  -            SDFFQX1   0.000   4.427    7.709  
      ----------------------------------------------------------------------------------------
     Clock Rise Edge                      0.000
     + Source Insertion Delay             0.010
     = Beginpoint Arrival Time            0.010
     Other End Path:
      ---------------------------------------------------------------------------------
      Instance                                Arc    Cell     Retime  Arrival  Required  
                                                              Delay   Time     Time  
      ---------------------------------------------------------------------------------
      -                                       clk ^  -        -       0.010    -3.272  
      u_account_balance/balance_db_reg[9][5]  -      SDFFQX1  0.000   0.010    -3.272  
      ---------------------------------------------------------------------------------
Path 27: MET Setup Check with Pin u_account_balance/balance_db_reg[9][4]/CK 
Endpoint:   u_account_balance/balance_db_reg[9][4]/SE (^) checked with  leading edge of 'clk'
Beginpoint: u_vehicle_interface/id_to_check_reg[3]/Q  (v) triggered by  leading edge of 'clk'
Path Groups: {clk}
Retime Analysis { Data Path-Slew }
Other End Arrival Time          0.010
- Setup                         0.301
+ Phase Shift                   8.000
= Required Time                 7.709
- Arrival Time                  4.427
= Slack Time                    3.282
= Slack Time(original)          3.195
     Clock Rise Edge                      0.000
     + Source Insertion Delay             0.010
     = Beginpoint Arrival Time            0.010
     Timing Path:
      ----------------------------------------------------------------------------------------
      Instance                                Arc          Cell      Retime  Arrival  Required  
                                                                     Delay   Time     Time  
      ----------------------------------------------------------------------------------------
      -                                       clk ^        -         -       0.010    3.291  
      u_vehicle_interface/id_to_check_reg[3]  -            SDFFQX1   0.000   0.010    3.291  
      u_vehicle_interface/id_to_check_reg[3]  CK ^ -> Q v  SDFFQX1   0.486   0.496    3.777  
      u_account_balance/g11418                -            CLKINVX1  0.000   0.496    3.777  
      u_account_balance/g11418                A v -> Y ^   CLKINVX1  0.151   0.647    3.929  
      u_account_balance/g11414                -            NAND2XL   0.000   0.647    3.929  
      u_account_balance/g11414                A ^ -> Y v   NAND2XL   0.339   0.986    4.268  
      u_account_balance/g11381                -            NOR2XL    0.000   0.986    4.268  
      u_account_balance/g11381                B v -> Y ^   NOR2XL    0.572   1.558    4.840  
      u_account_balance/g11315                -            AOI22X1   0.000   1.558    4.840  
      u_account_balance/g11315                A1 ^ -> Y v  AOI22X1   0.159   1.718    4.999  
      u_account_balance/g11257                -            NAND2XL   0.000   1.718    4.999  
      u_account_balance/g11257                B v -> Y ^   NAND2XL   0.107   1.824    5.106  
      u_account_balance/g11219                -            AOI211X1  0.000   1.824    5.106  
      u_account_balance/g11219                C0 ^ -> Y v  AOI211X1  0.055   1.880    5.161  
      u_account_balance/g11213                -            NAND3X1   0.000   1.880    5.161  
      u_account_balance/g11213                C v -> Y ^   NAND3X1   0.119   1.998    5.280  
      u_account_balance/g11209                -            NOR2XL    0.000   1.998    5.280  
      u_account_balance/g11209                B ^ -> Y v   NOR2XL    0.104   2.102    5.384  
      u_account_balance/g11207                -            NOR2XL    0.000   2.102    5.384  
      u_account_balance/g11207                B v -> Y ^   NOR2XL    0.257   2.360    5.641  
      u_account_balance/g11205                -            NOR4BX1   0.000   2.360    5.641  
      u_account_balance/g11205                D ^ -> Y v   NOR4BX1   0.102   2.462    5.743  
      u_account_balance/g11201                -            NAND2XL   0.000   2.462    5.743  
      u_account_balance/g11201                B v -> Y ^   NAND2XL   0.126   2.588    5.869  
      u_account_balance/g11197                -            NOR2XL    0.000   2.588    5.869  
      u_account_balance/g11197                B ^ -> Y v   NOR2XL    0.121   2.709    5.991  
      u_account_balance/g11195                -            NAND3X1   0.000   2.709    5.991  
      u_account_balance/g11195                C v -> Y ^   NAND3X1   0.114   2.823    6.104  
      u_account_balance/g11189                -            OR2X1     0.000   2.823    6.104  
      u_account_balance/g11189                B ^ -> Y ^   OR2X1     0.116   2.939    6.220  
      u_account_balance/g11186                -            NAND2XL   0.000   2.939    6.220  
      u_account_balance/g11186                B ^ -> Y v   NAND2XL   0.165   3.103    6.385  
      u_account_balance/g11185                -            NAND2BX1  0.000   3.103    6.385  
      u_account_balance/g11185                AN v -> Y v  NAND2BX1  0.181   3.284    6.566  
      u_account_balance/g11178                -            NOR2XL    0.000   3.284    6.566  
      u_account_balance/g11178                B v -> Y ^   NOR2XL    0.221   3.505    6.787  
      u_account_balance/g11171                -            NAND2XL   0.000   3.505    6.787  
      u_account_balance/g11171                B ^ -> Y v   NAND2XL   0.216   3.721    7.003  
      u_account_balance/g11164                -            NOR2X1    0.000   3.721    7.003  
      u_account_balance/g11164                B v -> Y ^   NOR2X1    0.706   4.427    7.709  
      u_account_balance/balance_db_reg[9][4]  -            SDFFQX1   0.000   4.427    7.709  
      ----------------------------------------------------------------------------------------
     Clock Rise Edge                      0.000
     + Source Insertion Delay             0.010
     = Beginpoint Arrival Time            0.010
     Other End Path:
      ---------------------------------------------------------------------------------
      Instance                                Arc    Cell     Retime  Arrival  Required  
                                                              Delay   Time     Time  
      ---------------------------------------------------------------------------------
      -                                       clk ^  -        -       0.010    -3.272  
      u_account_balance/balance_db_reg[9][4]  -      SDFFQX1  0.000   0.010    -3.272  
      ---------------------------------------------------------------------------------
Path 28: MET Setup Check with Pin u_account_balance/balance_db_reg[9][3]/CK 
Endpoint:   u_account_balance/balance_db_reg[9][3]/SE (^) checked with  leading edge of 'clk'
Beginpoint: u_vehicle_interface/id_to_check_reg[3]/Q  (v) triggered by  leading edge of 'clk'
Path Groups: {clk}
Retime Analysis { Data Path-Slew }
Other End Arrival Time          0.010
- Setup                         0.301
+ Phase Shift                   8.000
= Required Time                 7.709
- Arrival Time                  4.427
= Slack Time                    3.282
= Slack Time(original)          3.195
     Clock Rise Edge                      0.000
     + Source Insertion Delay             0.010
     = Beginpoint Arrival Time            0.010
     Timing Path:
      ----------------------------------------------------------------------------------------
      Instance                                Arc          Cell      Retime  Arrival  Required  
                                                                     Delay   Time     Time  
      ----------------------------------------------------------------------------------------
      -                                       clk ^        -         -       0.010    3.291  
      u_vehicle_interface/id_to_check_reg[3]  -            SDFFQX1   0.000   0.010    3.291  
      u_vehicle_interface/id_to_check_reg[3]  CK ^ -> Q v  SDFFQX1   0.486   0.496    3.777  
      u_account_balance/g11418                -            CLKINVX1  0.000   0.496    3.777  
      u_account_balance/g11418                A v -> Y ^   CLKINVX1  0.151   0.647    3.929  
      u_account_balance/g11414                -            NAND2XL   0.000   0.647    3.929  
      u_account_balance/g11414                A ^ -> Y v   NAND2XL   0.339   0.986    4.268  
      u_account_balance/g11381                -            NOR2XL    0.000   0.986    4.268  
      u_account_balance/g11381                B v -> Y ^   NOR2XL    0.572   1.558    4.840  
      u_account_balance/g11315                -            AOI22X1   0.000   1.558    4.840  
      u_account_balance/g11315                A1 ^ -> Y v  AOI22X1   0.159   1.718    4.999  
      u_account_balance/g11257                -            NAND2XL   0.000   1.718    4.999  
      u_account_balance/g11257                B v -> Y ^   NAND2XL   0.107   1.824    5.106  
      u_account_balance/g11219                -            AOI211X1  0.000   1.824    5.106  
      u_account_balance/g11219                C0 ^ -> Y v  AOI211X1  0.055   1.880    5.161  
      u_account_balance/g11213                -            NAND3X1   0.000   1.880    5.161  
      u_account_balance/g11213                C v -> Y ^   NAND3X1   0.119   1.998    5.280  
      u_account_balance/g11209                -            NOR2XL    0.000   1.998    5.280  
      u_account_balance/g11209                B ^ -> Y v   NOR2XL    0.104   2.102    5.384  
      u_account_balance/g11207                -            NOR2XL    0.000   2.102    5.384  
      u_account_balance/g11207                B v -> Y ^   NOR2XL    0.257   2.360    5.641  
      u_account_balance/g11205                -            NOR4BX1   0.000   2.360    5.641  
      u_account_balance/g11205                D ^ -> Y v   NOR4BX1   0.102   2.462    5.743  
      u_account_balance/g11201                -            NAND2XL   0.000   2.462    5.743  
      u_account_balance/g11201                B v -> Y ^   NAND2XL   0.126   2.588    5.869  
      u_account_balance/g11197                -            NOR2XL    0.000   2.588    5.869  
      u_account_balance/g11197                B ^ -> Y v   NOR2XL    0.121   2.709    5.991  
      u_account_balance/g11195                -            NAND3X1   0.000   2.709    5.991  
      u_account_balance/g11195                C v -> Y ^   NAND3X1   0.114   2.823    6.104  
      u_account_balance/g11189                -            OR2X1     0.000   2.823    6.104  
      u_account_balance/g11189                B ^ -> Y ^   OR2X1     0.116   2.939    6.220  
      u_account_balance/g11186                -            NAND2XL   0.000   2.939    6.220  
      u_account_balance/g11186                B ^ -> Y v   NAND2XL   0.165   3.103    6.385  
      u_account_balance/g11185                -            NAND2BX1  0.000   3.103    6.385  
      u_account_balance/g11185                AN v -> Y v  NAND2BX1  0.181   3.284    6.566  
      u_account_balance/g11178                -            NOR2XL    0.000   3.284    6.566  
      u_account_balance/g11178                B v -> Y ^   NOR2XL    0.221   3.505    6.787  
      u_account_balance/g11171                -            NAND2XL   0.000   3.505    6.787  
      u_account_balance/g11171                B ^ -> Y v   NAND2XL   0.216   3.721    7.003  
      u_account_balance/g11164                -            NOR2X1    0.000   3.721    7.003  
      u_account_balance/g11164                B v -> Y ^   NOR2X1    0.706   4.427    7.709  
      u_account_balance/balance_db_reg[9][3]  -            SDFFQX1   0.000   4.427    7.709  
      ----------------------------------------------------------------------------------------
     Clock Rise Edge                      0.000
     + Source Insertion Delay             0.010
     = Beginpoint Arrival Time            0.010
     Other End Path:
      ---------------------------------------------------------------------------------
      Instance                                Arc    Cell     Retime  Arrival  Required  
                                                              Delay   Time     Time  
      ---------------------------------------------------------------------------------
      -                                       clk ^  -        -       0.010    -3.272  
      u_account_balance/balance_db_reg[9][3]  -      SDFFQX1  0.000   0.010    -3.272  
      ---------------------------------------------------------------------------------
Path 29: MET Setup Check with Pin u_account_balance/balance_db_reg[9][2]/CK 
Endpoint:   u_account_balance/balance_db_reg[9][2]/SE (^) checked with  leading edge of 'clk'
Beginpoint: u_vehicle_interface/id_to_check_reg[3]/Q  (v) triggered by  leading edge of 'clk'
Path Groups: {clk}
Retime Analysis { Data Path-Slew }
Other End Arrival Time          0.010
- Setup                         0.301
+ Phase Shift                   8.000
= Required Time                 7.709
- Arrival Time                  4.427
= Slack Time                    3.282
= Slack Time(original)          3.195
     Clock Rise Edge                      0.000
     + Source Insertion Delay             0.010
     = Beginpoint Arrival Time            0.010
     Timing Path:
      ----------------------------------------------------------------------------------------
      Instance                                Arc          Cell      Retime  Arrival  Required  
                                                                     Delay   Time     Time  
      ----------------------------------------------------------------------------------------
      -                                       clk ^        -         -       0.010    3.291  
      u_vehicle_interface/id_to_check_reg[3]  -            SDFFQX1   0.000   0.010    3.291  
      u_vehicle_interface/id_to_check_reg[3]  CK ^ -> Q v  SDFFQX1   0.486   0.496    3.777  
      u_account_balance/g11418                -            CLKINVX1  0.000   0.496    3.777  
      u_account_balance/g11418                A v -> Y ^   CLKINVX1  0.151   0.647    3.929  
      u_account_balance/g11414                -            NAND2XL   0.000   0.647    3.929  
      u_account_balance/g11414                A ^ -> Y v   NAND2XL   0.339   0.986    4.268  
      u_account_balance/g11381                -            NOR2XL    0.000   0.986    4.268  
      u_account_balance/g11381                B v -> Y ^   NOR2XL    0.572   1.558    4.840  
      u_account_balance/g11315                -            AOI22X1   0.000   1.558    4.840  
      u_account_balance/g11315                A1 ^ -> Y v  AOI22X1   0.159   1.718    4.999  
      u_account_balance/g11257                -            NAND2XL   0.000   1.718    4.999  
      u_account_balance/g11257                B v -> Y ^   NAND2XL   0.107   1.824    5.106  
      u_account_balance/g11219                -            AOI211X1  0.000   1.824    5.106  
      u_account_balance/g11219                C0 ^ -> Y v  AOI211X1  0.055   1.880    5.161  
      u_account_balance/g11213                -            NAND3X1   0.000   1.880    5.161  
      u_account_balance/g11213                C v -> Y ^   NAND3X1   0.119   1.998    5.280  
      u_account_balance/g11209                -            NOR2XL    0.000   1.998    5.280  
      u_account_balance/g11209                B ^ -> Y v   NOR2XL    0.104   2.102    5.384  
      u_account_balance/g11207                -            NOR2XL    0.000   2.102    5.384  
      u_account_balance/g11207                B v -> Y ^   NOR2XL    0.257   2.360    5.641  
      u_account_balance/g11205                -            NOR4BX1   0.000   2.360    5.641  
      u_account_balance/g11205                D ^ -> Y v   NOR4BX1   0.102   2.462    5.743  
      u_account_balance/g11201                -            NAND2XL   0.000   2.462    5.743  
      u_account_balance/g11201                B v -> Y ^   NAND2XL   0.126   2.588    5.869  
      u_account_balance/g11197                -            NOR2XL    0.000   2.588    5.869  
      u_account_balance/g11197                B ^ -> Y v   NOR2XL    0.121   2.709    5.991  
      u_account_balance/g11195                -            NAND3X1   0.000   2.709    5.991  
      u_account_balance/g11195                C v -> Y ^   NAND3X1   0.114   2.823    6.104  
      u_account_balance/g11189                -            OR2X1     0.000   2.823    6.104  
      u_account_balance/g11189                B ^ -> Y ^   OR2X1     0.116   2.939    6.220  
      u_account_balance/g11186                -            NAND2XL   0.000   2.939    6.220  
      u_account_balance/g11186                B ^ -> Y v   NAND2XL   0.165   3.103    6.385  
      u_account_balance/g11185                -            NAND2BX1  0.000   3.103    6.385  
      u_account_balance/g11185                AN v -> Y v  NAND2BX1  0.181   3.284    6.566  
      u_account_balance/g11178                -            NOR2XL    0.000   3.284    6.566  
      u_account_balance/g11178                B v -> Y ^   NOR2XL    0.221   3.505    6.787  
      u_account_balance/g11171                -            NAND2XL   0.000   3.505    6.787  
      u_account_balance/g11171                B ^ -> Y v   NAND2XL   0.216   3.721    7.003  
      u_account_balance/g11164                -            NOR2X1    0.000   3.721    7.003  
      u_account_balance/g11164                B v -> Y ^   NOR2X1    0.706   4.427    7.709  
      u_account_balance/balance_db_reg[9][2]  -            SDFFQX1   0.000   4.427    7.709  
      ----------------------------------------------------------------------------------------
     Clock Rise Edge                      0.000
     + Source Insertion Delay             0.010
     = Beginpoint Arrival Time            0.010
     Other End Path:
      ---------------------------------------------------------------------------------
      Instance                                Arc    Cell     Retime  Arrival  Required  
                                                              Delay   Time     Time  
      ---------------------------------------------------------------------------------
      -                                       clk ^  -        -       0.010    -3.272  
      u_account_balance/balance_db_reg[9][2]  -      SDFFQX1  0.000   0.010    -3.272  
      ---------------------------------------------------------------------------------
Path 30: MET Setup Check with Pin u_account_balance/balance_db_reg[9][1]/CK 
Endpoint:   u_account_balance/balance_db_reg[9][1]/SE (^) checked with  leading edge of 'clk'
Beginpoint: u_vehicle_interface/id_to_check_reg[3]/Q  (v) triggered by  leading edge of 'clk'
Path Groups: {clk}
Retime Analysis { Data Path-Slew }
Other End Arrival Time          0.010
- Setup                         0.301
+ Phase Shift                   8.000
= Required Time                 7.709
- Arrival Time                  4.427
= Slack Time                    3.282
= Slack Time(original)          3.195
     Clock Rise Edge                      0.000
     + Source Insertion Delay             0.010
     = Beginpoint Arrival Time            0.010
     Timing Path:
      ----------------------------------------------------------------------------------------
      Instance                                Arc          Cell      Retime  Arrival  Required  
                                                                     Delay   Time     Time  
      ----------------------------------------------------------------------------------------
      -                                       clk ^        -         -       0.010    3.291  
      u_vehicle_interface/id_to_check_reg[3]  -            SDFFQX1   0.000   0.010    3.291  
      u_vehicle_interface/id_to_check_reg[3]  CK ^ -> Q v  SDFFQX1   0.486   0.496    3.777  
      u_account_balance/g11418                -            CLKINVX1  0.000   0.496    3.777  
      u_account_balance/g11418                A v -> Y ^   CLKINVX1  0.151   0.647    3.929  
      u_account_balance/g11414                -            NAND2XL   0.000   0.647    3.929  
      u_account_balance/g11414                A ^ -> Y v   NAND2XL   0.339   0.986    4.268  
      u_account_balance/g11381                -            NOR2XL    0.000   0.986    4.268  
      u_account_balance/g11381                B v -> Y ^   NOR2XL    0.572   1.558    4.840  
      u_account_balance/g11315                -            AOI22X1   0.000   1.558    4.840  
      u_account_balance/g11315                A1 ^ -> Y v  AOI22X1   0.159   1.718    4.999  
      u_account_balance/g11257                -            NAND2XL   0.000   1.718    4.999  
      u_account_balance/g11257                B v -> Y ^   NAND2XL   0.107   1.824    5.106  
      u_account_balance/g11219                -            AOI211X1  0.000   1.824    5.106  
      u_account_balance/g11219                C0 ^ -> Y v  AOI211X1  0.055   1.880    5.161  
      u_account_balance/g11213                -            NAND3X1   0.000   1.880    5.161  
      u_account_balance/g11213                C v -> Y ^   NAND3X1   0.119   1.998    5.280  
      u_account_balance/g11209                -            NOR2XL    0.000   1.998    5.280  
      u_account_balance/g11209                B ^ -> Y v   NOR2XL    0.104   2.102    5.384  
      u_account_balance/g11207                -            NOR2XL    0.000   2.102    5.384  
      u_account_balance/g11207                B v -> Y ^   NOR2XL    0.257   2.360    5.641  
      u_account_balance/g11205                -            NOR4BX1   0.000   2.360    5.641  
      u_account_balance/g11205                D ^ -> Y v   NOR4BX1   0.102   2.462    5.743  
      u_account_balance/g11201                -            NAND2XL   0.000   2.462    5.743  
      u_account_balance/g11201                B v -> Y ^   NAND2XL   0.126   2.588    5.869  
      u_account_balance/g11197                -            NOR2XL    0.000   2.588    5.869  
      u_account_balance/g11197                B ^ -> Y v   NOR2XL    0.121   2.709    5.991  
      u_account_balance/g11195                -            NAND3X1   0.000   2.709    5.991  
      u_account_balance/g11195                C v -> Y ^   NAND3X1   0.114   2.823    6.104  
      u_account_balance/g11189                -            OR2X1     0.000   2.823    6.104  
      u_account_balance/g11189                B ^ -> Y ^   OR2X1     0.116   2.939    6.220  
      u_account_balance/g11186                -            NAND2XL   0.000   2.939    6.220  
      u_account_balance/g11186                B ^ -> Y v   NAND2XL   0.165   3.103    6.385  
      u_account_balance/g11185                -            NAND2BX1  0.000   3.103    6.385  
      u_account_balance/g11185                AN v -> Y v  NAND2BX1  0.181   3.284    6.566  
      u_account_balance/g11178                -            NOR2XL    0.000   3.284    6.566  
      u_account_balance/g11178                B v -> Y ^   NOR2XL    0.221   3.505    6.787  
      u_account_balance/g11171                -            NAND2XL   0.000   3.505    6.787  
      u_account_balance/g11171                B ^ -> Y v   NAND2XL   0.216   3.721    7.003  
      u_account_balance/g11164                -            NOR2X1    0.000   3.721    7.003  
      u_account_balance/g11164                B v -> Y ^   NOR2X1    0.706   4.427    7.709  
      u_account_balance/balance_db_reg[9][1]  -            SDFFQX1   0.000   4.427    7.709  
      ----------------------------------------------------------------------------------------
     Clock Rise Edge                      0.000
     + Source Insertion Delay             0.010
     = Beginpoint Arrival Time            0.010
     Other End Path:
      ---------------------------------------------------------------------------------
      Instance                                Arc    Cell     Retime  Arrival  Required  
                                                              Delay   Time     Time  
      ---------------------------------------------------------------------------------
      -                                       clk ^  -        -       0.010    -3.272  
      u_account_balance/balance_db_reg[9][1]  -      SDFFQX1  0.000   0.010    -3.272  
      ---------------------------------------------------------------------------------
Path 31: MET Setup Check with Pin u_account_balance/balance_db_reg[9][15]/CK 
Endpoint:   u_account_balance/balance_db_reg[9][15]/SE (^) checked with  leading edge of 'clk'
Beginpoint: u_vehicle_interface/id_to_check_reg[0]/Q   (v) triggered by  leading edge of 'clk'
Path Groups: {clk}
Retime Analysis { Data Path-Slew }
Other End Arrival Time          0.010
- Setup                         0.301
+ Phase Shift                   8.000
= Required Time                 7.709
- Arrival Time                  4.425
= Slack Time                    3.284
= Slack Time(original)          3.197
     Clock Rise Edge                      0.000
     + Source Insertion Delay             0.010
     = Beginpoint Arrival Time            0.010
     Timing Path:
      -----------------------------------------------------------------------------------------
      Instance                                 Arc          Cell      Retime  Arrival  Required  
                                                                      Delay   Time     Time  
      -----------------------------------------------------------------------------------------
      -                                        clk ^        -         -       0.010    3.294  
      u_vehicle_interface/id_to_check_reg[0]   -            SDFFQX1   0.000   0.010    3.294  
      u_vehicle_interface/id_to_check_reg[0]   CK ^ -> Q v  SDFFQX1   0.524   0.533    3.817  
      u_account_balance/g11420                 -            CLKINVX1  0.000   0.533    3.817  
      u_account_balance/g11420                 A v -> Y ^   CLKINVX1  0.120   0.653    3.937  
      u_account_balance/g11414                 -            NAND2XL   0.000   0.653    3.937  
      u_account_balance/g11414                 B ^ -> Y v   NAND2XL   0.331   0.985    4.268  
      u_account_balance/g11381                 -            NOR2XL    0.000   0.985    4.268  
      u_account_balance/g11381                 B v -> Y ^   NOR2XL    0.572   1.556    4.840  
      u_account_balance/g11315                 -            AOI22X1   0.000   1.556    4.840  
      u_account_balance/g11315                 A1 ^ -> Y v  AOI22X1   0.159   1.716    4.999  
      u_account_balance/g11257                 -            NAND2XL   0.000   1.716    4.999  
      u_account_balance/g11257                 B v -> Y ^   NAND2XL   0.106   1.822    5.106  
      u_account_balance/g11219                 -            AOI211X1  0.000   1.822    5.106  
      u_account_balance/g11219                 C0 ^ -> Y v  AOI211X1  0.055   1.877    5.161  
      u_account_balance/g11213                 -            NAND3X1   0.000   1.877    5.161  
      u_account_balance/g11213                 C v -> Y ^   NAND3X1   0.119   1.996    5.280  
      u_account_balance/g11209                 -            NOR2XL    0.000   1.996    5.280  
      u_account_balance/g11209                 B ^ -> Y v   NOR2XL    0.104   2.100    5.384  
      u_account_balance/g11207                 -            NOR2XL    0.000   2.100    5.384  
      u_account_balance/g11207                 B v -> Y ^   NOR2XL    0.257   2.357    5.641  
      u_account_balance/g11205                 -            NOR4BX1   0.000   2.357    5.641  
      u_account_balance/g11205                 D ^ -> Y v   NOR4BX1   0.102   2.459    5.743  
      u_account_balance/g11201                 -            NAND2XL   0.000   2.459    5.743  
      u_account_balance/g11201                 B v -> Y ^   NAND2XL   0.126   2.585    5.869  
      u_account_balance/g11197                 -            NOR2XL    0.000   2.585    5.869  
      u_account_balance/g11197                 B ^ -> Y v   NOR2XL    0.121   2.707    5.991  
      u_account_balance/g11195                 -            NAND3X1   0.000   2.707    5.991  
      u_account_balance/g11195                 C v -> Y ^   NAND3X1   0.114   2.821    6.104  
      u_account_balance/g11189                 -            OR2X1     0.000   2.821    6.104  
      u_account_balance/g11189                 B ^ -> Y ^   OR2X1     0.116   2.936    6.220  
      u_account_balance/g11186                 -            NAND2XL   0.000   2.936    6.220  
      u_account_balance/g11186                 B ^ -> Y v   NAND2XL   0.165   3.101    6.385  
      u_account_balance/g11185                 -            NAND2BX1  0.000   3.101    6.385  
      u_account_balance/g11185                 AN v -> Y v  NAND2BX1  0.181   3.282    6.566  
      u_account_balance/g11178                 -            NOR2XL    0.000   3.282    6.566  
      u_account_balance/g11178                 B v -> Y ^   NOR2XL    0.221   3.503    6.787  
      u_account_balance/g11171                 -            NAND2XL   0.000   3.503    6.787  
      u_account_balance/g11171                 B ^ -> Y v   NAND2XL   0.216   3.719    7.003  
      u_account_balance/g11164                 -            NOR2X1    0.000   3.719    7.003  
      u_account_balance/g11164                 B v -> Y ^   NOR2X1    0.706   4.425    7.709  
      u_account_balance/balance_db_reg[9][15]  -            SDFFQX1   0.000   4.425    7.709  
      -----------------------------------------------------------------------------------------
     Clock Rise Edge                      0.000
     + Source Insertion Delay             0.010
     = Beginpoint Arrival Time            0.010
     Other End Path:
      ----------------------------------------------------------------------------------
      Instance                                 Arc    Cell     Retime  Arrival  Required  
                                                               Delay   Time     Time  
      ----------------------------------------------------------------------------------
      -                                        clk ^  -        -       0.010    -3.274  
      u_account_balance/balance_db_reg[9][15]  -      SDFFQX1  0.000   0.010    -3.274  
      ----------------------------------------------------------------------------------
Path 32: MET Setup Check with Pin u_account_balance/balance_db_reg[9][14]/CK 
Endpoint:   u_account_balance/balance_db_reg[9][14]/SE (^) checked with  leading edge of 'clk'
Beginpoint: u_vehicle_interface/id_to_check_reg[0]/Q   (v) triggered by  leading edge of 'clk'
Path Groups: {clk}
Retime Analysis { Data Path-Slew }
Other End Arrival Time          0.010
- Setup                         0.301
+ Phase Shift                   8.000
= Required Time                 7.709
- Arrival Time                  4.425
= Slack Time                    3.284
= Slack Time(original)          3.197
     Clock Rise Edge                      0.000
     + Source Insertion Delay             0.010
     = Beginpoint Arrival Time            0.010
     Timing Path:
      -----------------------------------------------------------------------------------------
      Instance                                 Arc          Cell      Retime  Arrival  Required  
                                                                      Delay   Time     Time  
      -----------------------------------------------------------------------------------------
      -                                        clk ^        -         -       0.010    3.294  
      u_vehicle_interface/id_to_check_reg[0]   -            SDFFQX1   0.000   0.010    3.294  
      u_vehicle_interface/id_to_check_reg[0]   CK ^ -> Q v  SDFFQX1   0.524   0.533    3.817  
      u_account_balance/g11420                 -            CLKINVX1  0.000   0.533    3.817  
      u_account_balance/g11420                 A v -> Y ^   CLKINVX1  0.120   0.653    3.937  
      u_account_balance/g11414                 -            NAND2XL   0.000   0.653    3.937  
      u_account_balance/g11414                 B ^ -> Y v   NAND2XL   0.331   0.985    4.268  
      u_account_balance/g11381                 -            NOR2XL    0.000   0.985    4.268  
      u_account_balance/g11381                 B v -> Y ^   NOR2XL    0.572   1.556    4.840  
      u_account_balance/g11315                 -            AOI22X1   0.000   1.556    4.840  
      u_account_balance/g11315                 A1 ^ -> Y v  AOI22X1   0.159   1.716    4.999  
      u_account_balance/g11257                 -            NAND2XL   0.000   1.716    4.999  
      u_account_balance/g11257                 B v -> Y ^   NAND2XL   0.106   1.822    5.106  
      u_account_balance/g11219                 -            AOI211X1  0.000   1.822    5.106  
      u_account_balance/g11219                 C0 ^ -> Y v  AOI211X1  0.055   1.877    5.161  
      u_account_balance/g11213                 -            NAND3X1   0.000   1.877    5.161  
      u_account_balance/g11213                 C v -> Y ^   NAND3X1   0.119   1.996    5.280  
      u_account_balance/g11209                 -            NOR2XL    0.000   1.996    5.280  
      u_account_balance/g11209                 B ^ -> Y v   NOR2XL    0.104   2.100    5.384  
      u_account_balance/g11207                 -            NOR2XL    0.000   2.100    5.384  
      u_account_balance/g11207                 B v -> Y ^   NOR2XL    0.257   2.357    5.641  
      u_account_balance/g11205                 -            NOR4BX1   0.000   2.357    5.641  
      u_account_balance/g11205                 D ^ -> Y v   NOR4BX1   0.102   2.459    5.743  
      u_account_balance/g11201                 -            NAND2XL   0.000   2.459    5.743  
      u_account_balance/g11201                 B v -> Y ^   NAND2XL   0.126   2.585    5.869  
      u_account_balance/g11197                 -            NOR2XL    0.000   2.585    5.869  
      u_account_balance/g11197                 B ^ -> Y v   NOR2XL    0.121   2.707    5.991  
      u_account_balance/g11195                 -            NAND3X1   0.000   2.707    5.991  
      u_account_balance/g11195                 C v -> Y ^   NAND3X1   0.114   2.821    6.104  
      u_account_balance/g11189                 -            OR2X1     0.000   2.821    6.104  
      u_account_balance/g11189                 B ^ -> Y ^   OR2X1     0.116   2.936    6.220  
      u_account_balance/g11186                 -            NAND2XL   0.000   2.936    6.220  
      u_account_balance/g11186                 B ^ -> Y v   NAND2XL   0.165   3.101    6.385  
      u_account_balance/g11185                 -            NAND2BX1  0.000   3.101    6.385  
      u_account_balance/g11185                 AN v -> Y v  NAND2BX1  0.181   3.282    6.566  
      u_account_balance/g11178                 -            NOR2XL    0.000   3.282    6.566  
      u_account_balance/g11178                 B v -> Y ^   NOR2XL    0.221   3.503    6.787  
      u_account_balance/g11171                 -            NAND2XL   0.000   3.503    6.787  
      u_account_balance/g11171                 B ^ -> Y v   NAND2XL   0.216   3.719    7.003  
      u_account_balance/g11164                 -            NOR2X1    0.000   3.719    7.003  
      u_account_balance/g11164                 B v -> Y ^   NOR2X1    0.706   4.425    7.709  
      u_account_balance/balance_db_reg[9][14]  -            SDFFQX1   0.000   4.425    7.709  
      -----------------------------------------------------------------------------------------
     Clock Rise Edge                      0.000
     + Source Insertion Delay             0.010
     = Beginpoint Arrival Time            0.010
     Other End Path:
      ----------------------------------------------------------------------------------
      Instance                                 Arc    Cell     Retime  Arrival  Required  
                                                               Delay   Time     Time  
      ----------------------------------------------------------------------------------
      -                                        clk ^  -        -       0.010    -3.274  
      u_account_balance/balance_db_reg[9][14]  -      SDFFQX1  0.000   0.010    -3.274  
      ----------------------------------------------------------------------------------
Path 33: MET Setup Check with Pin u_account_balance/balance_db_reg[9][13]/CK 
Endpoint:   u_account_balance/balance_db_reg[9][13]/SE (^) checked with  leading edge of 'clk'
Beginpoint: u_vehicle_interface/id_to_check_reg[0]/Q   (v) triggered by  leading edge of 'clk'
Path Groups: {clk}
Retime Analysis { Data Path-Slew }
Other End Arrival Time          0.010
- Setup                         0.301
+ Phase Shift                   8.000
= Required Time                 7.709
- Arrival Time                  4.425
= Slack Time                    3.284
= Slack Time(original)          3.197
     Clock Rise Edge                      0.000
     + Source Insertion Delay             0.010
     = Beginpoint Arrival Time            0.010
     Timing Path:
      -----------------------------------------------------------------------------------------
      Instance                                 Arc          Cell      Retime  Arrival  Required  
                                                                      Delay   Time     Time  
      -----------------------------------------------------------------------------------------
      -                                        clk ^        -         -       0.010    3.294  
      u_vehicle_interface/id_to_check_reg[0]   -            SDFFQX1   0.000   0.010    3.294  
      u_vehicle_interface/id_to_check_reg[0]   CK ^ -> Q v  SDFFQX1   0.524   0.533    3.817  
      u_account_balance/g11420                 -            CLKINVX1  0.000   0.533    3.817  
      u_account_balance/g11420                 A v -> Y ^   CLKINVX1  0.120   0.653    3.937  
      u_account_balance/g11414                 -            NAND2XL   0.000   0.653    3.937  
      u_account_balance/g11414                 B ^ -> Y v   NAND2XL   0.331   0.985    4.268  
      u_account_balance/g11381                 -            NOR2XL    0.000   0.985    4.268  
      u_account_balance/g11381                 B v -> Y ^   NOR2XL    0.572   1.556    4.840  
      u_account_balance/g11315                 -            AOI22X1   0.000   1.556    4.840  
      u_account_balance/g11315                 A1 ^ -> Y v  AOI22X1   0.159   1.716    4.999  
      u_account_balance/g11257                 -            NAND2XL   0.000   1.716    4.999  
      u_account_balance/g11257                 B v -> Y ^   NAND2XL   0.106   1.822    5.106  
      u_account_balance/g11219                 -            AOI211X1  0.000   1.822    5.106  
      u_account_balance/g11219                 C0 ^ -> Y v  AOI211X1  0.055   1.877    5.161  
      u_account_balance/g11213                 -            NAND3X1   0.000   1.877    5.161  
      u_account_balance/g11213                 C v -> Y ^   NAND3X1   0.119   1.996    5.280  
      u_account_balance/g11209                 -            NOR2XL    0.000   1.996    5.280  
      u_account_balance/g11209                 B ^ -> Y v   NOR2XL    0.104   2.100    5.384  
      u_account_balance/g11207                 -            NOR2XL    0.000   2.100    5.384  
      u_account_balance/g11207                 B v -> Y ^   NOR2XL    0.257   2.357    5.641  
      u_account_balance/g11205                 -            NOR4BX1   0.000   2.357    5.641  
      u_account_balance/g11205                 D ^ -> Y v   NOR4BX1   0.102   2.459    5.743  
      u_account_balance/g11201                 -            NAND2XL   0.000   2.459    5.743  
      u_account_balance/g11201                 B v -> Y ^   NAND2XL   0.126   2.585    5.869  
      u_account_balance/g11197                 -            NOR2XL    0.000   2.585    5.869  
      u_account_balance/g11197                 B ^ -> Y v   NOR2XL    0.121   2.707    5.991  
      u_account_balance/g11195                 -            NAND3X1   0.000   2.707    5.991  
      u_account_balance/g11195                 C v -> Y ^   NAND3X1   0.114   2.821    6.104  
      u_account_balance/g11189                 -            OR2X1     0.000   2.821    6.104  
      u_account_balance/g11189                 B ^ -> Y ^   OR2X1     0.116   2.936    6.220  
      u_account_balance/g11186                 -            NAND2XL   0.000   2.936    6.220  
      u_account_balance/g11186                 B ^ -> Y v   NAND2XL   0.165   3.101    6.385  
      u_account_balance/g11185                 -            NAND2BX1  0.000   3.101    6.385  
      u_account_balance/g11185                 AN v -> Y v  NAND2BX1  0.181   3.282    6.566  
      u_account_balance/g11178                 -            NOR2XL    0.000   3.282    6.566  
      u_account_balance/g11178                 B v -> Y ^   NOR2XL    0.221   3.503    6.787  
      u_account_balance/g11171                 -            NAND2XL   0.000   3.503    6.787  
      u_account_balance/g11171                 B ^ -> Y v   NAND2XL   0.216   3.719    7.003  
      u_account_balance/g11164                 -            NOR2X1    0.000   3.719    7.003  
      u_account_balance/g11164                 B v -> Y ^   NOR2X1    0.706   4.425    7.709  
      u_account_balance/balance_db_reg[9][13]  -            SDFFQX1   0.000   4.425    7.709  
      -----------------------------------------------------------------------------------------
     Clock Rise Edge                      0.000
     + Source Insertion Delay             0.010
     = Beginpoint Arrival Time            0.010
     Other End Path:
      ----------------------------------------------------------------------------------
      Instance                                 Arc    Cell     Retime  Arrival  Required  
                                                               Delay   Time     Time  
      ----------------------------------------------------------------------------------
      -                                        clk ^  -        -       0.010    -3.274  
      u_account_balance/balance_db_reg[9][13]  -      SDFFQX1  0.000   0.010    -3.274  
      ----------------------------------------------------------------------------------
Path 34: MET Setup Check with Pin u_account_balance/balance_db_reg[9][12]/CK 
Endpoint:   u_account_balance/balance_db_reg[9][12]/SE (^) checked with  leading edge of 'clk'
Beginpoint: u_vehicle_interface/id_to_check_reg[0]/Q   (v) triggered by  leading edge of 'clk'
Path Groups: {clk}
Retime Analysis { Data Path-Slew }
Other End Arrival Time          0.010
- Setup                         0.301
+ Phase Shift                   8.000
= Required Time                 7.709
- Arrival Time                  4.425
= Slack Time                    3.284
= Slack Time(original)          3.197
     Clock Rise Edge                      0.000
     + Source Insertion Delay             0.010
     = Beginpoint Arrival Time            0.010
     Timing Path:
      -----------------------------------------------------------------------------------------
      Instance                                 Arc          Cell      Retime  Arrival  Required  
                                                                      Delay   Time     Time  
      -----------------------------------------------------------------------------------------
      -                                        clk ^        -         -       0.010    3.294  
      u_vehicle_interface/id_to_check_reg[0]   -            SDFFQX1   0.000   0.010    3.294  
      u_vehicle_interface/id_to_check_reg[0]   CK ^ -> Q v  SDFFQX1   0.524   0.533    3.817  
      u_account_balance/g11420                 -            CLKINVX1  0.000   0.533    3.817  
      u_account_balance/g11420                 A v -> Y ^   CLKINVX1  0.120   0.653    3.937  
      u_account_balance/g11414                 -            NAND2XL   0.000   0.653    3.937  
      u_account_balance/g11414                 B ^ -> Y v   NAND2XL   0.331   0.985    4.268  
      u_account_balance/g11381                 -            NOR2XL    0.000   0.985    4.268  
      u_account_balance/g11381                 B v -> Y ^   NOR2XL    0.572   1.556    4.840  
      u_account_balance/g11315                 -            AOI22X1   0.000   1.556    4.840  
      u_account_balance/g11315                 A1 ^ -> Y v  AOI22X1   0.159   1.716    4.999  
      u_account_balance/g11257                 -            NAND2XL   0.000   1.716    4.999  
      u_account_balance/g11257                 B v -> Y ^   NAND2XL   0.106   1.822    5.106  
      u_account_balance/g11219                 -            AOI211X1  0.000   1.822    5.106  
      u_account_balance/g11219                 C0 ^ -> Y v  AOI211X1  0.055   1.877    5.161  
      u_account_balance/g11213                 -            NAND3X1   0.000   1.877    5.161  
      u_account_balance/g11213                 C v -> Y ^   NAND3X1   0.119   1.996    5.280  
      u_account_balance/g11209                 -            NOR2XL    0.000   1.996    5.280  
      u_account_balance/g11209                 B ^ -> Y v   NOR2XL    0.104   2.100    5.384  
      u_account_balance/g11207                 -            NOR2XL    0.000   2.100    5.384  
      u_account_balance/g11207                 B v -> Y ^   NOR2XL    0.257   2.357    5.641  
      u_account_balance/g11205                 -            NOR4BX1   0.000   2.357    5.641  
      u_account_balance/g11205                 D ^ -> Y v   NOR4BX1   0.102   2.459    5.743  
      u_account_balance/g11201                 -            NAND2XL   0.000   2.459    5.743  
      u_account_balance/g11201                 B v -> Y ^   NAND2XL   0.126   2.585    5.869  
      u_account_balance/g11197                 -            NOR2XL    0.000   2.585    5.869  
      u_account_balance/g11197                 B ^ -> Y v   NOR2XL    0.121   2.707    5.991  
      u_account_balance/g11195                 -            NAND3X1   0.000   2.707    5.991  
      u_account_balance/g11195                 C v -> Y ^   NAND3X1   0.114   2.821    6.104  
      u_account_balance/g11189                 -            OR2X1     0.000   2.821    6.104  
      u_account_balance/g11189                 B ^ -> Y ^   OR2X1     0.116   2.936    6.220  
      u_account_balance/g11186                 -            NAND2XL   0.000   2.936    6.220  
      u_account_balance/g11186                 B ^ -> Y v   NAND2XL   0.165   3.101    6.385  
      u_account_balance/g11185                 -            NAND2BX1  0.000   3.101    6.385  
      u_account_balance/g11185                 AN v -> Y v  NAND2BX1  0.181   3.282    6.566  
      u_account_balance/g11178                 -            NOR2XL    0.000   3.282    6.566  
      u_account_balance/g11178                 B v -> Y ^   NOR2XL    0.221   3.503    6.787  
      u_account_balance/g11171                 -            NAND2XL   0.000   3.503    6.787  
      u_account_balance/g11171                 B ^ -> Y v   NAND2XL   0.216   3.719    7.003  
      u_account_balance/g11164                 -            NOR2X1    0.000   3.719    7.003  
      u_account_balance/g11164                 B v -> Y ^   NOR2X1    0.706   4.425    7.709  
      u_account_balance/balance_db_reg[9][12]  -            SDFFQX1   0.000   4.425    7.709  
      -----------------------------------------------------------------------------------------
     Clock Rise Edge                      0.000
     + Source Insertion Delay             0.010
     = Beginpoint Arrival Time            0.010
     Other End Path:
      ----------------------------------------------------------------------------------
      Instance                                 Arc    Cell     Retime  Arrival  Required  
                                                               Delay   Time     Time  
      ----------------------------------------------------------------------------------
      -                                        clk ^  -        -       0.010    -3.274  
      u_account_balance/balance_db_reg[9][12]  -      SDFFQX1  0.000   0.010    -3.274  
      ----------------------------------------------------------------------------------
Path 35: MET Setup Check with Pin u_account_balance/balance_db_reg[9][11]/CK 
Endpoint:   u_account_balance/balance_db_reg[9][11]/SE (^) checked with  leading edge of 'clk'
Beginpoint: u_vehicle_interface/id_to_check_reg[0]/Q   (v) triggered by  leading edge of 'clk'
Path Groups: {clk}
Retime Analysis { Data Path-Slew }
Other End Arrival Time          0.010
- Setup                         0.301
+ Phase Shift                   8.000
= Required Time                 7.709
- Arrival Time                  4.425
= Slack Time                    3.284
= Slack Time(original)          3.197
     Clock Rise Edge                      0.000
     + Source Insertion Delay             0.010
     = Beginpoint Arrival Time            0.010
     Timing Path:
      -----------------------------------------------------------------------------------------
      Instance                                 Arc          Cell      Retime  Arrival  Required  
                                                                      Delay   Time     Time  
      -----------------------------------------------------------------------------------------
      -                                        clk ^        -         -       0.010    3.294  
      u_vehicle_interface/id_to_check_reg[0]   -            SDFFQX1   0.000   0.010    3.294  
      u_vehicle_interface/id_to_check_reg[0]   CK ^ -> Q v  SDFFQX1   0.524   0.533    3.817  
      u_account_balance/g11420                 -            CLKINVX1  0.000   0.533    3.817  
      u_account_balance/g11420                 A v -> Y ^   CLKINVX1  0.120   0.653    3.937  
      u_account_balance/g11414                 -            NAND2XL   0.000   0.653    3.937  
      u_account_balance/g11414                 B ^ -> Y v   NAND2XL   0.331   0.985    4.268  
      u_account_balance/g11381                 -            NOR2XL    0.000   0.985    4.268  
      u_account_balance/g11381                 B v -> Y ^   NOR2XL    0.572   1.556    4.840  
      u_account_balance/g11315                 -            AOI22X1   0.000   1.556    4.840  
      u_account_balance/g11315                 A1 ^ -> Y v  AOI22X1   0.159   1.716    4.999  
      u_account_balance/g11257                 -            NAND2XL   0.000   1.716    4.999  
      u_account_balance/g11257                 B v -> Y ^   NAND2XL   0.106   1.822    5.106  
      u_account_balance/g11219                 -            AOI211X1  0.000   1.822    5.106  
      u_account_balance/g11219                 C0 ^ -> Y v  AOI211X1  0.055   1.877    5.161  
      u_account_balance/g11213                 -            NAND3X1   0.000   1.877    5.161  
      u_account_balance/g11213                 C v -> Y ^   NAND3X1   0.119   1.996    5.280  
      u_account_balance/g11209                 -            NOR2XL    0.000   1.996    5.280  
      u_account_balance/g11209                 B ^ -> Y v   NOR2XL    0.104   2.100    5.384  
      u_account_balance/g11207                 -            NOR2XL    0.000   2.100    5.384  
      u_account_balance/g11207                 B v -> Y ^   NOR2XL    0.257   2.357    5.641  
      u_account_balance/g11205                 -            NOR4BX1   0.000   2.357    5.641  
      u_account_balance/g11205                 D ^ -> Y v   NOR4BX1   0.102   2.459    5.743  
      u_account_balance/g11201                 -            NAND2XL   0.000   2.459    5.743  
      u_account_balance/g11201                 B v -> Y ^   NAND2XL   0.126   2.585    5.869  
      u_account_balance/g11197                 -            NOR2XL    0.000   2.585    5.869  
      u_account_balance/g11197                 B ^ -> Y v   NOR2XL    0.121   2.707    5.991  
      u_account_balance/g11195                 -            NAND3X1   0.000   2.707    5.991  
      u_account_balance/g11195                 C v -> Y ^   NAND3X1   0.114   2.821    6.104  
      u_account_balance/g11189                 -            OR2X1     0.000   2.821    6.104  
      u_account_balance/g11189                 B ^ -> Y ^   OR2X1     0.116   2.936    6.220  
      u_account_balance/g11186                 -            NAND2XL   0.000   2.936    6.220  
      u_account_balance/g11186                 B ^ -> Y v   NAND2XL   0.165   3.101    6.385  
      u_account_balance/g11185                 -            NAND2BX1  0.000   3.101    6.385  
      u_account_balance/g11185                 AN v -> Y v  NAND2BX1  0.181   3.282    6.566  
      u_account_balance/g11178                 -            NOR2XL    0.000   3.282    6.566  
      u_account_balance/g11178                 B v -> Y ^   NOR2XL    0.221   3.503    6.787  
      u_account_balance/g11171                 -            NAND2XL   0.000   3.503    6.787  
      u_account_balance/g11171                 B ^ -> Y v   NAND2XL   0.216   3.719    7.003  
      u_account_balance/g11164                 -            NOR2X1    0.000   3.719    7.003  
      u_account_balance/g11164                 B v -> Y ^   NOR2X1    0.706   4.425    7.709  
      u_account_balance/balance_db_reg[9][11]  -            SDFFQX1   0.000   4.425    7.709  
      -----------------------------------------------------------------------------------------
     Clock Rise Edge                      0.000
     + Source Insertion Delay             0.010
     = Beginpoint Arrival Time            0.010
     Other End Path:
      ----------------------------------------------------------------------------------
      Instance                                 Arc    Cell     Retime  Arrival  Required  
                                                               Delay   Time     Time  
      ----------------------------------------------------------------------------------
      -                                        clk ^  -        -       0.010    -3.274  
      u_account_balance/balance_db_reg[9][11]  -      SDFFQX1  0.000   0.010    -3.274  
      ----------------------------------------------------------------------------------
Path 36: MET Setup Check with Pin u_account_balance/balance_db_reg[9][10]/CK 
Endpoint:   u_account_balance/balance_db_reg[9][10]/SE (^) checked with  leading edge of 'clk'
Beginpoint: u_vehicle_interface/id_to_check_reg[0]/Q   (v) triggered by  leading edge of 'clk'
Path Groups: {clk}
Retime Analysis { Data Path-Slew }
Other End Arrival Time          0.010
- Setup                         0.301
+ Phase Shift                   8.000
= Required Time                 7.709
- Arrival Time                  4.425
= Slack Time                    3.284
= Slack Time(original)          3.197
     Clock Rise Edge                      0.000
     + Source Insertion Delay             0.010
     = Beginpoint Arrival Time            0.010
     Timing Path:
      -----------------------------------------------------------------------------------------
      Instance                                 Arc          Cell      Retime  Arrival  Required  
                                                                      Delay   Time     Time  
      -----------------------------------------------------------------------------------------
      -                                        clk ^        -         -       0.010    3.294  
      u_vehicle_interface/id_to_check_reg[0]   -            SDFFQX1   0.000   0.010    3.294  
      u_vehicle_interface/id_to_check_reg[0]   CK ^ -> Q v  SDFFQX1   0.524   0.533    3.817  
      u_account_balance/g11420                 -            CLKINVX1  0.000   0.533    3.817  
      u_account_balance/g11420                 A v -> Y ^   CLKINVX1  0.120   0.653    3.937  
      u_account_balance/g11414                 -            NAND2XL   0.000   0.653    3.937  
      u_account_balance/g11414                 B ^ -> Y v   NAND2XL   0.331   0.985    4.268  
      u_account_balance/g11381                 -            NOR2XL    0.000   0.985    4.268  
      u_account_balance/g11381                 B v -> Y ^   NOR2XL    0.572   1.556    4.840  
      u_account_balance/g11315                 -            AOI22X1   0.000   1.556    4.840  
      u_account_balance/g11315                 A1 ^ -> Y v  AOI22X1   0.159   1.716    4.999  
      u_account_balance/g11257                 -            NAND2XL   0.000   1.716    4.999  
      u_account_balance/g11257                 B v -> Y ^   NAND2XL   0.106   1.822    5.106  
      u_account_balance/g11219                 -            AOI211X1  0.000   1.822    5.106  
      u_account_balance/g11219                 C0 ^ -> Y v  AOI211X1  0.055   1.877    5.161  
      u_account_balance/g11213                 -            NAND3X1   0.000   1.877    5.161  
      u_account_balance/g11213                 C v -> Y ^   NAND3X1   0.119   1.996    5.280  
      u_account_balance/g11209                 -            NOR2XL    0.000   1.996    5.280  
      u_account_balance/g11209                 B ^ -> Y v   NOR2XL    0.104   2.100    5.384  
      u_account_balance/g11207                 -            NOR2XL    0.000   2.100    5.384  
      u_account_balance/g11207                 B v -> Y ^   NOR2XL    0.257   2.357    5.641  
      u_account_balance/g11205                 -            NOR4BX1   0.000   2.357    5.641  
      u_account_balance/g11205                 D ^ -> Y v   NOR4BX1   0.102   2.459    5.743  
      u_account_balance/g11201                 -            NAND2XL   0.000   2.459    5.743  
      u_account_balance/g11201                 B v -> Y ^   NAND2XL   0.126   2.585    5.869  
      u_account_balance/g11197                 -            NOR2XL    0.000   2.585    5.869  
      u_account_balance/g11197                 B ^ -> Y v   NOR2XL    0.121   2.707    5.991  
      u_account_balance/g11195                 -            NAND3X1   0.000   2.707    5.991  
      u_account_balance/g11195                 C v -> Y ^   NAND3X1   0.114   2.821    6.104  
      u_account_balance/g11189                 -            OR2X1     0.000   2.821    6.104  
      u_account_balance/g11189                 B ^ -> Y ^   OR2X1     0.116   2.936    6.220  
      u_account_balance/g11186                 -            NAND2XL   0.000   2.936    6.220  
      u_account_balance/g11186                 B ^ -> Y v   NAND2XL   0.165   3.101    6.385  
      u_account_balance/g11185                 -            NAND2BX1  0.000   3.101    6.385  
      u_account_balance/g11185                 AN v -> Y v  NAND2BX1  0.181   3.282    6.566  
      u_account_balance/g11178                 -            NOR2XL    0.000   3.282    6.566  
      u_account_balance/g11178                 B v -> Y ^   NOR2XL    0.221   3.503    6.787  
      u_account_balance/g11171                 -            NAND2XL   0.000   3.503    6.787  
      u_account_balance/g11171                 B ^ -> Y v   NAND2XL   0.216   3.719    7.003  
      u_account_balance/g11164                 -            NOR2X1    0.000   3.719    7.003  
      u_account_balance/g11164                 B v -> Y ^   NOR2X1    0.706   4.425    7.709  
      u_account_balance/balance_db_reg[9][10]  -            SDFFQX1   0.000   4.425    7.709  
      -----------------------------------------------------------------------------------------
     Clock Rise Edge                      0.000
     + Source Insertion Delay             0.010
     = Beginpoint Arrival Time            0.010
     Other End Path:
      ----------------------------------------------------------------------------------
      Instance                                 Arc    Cell     Retime  Arrival  Required  
                                                               Delay   Time     Time  
      ----------------------------------------------------------------------------------
      -                                        clk ^  -        -       0.010    -3.274  
      u_account_balance/balance_db_reg[9][10]  -      SDFFQX1  0.000   0.010    -3.274  
      ----------------------------------------------------------------------------------
Path 37: MET Setup Check with Pin u_account_balance/balance_db_reg[9][9]/CK 
Endpoint:   u_account_balance/balance_db_reg[9][9]/SE (^) checked with  leading edge of 'clk'
Beginpoint: u_vehicle_interface/id_to_check_reg[0]/Q  (v) triggered by  leading edge of 'clk'
Path Groups: {clk}
Retime Analysis { Data Path-Slew }
Other End Arrival Time          0.010
- Setup                         0.301
+ Phase Shift                   8.000
= Required Time                 7.709
- Arrival Time                  4.425
= Slack Time                    3.284
= Slack Time(original)          3.197
     Clock Rise Edge                      0.000
     + Source Insertion Delay             0.010
     = Beginpoint Arrival Time            0.010
     Timing Path:
      ----------------------------------------------------------------------------------------
      Instance                                Arc          Cell      Retime  Arrival  Required  
                                                                     Delay   Time     Time  
      ----------------------------------------------------------------------------------------
      -                                       clk ^        -         -       0.010    3.294  
      u_vehicle_interface/id_to_check_reg[0]  -            SDFFQX1   0.000   0.010    3.294  
      u_vehicle_interface/id_to_check_reg[0]  CK ^ -> Q v  SDFFQX1   0.524   0.533    3.817  
      u_account_balance/g11420                -            CLKINVX1  0.000   0.533    3.817  
      u_account_balance/g11420                A v -> Y ^   CLKINVX1  0.120   0.653    3.937  
      u_account_balance/g11414                -            NAND2XL   0.000   0.653    3.937  
      u_account_balance/g11414                B ^ -> Y v   NAND2XL   0.331   0.985    4.268  
      u_account_balance/g11381                -            NOR2XL    0.000   0.985    4.268  
      u_account_balance/g11381                B v -> Y ^   NOR2XL    0.572   1.556    4.840  
      u_account_balance/g11315                -            AOI22X1   0.000   1.556    4.840  
      u_account_balance/g11315                A1 ^ -> Y v  AOI22X1   0.159   1.716    4.999  
      u_account_balance/g11257                -            NAND2XL   0.000   1.716    4.999  
      u_account_balance/g11257                B v -> Y ^   NAND2XL   0.106   1.822    5.106  
      u_account_balance/g11219                -            AOI211X1  0.000   1.822    5.106  
      u_account_balance/g11219                C0 ^ -> Y v  AOI211X1  0.055   1.877    5.161  
      u_account_balance/g11213                -            NAND3X1   0.000   1.877    5.161  
      u_account_balance/g11213                C v -> Y ^   NAND3X1   0.119   1.996    5.280  
      u_account_balance/g11209                -            NOR2XL    0.000   1.996    5.280  
      u_account_balance/g11209                B ^ -> Y v   NOR2XL    0.104   2.100    5.384  
      u_account_balance/g11207                -            NOR2XL    0.000   2.100    5.384  
      u_account_balance/g11207                B v -> Y ^   NOR2XL    0.257   2.357    5.641  
      u_account_balance/g11205                -            NOR4BX1   0.000   2.357    5.641  
      u_account_balance/g11205                D ^ -> Y v   NOR4BX1   0.102   2.459    5.743  
      u_account_balance/g11201                -            NAND2XL   0.000   2.459    5.743  
      u_account_balance/g11201                B v -> Y ^   NAND2XL   0.126   2.585    5.869  
      u_account_balance/g11197                -            NOR2XL    0.000   2.585    5.869  
      u_account_balance/g11197                B ^ -> Y v   NOR2XL    0.121   2.707    5.991  
      u_account_balance/g11195                -            NAND3X1   0.000   2.707    5.991  
      u_account_balance/g11195                C v -> Y ^   NAND3X1   0.114   2.821    6.104  
      u_account_balance/g11189                -            OR2X1     0.000   2.821    6.104  
      u_account_balance/g11189                B ^ -> Y ^   OR2X1     0.116   2.936    6.220  
      u_account_balance/g11186                -            NAND2XL   0.000   2.936    6.220  
      u_account_balance/g11186                B ^ -> Y v   NAND2XL   0.165   3.101    6.385  
      u_account_balance/g11185                -            NAND2BX1  0.000   3.101    6.385  
      u_account_balance/g11185                AN v -> Y v  NAND2BX1  0.181   3.282    6.566  
      u_account_balance/g11178                -            NOR2XL    0.000   3.282    6.566  
      u_account_balance/g11178                B v -> Y ^   NOR2XL    0.221   3.503    6.787  
      u_account_balance/g11171                -            NAND2XL   0.000   3.503    6.787  
      u_account_balance/g11171                B ^ -> Y v   NAND2XL   0.216   3.719    7.003  
      u_account_balance/g11164                -            NOR2X1    0.000   3.719    7.003  
      u_account_balance/g11164                B v -> Y ^   NOR2X1    0.706   4.425    7.709  
      u_account_balance/balance_db_reg[9][9]  -            SDFFQX1   0.000   4.425    7.709  
      ----------------------------------------------------------------------------------------
     Clock Rise Edge                      0.000
     + Source Insertion Delay             0.010
     = Beginpoint Arrival Time            0.010
     Other End Path:
      ---------------------------------------------------------------------------------
      Instance                                Arc    Cell     Retime  Arrival  Required  
                                                              Delay   Time     Time  
      ---------------------------------------------------------------------------------
      -                                       clk ^  -        -       0.010    -3.274  
      u_account_balance/balance_db_reg[9][9]  -      SDFFQX1  0.000   0.010    -3.274  
      ---------------------------------------------------------------------------------
Path 38: MET Setup Check with Pin u_account_balance/balance_db_reg[9][8]/CK 
Endpoint:   u_account_balance/balance_db_reg[9][8]/SE (^) checked with  leading edge of 'clk'
Beginpoint: u_vehicle_interface/id_to_check_reg[0]/Q  (v) triggered by  leading edge of 'clk'
Path Groups: {clk}
Retime Analysis { Data Path-Slew }
Other End Arrival Time          0.010
- Setup                         0.301
+ Phase Shift                   8.000
= Required Time                 7.709
- Arrival Time                  4.425
= Slack Time                    3.284
= Slack Time(original)          3.197
     Clock Rise Edge                      0.000
     + Source Insertion Delay             0.010
     = Beginpoint Arrival Time            0.010
     Timing Path:
      ----------------------------------------------------------------------------------------
      Instance                                Arc          Cell      Retime  Arrival  Required  
                                                                     Delay   Time     Time  
      ----------------------------------------------------------------------------------------
      -                                       clk ^        -         -       0.010    3.294  
      u_vehicle_interface/id_to_check_reg[0]  -            SDFFQX1   0.000   0.010    3.294  
      u_vehicle_interface/id_to_check_reg[0]  CK ^ -> Q v  SDFFQX1   0.524   0.533    3.817  
      u_account_balance/g11420                -            CLKINVX1  0.000   0.533    3.817  
      u_account_balance/g11420                A v -> Y ^   CLKINVX1  0.120   0.653    3.937  
      u_account_balance/g11414                -            NAND2XL   0.000   0.653    3.937  
      u_account_balance/g11414                B ^ -> Y v   NAND2XL   0.331   0.985    4.268  
      u_account_balance/g11381                -            NOR2XL    0.000   0.985    4.268  
      u_account_balance/g11381                B v -> Y ^   NOR2XL    0.572   1.556    4.840  
      u_account_balance/g11315                -            AOI22X1   0.000   1.556    4.840  
      u_account_balance/g11315                A1 ^ -> Y v  AOI22X1   0.159   1.716    4.999  
      u_account_balance/g11257                -            NAND2XL   0.000   1.716    4.999  
      u_account_balance/g11257                B v -> Y ^   NAND2XL   0.106   1.822    5.106  
      u_account_balance/g11219                -            AOI211X1  0.000   1.822    5.106  
      u_account_balance/g11219                C0 ^ -> Y v  AOI211X1  0.055   1.877    5.161  
      u_account_balance/g11213                -            NAND3X1   0.000   1.877    5.161  
      u_account_balance/g11213                C v -> Y ^   NAND3X1   0.119   1.996    5.280  
      u_account_balance/g11209                -            NOR2XL    0.000   1.996    5.280  
      u_account_balance/g11209                B ^ -> Y v   NOR2XL    0.104   2.100    5.384  
      u_account_balance/g11207                -            NOR2XL    0.000   2.100    5.384  
      u_account_balance/g11207                B v -> Y ^   NOR2XL    0.257   2.357    5.641  
      u_account_balance/g11205                -            NOR4BX1   0.000   2.357    5.641  
      u_account_balance/g11205                D ^ -> Y v   NOR4BX1   0.102   2.459    5.743  
      u_account_balance/g11201                -            NAND2XL   0.000   2.459    5.743  
      u_account_balance/g11201                B v -> Y ^   NAND2XL   0.126   2.585    5.869  
      u_account_balance/g11197                -            NOR2XL    0.000   2.585    5.869  
      u_account_balance/g11197                B ^ -> Y v   NOR2XL    0.121   2.707    5.991  
      u_account_balance/g11195                -            NAND3X1   0.000   2.707    5.991  
      u_account_balance/g11195                C v -> Y ^   NAND3X1   0.114   2.821    6.104  
      u_account_balance/g11189                -            OR2X1     0.000   2.821    6.104  
      u_account_balance/g11189                B ^ -> Y ^   OR2X1     0.116   2.936    6.220  
      u_account_balance/g11186                -            NAND2XL   0.000   2.936    6.220  
      u_account_balance/g11186                B ^ -> Y v   NAND2XL   0.165   3.101    6.385  
      u_account_balance/g11185                -            NAND2BX1  0.000   3.101    6.385  
      u_account_balance/g11185                AN v -> Y v  NAND2BX1  0.181   3.282    6.566  
      u_account_balance/g11178                -            NOR2XL    0.000   3.282    6.566  
      u_account_balance/g11178                B v -> Y ^   NOR2XL    0.221   3.503    6.787  
      u_account_balance/g11171                -            NAND2XL   0.000   3.503    6.787  
      u_account_balance/g11171                B ^ -> Y v   NAND2XL   0.216   3.719    7.003  
      u_account_balance/g11164                -            NOR2X1    0.000   3.719    7.003  
      u_account_balance/g11164                B v -> Y ^   NOR2X1    0.706   4.425    7.709  
      u_account_balance/balance_db_reg[9][8]  -            SDFFQX1   0.000   4.425    7.709  
      ----------------------------------------------------------------------------------------
     Clock Rise Edge                      0.000
     + Source Insertion Delay             0.010
     = Beginpoint Arrival Time            0.010
     Other End Path:
      ---------------------------------------------------------------------------------
      Instance                                Arc    Cell     Retime  Arrival  Required  
                                                              Delay   Time     Time  
      ---------------------------------------------------------------------------------
      -                                       clk ^  -        -       0.010    -3.274  
      u_account_balance/balance_db_reg[9][8]  -      SDFFQX1  0.000   0.010    -3.274  
      ---------------------------------------------------------------------------------
Path 39: MET Setup Check with Pin u_account_balance/balance_db_reg[9][7]/CK 
Endpoint:   u_account_balance/balance_db_reg[9][7]/SE (^) checked with  leading edge of 'clk'
Beginpoint: u_vehicle_interface/id_to_check_reg[0]/Q  (v) triggered by  leading edge of 'clk'
Path Groups: {clk}
Retime Analysis { Data Path-Slew }
Other End Arrival Time          0.010
- Setup                         0.301
+ Phase Shift                   8.000
= Required Time                 7.709
- Arrival Time                  4.425
= Slack Time                    3.284
= Slack Time(original)          3.197
     Clock Rise Edge                      0.000
     + Source Insertion Delay             0.010
     = Beginpoint Arrival Time            0.010
     Timing Path:
      ----------------------------------------------------------------------------------------
      Instance                                Arc          Cell      Retime  Arrival  Required  
                                                                     Delay   Time     Time  
      ----------------------------------------------------------------------------------------
      -                                       clk ^        -         -       0.010    3.294  
      u_vehicle_interface/id_to_check_reg[0]  -            SDFFQX1   0.000   0.010    3.294  
      u_vehicle_interface/id_to_check_reg[0]  CK ^ -> Q v  SDFFQX1   0.524   0.533    3.817  
      u_account_balance/g11420                -            CLKINVX1  0.000   0.533    3.817  
      u_account_balance/g11420                A v -> Y ^   CLKINVX1  0.120   0.653    3.937  
      u_account_balance/g11414                -            NAND2XL   0.000   0.653    3.937  
      u_account_balance/g11414                B ^ -> Y v   NAND2XL   0.331   0.985    4.268  
      u_account_balance/g11381                -            NOR2XL    0.000   0.985    4.268  
      u_account_balance/g11381                B v -> Y ^   NOR2XL    0.572   1.556    4.840  
      u_account_balance/g11315                -            AOI22X1   0.000   1.556    4.840  
      u_account_balance/g11315                A1 ^ -> Y v  AOI22X1   0.159   1.716    4.999  
      u_account_balance/g11257                -            NAND2XL   0.000   1.716    4.999  
      u_account_balance/g11257                B v -> Y ^   NAND2XL   0.106   1.822    5.106  
      u_account_balance/g11219                -            AOI211X1  0.000   1.822    5.106  
      u_account_balance/g11219                C0 ^ -> Y v  AOI211X1  0.055   1.877    5.161  
      u_account_balance/g11213                -            NAND3X1   0.000   1.877    5.161  
      u_account_balance/g11213                C v -> Y ^   NAND3X1   0.119   1.996    5.280  
      u_account_balance/g11209                -            NOR2XL    0.000   1.996    5.280  
      u_account_balance/g11209                B ^ -> Y v   NOR2XL    0.104   2.100    5.384  
      u_account_balance/g11207                -            NOR2XL    0.000   2.100    5.384  
      u_account_balance/g11207                B v -> Y ^   NOR2XL    0.257   2.357    5.641  
      u_account_balance/g11205                -            NOR4BX1   0.000   2.357    5.641  
      u_account_balance/g11205                D ^ -> Y v   NOR4BX1   0.102   2.459    5.743  
      u_account_balance/g11201                -            NAND2XL   0.000   2.459    5.743  
      u_account_balance/g11201                B v -> Y ^   NAND2XL   0.126   2.585    5.869  
      u_account_balance/g11197                -            NOR2XL    0.000   2.585    5.869  
      u_account_balance/g11197                B ^ -> Y v   NOR2XL    0.121   2.707    5.991  
      u_account_balance/g11195                -            NAND3X1   0.000   2.707    5.991  
      u_account_balance/g11195                C v -> Y ^   NAND3X1   0.114   2.821    6.104  
      u_account_balance/g11189                -            OR2X1     0.000   2.821    6.104  
      u_account_balance/g11189                B ^ -> Y ^   OR2X1     0.116   2.936    6.220  
      u_account_balance/g11186                -            NAND2XL   0.000   2.936    6.220  
      u_account_balance/g11186                B ^ -> Y v   NAND2XL   0.165   3.101    6.385  
      u_account_balance/g11185                -            NAND2BX1  0.000   3.101    6.385  
      u_account_balance/g11185                AN v -> Y v  NAND2BX1  0.181   3.282    6.566  
      u_account_balance/g11178                -            NOR2XL    0.000   3.282    6.566  
      u_account_balance/g11178                B v -> Y ^   NOR2XL    0.221   3.503    6.787  
      u_account_balance/g11171                -            NAND2XL   0.000   3.503    6.787  
      u_account_balance/g11171                B ^ -> Y v   NAND2XL   0.216   3.719    7.003  
      u_account_balance/g11164                -            NOR2X1    0.000   3.719    7.003  
      u_account_balance/g11164                B v -> Y ^   NOR2X1    0.706   4.425    7.709  
      u_account_balance/balance_db_reg[9][7]  -            SDFFQX1   0.000   4.425    7.709  
      ----------------------------------------------------------------------------------------
     Clock Rise Edge                      0.000
     + Source Insertion Delay             0.010
     = Beginpoint Arrival Time            0.010
     Other End Path:
      ---------------------------------------------------------------------------------
      Instance                                Arc    Cell     Retime  Arrival  Required  
                                                              Delay   Time     Time  
      ---------------------------------------------------------------------------------
      -                                       clk ^  -        -       0.010    -3.274  
      u_account_balance/balance_db_reg[9][7]  -      SDFFQX1  0.000   0.010    -3.274  
      ---------------------------------------------------------------------------------
Path 40: MET Setup Check with Pin u_account_balance/balance_db_reg[9][6]/CK 
Endpoint:   u_account_balance/balance_db_reg[9][6]/SE (^) checked with  leading edge of 'clk'
Beginpoint: u_vehicle_interface/id_to_check_reg[0]/Q  (v) triggered by  leading edge of 'clk'
Path Groups: {clk}
Retime Analysis { Data Path-Slew }
Other End Arrival Time          0.010
- Setup                         0.301
+ Phase Shift                   8.000
= Required Time                 7.709
- Arrival Time                  4.425
= Slack Time                    3.284
= Slack Time(original)          3.197
     Clock Rise Edge                      0.000
     + Source Insertion Delay             0.010
     = Beginpoint Arrival Time            0.010
     Timing Path:
      ----------------------------------------------------------------------------------------
      Instance                                Arc          Cell      Retime  Arrival  Required  
                                                                     Delay   Time     Time  
      ----------------------------------------------------------------------------------------
      -                                       clk ^        -         -       0.010    3.294  
      u_vehicle_interface/id_to_check_reg[0]  -            SDFFQX1   0.000   0.010    3.294  
      u_vehicle_interface/id_to_check_reg[0]  CK ^ -> Q v  SDFFQX1   0.524   0.533    3.817  
      u_account_balance/g11420                -            CLKINVX1  0.000   0.533    3.817  
      u_account_balance/g11420                A v -> Y ^   CLKINVX1  0.120   0.653    3.937  
      u_account_balance/g11414                -            NAND2XL   0.000   0.653    3.937  
      u_account_balance/g11414                B ^ -> Y v   NAND2XL   0.331   0.985    4.268  
      u_account_balance/g11381                -            NOR2XL    0.000   0.985    4.268  
      u_account_balance/g11381                B v -> Y ^   NOR2XL    0.572   1.556    4.840  
      u_account_balance/g11315                -            AOI22X1   0.000   1.556    4.840  
      u_account_balance/g11315                A1 ^ -> Y v  AOI22X1   0.159   1.716    4.999  
      u_account_balance/g11257                -            NAND2XL   0.000   1.716    4.999  
      u_account_balance/g11257                B v -> Y ^   NAND2XL   0.106   1.822    5.106  
      u_account_balance/g11219                -            AOI211X1  0.000   1.822    5.106  
      u_account_balance/g11219                C0 ^ -> Y v  AOI211X1  0.055   1.877    5.161  
      u_account_balance/g11213                -            NAND3X1   0.000   1.877    5.161  
      u_account_balance/g11213                C v -> Y ^   NAND3X1   0.119   1.996    5.280  
      u_account_balance/g11209                -            NOR2XL    0.000   1.996    5.280  
      u_account_balance/g11209                B ^ -> Y v   NOR2XL    0.104   2.100    5.384  
      u_account_balance/g11207                -            NOR2XL    0.000   2.100    5.384  
      u_account_balance/g11207                B v -> Y ^   NOR2XL    0.257   2.357    5.641  
      u_account_balance/g11205                -            NOR4BX1   0.000   2.357    5.641  
      u_account_balance/g11205                D ^ -> Y v   NOR4BX1   0.102   2.459    5.743  
      u_account_balance/g11201                -            NAND2XL   0.000   2.459    5.743  
      u_account_balance/g11201                B v -> Y ^   NAND2XL   0.126   2.585    5.869  
      u_account_balance/g11197                -            NOR2XL    0.000   2.585    5.869  
      u_account_balance/g11197                B ^ -> Y v   NOR2XL    0.121   2.707    5.991  
      u_account_balance/g11195                -            NAND3X1   0.000   2.707    5.991  
      u_account_balance/g11195                C v -> Y ^   NAND3X1   0.114   2.821    6.104  
      u_account_balance/g11189                -            OR2X1     0.000   2.821    6.104  
      u_account_balance/g11189                B ^ -> Y ^   OR2X1     0.116   2.936    6.220  
      u_account_balance/g11186                -            NAND2XL   0.000   2.936    6.220  
      u_account_balance/g11186                B ^ -> Y v   NAND2XL   0.165   3.101    6.385  
      u_account_balance/g11185                -            NAND2BX1  0.000   3.101    6.385  
      u_account_balance/g11185                AN v -> Y v  NAND2BX1  0.181   3.282    6.566  
      u_account_balance/g11178                -            NOR2XL    0.000   3.282    6.566  
      u_account_balance/g11178                B v -> Y ^   NOR2XL    0.221   3.503    6.787  
      u_account_balance/g11171                -            NAND2XL   0.000   3.503    6.787  
      u_account_balance/g11171                B ^ -> Y v   NAND2XL   0.216   3.719    7.003  
      u_account_balance/g11164                -            NOR2X1    0.000   3.719    7.003  
      u_account_balance/g11164                B v -> Y ^   NOR2X1    0.706   4.425    7.709  
      u_account_balance/balance_db_reg[9][6]  -            SDFFQX1   0.000   4.425    7.709  
      ----------------------------------------------------------------------------------------
     Clock Rise Edge                      0.000
     + Source Insertion Delay             0.010
     = Beginpoint Arrival Time            0.010
     Other End Path:
      ---------------------------------------------------------------------------------
      Instance                                Arc    Cell     Retime  Arrival  Required  
                                                              Delay   Time     Time  
      ---------------------------------------------------------------------------------
      -                                       clk ^  -        -       0.010    -3.274  
      u_account_balance/balance_db_reg[9][6]  -      SDFFQX1  0.000   0.010    -3.274  
      ---------------------------------------------------------------------------------
Path 41: MET Setup Check with Pin u_account_balance/balance_db_reg[9][5]/CK 
Endpoint:   u_account_balance/balance_db_reg[9][5]/SE (^) checked with  leading edge of 'clk'
Beginpoint: u_vehicle_interface/id_to_check_reg[0]/Q  (v) triggered by  leading edge of 'clk'
Path Groups: {clk}
Retime Analysis { Data Path-Slew }
Other End Arrival Time          0.010
- Setup                         0.301
+ Phase Shift                   8.000
= Required Time                 7.709
- Arrival Time                  4.425
= Slack Time                    3.284
= Slack Time(original)          3.197
     Clock Rise Edge                      0.000
     + Source Insertion Delay             0.010
     = Beginpoint Arrival Time            0.010
     Timing Path:
      ----------------------------------------------------------------------------------------
      Instance                                Arc          Cell      Retime  Arrival  Required  
                                                                     Delay   Time     Time  
      ----------------------------------------------------------------------------------------
      -                                       clk ^        -         -       0.010    3.294  
      u_vehicle_interface/id_to_check_reg[0]  -            SDFFQX1   0.000   0.010    3.294  
      u_vehicle_interface/id_to_check_reg[0]  CK ^ -> Q v  SDFFQX1   0.524   0.533    3.817  
      u_account_balance/g11420                -            CLKINVX1  0.000   0.533    3.817  
      u_account_balance/g11420                A v -> Y ^   CLKINVX1  0.120   0.653    3.937  
      u_account_balance/g11414                -            NAND2XL   0.000   0.653    3.937  
      u_account_balance/g11414                B ^ -> Y v   NAND2XL   0.331   0.985    4.268  
      u_account_balance/g11381                -            NOR2XL    0.000   0.985    4.268  
      u_account_balance/g11381                B v -> Y ^   NOR2XL    0.572   1.556    4.840  
      u_account_balance/g11315                -            AOI22X1   0.000   1.556    4.840  
      u_account_balance/g11315                A1 ^ -> Y v  AOI22X1   0.159   1.716    4.999  
      u_account_balance/g11257                -            NAND2XL   0.000   1.716    4.999  
      u_account_balance/g11257                B v -> Y ^   NAND2XL   0.106   1.822    5.106  
      u_account_balance/g11219                -            AOI211X1  0.000   1.822    5.106  
      u_account_balance/g11219                C0 ^ -> Y v  AOI211X1  0.055   1.877    5.161  
      u_account_balance/g11213                -            NAND3X1   0.000   1.877    5.161  
      u_account_balance/g11213                C v -> Y ^   NAND3X1   0.119   1.996    5.280  
      u_account_balance/g11209                -            NOR2XL    0.000   1.996    5.280  
      u_account_balance/g11209                B ^ -> Y v   NOR2XL    0.104   2.100    5.384  
      u_account_balance/g11207                -            NOR2XL    0.000   2.100    5.384  
      u_account_balance/g11207                B v -> Y ^   NOR2XL    0.257   2.357    5.641  
      u_account_balance/g11205                -            NOR4BX1   0.000   2.357    5.641  
      u_account_balance/g11205                D ^ -> Y v   NOR4BX1   0.102   2.459    5.743  
      u_account_balance/g11201                -            NAND2XL   0.000   2.459    5.743  
      u_account_balance/g11201                B v -> Y ^   NAND2XL   0.126   2.585    5.869  
      u_account_balance/g11197                -            NOR2XL    0.000   2.585    5.869  
      u_account_balance/g11197                B ^ -> Y v   NOR2XL    0.121   2.707    5.991  
      u_account_balance/g11195                -            NAND3X1   0.000   2.707    5.991  
      u_account_balance/g11195                C v -> Y ^   NAND3X1   0.114   2.821    6.104  
      u_account_balance/g11189                -            OR2X1     0.000   2.821    6.104  
      u_account_balance/g11189                B ^ -> Y ^   OR2X1     0.116   2.936    6.220  
      u_account_balance/g11186                -            NAND2XL   0.000   2.936    6.220  
      u_account_balance/g11186                B ^ -> Y v   NAND2XL   0.165   3.101    6.385  
      u_account_balance/g11185                -            NAND2BX1  0.000   3.101    6.385  
      u_account_balance/g11185                AN v -> Y v  NAND2BX1  0.181   3.282    6.566  
      u_account_balance/g11178                -            NOR2XL    0.000   3.282    6.566  
      u_account_balance/g11178                B v -> Y ^   NOR2XL    0.221   3.503    6.787  
      u_account_balance/g11171                -            NAND2XL   0.000   3.503    6.787  
      u_account_balance/g11171                B ^ -> Y v   NAND2XL   0.216   3.719    7.003  
      u_account_balance/g11164                -            NOR2X1    0.000   3.719    7.003  
      u_account_balance/g11164                B v -> Y ^   NOR2X1    0.706   4.425    7.709  
      u_account_balance/balance_db_reg[9][5]  -            SDFFQX1   0.000   4.425    7.709  
      ----------------------------------------------------------------------------------------
     Clock Rise Edge                      0.000
     + Source Insertion Delay             0.010
     = Beginpoint Arrival Time            0.010
     Other End Path:
      ---------------------------------------------------------------------------------
      Instance                                Arc    Cell     Retime  Arrival  Required  
                                                              Delay   Time     Time  
      ---------------------------------------------------------------------------------
      -                                       clk ^  -        -       0.010    -3.274  
      u_account_balance/balance_db_reg[9][5]  -      SDFFQX1  0.000   0.010    -3.274  
      ---------------------------------------------------------------------------------
Path 42: MET Setup Check with Pin u_account_balance/balance_db_reg[9][4]/CK 
Endpoint:   u_account_balance/balance_db_reg[9][4]/SE (^) checked with  leading edge of 'clk'
Beginpoint: u_vehicle_interface/id_to_check_reg[0]/Q  (v) triggered by  leading edge of 'clk'
Path Groups: {clk}
Retime Analysis { Data Path-Slew }
Other End Arrival Time          0.010
- Setup                         0.301
+ Phase Shift                   8.000
= Required Time                 7.709
- Arrival Time                  4.425
= Slack Time                    3.284
= Slack Time(original)          3.197
     Clock Rise Edge                      0.000
     + Source Insertion Delay             0.010
     = Beginpoint Arrival Time            0.010
     Timing Path:
      ----------------------------------------------------------------------------------------
      Instance                                Arc          Cell      Retime  Arrival  Required  
                                                                     Delay   Time     Time  
      ----------------------------------------------------------------------------------------
      -                                       clk ^        -         -       0.010    3.294  
      u_vehicle_interface/id_to_check_reg[0]  -            SDFFQX1   0.000   0.010    3.294  
      u_vehicle_interface/id_to_check_reg[0]  CK ^ -> Q v  SDFFQX1   0.524   0.533    3.817  
      u_account_balance/g11420                -            CLKINVX1  0.000   0.533    3.817  
      u_account_balance/g11420                A v -> Y ^   CLKINVX1  0.120   0.653    3.937  
      u_account_balance/g11414                -            NAND2XL   0.000   0.653    3.937  
      u_account_balance/g11414                B ^ -> Y v   NAND2XL   0.331   0.985    4.268  
      u_account_balance/g11381                -            NOR2XL    0.000   0.985    4.268  
      u_account_balance/g11381                B v -> Y ^   NOR2XL    0.572   1.556    4.840  
      u_account_balance/g11315                -            AOI22X1   0.000   1.556    4.840  
      u_account_balance/g11315                A1 ^ -> Y v  AOI22X1   0.159   1.716    4.999  
      u_account_balance/g11257                -            NAND2XL   0.000   1.716    4.999  
      u_account_balance/g11257                B v -> Y ^   NAND2XL   0.106   1.822    5.106  
      u_account_balance/g11219                -            AOI211X1  0.000   1.822    5.106  
      u_account_balance/g11219                C0 ^ -> Y v  AOI211X1  0.055   1.877    5.161  
      u_account_balance/g11213                -            NAND3X1   0.000   1.877    5.161  
      u_account_balance/g11213                C v -> Y ^   NAND3X1   0.119   1.996    5.280  
      u_account_balance/g11209                -            NOR2XL    0.000   1.996    5.280  
      u_account_balance/g11209                B ^ -> Y v   NOR2XL    0.104   2.100    5.384  
      u_account_balance/g11207                -            NOR2XL    0.000   2.100    5.384  
      u_account_balance/g11207                B v -> Y ^   NOR2XL    0.257   2.357    5.641  
      u_account_balance/g11205                -            NOR4BX1   0.000   2.357    5.641  
      u_account_balance/g11205                D ^ -> Y v   NOR4BX1   0.102   2.459    5.743  
      u_account_balance/g11201                -            NAND2XL   0.000   2.459    5.743  
      u_account_balance/g11201                B v -> Y ^   NAND2XL   0.126   2.585    5.869  
      u_account_balance/g11197                -            NOR2XL    0.000   2.585    5.869  
      u_account_balance/g11197                B ^ -> Y v   NOR2XL    0.121   2.707    5.991  
      u_account_balance/g11195                -            NAND3X1   0.000   2.707    5.991  
      u_account_balance/g11195                C v -> Y ^   NAND3X1   0.114   2.821    6.104  
      u_account_balance/g11189                -            OR2X1     0.000   2.821    6.104  
      u_account_balance/g11189                B ^ -> Y ^   OR2X1     0.116   2.936    6.220  
      u_account_balance/g11186                -            NAND2XL   0.000   2.936    6.220  
      u_account_balance/g11186                B ^ -> Y v   NAND2XL   0.165   3.101    6.385  
      u_account_balance/g11185                -            NAND2BX1  0.000   3.101    6.385  
      u_account_balance/g11185                AN v -> Y v  NAND2BX1  0.181   3.282    6.566  
      u_account_balance/g11178                -            NOR2XL    0.000   3.282    6.566  
      u_account_balance/g11178                B v -> Y ^   NOR2XL    0.221   3.503    6.787  
      u_account_balance/g11171                -            NAND2XL   0.000   3.503    6.787  
      u_account_balance/g11171                B ^ -> Y v   NAND2XL   0.216   3.719    7.003  
      u_account_balance/g11164                -            NOR2X1    0.000   3.719    7.003  
      u_account_balance/g11164                B v -> Y ^   NOR2X1    0.706   4.425    7.709  
      u_account_balance/balance_db_reg[9][4]  -            SDFFQX1   0.000   4.425    7.709  
      ----------------------------------------------------------------------------------------
     Clock Rise Edge                      0.000
     + Source Insertion Delay             0.010
     = Beginpoint Arrival Time            0.010
     Other End Path:
      ---------------------------------------------------------------------------------
      Instance                                Arc    Cell     Retime  Arrival  Required  
                                                              Delay   Time     Time  
      ---------------------------------------------------------------------------------
      -                                       clk ^  -        -       0.010    -3.274  
      u_account_balance/balance_db_reg[9][4]  -      SDFFQX1  0.000   0.010    -3.274  
      ---------------------------------------------------------------------------------
Path 43: MET Setup Check with Pin u_account_balance/balance_db_reg[9][3]/CK 
Endpoint:   u_account_balance/balance_db_reg[9][3]/SE (^) checked with  leading edge of 'clk'
Beginpoint: u_vehicle_interface/id_to_check_reg[0]/Q  (v) triggered by  leading edge of 'clk'
Path Groups: {clk}
Retime Analysis { Data Path-Slew }
Other End Arrival Time          0.010
- Setup                         0.301
+ Phase Shift                   8.000
= Required Time                 7.709
- Arrival Time                  4.425
= Slack Time                    3.284
= Slack Time(original)          3.197
     Clock Rise Edge                      0.000
     + Source Insertion Delay             0.010
     = Beginpoint Arrival Time            0.010
     Timing Path:
      ----------------------------------------------------------------------------------------
      Instance                                Arc          Cell      Retime  Arrival  Required  
                                                                     Delay   Time     Time  
      ----------------------------------------------------------------------------------------
      -                                       clk ^        -         -       0.010    3.294  
      u_vehicle_interface/id_to_check_reg[0]  -            SDFFQX1   0.000   0.010    3.294  
      u_vehicle_interface/id_to_check_reg[0]  CK ^ -> Q v  SDFFQX1   0.524   0.533    3.817  
      u_account_balance/g11420                -            CLKINVX1  0.000   0.533    3.817  
      u_account_balance/g11420                A v -> Y ^   CLKINVX1  0.120   0.653    3.937  
      u_account_balance/g11414                -            NAND2XL   0.000   0.653    3.937  
      u_account_balance/g11414                B ^ -> Y v   NAND2XL   0.331   0.985    4.268  
      u_account_balance/g11381                -            NOR2XL    0.000   0.985    4.268  
      u_account_balance/g11381                B v -> Y ^   NOR2XL    0.572   1.556    4.840  
      u_account_balance/g11315                -            AOI22X1   0.000   1.556    4.840  
      u_account_balance/g11315                A1 ^ -> Y v  AOI22X1   0.159   1.716    4.999  
      u_account_balance/g11257                -            NAND2XL   0.000   1.716    4.999  
      u_account_balance/g11257                B v -> Y ^   NAND2XL   0.106   1.822    5.106  
      u_account_balance/g11219                -            AOI211X1  0.000   1.822    5.106  
      u_account_balance/g11219                C0 ^ -> Y v  AOI211X1  0.055   1.877    5.161  
      u_account_balance/g11213                -            NAND3X1   0.000   1.877    5.161  
      u_account_balance/g11213                C v -> Y ^   NAND3X1   0.119   1.996    5.280  
      u_account_balance/g11209                -            NOR2XL    0.000   1.996    5.280  
      u_account_balance/g11209                B ^ -> Y v   NOR2XL    0.104   2.100    5.384  
      u_account_balance/g11207                -            NOR2XL    0.000   2.100    5.384  
      u_account_balance/g11207                B v -> Y ^   NOR2XL    0.257   2.357    5.641  
      u_account_balance/g11205                -            NOR4BX1   0.000   2.357    5.641  
      u_account_balance/g11205                D ^ -> Y v   NOR4BX1   0.102   2.459    5.743  
      u_account_balance/g11201                -            NAND2XL   0.000   2.459    5.743  
      u_account_balance/g11201                B v -> Y ^   NAND2XL   0.126   2.585    5.869  
      u_account_balance/g11197                -            NOR2XL    0.000   2.585    5.869  
      u_account_balance/g11197                B ^ -> Y v   NOR2XL    0.121   2.707    5.991  
      u_account_balance/g11195                -            NAND3X1   0.000   2.707    5.991  
      u_account_balance/g11195                C v -> Y ^   NAND3X1   0.114   2.821    6.104  
      u_account_balance/g11189                -            OR2X1     0.000   2.821    6.104  
      u_account_balance/g11189                B ^ -> Y ^   OR2X1     0.116   2.936    6.220  
      u_account_balance/g11186                -            NAND2XL   0.000   2.936    6.220  
      u_account_balance/g11186                B ^ -> Y v   NAND2XL   0.165   3.101    6.385  
      u_account_balance/g11185                -            NAND2BX1  0.000   3.101    6.385  
      u_account_balance/g11185                AN v -> Y v  NAND2BX1  0.181   3.282    6.566  
      u_account_balance/g11178                -            NOR2XL    0.000   3.282    6.566  
      u_account_balance/g11178                B v -> Y ^   NOR2XL    0.221   3.503    6.787  
      u_account_balance/g11171                -            NAND2XL   0.000   3.503    6.787  
      u_account_balance/g11171                B ^ -> Y v   NAND2XL   0.216   3.719    7.003  
      u_account_balance/g11164                -            NOR2X1    0.000   3.719    7.003  
      u_account_balance/g11164                B v -> Y ^   NOR2X1    0.706   4.425    7.709  
      u_account_balance/balance_db_reg[9][3]  -            SDFFQX1   0.000   4.425    7.709  
      ----------------------------------------------------------------------------------------
     Clock Rise Edge                      0.000
     + Source Insertion Delay             0.010
     = Beginpoint Arrival Time            0.010
     Other End Path:
      ---------------------------------------------------------------------------------
      Instance                                Arc    Cell     Retime  Arrival  Required  
                                                              Delay   Time     Time  
      ---------------------------------------------------------------------------------
      -                                       clk ^  -        -       0.010    -3.274  
      u_account_balance/balance_db_reg[9][3]  -      SDFFQX1  0.000   0.010    -3.274  
      ---------------------------------------------------------------------------------
Path 44: MET Setup Check with Pin u_account_balance/balance_db_reg[9][2]/CK 
Endpoint:   u_account_balance/balance_db_reg[9][2]/SE (^) checked with  leading edge of 'clk'
Beginpoint: u_vehicle_interface/id_to_check_reg[0]/Q  (v) triggered by  leading edge of 'clk'
Path Groups: {clk}
Retime Analysis { Data Path-Slew }
Other End Arrival Time          0.010
- Setup                         0.301
+ Phase Shift                   8.000
= Required Time                 7.709
- Arrival Time                  4.425
= Slack Time                    3.284
= Slack Time(original)          3.197
     Clock Rise Edge                      0.000
     + Source Insertion Delay             0.010
     = Beginpoint Arrival Time            0.010
     Timing Path:
      ----------------------------------------------------------------------------------------
      Instance                                Arc          Cell      Retime  Arrival  Required  
                                                                     Delay   Time     Time  
      ----------------------------------------------------------------------------------------
      -                                       clk ^        -         -       0.010    3.294  
      u_vehicle_interface/id_to_check_reg[0]  -            SDFFQX1   0.000   0.010    3.294  
      u_vehicle_interface/id_to_check_reg[0]  CK ^ -> Q v  SDFFQX1   0.524   0.533    3.817  
      u_account_balance/g11420                -            CLKINVX1  0.000   0.533    3.817  
      u_account_balance/g11420                A v -> Y ^   CLKINVX1  0.120   0.653    3.937  
      u_account_balance/g11414                -            NAND2XL   0.000   0.653    3.937  
      u_account_balance/g11414                B ^ -> Y v   NAND2XL   0.331   0.985    4.268  
      u_account_balance/g11381                -            NOR2XL    0.000   0.985    4.268  
      u_account_balance/g11381                B v -> Y ^   NOR2XL    0.572   1.556    4.840  
      u_account_balance/g11315                -            AOI22X1   0.000   1.556    4.840  
      u_account_balance/g11315                A1 ^ -> Y v  AOI22X1   0.159   1.716    4.999  
      u_account_balance/g11257                -            NAND2XL   0.000   1.716    4.999  
      u_account_balance/g11257                B v -> Y ^   NAND2XL   0.106   1.822    5.106  
      u_account_balance/g11219                -            AOI211X1  0.000   1.822    5.106  
      u_account_balance/g11219                C0 ^ -> Y v  AOI211X1  0.055   1.877    5.161  
      u_account_balance/g11213                -            NAND3X1   0.000   1.877    5.161  
      u_account_balance/g11213                C v -> Y ^   NAND3X1   0.119   1.996    5.280  
      u_account_balance/g11209                -            NOR2XL    0.000   1.996    5.280  
      u_account_balance/g11209                B ^ -> Y v   NOR2XL    0.104   2.100    5.384  
      u_account_balance/g11207                -            NOR2XL    0.000   2.100    5.384  
      u_account_balance/g11207                B v -> Y ^   NOR2XL    0.257   2.357    5.641  
      u_account_balance/g11205                -            NOR4BX1   0.000   2.357    5.641  
      u_account_balance/g11205                D ^ -> Y v   NOR4BX1   0.102   2.459    5.743  
      u_account_balance/g11201                -            NAND2XL   0.000   2.459    5.743  
      u_account_balance/g11201                B v -> Y ^   NAND2XL   0.126   2.585    5.869  
      u_account_balance/g11197                -            NOR2XL    0.000   2.585    5.869  
      u_account_balance/g11197                B ^ -> Y v   NOR2XL    0.121   2.707    5.991  
      u_account_balance/g11195                -            NAND3X1   0.000   2.707    5.991  
      u_account_balance/g11195                C v -> Y ^   NAND3X1   0.114   2.821    6.104  
      u_account_balance/g11189                -            OR2X1     0.000   2.821    6.104  
      u_account_balance/g11189                B ^ -> Y ^   OR2X1     0.116   2.936    6.220  
      u_account_balance/g11186                -            NAND2XL   0.000   2.936    6.220  
      u_account_balance/g11186                B ^ -> Y v   NAND2XL   0.165   3.101    6.385  
      u_account_balance/g11185                -            NAND2BX1  0.000   3.101    6.385  
      u_account_balance/g11185                AN v -> Y v  NAND2BX1  0.181   3.282    6.566  
      u_account_balance/g11178                -            NOR2XL    0.000   3.282    6.566  
      u_account_balance/g11178                B v -> Y ^   NOR2XL    0.221   3.503    6.787  
      u_account_balance/g11171                -            NAND2XL   0.000   3.503    6.787  
      u_account_balance/g11171                B ^ -> Y v   NAND2XL   0.216   3.719    7.003  
      u_account_balance/g11164                -            NOR2X1    0.000   3.719    7.003  
      u_account_balance/g11164                B v -> Y ^   NOR2X1    0.706   4.425    7.709  
      u_account_balance/balance_db_reg[9][2]  -            SDFFQX1   0.000   4.425    7.709  
      ----------------------------------------------------------------------------------------
     Clock Rise Edge                      0.000
     + Source Insertion Delay             0.010
     = Beginpoint Arrival Time            0.010
     Other End Path:
      ---------------------------------------------------------------------------------
      Instance                                Arc    Cell     Retime  Arrival  Required  
                                                              Delay   Time     Time  
      ---------------------------------------------------------------------------------
      -                                       clk ^  -        -       0.010    -3.274  
      u_account_balance/balance_db_reg[9][2]  -      SDFFQX1  0.000   0.010    -3.274  
      ---------------------------------------------------------------------------------
Path 45: MET Setup Check with Pin u_account_balance/balance_db_reg[9][1]/CK 
Endpoint:   u_account_balance/balance_db_reg[9][1]/SE (^) checked with  leading edge of 'clk'
Beginpoint: u_vehicle_interface/id_to_check_reg[0]/Q  (v) triggered by  leading edge of 'clk'
Path Groups: {clk}
Retime Analysis { Data Path-Slew }
Other End Arrival Time          0.010
- Setup                         0.301
+ Phase Shift                   8.000
= Required Time                 7.709
- Arrival Time                  4.425
= Slack Time                    3.284
= Slack Time(original)          3.197
     Clock Rise Edge                      0.000
     + Source Insertion Delay             0.010
     = Beginpoint Arrival Time            0.010
     Timing Path:
      ----------------------------------------------------------------------------------------
      Instance                                Arc          Cell      Retime  Arrival  Required  
                                                                     Delay   Time     Time  
      ----------------------------------------------------------------------------------------
      -                                       clk ^        -         -       0.010    3.294  
      u_vehicle_interface/id_to_check_reg[0]  -            SDFFQX1   0.000   0.010    3.294  
      u_vehicle_interface/id_to_check_reg[0]  CK ^ -> Q v  SDFFQX1   0.524   0.533    3.817  
      u_account_balance/g11420                -            CLKINVX1  0.000   0.533    3.817  
      u_account_balance/g11420                A v -> Y ^   CLKINVX1  0.120   0.653    3.937  
      u_account_balance/g11414                -            NAND2XL   0.000   0.653    3.937  
      u_account_balance/g11414                B ^ -> Y v   NAND2XL   0.331   0.985    4.268  
      u_account_balance/g11381                -            NOR2XL    0.000   0.985    4.268  
      u_account_balance/g11381                B v -> Y ^   NOR2XL    0.572   1.556    4.840  
      u_account_balance/g11315                -            AOI22X1   0.000   1.556    4.840  
      u_account_balance/g11315                A1 ^ -> Y v  AOI22X1   0.159   1.716    4.999  
      u_account_balance/g11257                -            NAND2XL   0.000   1.716    4.999  
      u_account_balance/g11257                B v -> Y ^   NAND2XL   0.106   1.822    5.106  
      u_account_balance/g11219                -            AOI211X1  0.000   1.822    5.106  
      u_account_balance/g11219                C0 ^ -> Y v  AOI211X1  0.055   1.877    5.161  
      u_account_balance/g11213                -            NAND3X1   0.000   1.877    5.161  
      u_account_balance/g11213                C v -> Y ^   NAND3X1   0.119   1.996    5.280  
      u_account_balance/g11209                -            NOR2XL    0.000   1.996    5.280  
      u_account_balance/g11209                B ^ -> Y v   NOR2XL    0.104   2.100    5.384  
      u_account_balance/g11207                -            NOR2XL    0.000   2.100    5.384  
      u_account_balance/g11207                B v -> Y ^   NOR2XL    0.257   2.357    5.641  
      u_account_balance/g11205                -            NOR4BX1   0.000   2.357    5.641  
      u_account_balance/g11205                D ^ -> Y v   NOR4BX1   0.102   2.459    5.743  
      u_account_balance/g11201                -            NAND2XL   0.000   2.459    5.743  
      u_account_balance/g11201                B v -> Y ^   NAND2XL   0.126   2.585    5.869  
      u_account_balance/g11197                -            NOR2XL    0.000   2.585    5.869  
      u_account_balance/g11197                B ^ -> Y v   NOR2XL    0.121   2.707    5.991  
      u_account_balance/g11195                -            NAND3X1   0.000   2.707    5.991  
      u_account_balance/g11195                C v -> Y ^   NAND3X1   0.114   2.821    6.104  
      u_account_balance/g11189                -            OR2X1     0.000   2.821    6.104  
      u_account_balance/g11189                B ^ -> Y ^   OR2X1     0.116   2.936    6.220  
      u_account_balance/g11186                -            NAND2XL   0.000   2.936    6.220  
      u_account_balance/g11186                B ^ -> Y v   NAND2XL   0.165   3.101    6.385  
      u_account_balance/g11185                -            NAND2BX1  0.000   3.101    6.385  
      u_account_balance/g11185                AN v -> Y v  NAND2BX1  0.181   3.282    6.566  
      u_account_balance/g11178                -            NOR2XL    0.000   3.282    6.566  
      u_account_balance/g11178                B v -> Y ^   NOR2XL    0.221   3.503    6.787  
      u_account_balance/g11171                -            NAND2XL   0.000   3.503    6.787  
      u_account_balance/g11171                B ^ -> Y v   NAND2XL   0.216   3.719    7.003  
      u_account_balance/g11164                -            NOR2X1    0.000   3.719    7.003  
      u_account_balance/g11164                B v -> Y ^   NOR2X1    0.706   4.425    7.709  
      u_account_balance/balance_db_reg[9][1]  -            SDFFQX1   0.000   4.425    7.709  
      ----------------------------------------------------------------------------------------
     Clock Rise Edge                      0.000
     + Source Insertion Delay             0.010
     = Beginpoint Arrival Time            0.010
     Other End Path:
      ---------------------------------------------------------------------------------
      Instance                                Arc    Cell     Retime  Arrival  Required  
                                                              Delay   Time     Time  
      ---------------------------------------------------------------------------------
      -                                       clk ^  -        -       0.010    -3.274  
      u_account_balance/balance_db_reg[9][1]  -      SDFFQX1  0.000   0.010    -3.274  
      ---------------------------------------------------------------------------------
Path 46: MET Setup Check with Pin u_account_balance/balance_db_reg[9][15]/CK 
Endpoint:   u_account_balance/balance_db_reg[9][15]/SE (^) checked with  leading edge of 'clk'
Beginpoint: u_vehicle_interface/id_to_check_reg[3]/Q   (v) triggered by  leading edge of 'clk'
Path Groups: {clk}
Retime Analysis { Data Path-Slew }
Other End Arrival Time          0.010
- Setup                         0.301
+ Phase Shift                   8.000
= Required Time                 7.709
- Arrival Time                  4.353
= Slack Time                    3.356
= Slack Time(original)          3.263
     Clock Rise Edge                      0.000
     + Source Insertion Delay             0.010
     = Beginpoint Arrival Time            0.010
     Timing Path:
      -----------------------------------------------------------------------------------------
      Instance                                 Arc          Cell      Retime  Arrival  Required  
                                                                      Delay   Time     Time  
      -----------------------------------------------------------------------------------------
      -                                        clk ^        -         -       0.010    3.366  
      u_vehicle_interface/id_to_check_reg[3]   -            SDFFQX1   0.000   0.010    3.366  
      u_vehicle_interface/id_to_check_reg[3]   CK ^ -> Q v  SDFFQX1   0.486   0.496    3.852  
      u_account_balance/g11418                 -            CLKINVX1  0.000   0.496    3.852  
      u_account_balance/g11418                 A v -> Y ^   CLKINVX1  0.151   0.647    4.003  
      u_account_balance/g11414                 -            NAND2XL   0.000   0.647    4.003  
      u_account_balance/g11414                 A ^ -> Y v   NAND2XL   0.339   0.986    4.342  
      u_account_balance/g11380                 -            NOR2XL    0.000   0.986    4.342  
      u_account_balance/g11380                 B v -> Y ^   NOR2XL    0.556   1.542    4.898  
      u_account_balance/g11315                 -            AOI22X1   0.000   1.542    4.898  
      u_account_balance/g11315                 B1 ^ -> Y v  AOI22X1   0.108   1.650    5.006  
      u_account_balance/g11257                 -            NAND2XL   0.000   1.650    5.006  
      u_account_balance/g11257                 B v -> Y ^   NAND2XL   0.102   1.752    5.108  
      u_account_balance/g11219                 -            AOI211X1  0.000   1.752    5.108  
      u_account_balance/g11219                 C0 ^ -> Y v  AOI211X1  0.054   1.806    5.162  
      u_account_balance/g11213                 -            NAND3X1   0.000   1.806    5.162  
      u_account_balance/g11213                 C v -> Y ^   NAND3X1   0.118   1.924    5.280  
      u_account_balance/g11209                 -            NOR2XL    0.000   1.924    5.280  
      u_account_balance/g11209                 B ^ -> Y v   NOR2XL    0.104   2.028    5.384  
      u_account_balance/g11207                 -            NOR2XL    0.000   2.028    5.384  
      u_account_balance/g11207                 B v -> Y ^   NOR2XL    0.257   2.285    5.641  
      u_account_balance/g11205                 -            NOR4BX1   0.000   2.285    5.641  
      u_account_balance/g11205                 D ^ -> Y v   NOR4BX1   0.102   2.387    5.743  
      u_account_balance/g11201                 -            NAND2XL   0.000   2.387    5.743  
      u_account_balance/g11201                 B v -> Y ^   NAND2XL   0.126   2.513    5.869  
      u_account_balance/g11197                 -            NOR2XL    0.000   2.513    5.869  
      u_account_balance/g11197                 B ^ -> Y v   NOR2XL    0.121   2.635    5.991  
      u_account_balance/g11195                 -            NAND3X1   0.000   2.635    5.991  
      u_account_balance/g11195                 C v -> Y ^   NAND3X1   0.114   2.748    6.104  
      u_account_balance/g11189                 -            OR2X1     0.000   2.748    6.104  
      u_account_balance/g11189                 B ^ -> Y ^   OR2X1     0.116   2.864    6.220  
      u_account_balance/g11186                 -            NAND2XL   0.000   2.864    6.220  
      u_account_balance/g11186                 B ^ -> Y v   NAND2XL   0.165   3.029    6.385  
      u_account_balance/g11185                 -            NAND2BX1  0.000   3.029    6.385  
      u_account_balance/g11185                 AN v -> Y v  NAND2BX1  0.181   3.210    6.566  
      u_account_balance/g11178                 -            NOR2XL    0.000   3.210    6.566  
      u_account_balance/g11178                 B v -> Y ^   NOR2XL    0.221   3.431    6.787  
      u_account_balance/g11171                 -            NAND2XL   0.000   3.431    6.787  
      u_account_balance/g11171                 B ^ -> Y v   NAND2XL   0.216   3.647    7.003  
      u_account_balance/g11164                 -            NOR2X1    0.000   3.647    7.003  
      u_account_balance/g11164                 B v -> Y ^   NOR2X1    0.706   4.353    7.709  
      u_account_balance/balance_db_reg[9][15]  -            SDFFQX1   0.000   4.353    7.709  
      -----------------------------------------------------------------------------------------
     Clock Rise Edge                      0.000
     + Source Insertion Delay             0.010
     = Beginpoint Arrival Time            0.010
     Other End Path:
      ----------------------------------------------------------------------------------
      Instance                                 Arc    Cell     Retime  Arrival  Required  
                                                               Delay   Time     Time  
      ----------------------------------------------------------------------------------
      -                                        clk ^  -        -       0.010    -3.346  
      u_account_balance/balance_db_reg[9][15]  -      SDFFQX1  0.000   0.010    -3.346  
      ----------------------------------------------------------------------------------
Path 47: MET Setup Check with Pin u_account_balance/balance_db_reg[9][14]/CK 
Endpoint:   u_account_balance/balance_db_reg[9][14]/SE (^) checked with  leading edge of 'clk'
Beginpoint: u_vehicle_interface/id_to_check_reg[3]/Q   (v) triggered by  leading edge of 'clk'
Path Groups: {clk}
Retime Analysis { Data Path-Slew }
Other End Arrival Time          0.010
- Setup                         0.301
+ Phase Shift                   8.000
= Required Time                 7.709
- Arrival Time                  4.353
= Slack Time                    3.356
= Slack Time(original)          3.263
     Clock Rise Edge                      0.000
     + Source Insertion Delay             0.010
     = Beginpoint Arrival Time            0.010
     Timing Path:
      -----------------------------------------------------------------------------------------
      Instance                                 Arc          Cell      Retime  Arrival  Required  
                                                                      Delay   Time     Time  
      -----------------------------------------------------------------------------------------
      -                                        clk ^        -         -       0.010    3.366  
      u_vehicle_interface/id_to_check_reg[3]   -            SDFFQX1   0.000   0.010    3.366  
      u_vehicle_interface/id_to_check_reg[3]   CK ^ -> Q v  SDFFQX1   0.486   0.496    3.852  
      u_account_balance/g11418                 -            CLKINVX1  0.000   0.496    3.852  
      u_account_balance/g11418                 A v -> Y ^   CLKINVX1  0.151   0.647    4.003  
      u_account_balance/g11414                 -            NAND2XL   0.000   0.647    4.003  
      u_account_balance/g11414                 A ^ -> Y v   NAND2XL   0.339   0.986    4.342  
      u_account_balance/g11380                 -            NOR2XL    0.000   0.986    4.342  
      u_account_balance/g11380                 B v -> Y ^   NOR2XL    0.556   1.542    4.898  
      u_account_balance/g11315                 -            AOI22X1   0.000   1.542    4.898  
      u_account_balance/g11315                 B1 ^ -> Y v  AOI22X1   0.108   1.650    5.006  
      u_account_balance/g11257                 -            NAND2XL   0.000   1.650    5.006  
      u_account_balance/g11257                 B v -> Y ^   NAND2XL   0.102   1.752    5.108  
      u_account_balance/g11219                 -            AOI211X1  0.000   1.752    5.108  
      u_account_balance/g11219                 C0 ^ -> Y v  AOI211X1  0.054   1.806    5.162  
      u_account_balance/g11213                 -            NAND3X1   0.000   1.806    5.162  
      u_account_balance/g11213                 C v -> Y ^   NAND3X1   0.118   1.924    5.280  
      u_account_balance/g11209                 -            NOR2XL    0.000   1.924    5.280  
      u_account_balance/g11209                 B ^ -> Y v   NOR2XL    0.104   2.028    5.384  
      u_account_balance/g11207                 -            NOR2XL    0.000   2.028    5.384  
      u_account_balance/g11207                 B v -> Y ^   NOR2XL    0.257   2.285    5.641  
      u_account_balance/g11205                 -            NOR4BX1   0.000   2.285    5.641  
      u_account_balance/g11205                 D ^ -> Y v   NOR4BX1   0.102   2.387    5.743  
      u_account_balance/g11201                 -            NAND2XL   0.000   2.387    5.743  
      u_account_balance/g11201                 B v -> Y ^   NAND2XL   0.126   2.513    5.869  
      u_account_balance/g11197                 -            NOR2XL    0.000   2.513    5.869  
      u_account_balance/g11197                 B ^ -> Y v   NOR2XL    0.121   2.635    5.991  
      u_account_balance/g11195                 -            NAND3X1   0.000   2.635    5.991  
      u_account_balance/g11195                 C v -> Y ^   NAND3X1   0.114   2.748    6.104  
      u_account_balance/g11189                 -            OR2X1     0.000   2.748    6.104  
      u_account_balance/g11189                 B ^ -> Y ^   OR2X1     0.116   2.864    6.220  
      u_account_balance/g11186                 -            NAND2XL   0.000   2.864    6.220  
      u_account_balance/g11186                 B ^ -> Y v   NAND2XL   0.165   3.029    6.385  
      u_account_balance/g11185                 -            NAND2BX1  0.000   3.029    6.385  
      u_account_balance/g11185                 AN v -> Y v  NAND2BX1  0.181   3.210    6.566  
      u_account_balance/g11178                 -            NOR2XL    0.000   3.210    6.566  
      u_account_balance/g11178                 B v -> Y ^   NOR2XL    0.221   3.431    6.787  
      u_account_balance/g11171                 -            NAND2XL   0.000   3.431    6.787  
      u_account_balance/g11171                 B ^ -> Y v   NAND2XL   0.216   3.647    7.003  
      u_account_balance/g11164                 -            NOR2X1    0.000   3.647    7.003  
      u_account_balance/g11164                 B v -> Y ^   NOR2X1    0.706   4.353    7.709  
      u_account_balance/balance_db_reg[9][14]  -            SDFFQX1   0.000   4.353    7.709  
      -----------------------------------------------------------------------------------------
     Clock Rise Edge                      0.000
     + Source Insertion Delay             0.010
     = Beginpoint Arrival Time            0.010
     Other End Path:
      ----------------------------------------------------------------------------------
      Instance                                 Arc    Cell     Retime  Arrival  Required  
                                                               Delay   Time     Time  
      ----------------------------------------------------------------------------------
      -                                        clk ^  -        -       0.010    -3.346  
      u_account_balance/balance_db_reg[9][14]  -      SDFFQX1  0.000   0.010    -3.346  
      ----------------------------------------------------------------------------------
Path 48: MET Setup Check with Pin u_account_balance/balance_db_reg[9][13]/CK 
Endpoint:   u_account_balance/balance_db_reg[9][13]/SE (^) checked with  leading edge of 'clk'
Beginpoint: u_vehicle_interface/id_to_check_reg[3]/Q   (v) triggered by  leading edge of 'clk'
Path Groups: {clk}
Retime Analysis { Data Path-Slew }
Other End Arrival Time          0.010
- Setup                         0.301
+ Phase Shift                   8.000
= Required Time                 7.709
- Arrival Time                  4.353
= Slack Time                    3.356
= Slack Time(original)          3.263
     Clock Rise Edge                      0.000
     + Source Insertion Delay             0.010
     = Beginpoint Arrival Time            0.010
     Timing Path:
      -----------------------------------------------------------------------------------------
      Instance                                 Arc          Cell      Retime  Arrival  Required  
                                                                      Delay   Time     Time  
      -----------------------------------------------------------------------------------------
      -                                        clk ^        -         -       0.010    3.366  
      u_vehicle_interface/id_to_check_reg[3]   -            SDFFQX1   0.000   0.010    3.366  
      u_vehicle_interface/id_to_check_reg[3]   CK ^ -> Q v  SDFFQX1   0.486   0.496    3.852  
      u_account_balance/g11418                 -            CLKINVX1  0.000   0.496    3.852  
      u_account_balance/g11418                 A v -> Y ^   CLKINVX1  0.151   0.647    4.003  
      u_account_balance/g11414                 -            NAND2XL   0.000   0.647    4.003  
      u_account_balance/g11414                 A ^ -> Y v   NAND2XL   0.339   0.986    4.342  
      u_account_balance/g11380                 -            NOR2XL    0.000   0.986    4.342  
      u_account_balance/g11380                 B v -> Y ^   NOR2XL    0.556   1.542    4.898  
      u_account_balance/g11315                 -            AOI22X1   0.000   1.542    4.898  
      u_account_balance/g11315                 B1 ^ -> Y v  AOI22X1   0.108   1.650    5.006  
      u_account_balance/g11257                 -            NAND2XL   0.000   1.650    5.006  
      u_account_balance/g11257                 B v -> Y ^   NAND2XL   0.102   1.752    5.108  
      u_account_balance/g11219                 -            AOI211X1  0.000   1.752    5.108  
      u_account_balance/g11219                 C0 ^ -> Y v  AOI211X1  0.054   1.806    5.162  
      u_account_balance/g11213                 -            NAND3X1   0.000   1.806    5.162  
      u_account_balance/g11213                 C v -> Y ^   NAND3X1   0.118   1.924    5.280  
      u_account_balance/g11209                 -            NOR2XL    0.000   1.924    5.280  
      u_account_balance/g11209                 B ^ -> Y v   NOR2XL    0.104   2.028    5.384  
      u_account_balance/g11207                 -            NOR2XL    0.000   2.028    5.384  
      u_account_balance/g11207                 B v -> Y ^   NOR2XL    0.257   2.285    5.641  
      u_account_balance/g11205                 -            NOR4BX1   0.000   2.285    5.641  
      u_account_balance/g11205                 D ^ -> Y v   NOR4BX1   0.102   2.387    5.743  
      u_account_balance/g11201                 -            NAND2XL   0.000   2.387    5.743  
      u_account_balance/g11201                 B v -> Y ^   NAND2XL   0.126   2.513    5.869  
      u_account_balance/g11197                 -            NOR2XL    0.000   2.513    5.869  
      u_account_balance/g11197                 B ^ -> Y v   NOR2XL    0.121   2.635    5.991  
      u_account_balance/g11195                 -            NAND3X1   0.000   2.635    5.991  
      u_account_balance/g11195                 C v -> Y ^   NAND3X1   0.114   2.748    6.104  
      u_account_balance/g11189                 -            OR2X1     0.000   2.748    6.104  
      u_account_balance/g11189                 B ^ -> Y ^   OR2X1     0.116   2.864    6.220  
      u_account_balance/g11186                 -            NAND2XL   0.000   2.864    6.220  
      u_account_balance/g11186                 B ^ -> Y v   NAND2XL   0.165   3.029    6.385  
      u_account_balance/g11185                 -            NAND2BX1  0.000   3.029    6.385  
      u_account_balance/g11185                 AN v -> Y v  NAND2BX1  0.181   3.210    6.566  
      u_account_balance/g11178                 -            NOR2XL    0.000   3.210    6.566  
      u_account_balance/g11178                 B v -> Y ^   NOR2XL    0.221   3.431    6.787  
      u_account_balance/g11171                 -            NAND2XL   0.000   3.431    6.787  
      u_account_balance/g11171                 B ^ -> Y v   NAND2XL   0.216   3.647    7.003  
      u_account_balance/g11164                 -            NOR2X1    0.000   3.647    7.003  
      u_account_balance/g11164                 B v -> Y ^   NOR2X1    0.706   4.353    7.709  
      u_account_balance/balance_db_reg[9][13]  -            SDFFQX1   0.000   4.353    7.709  
      -----------------------------------------------------------------------------------------
     Clock Rise Edge                      0.000
     + Source Insertion Delay             0.010
     = Beginpoint Arrival Time            0.010
     Other End Path:
      ----------------------------------------------------------------------------------
      Instance                                 Arc    Cell     Retime  Arrival  Required  
                                                               Delay   Time     Time  
      ----------------------------------------------------------------------------------
      -                                        clk ^  -        -       0.010    -3.346  
      u_account_balance/balance_db_reg[9][13]  -      SDFFQX1  0.000   0.010    -3.346  
      ----------------------------------------------------------------------------------
Path 49: MET Setup Check with Pin u_account_balance/balance_db_reg[9][12]/CK 
Endpoint:   u_account_balance/balance_db_reg[9][12]/SE (^) checked with  leading edge of 'clk'
Beginpoint: u_vehicle_interface/id_to_check_reg[3]/Q   (v) triggered by  leading edge of 'clk'
Path Groups: {clk}
Retime Analysis { Data Path-Slew }
Other End Arrival Time          0.010
- Setup                         0.301
+ Phase Shift                   8.000
= Required Time                 7.709
- Arrival Time                  4.353
= Slack Time                    3.356
= Slack Time(original)          3.263
     Clock Rise Edge                      0.000
     + Source Insertion Delay             0.010
     = Beginpoint Arrival Time            0.010
     Timing Path:
      -----------------------------------------------------------------------------------------
      Instance                                 Arc          Cell      Retime  Arrival  Required  
                                                                      Delay   Time     Time  
      -----------------------------------------------------------------------------------------
      -                                        clk ^        -         -       0.010    3.366  
      u_vehicle_interface/id_to_check_reg[3]   -            SDFFQX1   0.000   0.010    3.366  
      u_vehicle_interface/id_to_check_reg[3]   CK ^ -> Q v  SDFFQX1   0.486   0.496    3.852  
      u_account_balance/g11418                 -            CLKINVX1  0.000   0.496    3.852  
      u_account_balance/g11418                 A v -> Y ^   CLKINVX1  0.151   0.647    4.003  
      u_account_balance/g11414                 -            NAND2XL   0.000   0.647    4.003  
      u_account_balance/g11414                 A ^ -> Y v   NAND2XL   0.339   0.986    4.342  
      u_account_balance/g11380                 -            NOR2XL    0.000   0.986    4.342  
      u_account_balance/g11380                 B v -> Y ^   NOR2XL    0.556   1.542    4.898  
      u_account_balance/g11315                 -            AOI22X1   0.000   1.542    4.898  
      u_account_balance/g11315                 B1 ^ -> Y v  AOI22X1   0.108   1.650    5.006  
      u_account_balance/g11257                 -            NAND2XL   0.000   1.650    5.006  
      u_account_balance/g11257                 B v -> Y ^   NAND2XL   0.102   1.752    5.108  
      u_account_balance/g11219                 -            AOI211X1  0.000   1.752    5.108  
      u_account_balance/g11219                 C0 ^ -> Y v  AOI211X1  0.054   1.806    5.162  
      u_account_balance/g11213                 -            NAND3X1   0.000   1.806    5.162  
      u_account_balance/g11213                 C v -> Y ^   NAND3X1   0.118   1.924    5.280  
      u_account_balance/g11209                 -            NOR2XL    0.000   1.924    5.280  
      u_account_balance/g11209                 B ^ -> Y v   NOR2XL    0.104   2.028    5.384  
      u_account_balance/g11207                 -            NOR2XL    0.000   2.028    5.384  
      u_account_balance/g11207                 B v -> Y ^   NOR2XL    0.257   2.285    5.641  
      u_account_balance/g11205                 -            NOR4BX1   0.000   2.285    5.641  
      u_account_balance/g11205                 D ^ -> Y v   NOR4BX1   0.102   2.387    5.743  
      u_account_balance/g11201                 -            NAND2XL   0.000   2.387    5.743  
      u_account_balance/g11201                 B v -> Y ^   NAND2XL   0.126   2.513    5.869  
      u_account_balance/g11197                 -            NOR2XL    0.000   2.513    5.869  
      u_account_balance/g11197                 B ^ -> Y v   NOR2XL    0.121   2.635    5.991  
      u_account_balance/g11195                 -            NAND3X1   0.000   2.635    5.991  
      u_account_balance/g11195                 C v -> Y ^   NAND3X1   0.114   2.748    6.104  
      u_account_balance/g11189                 -            OR2X1     0.000   2.748    6.104  
      u_account_balance/g11189                 B ^ -> Y ^   OR2X1     0.116   2.864    6.220  
      u_account_balance/g11186                 -            NAND2XL   0.000   2.864    6.220  
      u_account_balance/g11186                 B ^ -> Y v   NAND2XL   0.165   3.029    6.385  
      u_account_balance/g11185                 -            NAND2BX1  0.000   3.029    6.385  
      u_account_balance/g11185                 AN v -> Y v  NAND2BX1  0.181   3.210    6.566  
      u_account_balance/g11178                 -            NOR2XL    0.000   3.210    6.566  
      u_account_balance/g11178                 B v -> Y ^   NOR2XL    0.221   3.431    6.787  
      u_account_balance/g11171                 -            NAND2XL   0.000   3.431    6.787  
      u_account_balance/g11171                 B ^ -> Y v   NAND2XL   0.216   3.647    7.003  
      u_account_balance/g11164                 -            NOR2X1    0.000   3.647    7.003  
      u_account_balance/g11164                 B v -> Y ^   NOR2X1    0.706   4.353    7.709  
      u_account_balance/balance_db_reg[9][12]  -            SDFFQX1   0.000   4.353    7.709  
      -----------------------------------------------------------------------------------------
     Clock Rise Edge                      0.000
     + Source Insertion Delay             0.010
     = Beginpoint Arrival Time            0.010
     Other End Path:
      ----------------------------------------------------------------------------------
      Instance                                 Arc    Cell     Retime  Arrival  Required  
                                                               Delay   Time     Time  
      ----------------------------------------------------------------------------------
      -                                        clk ^  -        -       0.010    -3.346  
      u_account_balance/balance_db_reg[9][12]  -      SDFFQX1  0.000   0.010    -3.346  
      ----------------------------------------------------------------------------------
Path 50: MET Setup Check with Pin u_account_balance/balance_db_reg[9][11]/CK 
Endpoint:   u_account_balance/balance_db_reg[9][11]/SE (^) checked with  leading edge of 'clk'
Beginpoint: u_vehicle_interface/id_to_check_reg[3]/Q   (v) triggered by  leading edge of 'clk'
Path Groups: {clk}
Retime Analysis { Data Path-Slew }
Other End Arrival Time          0.010
- Setup                         0.301
+ Phase Shift                   8.000
= Required Time                 7.709
- Arrival Time                  4.353
= Slack Time                    3.356
= Slack Time(original)          3.263
     Clock Rise Edge                      0.000
     + Source Insertion Delay             0.010
     = Beginpoint Arrival Time            0.010
     Timing Path:
      -----------------------------------------------------------------------------------------
      Instance                                 Arc          Cell      Retime  Arrival  Required  
                                                                      Delay   Time     Time  
      -----------------------------------------------------------------------------------------
      -                                        clk ^        -         -       0.010    3.366  
      u_vehicle_interface/id_to_check_reg[3]   -            SDFFQX1   0.000   0.010    3.366  
      u_vehicle_interface/id_to_check_reg[3]   CK ^ -> Q v  SDFFQX1   0.486   0.496    3.852  
      u_account_balance/g11418                 -            CLKINVX1  0.000   0.496    3.852  
      u_account_balance/g11418                 A v -> Y ^   CLKINVX1  0.151   0.647    4.003  
      u_account_balance/g11414                 -            NAND2XL   0.000   0.647    4.003  
      u_account_balance/g11414                 A ^ -> Y v   NAND2XL   0.339   0.986    4.342  
      u_account_balance/g11380                 -            NOR2XL    0.000   0.986    4.342  
      u_account_balance/g11380                 B v -> Y ^   NOR2XL    0.556   1.542    4.898  
      u_account_balance/g11315                 -            AOI22X1   0.000   1.542    4.898  
      u_account_balance/g11315                 B1 ^ -> Y v  AOI22X1   0.108   1.650    5.006  
      u_account_balance/g11257                 -            NAND2XL   0.000   1.650    5.006  
      u_account_balance/g11257                 B v -> Y ^   NAND2XL   0.102   1.752    5.108  
      u_account_balance/g11219                 -            AOI211X1  0.000   1.752    5.108  
      u_account_balance/g11219                 C0 ^ -> Y v  AOI211X1  0.054   1.806    5.162  
      u_account_balance/g11213                 -            NAND3X1   0.000   1.806    5.162  
      u_account_balance/g11213                 C v -> Y ^   NAND3X1   0.118   1.924    5.280  
      u_account_balance/g11209                 -            NOR2XL    0.000   1.924    5.280  
      u_account_balance/g11209                 B ^ -> Y v   NOR2XL    0.104   2.028    5.384  
      u_account_balance/g11207                 -            NOR2XL    0.000   2.028    5.384  
      u_account_balance/g11207                 B v -> Y ^   NOR2XL    0.257   2.285    5.641  
      u_account_balance/g11205                 -            NOR4BX1   0.000   2.285    5.641  
      u_account_balance/g11205                 D ^ -> Y v   NOR4BX1   0.102   2.387    5.743  
      u_account_balance/g11201                 -            NAND2XL   0.000   2.387    5.743  
      u_account_balance/g11201                 B v -> Y ^   NAND2XL   0.126   2.513    5.869  
      u_account_balance/g11197                 -            NOR2XL    0.000   2.513    5.869  
      u_account_balance/g11197                 B ^ -> Y v   NOR2XL    0.121   2.635    5.991  
      u_account_balance/g11195                 -            NAND3X1   0.000   2.635    5.991  
      u_account_balance/g11195                 C v -> Y ^   NAND3X1   0.114   2.748    6.104  
      u_account_balance/g11189                 -            OR2X1     0.000   2.748    6.104  
      u_account_balance/g11189                 B ^ -> Y ^   OR2X1     0.116   2.864    6.220  
      u_account_balance/g11186                 -            NAND2XL   0.000   2.864    6.220  
      u_account_balance/g11186                 B ^ -> Y v   NAND2XL   0.165   3.029    6.385  
      u_account_balance/g11185                 -            NAND2BX1  0.000   3.029    6.385  
      u_account_balance/g11185                 AN v -> Y v  NAND2BX1  0.181   3.210    6.566  
      u_account_balance/g11178                 -            NOR2XL    0.000   3.210    6.566  
      u_account_balance/g11178                 B v -> Y ^   NOR2XL    0.221   3.431    6.787  
      u_account_balance/g11171                 -            NAND2XL   0.000   3.431    6.787  
      u_account_balance/g11171                 B ^ -> Y v   NAND2XL   0.216   3.647    7.003  
      u_account_balance/g11164                 -            NOR2X1    0.000   3.647    7.003  
      u_account_balance/g11164                 B v -> Y ^   NOR2X1    0.706   4.353    7.709  
      u_account_balance/balance_db_reg[9][11]  -            SDFFQX1   0.000   4.353    7.709  
      -----------------------------------------------------------------------------------------
     Clock Rise Edge                      0.000
     + Source Insertion Delay             0.010
     = Beginpoint Arrival Time            0.010
     Other End Path:
      ----------------------------------------------------------------------------------
      Instance                                 Arc    Cell     Retime  Arrival  Required  
                                                               Delay   Time     Time  
      ----------------------------------------------------------------------------------
      -                                        clk ^  -        -       0.010    -3.346  
      u_account_balance/balance_db_reg[9][11]  -      SDFFQX1  0.000   0.010    -3.346  
      ----------------------------------------------------------------------------------

