###############################################################
#  Generated by:      Cadence Innovus 20.10-p004_1
#  OS:                Linux x86_64(Host ID edatools-server2.iiitd.edu.in)
#  Generated on:      Mon Nov 10 22:29:31 2025
#  Design:            toll_gate
#  Command:           report_timing -retime path_slew_propagation -max_path 50 -nworst 50 -path_type full_clock > $report_dir/pba.rpt
###############################################################
Path 1: MET Setup Check with Pin u_account_balance/balance_db_reg[2][11]/CK 
Endpoint:   u_account_balance/balance_db_reg[2][11]/D (^) checked with  leading 
edge of 'clk'
Beginpoint: u_vehicle_interface/id_to_check_reg[3]/Q  (^) triggered by  leading 
edge of 'clk'
Path Groups: {clk}
Analysis View: view1
Retime Analysis { Data Path-Slew }
Other End Arrival Time          0.010
- Setup                         0.267
+ Phase Shift                   5.200
- Uncertainty                   0.010
= Required Time                 4.933
- Arrival Time                  3.012
= Slack Time                    1.921
= Slack Time(original)          1.898
     Clock Rise Edge                      0.000
     + Source Insertion Delay             0.010
     = Beginpoint Arrival Time            0.010
     Timing Path:
     +-------------------------------------------------------------------------------------------------+ 
     |                Instance                 |     Arc     |   Cell    | Retime | Arrival | Required | 
     |                                         |             |           |  Delay |  Time   |   Time   | 
     |-----------------------------------------+-------------+-----------+--------+---------+----------| 
     |                                         | clk ^       |           |        |   0.010 |    1.931 | 
     | u_vehicle_interface/id_to_check_reg[3]  |             | SDFFQX1   |  0.000 |   0.010 |    1.931 | 
     | u_vehicle_interface/id_to_check_reg[3]  | CK ^ -> Q ^ | SDFFQX1   |  0.338 |   0.348 |    2.269 | 
     | g222                                    |             | BUFX6     |  0.000 |   0.348 |    2.269 | 
     | g222                                    | A ^ -> Y ^  | BUFX6     |  0.176 |   0.525 |    2.446 | 
     | u_account_balance/g13463                |             | INVX8     |  0.000 |   0.525 |    2.446 | 
     | u_account_balance/g13463                | A ^ -> Y v  | INVX8     |  0.065 |   0.589 |    2.510 | 
     | u_account_balance/g13456                |             | CLKAND2X3 |  0.000 |   0.589 |    2.510 | 
     | u_account_balance/g13456                | B v -> Y v  | CLKAND2X3 |  0.148 |   0.737 |    2.658 | 
     | u_account_balance/g13449                |             | CLKINVX2  |  0.000 |   0.737 |    2.658 | 
     | u_account_balance/g13449                | A v -> Y ^  | CLKINVX2  |  0.063 |   0.801 |    2.722 | 
     | u_account_balance/g13398                |             | NOR2BXL   |  0.000 |   0.801 |    2.722 | 
     | u_account_balance/g13398                | B ^ -> Y v  | NOR2BXL   |  0.053 |   0.854 |    2.775 | 
     | u_account_balance/g13286                |             | AOI221X1  |  0.000 |   0.854 |    2.775 | 
     | u_account_balance/g13286                | C0 v -> Y ^ | AOI221X1  |  0.109 |   0.963 |    2.884 | 
     | u_account_balance/g13252                |             | NOR2XL    |  0.000 |   0.963 |    2.884 | 
     | u_account_balance/g13252                | B ^ -> Y v  | NOR2XL    |  0.055 |   1.018 |    2.939 | 
     | u_account_balance/g13237                |             | NOR2XL    |  0.000 |   1.018 |    2.939 | 
     | u_account_balance/g13237                | B v -> Y ^  | NOR2XL    |  0.078 |   1.096 |    3.017 | 
     | u_account_balance/g13223                |             | NAND2XL   |  0.000 |   1.096 |    3.017 | 
     | u_account_balance/g13223                | B ^ -> Y v  | NAND2XL   |  0.089 |   1.185 |    3.106 | 
     | u_account_balance/g13210                |             | NOR2X1    |  0.000 |   1.185 |    3.106 | 
     | u_account_balance/g13210                | B v -> Y ^  | NOR2X1    |  0.112 |   1.297 |    3.218 | 
     | u_account_balance/g13194                |             | OAI21X1   |  0.000 |   1.297 |    3.218 | 
     | u_account_balance/g13194                | B0 ^ -> Y v | OAI21X1   |  0.128 |   1.425 |    3.346 | 
     | u_account_balance/g13192                |             | NOR2X1    |  0.000 |   1.425 |    3.346 | 
     | u_account_balance/g13192                | B v -> Y ^  | NOR2X1    |  0.163 |   1.589 |    3.510 | 
     | u_account_balance/g13187                |             | NAND2X1   |  0.000 |   1.589 |    3.510 | 
     | u_account_balance/g13187                | B ^ -> Y v  | NAND2X1   |  0.137 |   1.726 |    3.647 | 
     | u_account_balance/g13184                |             | OR4X1     |  0.000 |   1.726 |    3.647 | 
     | u_account_balance/g13184                | D v -> Y v  | OR4X1     |  0.296 |   2.022 |    3.943 | 
     | u_account_balance/g13179                |             | OR2X1     |  0.000 |   2.022 |    3.943 | 
     | u_account_balance/g13179                | B v -> Y v  | OR2X1     |  0.195 |   2.217 |    4.138 | 
     | u_account_balance/g13170                |             | NAND2X1   |  0.000 |   2.217 |    4.138 | 
     | u_account_balance/g13170                | B v -> Y ^  | NAND2X1   |  0.080 |   2.298 |    4.219 | 
     | u_account_balance/g4361                 |             | OR2X1     |  0.000 |   2.298 |    4.219 | 
     | u_account_balance/g4361                 | B ^ -> Y ^  | OR2X1     |  0.128 |   2.426 |    4.347 | 
     | u_account_balance/g4357                 |             | NAND2XL   |  0.000 |   2.426 |    4.347 | 
     | u_account_balance/g4357                 | B ^ -> Y v  | NAND2XL   |  0.115 |   2.541 |    4.462 | 
     | u_account_balance/g4343                 |             | NAND2XL   |  0.000 |   2.541 |    4.462 | 
     | u_account_balance/g4343                 | A v -> Y ^  | NAND2XL   |  0.270 |   2.811 |    4.732 | 
     | u_account_balance/g4307                 |             | AO22XL    |  0.000 |   2.811 |    4.732 | 
     | u_account_balance/g4307                 | A0 ^ -> Y ^ | AO22XL    |  0.201 |   3.012 |    4.933 | 
     | u_account_balance/balance_db_reg[2][11] |             | SDFFQX1   |  0.000 |   3.012 |    4.933 | 
     +-------------------------------------------------------------------------------------------------+ 
     Clock Rise Edge                      0.000
     + Source Insertion Delay             0.010
     = Beginpoint Arrival Time            0.010
     Other End Path:
     +-----------------------------------------------------------------------------------------+ 
     |                Instance                 |  Arc  |  Cell   | Retime | Arrival | Required | 
     |                                         |       |         |  Delay |  Time   |   Time   | 
     |-----------------------------------------+-------+---------+--------+---------+----------| 
     |                                         | clk ^ |         |        |   0.010 |   -1.911 | 
     | u_account_balance/balance_db_reg[2][11] |       | SDFFQX1 |  0.000 |   0.010 |   -1.911 | 
     +-----------------------------------------------------------------------------------------+ 
Path 2: MET Setup Check with Pin u_account_balance/balance_db_reg[2][9]/CK 
Endpoint:   u_account_balance/balance_db_reg[2][9]/D (^) checked with  leading 
edge of 'clk'
Beginpoint: u_vehicle_interface/id_to_check_reg[3]/Q (^) triggered by  leading 
edge of 'clk'
Path Groups: {clk}
Analysis View: view1
Retime Analysis { Data Path-Slew }
Other End Arrival Time          0.010
- Setup                         0.267
+ Phase Shift                   5.200
- Uncertainty                   0.010
= Required Time                 4.933
- Arrival Time                  3.012
= Slack Time                    1.921
= Slack Time(original)          1.898
     Clock Rise Edge                      0.000
     + Source Insertion Delay             0.010
     = Beginpoint Arrival Time            0.010
     Timing Path:
     +------------------------------------------------------------------------------------------------+ 
     |                Instance                |     Arc     |   Cell    | Retime | Arrival | Required | 
     |                                        |             |           |  Delay |  Time   |   Time   | 
     |----------------------------------------+-------------+-----------+--------+---------+----------| 
     |                                        | clk ^       |           |        |   0.010 |    1.931 | 
     | u_vehicle_interface/id_to_check_reg[3] |             | SDFFQX1   |  0.000 |   0.010 |    1.931 | 
     | u_vehicle_interface/id_to_check_reg[3] | CK ^ -> Q ^ | SDFFQX1   |  0.338 |   0.348 |    2.269 | 
     | g222                                   |             | BUFX6     |  0.000 |   0.348 |    2.269 | 
     | g222                                   | A ^ -> Y ^  | BUFX6     |  0.176 |   0.525 |    2.446 | 
     | u_account_balance/g13463               |             | INVX8     |  0.000 |   0.525 |    2.446 | 
     | u_account_balance/g13463               | A ^ -> Y v  | INVX8     |  0.065 |   0.589 |    2.510 | 
     | u_account_balance/g13456               |             | CLKAND2X3 |  0.000 |   0.589 |    2.510 | 
     | u_account_balance/g13456               | B v -> Y v  | CLKAND2X3 |  0.148 |   0.737 |    2.658 | 
     | u_account_balance/g13449               |             | CLKINVX2  |  0.000 |   0.737 |    2.658 | 
     | u_account_balance/g13449               | A v -> Y ^  | CLKINVX2  |  0.063 |   0.801 |    2.722 | 
     | u_account_balance/g13398               |             | NOR2BXL   |  0.000 |   0.801 |    2.722 | 
     | u_account_balance/g13398               | B ^ -> Y v  | NOR2BXL   |  0.053 |   0.854 |    2.775 | 
     | u_account_balance/g13286               |             | AOI221X1  |  0.000 |   0.854 |    2.775 | 
     | u_account_balance/g13286               | C0 v -> Y ^ | AOI221X1  |  0.109 |   0.963 |    2.884 | 
     | u_account_balance/g13252               |             | NOR2XL    |  0.000 |   0.963 |    2.884 | 
     | u_account_balance/g13252               | B ^ -> Y v  | NOR2XL    |  0.055 |   1.018 |    2.939 | 
     | u_account_balance/g13237               |             | NOR2XL    |  0.000 |   1.018 |    2.939 | 
     | u_account_balance/g13237               | B v -> Y ^  | NOR2XL    |  0.078 |   1.096 |    3.017 | 
     | u_account_balance/g13223               |             | NAND2XL   |  0.000 |   1.096 |    3.017 | 
     | u_account_balance/g13223               | B ^ -> Y v  | NAND2XL   |  0.089 |   1.185 |    3.106 | 
     | u_account_balance/g13210               |             | NOR2X1    |  0.000 |   1.185 |    3.106 | 
     | u_account_balance/g13210               | B v -> Y ^  | NOR2X1    |  0.112 |   1.297 |    3.218 | 
     | u_account_balance/g13194               |             | OAI21X1   |  0.000 |   1.297 |    3.218 | 
     | u_account_balance/g13194               | B0 ^ -> Y v | OAI21X1   |  0.128 |   1.425 |    3.346 | 
     | u_account_balance/g13192               |             | NOR2X1    |  0.000 |   1.425 |    3.346 | 
     | u_account_balance/g13192               | B v -> Y ^  | NOR2X1    |  0.163 |   1.589 |    3.510 | 
     | u_account_balance/g13187               |             | NAND2X1   |  0.000 |   1.589 |    3.510 | 
     | u_account_balance/g13187               | B ^ -> Y v  | NAND2X1   |  0.137 |   1.726 |    3.647 | 
     | u_account_balance/g13184               |             | OR4X1     |  0.000 |   1.726 |    3.647 | 
     | u_account_balance/g13184               | D v -> Y v  | OR4X1     |  0.296 |   2.022 |    3.943 | 
     | u_account_balance/g13179               |             | OR2X1     |  0.000 |   2.022 |    3.943 | 
     | u_account_balance/g13179               | B v -> Y v  | OR2X1     |  0.195 |   2.217 |    4.138 | 
     | u_account_balance/g13170               |             | NAND2X1   |  0.000 |   2.217 |    4.138 | 
     | u_account_balance/g13170               | B v -> Y ^  | NAND2X1   |  0.080 |   2.298 |    4.219 | 
     | u_account_balance/g4361                |             | OR2X1     |  0.000 |   2.298 |    4.219 | 
     | u_account_balance/g4361                | B ^ -> Y ^  | OR2X1     |  0.128 |   2.426 |    4.347 | 
     | u_account_balance/g4357                |             | NAND2XL   |  0.000 |   2.426 |    4.347 | 
     | u_account_balance/g4357                | B ^ -> Y v  | NAND2XL   |  0.115 |   2.541 |    4.462 | 
     | u_account_balance/g4343                |             | NAND2XL   |  0.000 |   2.541 |    4.462 | 
     | u_account_balance/g4343                | A v -> Y ^  | NAND2XL   |  0.270 |   2.811 |    4.732 | 
     | u_account_balance/g4306                |             | AO22XL    |  0.000 |   2.811 |    4.732 | 
     | u_account_balance/g4306                | A0 ^ -> Y ^ | AO22XL    |  0.201 |   3.012 |    4.933 | 
     | u_account_balance/balance_db_reg[2][9] |             | SDFFQX1   |  0.000 |   3.012 |    4.933 | 
     +------------------------------------------------------------------------------------------------+ 
     Clock Rise Edge                      0.000
     + Source Insertion Delay             0.010
     = Beginpoint Arrival Time            0.010
     Other End Path:
     +----------------------------------------------------------------------------------------+ 
     |                Instance                |  Arc  |  Cell   | Retime | Arrival | Required | 
     |                                        |       |         |  Delay |  Time   |   Time   | 
     |----------------------------------------+-------+---------+--------+---------+----------| 
     |                                        | clk ^ |         |        |   0.010 |   -1.911 | 
     | u_account_balance/balance_db_reg[2][9] |       | SDFFQX1 |  0.000 |   0.010 |   -1.911 | 
     +----------------------------------------------------------------------------------------+ 
Path 3: MET Setup Check with Pin u_account_balance/balance_db_reg[2][7]/CK 
Endpoint:   u_account_balance/balance_db_reg[2][7]/D (^) checked with  leading 
edge of 'clk'
Beginpoint: u_vehicle_interface/id_to_check_reg[3]/Q (^) triggered by  leading 
edge of 'clk'
Path Groups: {clk}
Analysis View: view1
Retime Analysis { Data Path-Slew }
Other End Arrival Time          0.010
- Setup                         0.267
+ Phase Shift                   5.200
- Uncertainty                   0.010
= Required Time                 4.933
- Arrival Time                  3.012
= Slack Time                    1.921
= Slack Time(original)          1.898
     Clock Rise Edge                      0.000
     + Source Insertion Delay             0.010
     = Beginpoint Arrival Time            0.010
     Timing Path:
     +------------------------------------------------------------------------------------------------+ 
     |                Instance                |     Arc     |   Cell    | Retime | Arrival | Required | 
     |                                        |             |           |  Delay |  Time   |   Time   | 
     |----------------------------------------+-------------+-----------+--------+---------+----------| 
     |                                        | clk ^       |           |        |   0.010 |    1.931 | 
     | u_vehicle_interface/id_to_check_reg[3] |             | SDFFQX1   |  0.000 |   0.010 |    1.931 | 
     | u_vehicle_interface/id_to_check_reg[3] | CK ^ -> Q ^ | SDFFQX1   |  0.338 |   0.348 |    2.269 | 
     | g222                                   |             | BUFX6     |  0.000 |   0.348 |    2.269 | 
     | g222                                   | A ^ -> Y ^  | BUFX6     |  0.176 |   0.525 |    2.446 | 
     | u_account_balance/g13463               |             | INVX8     |  0.000 |   0.525 |    2.446 | 
     | u_account_balance/g13463               | A ^ -> Y v  | INVX8     |  0.065 |   0.589 |    2.510 | 
     | u_account_balance/g13456               |             | CLKAND2X3 |  0.000 |   0.589 |    2.510 | 
     | u_account_balance/g13456               | B v -> Y v  | CLKAND2X3 |  0.148 |   0.737 |    2.658 | 
     | u_account_balance/g13449               |             | CLKINVX2  |  0.000 |   0.737 |    2.658 | 
     | u_account_balance/g13449               | A v -> Y ^  | CLKINVX2  |  0.063 |   0.801 |    2.722 | 
     | u_account_balance/g13398               |             | NOR2BXL   |  0.000 |   0.801 |    2.722 | 
     | u_account_balance/g13398               | B ^ -> Y v  | NOR2BXL   |  0.053 |   0.854 |    2.775 | 
     | u_account_balance/g13286               |             | AOI221X1  |  0.000 |   0.854 |    2.775 | 
     | u_account_balance/g13286               | C0 v -> Y ^ | AOI221X1  |  0.109 |   0.963 |    2.884 | 
     | u_account_balance/g13252               |             | NOR2XL    |  0.000 |   0.963 |    2.884 | 
     | u_account_balance/g13252               | B ^ -> Y v  | NOR2XL    |  0.055 |   1.018 |    2.939 | 
     | u_account_balance/g13237               |             | NOR2XL    |  0.000 |   1.018 |    2.939 | 
     | u_account_balance/g13237               | B v -> Y ^  | NOR2XL    |  0.078 |   1.096 |    3.017 | 
     | u_account_balance/g13223               |             | NAND2XL   |  0.000 |   1.096 |    3.017 | 
     | u_account_balance/g13223               | B ^ -> Y v  | NAND2XL   |  0.089 |   1.185 |    3.106 | 
     | u_account_balance/g13210               |             | NOR2X1    |  0.000 |   1.185 |    3.106 | 
     | u_account_balance/g13210               | B v -> Y ^  | NOR2X1    |  0.112 |   1.297 |    3.218 | 
     | u_account_balance/g13194               |             | OAI21X1   |  0.000 |   1.297 |    3.218 | 
     | u_account_balance/g13194               | B0 ^ -> Y v | OAI21X1   |  0.128 |   1.425 |    3.346 | 
     | u_account_balance/g13192               |             | NOR2X1    |  0.000 |   1.425 |    3.346 | 
     | u_account_balance/g13192               | B v -> Y ^  | NOR2X1    |  0.163 |   1.589 |    3.510 | 
     | u_account_balance/g13187               |             | NAND2X1   |  0.000 |   1.589 |    3.510 | 
     | u_account_balance/g13187               | B ^ -> Y v  | NAND2X1   |  0.137 |   1.726 |    3.647 | 
     | u_account_balance/g13184               |             | OR4X1     |  0.000 |   1.726 |    3.647 | 
     | u_account_balance/g13184               | D v -> Y v  | OR4X1     |  0.296 |   2.022 |    3.943 | 
     | u_account_balance/g13179               |             | OR2X1     |  0.000 |   2.022 |    3.943 | 
     | u_account_balance/g13179               | B v -> Y v  | OR2X1     |  0.195 |   2.217 |    4.138 | 
     | u_account_balance/g13170               |             | NAND2X1   |  0.000 |   2.217 |    4.138 | 
     | u_account_balance/g13170               | B v -> Y ^  | NAND2X1   |  0.080 |   2.298 |    4.219 | 
     | u_account_balance/g4361                |             | OR2X1     |  0.000 |   2.298 |    4.219 | 
     | u_account_balance/g4361                | B ^ -> Y ^  | OR2X1     |  0.128 |   2.426 |    4.347 | 
     | u_account_balance/g4357                |             | NAND2XL   |  0.000 |   2.426 |    4.347 | 
     | u_account_balance/g4357                | B ^ -> Y v  | NAND2XL   |  0.115 |   2.541 |    4.462 | 
     | u_account_balance/g4343                |             | NAND2XL   |  0.000 |   2.541 |    4.462 | 
     | u_account_balance/g4343                | A v -> Y ^  | NAND2XL   |  0.270 |   2.811 |    4.732 | 
     | u_account_balance/g4304                |             | AO22XL    |  0.000 |   2.811 |    4.732 | 
     | u_account_balance/g4304                | A0 ^ -> Y ^ | AO22XL    |  0.201 |   3.012 |    4.933 | 
     | u_account_balance/balance_db_reg[2][7] |             | SDFFQX1   |  0.000 |   3.012 |    4.933 | 
     +------------------------------------------------------------------------------------------------+ 
     Clock Rise Edge                      0.000
     + Source Insertion Delay             0.010
     = Beginpoint Arrival Time            0.010
     Other End Path:
     +----------------------------------------------------------------------------------------+ 
     |                Instance                |  Arc  |  Cell   | Retime | Arrival | Required | 
     |                                        |       |         |  Delay |  Time   |   Time   | 
     |----------------------------------------+-------+---------+--------+---------+----------| 
     |                                        | clk ^ |         |        |   0.010 |   -1.911 | 
     | u_account_balance/balance_db_reg[2][7] |       | SDFFQX1 |  0.000 |   0.010 |   -1.911 | 
     +----------------------------------------------------------------------------------------+ 
Path 4: MET Setup Check with Pin u_account_balance/balance_db_reg[2][11]/CK 
Endpoint:   u_account_balance/balance_db_reg[2][11]/D (^) checked with  leading 
edge of 'clk'
Beginpoint: u_vehicle_interface/id_to_check_reg[3]/Q  (^) triggered by  leading 
edge of 'clk'
Path Groups: {clk}
Analysis View: view1
Retime Analysis { Data Path-Slew }
Other End Arrival Time          0.010
- Setup                         0.267
+ Phase Shift                   5.200
- Uncertainty                   0.010
= Required Time                 4.933
- Arrival Time                  2.970
= Slack Time                    1.963
= Slack Time(original)          1.898
     Clock Rise Edge                      0.000
     + Source Insertion Delay             0.010
     = Beginpoint Arrival Time            0.010
     Timing Path:
     +-------------------------------------------------------------------------------------------------+ 
     |                Instance                 |     Arc     |   Cell    | Retime | Arrival | Required | 
     |                                         |             |           |  Delay |  Time   |   Time   | 
     |-----------------------------------------+-------------+-----------+--------+---------+----------| 
     |                                         | clk ^       |           |        |   0.010 |    1.973 | 
     | u_vehicle_interface/id_to_check_reg[3]  |             | SDFFQX1   |  0.000 |   0.010 |    1.973 | 
     | u_vehicle_interface/id_to_check_reg[3]  | CK ^ -> Q ^ | SDFFQX1   |  0.338 |   0.348 |    2.311 | 
     | g222                                    |             | BUFX6     |  0.000 |   0.348 |    2.311 | 
     | g222                                    | A ^ -> Y ^  | BUFX6     |  0.176 |   0.525 |    2.488 | 
     | u_account_balance/g13463                |             | INVX8     |  0.000 |   0.525 |    2.488 | 
     | u_account_balance/g13463                | A ^ -> Y v  | INVX8     |  0.065 |   0.589 |    2.552 | 
     | u_account_balance/g13456                |             | CLKAND2X3 |  0.000 |   0.589 |    2.552 | 
     | u_account_balance/g13456                | B v -> Y v  | CLKAND2X3 |  0.148 |   0.737 |    2.700 | 
     | u_account_balance/g13449                |             | CLKINVX2  |  0.000 |   0.737 |    2.700 | 
     | u_account_balance/g13449                | A v -> Y ^  | CLKINVX2  |  0.063 |   0.801 |    2.764 | 
     | u_account_balance/g13398                |             | NOR2BXL   |  0.000 |   0.801 |    2.764 | 
     | u_account_balance/g13398                | B ^ -> Y v  | NOR2BXL   |  0.053 |   0.854 |    2.817 | 
     | u_account_balance/g13286                |             | AOI221X1  |  0.000 |   0.854 |    2.817 | 
     | u_account_balance/g13286                | C0 v -> Y ^ | AOI221X1  |  0.109 |   0.963 |    2.927 | 
     | u_account_balance/g13252                |             | NOR2XL    |  0.000 |   0.963 |    2.927 | 
     | u_account_balance/g13252                | B ^ -> Y v  | NOR2XL    |  0.055 |   1.018 |    2.981 | 
     | u_account_balance/g13237                |             | NOR2XL    |  0.000 |   1.018 |    2.981 | 
     | u_account_balance/g13237                | B v -> Y ^  | NOR2XL    |  0.078 |   1.096 |    3.059 | 
     | u_account_balance/g13223                |             | NAND2XL   |  0.000 |   1.096 |    3.059 | 
     | u_account_balance/g13223                | B ^ -> Y v  | NAND2XL   |  0.089 |   1.185 |    3.148 | 
     | u_account_balance/g13210                |             | NOR2X1    |  0.000 |   1.185 |    3.148 | 
     | u_account_balance/g13210                | B v -> Y ^  | NOR2X1    |  0.112 |   1.297 |    3.260 | 
     | u_account_balance/g13194                |             | OAI21X1   |  0.000 |   1.297 |    3.260 | 
     | u_account_balance/g13194                | B0 ^ -> Y v | OAI21X1   |  0.098 |   1.394 |    3.357 | 
     | u_account_balance/g13192                |             | NOR2X1    |  0.000 |   1.394 |    3.357 | 
     | u_account_balance/g13192                | B v -> Y ^  | NOR2X1    |  0.153 |   1.547 |    3.510 | 
     | u_account_balance/g13187                |             | NAND2X1   |  0.000 |   1.547 |    3.510 | 
     | u_account_balance/g13187                | B ^ -> Y v  | NAND2X1   |  0.137 |   1.684 |    3.647 | 
     | u_account_balance/g13184                |             | OR4X1     |  0.000 |   1.684 |    3.647 | 
     | u_account_balance/g13184                | D v -> Y v  | OR4X1     |  0.296 |   1.980 |    3.943 | 
     | u_account_balance/g13179                |             | OR2X1     |  0.000 |   1.980 |    3.943 | 
     | u_account_balance/g13179                | B v -> Y v  | OR2X1     |  0.195 |   2.175 |    4.138 | 
     | u_account_balance/g13170                |             | NAND2X1   |  0.000 |   2.175 |    4.138 | 
     | u_account_balance/g13170                | B v -> Y ^  | NAND2X1   |  0.080 |   2.256 |    4.219 | 
     | u_account_balance/g4361                 |             | OR2X1     |  0.000 |   2.256 |    4.219 | 
     | u_account_balance/g4361                 | B ^ -> Y ^  | OR2X1     |  0.128 |   2.383 |    4.347 | 
     | u_account_balance/g4357                 |             | NAND2XL   |  0.000 |   2.383 |    4.347 | 
     | u_account_balance/g4357                 | B ^ -> Y v  | NAND2XL   |  0.115 |   2.499 |    4.462 | 
     | u_account_balance/g4343                 |             | NAND2XL   |  0.000 |   2.499 |    4.462 | 
     | u_account_balance/g4343                 | A v -> Y ^  | NAND2XL   |  0.270 |   2.769 |    4.732 | 
     | u_account_balance/g4307                 |             | AO22XL    |  0.000 |   2.769 |    4.732 | 
     | u_account_balance/g4307                 | A0 ^ -> Y ^ | AO22XL    |  0.201 |   2.970 |    4.933 | 
     | u_account_balance/balance_db_reg[2][11] |             | SDFFQX1   |  0.000 |   2.970 |    4.933 | 
     +-------------------------------------------------------------------------------------------------+ 
     Clock Rise Edge                      0.000
     + Source Insertion Delay             0.010
     = Beginpoint Arrival Time            0.010
     Other End Path:
     +-----------------------------------------------------------------------------------------+ 
     |                Instance                 |  Arc  |  Cell   | Retime | Arrival | Required | 
     |                                         |       |         |  Delay |  Time   |   Time   | 
     |-----------------------------------------+-------+---------+--------+---------+----------| 
     |                                         | clk ^ |         |        |   0.010 |   -1.953 | 
     | u_account_balance/balance_db_reg[2][11] |       | SDFFQX1 |  0.000 |   0.010 |   -1.953 | 
     +-----------------------------------------------------------------------------------------+ 
Path 5: MET Setup Check with Pin u_account_balance/balance_db_reg[2][11]/CK 
Endpoint:   u_account_balance/balance_db_reg[2][11]/D (^) checked with  leading 
edge of 'clk'
Beginpoint: u_vehicle_interface/id_to_check_reg[3]/Q  (^) triggered by  leading 
edge of 'clk'
Path Groups: {clk}
Analysis View: view1
Retime Analysis { Data Path-Slew }
Other End Arrival Time          0.010
- Setup                         0.267
+ Phase Shift                   5.200
- Uncertainty                   0.010
= Required Time                 4.933
- Arrival Time                  2.949
= Slack Time                    1.984
= Slack Time(original)          1.898
     Clock Rise Edge                      0.000
     + Source Insertion Delay             0.010
     = Beginpoint Arrival Time            0.010
     Timing Path:
     +-------------------------------------------------------------------------------------------------+ 
     |                Instance                 |     Arc     |   Cell    | Retime | Arrival | Required | 
     |                                         |             |           |  Delay |  Time   |   Time   | 
     |-----------------------------------------+-------------+-----------+--------+---------+----------| 
     |                                         | clk ^       |           |        |   0.010 |    1.994 | 
     | u_vehicle_interface/id_to_check_reg[3]  |             | SDFFQX1   |  0.000 |   0.010 |    1.994 | 
     | u_vehicle_interface/id_to_check_reg[3]  | CK ^ -> Q ^ | SDFFQX1   |  0.338 |   0.348 |    2.333 | 
     | g222                                    |             | BUFX6     |  0.000 |   0.348 |    2.333 | 
     | g222                                    | A ^ -> Y ^  | BUFX6     |  0.176 |   0.525 |    2.509 | 
     | u_account_balance/g13463                |             | INVX8     |  0.000 |   0.525 |    2.509 | 
     | u_account_balance/g13463                | A ^ -> Y v  | INVX8     |  0.065 |   0.589 |    2.574 | 
     | u_account_balance/g13456                |             | CLKAND2X3 |  0.000 |   0.589 |    2.574 | 
     | u_account_balance/g13456                | B v -> Y v  | CLKAND2X3 |  0.148 |   0.737 |    2.722 | 
     | u_account_balance/g13449                |             | CLKINVX2  |  0.000 |   0.737 |    2.722 | 
     | u_account_balance/g13449                | A v -> Y ^  | CLKINVX2  |  0.063 |   0.801 |    2.785 | 
     | u_account_balance/g13398                |             | NOR2BXL   |  0.000 |   0.801 |    2.785 | 
     | u_account_balance/g13398                | B ^ -> Y v  | NOR2BXL   |  0.053 |   0.854 |    2.839 | 
     | u_account_balance/g13286                |             | AOI221X1  |  0.000 |   0.854 |    2.839 | 
     | u_account_balance/g13286                | C0 v -> Y ^ | AOI221X1  |  0.062 |   0.916 |    2.900 | 
     | u_account_balance/g13252                |             | NOR2XL    |  0.000 |   0.916 |    2.900 | 
     | u_account_balance/g13252                | B ^ -> Y v  | NOR2XL    |  0.045 |   0.961 |    2.945 | 
     | u_account_balance/g13237                |             | NOR2XL    |  0.000 |   0.961 |    2.945 | 
     | u_account_balance/g13237                | B v -> Y ^  | NOR2XL    |  0.072 |   1.033 |    3.018 | 
     | u_account_balance/g13223                |             | NAND2XL   |  0.000 |   1.033 |    3.018 | 
     | u_account_balance/g13223                | B ^ -> Y v  | NAND2XL   |  0.088 |   1.122 |    3.106 | 
     | u_account_balance/g13210                |             | NOR2X1    |  0.000 |   1.122 |    3.106 | 
     | u_account_balance/g13210                | B v -> Y ^  | NOR2X1    |  0.112 |   1.233 |    3.218 | 
     | u_account_balance/g13194                |             | OAI21X1   |  0.000 |   1.233 |    3.218 | 
     | u_account_balance/g13194                | B0 ^ -> Y v | OAI21X1   |  0.128 |   1.362 |    3.346 | 
     | u_account_balance/g13192                |             | NOR2X1    |  0.000 |   1.362 |    3.346 | 
     | u_account_balance/g13192                | B v -> Y ^  | NOR2X1    |  0.163 |   1.525 |    3.510 | 
     | u_account_balance/g13187                |             | NAND2X1   |  0.000 |   1.525 |    3.510 | 
     | u_account_balance/g13187                | B ^ -> Y v  | NAND2X1   |  0.137 |   1.662 |    3.647 | 
     | u_account_balance/g13184                |             | OR4X1     |  0.000 |   1.662 |    3.647 | 
     | u_account_balance/g13184                | D v -> Y v  | OR4X1     |  0.296 |   1.959 |    3.943 | 
     | u_account_balance/g13179                |             | OR2X1     |  0.000 |   1.959 |    3.943 | 
     | u_account_balance/g13179                | B v -> Y v  | OR2X1     |  0.195 |   2.154 |    4.138 | 
     | u_account_balance/g13170                |             | NAND2X1   |  0.000 |   2.154 |    4.138 | 
     | u_account_balance/g13170                | B v -> Y ^  | NAND2X1   |  0.080 |   2.234 |    4.219 | 
     | u_account_balance/g4361                 |             | OR2X1     |  0.000 |   2.234 |    4.219 | 
     | u_account_balance/g4361                 | B ^ -> Y ^  | OR2X1     |  0.128 |   2.362 |    4.347 | 
     | u_account_balance/g4357                 |             | NAND2XL   |  0.000 |   2.362 |    4.347 | 
     | u_account_balance/g4357                 | B ^ -> Y v  | NAND2XL   |  0.115 |   2.477 |    4.462 | 
     | u_account_balance/g4343                 |             | NAND2XL   |  0.000 |   2.477 |    4.462 | 
     | u_account_balance/g4343                 | A v -> Y ^  | NAND2XL   |  0.270 |   2.748 |    4.732 | 
     | u_account_balance/g4307                 |             | AO22XL    |  0.000 |   2.748 |    4.732 | 
     | u_account_balance/g4307                 | A0 ^ -> Y ^ | AO22XL    |  0.201 |   2.949 |    4.933 | 
     | u_account_balance/balance_db_reg[2][11] |             | SDFFQX1   |  0.000 |   2.949 |    4.933 | 
     +-------------------------------------------------------------------------------------------------+ 
     Clock Rise Edge                      0.000
     + Source Insertion Delay             0.010
     = Beginpoint Arrival Time            0.010
     Other End Path:
     +-----------------------------------------------------------------------------------------+ 
     |                Instance                 |  Arc  |  Cell   | Retime | Arrival | Required | 
     |                                         |       |         |  Delay |  Time   |   Time   | 
     |-----------------------------------------+-------+---------+--------+---------+----------| 
     |                                         | clk ^ |         |        |   0.010 |   -1.974 | 
     | u_account_balance/balance_db_reg[2][11] |       | SDFFQX1 |  0.000 |   0.010 |   -1.974 | 
     +-----------------------------------------------------------------------------------------+ 
Path 6: MET Setup Check with Pin u_account_balance/balance_db_reg[2][11]/CK 
Endpoint:   u_account_balance/balance_db_reg[2][11]/D (^) checked with  leading 
edge of 'clk'
Beginpoint: u_vehicle_interface/id_to_check_reg[3]/Q  (^) triggered by  leading 
edge of 'clk'
Path Groups: {clk}
Analysis View: view1
Retime Analysis { Data Path-Slew }
Other End Arrival Time          0.010
- Setup                         0.261
+ Phase Shift                   5.200
- Uncertainty                   0.010
= Required Time                 4.939
- Arrival Time                  3.000
= Slack Time                    1.938
= Slack Time(original)          1.898
     Clock Rise Edge                      0.000
     + Source Insertion Delay             0.010
     = Beginpoint Arrival Time            0.010
     Timing Path:
     +-------------------------------------------------------------------------------------------------+ 
     |                Instance                 |     Arc     |   Cell    | Retime | Arrival | Required | 
     |                                         |             |           |  Delay |  Time   |   Time   | 
     |-----------------------------------------+-------------+-----------+--------+---------+----------| 
     |                                         | clk ^       |           |        |   0.010 |    1.948 | 
     | u_vehicle_interface/id_to_check_reg[3]  |             | SDFFQX1   |  0.000 |   0.010 |    1.948 | 
     | u_vehicle_interface/id_to_check_reg[3]  | CK ^ -> Q ^ | SDFFQX1   |  0.338 |   0.348 |    2.286 | 
     | g222                                    |             | BUFX6     |  0.000 |   0.348 |    2.286 | 
     | g222                                    | A ^ -> Y ^  | BUFX6     |  0.176 |   0.525 |    2.463 | 
     | u_account_balance/g13463                |             | INVX8     |  0.000 |   0.525 |    2.463 | 
     | u_account_balance/g13463                | A ^ -> Y v  | INVX8     |  0.065 |   0.589 |    2.528 | 
     | u_account_balance/g13456                |             | CLKAND2X3 |  0.000 |   0.589 |    2.528 | 
     | u_account_balance/g13456                | B v -> Y v  | CLKAND2X3 |  0.148 |   0.737 |    2.676 | 
     | u_account_balance/g13449                |             | CLKINVX2  |  0.000 |   0.737 |    2.676 | 
     | u_account_balance/g13449                | A v -> Y ^  | CLKINVX2  |  0.063 |   0.801 |    2.739 | 
     | u_account_balance/g13398                |             | NOR2BXL   |  0.000 |   0.801 |    2.739 | 
     | u_account_balance/g13398                | B ^ -> Y v  | NOR2BXL   |  0.053 |   0.854 |    2.792 | 
     | u_account_balance/g13286                |             | AOI221X1  |  0.000 |   0.854 |    2.792 | 
     | u_account_balance/g13286                | C0 v -> Y ^ | AOI221X1  |  0.109 |   0.963 |    2.902 | 
     | u_account_balance/g13252                |             | NOR2XL    |  0.000 |   0.963 |    2.902 | 
     | u_account_balance/g13252                | B ^ -> Y v  | NOR2XL    |  0.055 |   1.018 |    2.956 | 
     | u_account_balance/g13237                |             | NOR2XL    |  0.000 |   1.018 |    2.956 | 
     | u_account_balance/g13237                | B v -> Y ^  | NOR2XL    |  0.078 |   1.096 |    3.034 | 
     | u_account_balance/g13223                |             | NAND2XL   |  0.000 |   1.096 |    3.034 | 
     | u_account_balance/g13223                | B ^ -> Y v  | NAND2XL   |  0.089 |   1.185 |    3.123 | 
     | u_account_balance/g13210                |             | NOR2X1    |  0.000 |   1.185 |    3.123 | 
     | u_account_balance/g13210                | B v -> Y ^  | NOR2X1    |  0.112 |   1.297 |    3.235 | 
     | u_account_balance/g13194                |             | OAI21X1   |  0.000 |   1.297 |    3.235 | 
     | u_account_balance/g13194                | B0 ^ -> Y v | OAI21X1   |  0.128 |   1.425 |    3.363 | 
     | u_account_balance/g13192                |             | NOR2X1    |  0.000 |   1.425 |    3.363 | 
     | u_account_balance/g13192                | B v -> Y ^  | NOR2X1    |  0.163 |   1.589 |    3.527 | 
     | u_account_balance/g13187                |             | NAND2X1   |  0.000 |   1.589 |    3.527 | 
     | u_account_balance/g13187                | B ^ -> Y v  | NAND2X1   |  0.137 |   1.726 |    3.664 | 
     | u_account_balance/g13184                |             | OR4X1     |  0.000 |   1.726 |    3.664 | 
     | u_account_balance/g13184                | D v -> Y v  | OR4X1     |  0.296 |   2.022 |    3.960 | 
     | u_account_balance/g13179                |             | OR2X1     |  0.000 |   2.022 |    3.960 | 
     | u_account_balance/g13179                | B v -> Y v  | OR2X1     |  0.195 |   2.217 |    4.155 | 
     | u_account_balance/g13170                |             | NAND2X1   |  0.000 |   2.217 |    4.155 | 
     | u_account_balance/g13170                | B v -> Y ^  | NAND2X1   |  0.080 |   2.298 |    4.236 | 
     | u_account_balance/g4361                 |             | OR2X1     |  0.000 |   2.298 |    4.236 | 
     | u_account_balance/g4361                 | B ^ -> Y ^  | OR2X1     |  0.128 |   2.426 |    4.364 | 
     | u_account_balance/g4357                 |             | NAND2XL   |  0.000 |   2.426 |    4.364 | 
     | u_account_balance/g4357                 | B ^ -> Y v  | NAND2XL   |  0.115 |   2.541 |    4.479 | 
     | u_account_balance/g4343                 |             | NAND2XL   |  0.000 |   2.541 |    4.479 | 
     | u_account_balance/g4343                 | A v -> Y ^  | NAND2XL   |  0.270 |   2.811 |    4.749 | 
     | u_account_balance/g4307                 |             | AO22XL    |  0.000 |   2.811 |    4.749 | 
     | u_account_balance/g4307                 | A0 ^ -> Y ^ | AO22XL    |  0.190 |   3.000 |    4.939 | 
     | u_account_balance/balance_db_reg[2][11] |             | SDFFQX1   |  0.000 |   3.000 |    4.939 | 
     +-------------------------------------------------------------------------------------------------+ 
     Clock Rise Edge                      0.000
     + Source Insertion Delay             0.010
     = Beginpoint Arrival Time            0.010
     Other End Path:
     +-----------------------------------------------------------------------------------------+ 
     |                Instance                 |  Arc  |  Cell   | Retime | Arrival | Required | 
     |                                         |       |         |  Delay |  Time   |   Time   | 
     |-----------------------------------------+-------+---------+--------+---------+----------| 
     |                                         | clk ^ |         |        |   0.010 |   -1.928 | 
     | u_account_balance/balance_db_reg[2][11] |       | SDFFQX1 |  0.000 |   0.010 |   -1.928 | 
     +-----------------------------------------------------------------------------------------+ 
Path 7: MET Setup Check with Pin u_account_balance/balance_db_reg[2][9]/CK 
Endpoint:   u_account_balance/balance_db_reg[2][9]/D (^) checked with  leading 
edge of 'clk'
Beginpoint: u_vehicle_interface/id_to_check_reg[3]/Q (^) triggered by  leading 
edge of 'clk'
Path Groups: {clk}
Analysis View: view1
Retime Analysis { Data Path-Slew }
Other End Arrival Time          0.010
- Setup                         0.267
+ Phase Shift                   5.200
- Uncertainty                   0.010
= Required Time                 4.933
- Arrival Time                  2.970
= Slack Time                    1.963
= Slack Time(original)          1.898
     Clock Rise Edge                      0.000
     + Source Insertion Delay             0.010
     = Beginpoint Arrival Time            0.010
     Timing Path:
     +------------------------------------------------------------------------------------------------+ 
     |                Instance                |     Arc     |   Cell    | Retime | Arrival | Required | 
     |                                        |             |           |  Delay |  Time   |   Time   | 
     |----------------------------------------+-------------+-----------+--------+---------+----------| 
     |                                        | clk ^       |           |        |   0.010 |    1.973 | 
     | u_vehicle_interface/id_to_check_reg[3] |             | SDFFQX1   |  0.000 |   0.010 |    1.973 | 
     | u_vehicle_interface/id_to_check_reg[3] | CK ^ -> Q ^ | SDFFQX1   |  0.338 |   0.348 |    2.311 | 
     | g222                                   |             | BUFX6     |  0.000 |   0.348 |    2.311 | 
     | g222                                   | A ^ -> Y ^  | BUFX6     |  0.176 |   0.525 |    2.488 | 
     | u_account_balance/g13463               |             | INVX8     |  0.000 |   0.525 |    2.488 | 
     | u_account_balance/g13463               | A ^ -> Y v  | INVX8     |  0.065 |   0.589 |    2.552 | 
     | u_account_balance/g13456               |             | CLKAND2X3 |  0.000 |   0.589 |    2.552 | 
     | u_account_balance/g13456               | B v -> Y v  | CLKAND2X3 |  0.148 |   0.737 |    2.700 | 
     | u_account_balance/g13449               |             | CLKINVX2  |  0.000 |   0.737 |    2.700 | 
     | u_account_balance/g13449               | A v -> Y ^  | CLKINVX2  |  0.063 |   0.801 |    2.764 | 
     | u_account_balance/g13398               |             | NOR2BXL   |  0.000 |   0.801 |    2.764 | 
     | u_account_balance/g13398               | B ^ -> Y v  | NOR2BXL   |  0.053 |   0.854 |    2.817 | 
     | u_account_balance/g13286               |             | AOI221X1  |  0.000 |   0.854 |    2.817 | 
     | u_account_balance/g13286               | C0 v -> Y ^ | AOI221X1  |  0.109 |   0.963 |    2.927 | 
     | u_account_balance/g13252               |             | NOR2XL    |  0.000 |   0.963 |    2.927 | 
     | u_account_balance/g13252               | B ^ -> Y v  | NOR2XL    |  0.055 |   1.018 |    2.981 | 
     | u_account_balance/g13237               |             | NOR2XL    |  0.000 |   1.018 |    2.981 | 
     | u_account_balance/g13237               | B v -> Y ^  | NOR2XL    |  0.078 |   1.096 |    3.059 | 
     | u_account_balance/g13223               |             | NAND2XL   |  0.000 |   1.096 |    3.059 | 
     | u_account_balance/g13223               | B ^ -> Y v  | NAND2XL   |  0.089 |   1.185 |    3.148 | 
     | u_account_balance/g13210               |             | NOR2X1    |  0.000 |   1.185 |    3.148 | 
     | u_account_balance/g13210               | B v -> Y ^  | NOR2X1    |  0.112 |   1.297 |    3.260 | 
     | u_account_balance/g13194               |             | OAI21X1   |  0.000 |   1.297 |    3.260 | 
     | u_account_balance/g13194               | B0 ^ -> Y v | OAI21X1   |  0.098 |   1.394 |    3.357 | 
     | u_account_balance/g13192               |             | NOR2X1    |  0.000 |   1.394 |    3.357 | 
     | u_account_balance/g13192               | B v -> Y ^  | NOR2X1    |  0.153 |   1.547 |    3.510 | 
     | u_account_balance/g13187               |             | NAND2X1   |  0.000 |   1.547 |    3.510 | 
     | u_account_balance/g13187               | B ^ -> Y v  | NAND2X1   |  0.137 |   1.684 |    3.647 | 
     | u_account_balance/g13184               |             | OR4X1     |  0.000 |   1.684 |    3.647 | 
     | u_account_balance/g13184               | D v -> Y v  | OR4X1     |  0.296 |   1.980 |    3.943 | 
     | u_account_balance/g13179               |             | OR2X1     |  0.000 |   1.980 |    3.943 | 
     | u_account_balance/g13179               | B v -> Y v  | OR2X1     |  0.195 |   2.175 |    4.138 | 
     | u_account_balance/g13170               |             | NAND2X1   |  0.000 |   2.175 |    4.138 | 
     | u_account_balance/g13170               | B v -> Y ^  | NAND2X1   |  0.080 |   2.256 |    4.219 | 
     | u_account_balance/g4361                |             | OR2X1     |  0.000 |   2.256 |    4.219 | 
     | u_account_balance/g4361                | B ^ -> Y ^  | OR2X1     |  0.128 |   2.383 |    4.347 | 
     | u_account_balance/g4357                |             | NAND2XL   |  0.000 |   2.383 |    4.347 | 
     | u_account_balance/g4357                | B ^ -> Y v  | NAND2XL   |  0.115 |   2.499 |    4.462 | 
     | u_account_balance/g4343                |             | NAND2XL   |  0.000 |   2.499 |    4.462 | 
     | u_account_balance/g4343                | A v -> Y ^  | NAND2XL   |  0.270 |   2.769 |    4.732 | 
     | u_account_balance/g4306                |             | AO22XL    |  0.000 |   2.769 |    4.732 | 
     | u_account_balance/g4306                | A0 ^ -> Y ^ | AO22XL    |  0.201 |   2.970 |    4.933 | 
     | u_account_balance/balance_db_reg[2][9] |             | SDFFQX1   |  0.000 |   2.970 |    4.933 | 
     +------------------------------------------------------------------------------------------------+ 
     Clock Rise Edge                      0.000
     + Source Insertion Delay             0.010
     = Beginpoint Arrival Time            0.010
     Other End Path:
     +----------------------------------------------------------------------------------------+ 
     |                Instance                |  Arc  |  Cell   | Retime | Arrival | Required | 
     |                                        |       |         |  Delay |  Time   |   Time   | 
     |----------------------------------------+-------+---------+--------+---------+----------| 
     |                                        | clk ^ |         |        |   0.010 |   -1.953 | 
     | u_account_balance/balance_db_reg[2][9] |       | SDFFQX1 |  0.000 |   0.010 |   -1.953 | 
     +----------------------------------------------------------------------------------------+ 
Path 8: MET Setup Check with Pin u_account_balance/balance_db_reg[2][9]/CK 
Endpoint:   u_account_balance/balance_db_reg[2][9]/D (^) checked with  leading 
edge of 'clk'
Beginpoint: u_vehicle_interface/id_to_check_reg[3]/Q (^) triggered by  leading 
edge of 'clk'
Path Groups: {clk}
Analysis View: view1
Retime Analysis { Data Path-Slew }
Other End Arrival Time          0.010
- Setup                         0.267
+ Phase Shift                   5.200
- Uncertainty                   0.010
= Required Time                 4.933
- Arrival Time                  2.949
= Slack Time                    1.984
= Slack Time(original)          1.898
     Clock Rise Edge                      0.000
     + Source Insertion Delay             0.010
     = Beginpoint Arrival Time            0.010
     Timing Path:
     +------------------------------------------------------------------------------------------------+ 
     |                Instance                |     Arc     |   Cell    | Retime | Arrival | Required | 
     |                                        |             |           |  Delay |  Time   |   Time   | 
     |----------------------------------------+-------------+-----------+--------+---------+----------| 
     |                                        | clk ^       |           |        |   0.010 |    1.994 | 
     | u_vehicle_interface/id_to_check_reg[3] |             | SDFFQX1   |  0.000 |   0.010 |    1.994 | 
     | u_vehicle_interface/id_to_check_reg[3] | CK ^ -> Q ^ | SDFFQX1   |  0.338 |   0.348 |    2.333 | 
     | g222                                   |             | BUFX6     |  0.000 |   0.348 |    2.333 | 
     | g222                                   | A ^ -> Y ^  | BUFX6     |  0.176 |   0.525 |    2.509 | 
     | u_account_balance/g13463               |             | INVX8     |  0.000 |   0.525 |    2.509 | 
     | u_account_balance/g13463               | A ^ -> Y v  | INVX8     |  0.065 |   0.589 |    2.574 | 
     | u_account_balance/g13456               |             | CLKAND2X3 |  0.000 |   0.589 |    2.574 | 
     | u_account_balance/g13456               | B v -> Y v  | CLKAND2X3 |  0.148 |   0.737 |    2.722 | 
     | u_account_balance/g13449               |             | CLKINVX2  |  0.000 |   0.737 |    2.722 | 
     | u_account_balance/g13449               | A v -> Y ^  | CLKINVX2  |  0.063 |   0.801 |    2.785 | 
     | u_account_balance/g13398               |             | NOR2BXL   |  0.000 |   0.801 |    2.785 | 
     | u_account_balance/g13398               | B ^ -> Y v  | NOR2BXL   |  0.053 |   0.854 |    2.839 | 
     | u_account_balance/g13286               |             | AOI221X1  |  0.000 |   0.854 |    2.839 | 
     | u_account_balance/g13286               | C0 v -> Y ^ | AOI221X1  |  0.062 |   0.916 |    2.900 | 
     | u_account_balance/g13252               |             | NOR2XL    |  0.000 |   0.916 |    2.900 | 
     | u_account_balance/g13252               | B ^ -> Y v  | NOR2XL    |  0.045 |   0.961 |    2.945 | 
     | u_account_balance/g13237               |             | NOR2XL    |  0.000 |   0.961 |    2.945 | 
     | u_account_balance/g13237               | B v -> Y ^  | NOR2XL    |  0.072 |   1.033 |    3.018 | 
     | u_account_balance/g13223               |             | NAND2XL   |  0.000 |   1.033 |    3.018 | 
     | u_account_balance/g13223               | B ^ -> Y v  | NAND2XL   |  0.088 |   1.122 |    3.106 | 
     | u_account_balance/g13210               |             | NOR2X1    |  0.000 |   1.122 |    3.106 | 
     | u_account_balance/g13210               | B v -> Y ^  | NOR2X1    |  0.112 |   1.233 |    3.218 | 
     | u_account_balance/g13194               |             | OAI21X1   |  0.000 |   1.233 |    3.218 | 
     | u_account_balance/g13194               | B0 ^ -> Y v | OAI21X1   |  0.128 |   1.362 |    3.346 | 
     | u_account_balance/g13192               |             | NOR2X1    |  0.000 |   1.362 |    3.346 | 
     | u_account_balance/g13192               | B v -> Y ^  | NOR2X1    |  0.163 |   1.525 |    3.510 | 
     | u_account_balance/g13187               |             | NAND2X1   |  0.000 |   1.525 |    3.510 | 
     | u_account_balance/g13187               | B ^ -> Y v  | NAND2X1   |  0.137 |   1.662 |    3.647 | 
     | u_account_balance/g13184               |             | OR4X1     |  0.000 |   1.662 |    3.647 | 
     | u_account_balance/g13184               | D v -> Y v  | OR4X1     |  0.296 |   1.959 |    3.943 | 
     | u_account_balance/g13179               |             | OR2X1     |  0.000 |   1.959 |    3.943 | 
     | u_account_balance/g13179               | B v -> Y v  | OR2X1     |  0.195 |   2.154 |    4.138 | 
     | u_account_balance/g13170               |             | NAND2X1   |  0.000 |   2.154 |    4.138 | 
     | u_account_balance/g13170               | B v -> Y ^  | NAND2X1   |  0.080 |   2.234 |    4.219 | 
     | u_account_balance/g4361                |             | OR2X1     |  0.000 |   2.234 |    4.219 | 
     | u_account_balance/g4361                | B ^ -> Y ^  | OR2X1     |  0.128 |   2.362 |    4.347 | 
     | u_account_balance/g4357                |             | NAND2XL   |  0.000 |   2.362 |    4.347 | 
     | u_account_balance/g4357                | B ^ -> Y v  | NAND2XL   |  0.115 |   2.477 |    4.462 | 
     | u_account_balance/g4343                |             | NAND2XL   |  0.000 |   2.477 |    4.462 | 
     | u_account_balance/g4343                | A v -> Y ^  | NAND2XL   |  0.270 |   2.748 |    4.732 | 
     | u_account_balance/g4306                |             | AO22XL    |  0.000 |   2.748 |    4.732 | 
     | u_account_balance/g4306                | A0 ^ -> Y ^ | AO22XL    |  0.201 |   2.949 |    4.933 | 
     | u_account_balance/balance_db_reg[2][9] |             | SDFFQX1   |  0.000 |   2.949 |    4.933 | 
     +------------------------------------------------------------------------------------------------+ 
     Clock Rise Edge                      0.000
     + Source Insertion Delay             0.010
     = Beginpoint Arrival Time            0.010
     Other End Path:
     +----------------------------------------------------------------------------------------+ 
     |                Instance                |  Arc  |  Cell   | Retime | Arrival | Required | 
     |                                        |       |         |  Delay |  Time   |   Time   | 
     |----------------------------------------+-------+---------+--------+---------+----------| 
     |                                        | clk ^ |         |        |   0.010 |   -1.974 | 
     | u_account_balance/balance_db_reg[2][9] |       | SDFFQX1 |  0.000 |   0.010 |   -1.974 | 
     +----------------------------------------------------------------------------------------+ 
Path 9: MET Setup Check with Pin u_account_balance/balance_db_reg[2][9]/CK 
Endpoint:   u_account_balance/balance_db_reg[2][9]/D (^) checked with  leading 
edge of 'clk'
Beginpoint: u_vehicle_interface/id_to_check_reg[3]/Q (^) triggered by  leading 
edge of 'clk'
Path Groups: {clk}
Analysis View: view1
Retime Analysis { Data Path-Slew }
Other End Arrival Time          0.010
- Setup                         0.261
+ Phase Shift                   5.200
- Uncertainty                   0.010
= Required Time                 4.939
- Arrival Time                  3.000
= Slack Time                    1.938
= Slack Time(original)          1.898
     Clock Rise Edge                      0.000
     + Source Insertion Delay             0.010
     = Beginpoint Arrival Time            0.010
     Timing Path:
     +------------------------------------------------------------------------------------------------+ 
     |                Instance                |     Arc     |   Cell    | Retime | Arrival | Required | 
     |                                        |             |           |  Delay |  Time   |   Time   | 
     |----------------------------------------+-------------+-----------+--------+---------+----------| 
     |                                        | clk ^       |           |        |   0.010 |    1.948 | 
     | u_vehicle_interface/id_to_check_reg[3] |             | SDFFQX1   |  0.000 |   0.010 |    1.948 | 
     | u_vehicle_interface/id_to_check_reg[3] | CK ^ -> Q ^ | SDFFQX1   |  0.338 |   0.348 |    2.286 | 
     | g222                                   |             | BUFX6     |  0.000 |   0.348 |    2.286 | 
     | g222                                   | A ^ -> Y ^  | BUFX6     |  0.176 |   0.525 |    2.463 | 
     | u_account_balance/g13463               |             | INVX8     |  0.000 |   0.525 |    2.463 | 
     | u_account_balance/g13463               | A ^ -> Y v  | INVX8     |  0.065 |   0.589 |    2.528 | 
     | u_account_balance/g13456               |             | CLKAND2X3 |  0.000 |   0.589 |    2.528 | 
     | u_account_balance/g13456               | B v -> Y v  | CLKAND2X3 |  0.148 |   0.737 |    2.676 | 
     | u_account_balance/g13449               |             | CLKINVX2  |  0.000 |   0.737 |    2.676 | 
     | u_account_balance/g13449               | A v -> Y ^  | CLKINVX2  |  0.063 |   0.801 |    2.739 | 
     | u_account_balance/g13398               |             | NOR2BXL   |  0.000 |   0.801 |    2.739 | 
     | u_account_balance/g13398               | B ^ -> Y v  | NOR2BXL   |  0.053 |   0.854 |    2.792 | 
     | u_account_balance/g13286               |             | AOI221X1  |  0.000 |   0.854 |    2.792 | 
     | u_account_balance/g13286               | C0 v -> Y ^ | AOI221X1  |  0.109 |   0.963 |    2.902 | 
     | u_account_balance/g13252               |             | NOR2XL    |  0.000 |   0.963 |    2.902 | 
     | u_account_balance/g13252               | B ^ -> Y v  | NOR2XL    |  0.055 |   1.018 |    2.956 | 
     | u_account_balance/g13237               |             | NOR2XL    |  0.000 |   1.018 |    2.956 | 
     | u_account_balance/g13237               | B v -> Y ^  | NOR2XL    |  0.078 |   1.096 |    3.034 | 
     | u_account_balance/g13223               |             | NAND2XL   |  0.000 |   1.096 |    3.034 | 
     | u_account_balance/g13223               | B ^ -> Y v  | NAND2XL   |  0.089 |   1.185 |    3.123 | 
     | u_account_balance/g13210               |             | NOR2X1    |  0.000 |   1.185 |    3.123 | 
     | u_account_balance/g13210               | B v -> Y ^  | NOR2X1    |  0.112 |   1.297 |    3.235 | 
     | u_account_balance/g13194               |             | OAI21X1   |  0.000 |   1.297 |    3.235 | 
     | u_account_balance/g13194               | B0 ^ -> Y v | OAI21X1   |  0.128 |   1.425 |    3.363 | 
     | u_account_balance/g13192               |             | NOR2X1    |  0.000 |   1.425 |    3.363 | 
     | u_account_balance/g13192               | B v -> Y ^  | NOR2X1    |  0.163 |   1.589 |    3.527 | 
     | u_account_balance/g13187               |             | NAND2X1   |  0.000 |   1.589 |    3.527 | 
     | u_account_balance/g13187               | B ^ -> Y v  | NAND2X1   |  0.137 |   1.726 |    3.664 | 
     | u_account_balance/g13184               |             | OR4X1     |  0.000 |   1.726 |    3.664 | 
     | u_account_balance/g13184               | D v -> Y v  | OR4X1     |  0.296 |   2.022 |    3.960 | 
     | u_account_balance/g13179               |             | OR2X1     |  0.000 |   2.022 |    3.960 | 
     | u_account_balance/g13179               | B v -> Y v  | OR2X1     |  0.195 |   2.217 |    4.155 | 
     | u_account_balance/g13170               |             | NAND2X1   |  0.000 |   2.217 |    4.155 | 
     | u_account_balance/g13170               | B v -> Y ^  | NAND2X1   |  0.080 |   2.298 |    4.236 | 
     | u_account_balance/g4361                |             | OR2X1     |  0.000 |   2.298 |    4.236 | 
     | u_account_balance/g4361                | B ^ -> Y ^  | OR2X1     |  0.128 |   2.426 |    4.364 | 
     | u_account_balance/g4357                |             | NAND2XL   |  0.000 |   2.426 |    4.364 | 
     | u_account_balance/g4357                | B ^ -> Y v  | NAND2XL   |  0.115 |   2.541 |    4.479 | 
     | u_account_balance/g4343                |             | NAND2XL   |  0.000 |   2.541 |    4.479 | 
     | u_account_balance/g4343                | A v -> Y ^  | NAND2XL   |  0.270 |   2.811 |    4.749 | 
     | u_account_balance/g4306                |             | AO22XL    |  0.000 |   2.811 |    4.749 | 
     | u_account_balance/g4306                | A0 ^ -> Y ^ | AO22XL    |  0.190 |   3.000 |    4.939 | 
     | u_account_balance/balance_db_reg[2][9] |             | SDFFQX1   |  0.000 |   3.000 |    4.939 | 
     +------------------------------------------------------------------------------------------------+ 
     Clock Rise Edge                      0.000
     + Source Insertion Delay             0.010
     = Beginpoint Arrival Time            0.010
     Other End Path:
     +----------------------------------------------------------------------------------------+ 
     |                Instance                |  Arc  |  Cell   | Retime | Arrival | Required | 
     |                                        |       |         |  Delay |  Time   |   Time   | 
     |----------------------------------------+-------+---------+--------+---------+----------| 
     |                                        | clk ^ |         |        |   0.010 |   -1.928 | 
     | u_account_balance/balance_db_reg[2][9] |       | SDFFQX1 |  0.000 |   0.010 |   -1.928 | 
     +----------------------------------------------------------------------------------------+ 
Path 10: MET Setup Check with Pin u_account_balance/balance_db_reg[2][7]/CK 
Endpoint:   u_account_balance/balance_db_reg[2][7]/D (^) checked with  leading 
edge of 'clk'
Beginpoint: u_vehicle_interface/id_to_check_reg[3]/Q (^) triggered by  leading 
edge of 'clk'
Path Groups: {clk}
Analysis View: view1
Retime Analysis { Data Path-Slew }
Other End Arrival Time          0.010
- Setup                         0.267
+ Phase Shift                   5.200
- Uncertainty                   0.010
= Required Time                 4.933
- Arrival Time                  2.970
= Slack Time                    1.963
= Slack Time(original)          1.898
     Clock Rise Edge                      0.000
     + Source Insertion Delay             0.010
     = Beginpoint Arrival Time            0.010
     Timing Path:
     +------------------------------------------------------------------------------------------------+ 
     |                Instance                |     Arc     |   Cell    | Retime | Arrival | Required | 
     |                                        |             |           |  Delay |  Time   |   Time   | 
     |----------------------------------------+-------------+-----------+--------+---------+----------| 
     |                                        | clk ^       |           |        |   0.010 |    1.973 | 
     | u_vehicle_interface/id_to_check_reg[3] |             | SDFFQX1   |  0.000 |   0.010 |    1.973 | 
     | u_vehicle_interface/id_to_check_reg[3] | CK ^ -> Q ^ | SDFFQX1   |  0.338 |   0.348 |    2.311 | 
     | g222                                   |             | BUFX6     |  0.000 |   0.348 |    2.311 | 
     | g222                                   | A ^ -> Y ^  | BUFX6     |  0.176 |   0.525 |    2.488 | 
     | u_account_balance/g13463               |             | INVX8     |  0.000 |   0.525 |    2.488 | 
     | u_account_balance/g13463               | A ^ -> Y v  | INVX8     |  0.065 |   0.589 |    2.552 | 
     | u_account_balance/g13456               |             | CLKAND2X3 |  0.000 |   0.589 |    2.552 | 
     | u_account_balance/g13456               | B v -> Y v  | CLKAND2X3 |  0.148 |   0.737 |    2.700 | 
     | u_account_balance/g13449               |             | CLKINVX2  |  0.000 |   0.737 |    2.700 | 
     | u_account_balance/g13449               | A v -> Y ^  | CLKINVX2  |  0.063 |   0.801 |    2.764 | 
     | u_account_balance/g13398               |             | NOR2BXL   |  0.000 |   0.801 |    2.764 | 
     | u_account_balance/g13398               | B ^ -> Y v  | NOR2BXL   |  0.053 |   0.854 |    2.817 | 
     | u_account_balance/g13286               |             | AOI221X1  |  0.000 |   0.854 |    2.817 | 
     | u_account_balance/g13286               | C0 v -> Y ^ | AOI221X1  |  0.109 |   0.963 |    2.927 | 
     | u_account_balance/g13252               |             | NOR2XL    |  0.000 |   0.963 |    2.927 | 
     | u_account_balance/g13252               | B ^ -> Y v  | NOR2XL    |  0.055 |   1.018 |    2.981 | 
     | u_account_balance/g13237               |             | NOR2XL    |  0.000 |   1.018 |    2.981 | 
     | u_account_balance/g13237               | B v -> Y ^  | NOR2XL    |  0.078 |   1.096 |    3.059 | 
     | u_account_balance/g13223               |             | NAND2XL   |  0.000 |   1.096 |    3.059 | 
     | u_account_balance/g13223               | B ^ -> Y v  | NAND2XL   |  0.089 |   1.185 |    3.148 | 
     | u_account_balance/g13210               |             | NOR2X1    |  0.000 |   1.185 |    3.148 | 
     | u_account_balance/g13210               | B v -> Y ^  | NOR2X1    |  0.112 |   1.297 |    3.260 | 
     | u_account_balance/g13194               |             | OAI21X1   |  0.000 |   1.297 |    3.260 | 
     | u_account_balance/g13194               | B0 ^ -> Y v | OAI21X1   |  0.098 |   1.394 |    3.357 | 
     | u_account_balance/g13192               |             | NOR2X1    |  0.000 |   1.394 |    3.357 | 
     | u_account_balance/g13192               | B v -> Y ^  | NOR2X1    |  0.153 |   1.547 |    3.510 | 
     | u_account_balance/g13187               |             | NAND2X1   |  0.000 |   1.547 |    3.510 | 
     | u_account_balance/g13187               | B ^ -> Y v  | NAND2X1   |  0.137 |   1.684 |    3.647 | 
     | u_account_balance/g13184               |             | OR4X1     |  0.000 |   1.684 |    3.647 | 
     | u_account_balance/g13184               | D v -> Y v  | OR4X1     |  0.296 |   1.980 |    3.943 | 
     | u_account_balance/g13179               |             | OR2X1     |  0.000 |   1.980 |    3.943 | 
     | u_account_balance/g13179               | B v -> Y v  | OR2X1     |  0.195 |   2.175 |    4.138 | 
     | u_account_balance/g13170               |             | NAND2X1   |  0.000 |   2.175 |    4.138 | 
     | u_account_balance/g13170               | B v -> Y ^  | NAND2X1   |  0.080 |   2.256 |    4.219 | 
     | u_account_balance/g4361                |             | OR2X1     |  0.000 |   2.256 |    4.219 | 
     | u_account_balance/g4361                | B ^ -> Y ^  | OR2X1     |  0.128 |   2.383 |    4.347 | 
     | u_account_balance/g4357                |             | NAND2XL   |  0.000 |   2.383 |    4.347 | 
     | u_account_balance/g4357                | B ^ -> Y v  | NAND2XL   |  0.115 |   2.499 |    4.462 | 
     | u_account_balance/g4343                |             | NAND2XL   |  0.000 |   2.499 |    4.462 | 
     | u_account_balance/g4343                | A v -> Y ^  | NAND2XL   |  0.270 |   2.769 |    4.732 | 
     | u_account_balance/g4304                |             | AO22XL    |  0.000 |   2.769 |    4.732 | 
     | u_account_balance/g4304                | A0 ^ -> Y ^ | AO22XL    |  0.201 |   2.970 |    4.933 | 
     | u_account_balance/balance_db_reg[2][7] |             | SDFFQX1   |  0.000 |   2.970 |    4.933 | 
     +------------------------------------------------------------------------------------------------+ 
     Clock Rise Edge                      0.000
     + Source Insertion Delay             0.010
     = Beginpoint Arrival Time            0.010
     Other End Path:
     +----------------------------------------------------------------------------------------+ 
     |                Instance                |  Arc  |  Cell   | Retime | Arrival | Required | 
     |                                        |       |         |  Delay |  Time   |   Time   | 
     |----------------------------------------+-------+---------+--------+---------+----------| 
     |                                        | clk ^ |         |        |   0.010 |   -1.953 | 
     | u_account_balance/balance_db_reg[2][7] |       | SDFFQX1 |  0.000 |   0.010 |   -1.953 | 
     +----------------------------------------------------------------------------------------+ 
Path 11: MET Setup Check with Pin u_account_balance/balance_db_reg[2][7]/CK 
Endpoint:   u_account_balance/balance_db_reg[2][7]/D (^) checked with  leading 
edge of 'clk'
Beginpoint: u_vehicle_interface/id_to_check_reg[3]/Q (^) triggered by  leading 
edge of 'clk'
Path Groups: {clk}
Analysis View: view1
Retime Analysis { Data Path-Slew }
Other End Arrival Time          0.010
- Setup                         0.267
+ Phase Shift                   5.200
- Uncertainty                   0.010
= Required Time                 4.933
- Arrival Time                  2.949
= Slack Time                    1.984
= Slack Time(original)          1.898
     Clock Rise Edge                      0.000
     + Source Insertion Delay             0.010
     = Beginpoint Arrival Time            0.010
     Timing Path:
     +------------------------------------------------------------------------------------------------+ 
     |                Instance                |     Arc     |   Cell    | Retime | Arrival | Required | 
     |                                        |             |           |  Delay |  Time   |   Time   | 
     |----------------------------------------+-------------+-----------+--------+---------+----------| 
     |                                        | clk ^       |           |        |   0.010 |    1.994 | 
     | u_vehicle_interface/id_to_check_reg[3] |             | SDFFQX1   |  0.000 |   0.010 |    1.994 | 
     | u_vehicle_interface/id_to_check_reg[3] | CK ^ -> Q ^ | SDFFQX1   |  0.338 |   0.348 |    2.333 | 
     | g222                                   |             | BUFX6     |  0.000 |   0.348 |    2.333 | 
     | g222                                   | A ^ -> Y ^  | BUFX6     |  0.176 |   0.525 |    2.509 | 
     | u_account_balance/g13463               |             | INVX8     |  0.000 |   0.525 |    2.509 | 
     | u_account_balance/g13463               | A ^ -> Y v  | INVX8     |  0.065 |   0.589 |    2.574 | 
     | u_account_balance/g13456               |             | CLKAND2X3 |  0.000 |   0.589 |    2.574 | 
     | u_account_balance/g13456               | B v -> Y v  | CLKAND2X3 |  0.148 |   0.737 |    2.722 | 
     | u_account_balance/g13449               |             | CLKINVX2  |  0.000 |   0.737 |    2.722 | 
     | u_account_balance/g13449               | A v -> Y ^  | CLKINVX2  |  0.063 |   0.801 |    2.785 | 
     | u_account_balance/g13398               |             | NOR2BXL   |  0.000 |   0.801 |    2.785 | 
     | u_account_balance/g13398               | B ^ -> Y v  | NOR2BXL   |  0.053 |   0.854 |    2.839 | 
     | u_account_balance/g13286               |             | AOI221X1  |  0.000 |   0.854 |    2.839 | 
     | u_account_balance/g13286               | C0 v -> Y ^ | AOI221X1  |  0.062 |   0.916 |    2.900 | 
     | u_account_balance/g13252               |             | NOR2XL    |  0.000 |   0.916 |    2.900 | 
     | u_account_balance/g13252               | B ^ -> Y v  | NOR2XL    |  0.045 |   0.961 |    2.945 | 
     | u_account_balance/g13237               |             | NOR2XL    |  0.000 |   0.961 |    2.945 | 
     | u_account_balance/g13237               | B v -> Y ^  | NOR2XL    |  0.072 |   1.033 |    3.018 | 
     | u_account_balance/g13223               |             | NAND2XL   |  0.000 |   1.033 |    3.018 | 
     | u_account_balance/g13223               | B ^ -> Y v  | NAND2XL   |  0.088 |   1.122 |    3.106 | 
     | u_account_balance/g13210               |             | NOR2X1    |  0.000 |   1.122 |    3.106 | 
     | u_account_balance/g13210               | B v -> Y ^  | NOR2X1    |  0.112 |   1.233 |    3.218 | 
     | u_account_balance/g13194               |             | OAI21X1   |  0.000 |   1.233 |    3.218 | 
     | u_account_balance/g13194               | B0 ^ -> Y v | OAI21X1   |  0.128 |   1.362 |    3.346 | 
     | u_account_balance/g13192               |             | NOR2X1    |  0.000 |   1.362 |    3.346 | 
     | u_account_balance/g13192               | B v -> Y ^  | NOR2X1    |  0.163 |   1.525 |    3.510 | 
     | u_account_balance/g13187               |             | NAND2X1   |  0.000 |   1.525 |    3.510 | 
     | u_account_balance/g13187               | B ^ -> Y v  | NAND2X1   |  0.137 |   1.662 |    3.647 | 
     | u_account_balance/g13184               |             | OR4X1     |  0.000 |   1.662 |    3.647 | 
     | u_account_balance/g13184               | D v -> Y v  | OR4X1     |  0.296 |   1.959 |    3.943 | 
     | u_account_balance/g13179               |             | OR2X1     |  0.000 |   1.959 |    3.943 | 
     | u_account_balance/g13179               | B v -> Y v  | OR2X1     |  0.195 |   2.154 |    4.138 | 
     | u_account_balance/g13170               |             | NAND2X1   |  0.000 |   2.154 |    4.138 | 
     | u_account_balance/g13170               | B v -> Y ^  | NAND2X1   |  0.080 |   2.234 |    4.219 | 
     | u_account_balance/g4361                |             | OR2X1     |  0.000 |   2.234 |    4.219 | 
     | u_account_balance/g4361                | B ^ -> Y ^  | OR2X1     |  0.128 |   2.362 |    4.347 | 
     | u_account_balance/g4357                |             | NAND2XL   |  0.000 |   2.362 |    4.347 | 
     | u_account_balance/g4357                | B ^ -> Y v  | NAND2XL   |  0.115 |   2.477 |    4.462 | 
     | u_account_balance/g4343                |             | NAND2XL   |  0.000 |   2.477 |    4.462 | 
     | u_account_balance/g4343                | A v -> Y ^  | NAND2XL   |  0.270 |   2.748 |    4.732 | 
     | u_account_balance/g4304                |             | AO22XL    |  0.000 |   2.748 |    4.732 | 
     | u_account_balance/g4304                | A0 ^ -> Y ^ | AO22XL    |  0.201 |   2.949 |    4.933 | 
     | u_account_balance/balance_db_reg[2][7] |             | SDFFQX1   |  0.000 |   2.949 |    4.933 | 
     +------------------------------------------------------------------------------------------------+ 
     Clock Rise Edge                      0.000
     + Source Insertion Delay             0.010
     = Beginpoint Arrival Time            0.010
     Other End Path:
     +----------------------------------------------------------------------------------------+ 
     |                Instance                |  Arc  |  Cell   | Retime | Arrival | Required | 
     |                                        |       |         |  Delay |  Time   |   Time   | 
     |----------------------------------------+-------+---------+--------+---------+----------| 
     |                                        | clk ^ |         |        |   0.010 |   -1.974 | 
     | u_account_balance/balance_db_reg[2][7] |       | SDFFQX1 |  0.000 |   0.010 |   -1.974 | 
     +----------------------------------------------------------------------------------------+ 
Path 12: MET Setup Check with Pin u_account_balance/balance_db_reg[2][7]/CK 
Endpoint:   u_account_balance/balance_db_reg[2][7]/D (^) checked with  leading 
edge of 'clk'
Beginpoint: u_vehicle_interface/id_to_check_reg[3]/Q (^) triggered by  leading 
edge of 'clk'
Path Groups: {clk}
Analysis View: view1
Retime Analysis { Data Path-Slew }
Other End Arrival Time          0.010
- Setup                         0.261
+ Phase Shift                   5.200
- Uncertainty                   0.010
= Required Time                 4.939
- Arrival Time                  3.000
= Slack Time                    1.938
= Slack Time(original)          1.898
     Clock Rise Edge                      0.000
     + Source Insertion Delay             0.010
     = Beginpoint Arrival Time            0.010
     Timing Path:
     +------------------------------------------------------------------------------------------------+ 
     |                Instance                |     Arc     |   Cell    | Retime | Arrival | Required | 
     |                                        |             |           |  Delay |  Time   |   Time   | 
     |----------------------------------------+-------------+-----------+--------+---------+----------| 
     |                                        | clk ^       |           |        |   0.010 |    1.948 | 
     | u_vehicle_interface/id_to_check_reg[3] |             | SDFFQX1   |  0.000 |   0.010 |    1.948 | 
     | u_vehicle_interface/id_to_check_reg[3] | CK ^ -> Q ^ | SDFFQX1   |  0.338 |   0.348 |    2.286 | 
     | g222                                   |             | BUFX6     |  0.000 |   0.348 |    2.286 | 
     | g222                                   | A ^ -> Y ^  | BUFX6     |  0.176 |   0.525 |    2.463 | 
     | u_account_balance/g13463               |             | INVX8     |  0.000 |   0.525 |    2.463 | 
     | u_account_balance/g13463               | A ^ -> Y v  | INVX8     |  0.065 |   0.589 |    2.528 | 
     | u_account_balance/g13456               |             | CLKAND2X3 |  0.000 |   0.589 |    2.528 | 
     | u_account_balance/g13456               | B v -> Y v  | CLKAND2X3 |  0.148 |   0.737 |    2.676 | 
     | u_account_balance/g13449               |             | CLKINVX2  |  0.000 |   0.737 |    2.676 | 
     | u_account_balance/g13449               | A v -> Y ^  | CLKINVX2  |  0.063 |   0.801 |    2.739 | 
     | u_account_balance/g13398               |             | NOR2BXL   |  0.000 |   0.801 |    2.739 | 
     | u_account_balance/g13398               | B ^ -> Y v  | NOR2BXL   |  0.053 |   0.854 |    2.792 | 
     | u_account_balance/g13286               |             | AOI221X1  |  0.000 |   0.854 |    2.792 | 
     | u_account_balance/g13286               | C0 v -> Y ^ | AOI221X1  |  0.109 |   0.963 |    2.902 | 
     | u_account_balance/g13252               |             | NOR2XL    |  0.000 |   0.963 |    2.902 | 
     | u_account_balance/g13252               | B ^ -> Y v  | NOR2XL    |  0.055 |   1.018 |    2.956 | 
     | u_account_balance/g13237               |             | NOR2XL    |  0.000 |   1.018 |    2.956 | 
     | u_account_balance/g13237               | B v -> Y ^  | NOR2XL    |  0.078 |   1.096 |    3.034 | 
     | u_account_balance/g13223               |             | NAND2XL   |  0.000 |   1.096 |    3.034 | 
     | u_account_balance/g13223               | B ^ -> Y v  | NAND2XL   |  0.089 |   1.185 |    3.123 | 
     | u_account_balance/g13210               |             | NOR2X1    |  0.000 |   1.185 |    3.123 | 
     | u_account_balance/g13210               | B v -> Y ^  | NOR2X1    |  0.112 |   1.297 |    3.235 | 
     | u_account_balance/g13194               |             | OAI21X1   |  0.000 |   1.297 |    3.235 | 
     | u_account_balance/g13194               | B0 ^ -> Y v | OAI21X1   |  0.128 |   1.425 |    3.363 | 
     | u_account_balance/g13192               |             | NOR2X1    |  0.000 |   1.425 |    3.363 | 
     | u_account_balance/g13192               | B v -> Y ^  | NOR2X1    |  0.163 |   1.589 |    3.527 | 
     | u_account_balance/g13187               |             | NAND2X1   |  0.000 |   1.589 |    3.527 | 
     | u_account_balance/g13187               | B ^ -> Y v  | NAND2X1   |  0.137 |   1.726 |    3.664 | 
     | u_account_balance/g13184               |             | OR4X1     |  0.000 |   1.726 |    3.664 | 
     | u_account_balance/g13184               | D v -> Y v  | OR4X1     |  0.296 |   2.022 |    3.960 | 
     | u_account_balance/g13179               |             | OR2X1     |  0.000 |   2.022 |    3.960 | 
     | u_account_balance/g13179               | B v -> Y v  | OR2X1     |  0.195 |   2.217 |    4.155 | 
     | u_account_balance/g13170               |             | NAND2X1   |  0.000 |   2.217 |    4.155 | 
     | u_account_balance/g13170               | B v -> Y ^  | NAND2X1   |  0.080 |   2.298 |    4.236 | 
     | u_account_balance/g4361                |             | OR2X1     |  0.000 |   2.298 |    4.236 | 
     | u_account_balance/g4361                | B ^ -> Y ^  | OR2X1     |  0.128 |   2.426 |    4.364 | 
     | u_account_balance/g4357                |             | NAND2XL   |  0.000 |   2.426 |    4.364 | 
     | u_account_balance/g4357                | B ^ -> Y v  | NAND2XL   |  0.115 |   2.541 |    4.479 | 
     | u_account_balance/g4343                |             | NAND2XL   |  0.000 |   2.541 |    4.479 | 
     | u_account_balance/g4343                | A v -> Y ^  | NAND2XL   |  0.270 |   2.811 |    4.749 | 
     | u_account_balance/g4304                |             | AO22XL    |  0.000 |   2.811 |    4.749 | 
     | u_account_balance/g4304                | A0 ^ -> Y ^ | AO22XL    |  0.190 |   3.000 |    4.939 | 
     | u_account_balance/balance_db_reg[2][7] |             | SDFFQX1   |  0.000 |   3.000 |    4.939 | 
     +------------------------------------------------------------------------------------------------+ 
     Clock Rise Edge                      0.000
     + Source Insertion Delay             0.010
     = Beginpoint Arrival Time            0.010
     Other End Path:
     +----------------------------------------------------------------------------------------+ 
     |                Instance                |  Arc  |  Cell   | Retime | Arrival | Required | 
     |                                        |       |         |  Delay |  Time   |   Time   | 
     |----------------------------------------+-------+---------+--------+---------+----------| 
     |                                        | clk ^ |         |        |   0.010 |   -1.928 | 
     | u_account_balance/balance_db_reg[2][7] |       | SDFFQX1 |  0.000 |   0.010 |   -1.928 | 
     +----------------------------------------------------------------------------------------+ 
Path 13: MET Setup Check with Pin u_account_balance/balance_db_reg[2][11]/CK 
Endpoint:   u_account_balance/balance_db_reg[2][11]/D (^) checked with  leading 
edge of 'clk'
Beginpoint: u_vehicle_interface/id_to_check_reg[3]/Q  (^) triggered by  leading 
edge of 'clk'
Path Groups: {clk}
Analysis View: view1
Retime Analysis { Data Path-Slew }
Other End Arrival Time          0.010
- Setup                         0.267
+ Phase Shift                   5.200
- Uncertainty                   0.010
= Required Time                 4.933
- Arrival Time                  2.907
= Slack Time                    2.026
= Slack Time(original)          1.898
     Clock Rise Edge                      0.000
     + Source Insertion Delay             0.010
     = Beginpoint Arrival Time            0.010
     Timing Path:
     +-------------------------------------------------------------------------------------------------+ 
     |                Instance                 |     Arc     |   Cell    | Retime | Arrival | Required | 
     |                                         |             |           |  Delay |  Time   |   Time   | 
     |-----------------------------------------+-------------+-----------+--------+---------+----------| 
     |                                         | clk ^       |           |        |   0.010 |    2.036 | 
     | u_vehicle_interface/id_to_check_reg[3]  |             | SDFFQX1   |  0.000 |   0.010 |    2.036 | 
     | u_vehicle_interface/id_to_check_reg[3]  | CK ^ -> Q ^ | SDFFQX1   |  0.338 |   0.348 |    2.375 | 
     | g222                                    |             | BUFX6     |  0.000 |   0.348 |    2.375 | 
     | g222                                    | A ^ -> Y ^  | BUFX6     |  0.176 |   0.525 |    2.551 | 
     | u_account_balance/g13463                |             | INVX8     |  0.000 |   0.525 |    2.551 | 
     | u_account_balance/g13463                | A ^ -> Y v  | INVX8     |  0.065 |   0.589 |    2.616 | 
     | u_account_balance/g13456                |             | CLKAND2X3 |  0.000 |   0.589 |    2.616 | 
     | u_account_balance/g13456                | B v -> Y v  | CLKAND2X3 |  0.148 |   0.737 |    2.764 | 
     | u_account_balance/g13449                |             | CLKINVX2  |  0.000 |   0.737 |    2.764 | 
     | u_account_balance/g13449                | A v -> Y ^  | CLKINVX2  |  0.063 |   0.801 |    2.827 | 
     | u_account_balance/g13398                |             | NOR2BXL   |  0.000 |   0.801 |    2.827 | 
     | u_account_balance/g13398                | B ^ -> Y v  | NOR2BXL   |  0.053 |   0.854 |    2.881 | 
     | u_account_balance/g13286                |             | AOI221X1  |  0.000 |   0.854 |    2.881 | 
     | u_account_balance/g13286                | C0 v -> Y ^ | AOI221X1  |  0.062 |   0.916 |    2.942 | 
     | u_account_balance/g13252                |             | NOR2XL    |  0.000 |   0.916 |    2.942 | 
     | u_account_balance/g13252                | B ^ -> Y v  | NOR2XL    |  0.045 |   0.961 |    2.987 | 
     | u_account_balance/g13237                |             | NOR2XL    |  0.000 |   0.961 |    2.987 | 
     | u_account_balance/g13237                | B v -> Y ^  | NOR2XL    |  0.072 |   1.033 |    3.060 | 
     | u_account_balance/g13223                |             | NAND2XL   |  0.000 |   1.033 |    3.060 | 
     | u_account_balance/g13223                | B ^ -> Y v  | NAND2XL   |  0.088 |   1.122 |    3.148 | 
     | u_account_balance/g13210                |             | NOR2X1    |  0.000 |   1.122 |    3.148 | 
     | u_account_balance/g13210                | B v -> Y ^  | NOR2X1    |  0.112 |   1.233 |    3.260 | 
     | u_account_balance/g13194                |             | OAI21X1   |  0.000 |   1.233 |    3.260 | 
     | u_account_balance/g13194                | B0 ^ -> Y v | OAI21X1   |  0.098 |   1.331 |    3.357 | 
     | u_account_balance/g13192                |             | NOR2X1    |  0.000 |   1.331 |    3.357 | 
     | u_account_balance/g13192                | B v -> Y ^  | NOR2X1    |  0.153 |   1.484 |    3.510 | 
     | u_account_balance/g13187                |             | NAND2X1   |  0.000 |   1.484 |    3.510 | 
     | u_account_balance/g13187                | B ^ -> Y v  | NAND2X1   |  0.137 |   1.620 |    3.647 | 
     | u_account_balance/g13184                |             | OR4X1     |  0.000 |   1.620 |    3.647 | 
     | u_account_balance/g13184                | D v -> Y v  | OR4X1     |  0.296 |   1.917 |    3.943 | 
     | u_account_balance/g13179                |             | OR2X1     |  0.000 |   1.917 |    3.943 | 
     | u_account_balance/g13179                | B v -> Y v  | OR2X1     |  0.195 |   2.112 |    4.138 | 
     | u_account_balance/g13170                |             | NAND2X1   |  0.000 |   2.112 |    4.138 | 
     | u_account_balance/g13170                | B v -> Y ^  | NAND2X1   |  0.080 |   2.192 |    4.219 | 
     | u_account_balance/g4361                 |             | OR2X1     |  0.000 |   2.192 |    4.219 | 
     | u_account_balance/g4361                 | B ^ -> Y ^  | OR2X1     |  0.128 |   2.320 |    4.347 | 
     | u_account_balance/g4357                 |             | NAND2XL   |  0.000 |   2.320 |    4.347 | 
     | u_account_balance/g4357                 | B ^ -> Y v  | NAND2XL   |  0.115 |   2.435 |    4.462 | 
     | u_account_balance/g4343                 |             | NAND2XL   |  0.000 |   2.435 |    4.462 | 
     | u_account_balance/g4343                 | A v -> Y ^  | NAND2XL   |  0.270 |   2.706 |    4.732 | 
     | u_account_balance/g4307                 |             | AO22XL    |  0.000 |   2.706 |    4.732 | 
     | u_account_balance/g4307                 | A0 ^ -> Y ^ | AO22XL    |  0.201 |   2.907 |    4.933 | 
     | u_account_balance/balance_db_reg[2][11] |             | SDFFQX1   |  0.000 |   2.907 |    4.933 | 
     +-------------------------------------------------------------------------------------------------+ 
     Clock Rise Edge                      0.000
     + Source Insertion Delay             0.010
     = Beginpoint Arrival Time            0.010
     Other End Path:
     +-----------------------------------------------------------------------------------------+ 
     |                Instance                 |  Arc  |  Cell   | Retime | Arrival | Required | 
     |                                         |       |         |  Delay |  Time   |   Time   | 
     |-----------------------------------------+-------+---------+--------+---------+----------| 
     |                                         | clk ^ |         |        |   0.010 |   -2.016 | 
     | u_account_balance/balance_db_reg[2][11] |       | SDFFQX1 |  0.000 |   0.010 |   -2.016 | 
     +-----------------------------------------------------------------------------------------+ 
Path 14: MET Setup Check with Pin u_account_balance/balance_db_reg[2][9]/CK 
Endpoint:   u_account_balance/balance_db_reg[2][9]/D (^) checked with  leading 
edge of 'clk'
Beginpoint: u_vehicle_interface/id_to_check_reg[3]/Q (^) triggered by  leading 
edge of 'clk'
Path Groups: {clk}
Analysis View: view1
Retime Analysis { Data Path-Slew }
Other End Arrival Time          0.010
- Setup                         0.267
+ Phase Shift                   5.200
- Uncertainty                   0.010
= Required Time                 4.933
- Arrival Time                  2.907
= Slack Time                    2.026
= Slack Time(original)          1.898
     Clock Rise Edge                      0.000
     + Source Insertion Delay             0.010
     = Beginpoint Arrival Time            0.010
     Timing Path:
     +------------------------------------------------------------------------------------------------+ 
     |                Instance                |     Arc     |   Cell    | Retime | Arrival | Required | 
     |                                        |             |           |  Delay |  Time   |   Time   | 
     |----------------------------------------+-------------+-----------+--------+---------+----------| 
     |                                        | clk ^       |           |        |   0.010 |    2.036 | 
     | u_vehicle_interface/id_to_check_reg[3] |             | SDFFQX1   |  0.000 |   0.010 |    2.036 | 
     | u_vehicle_interface/id_to_check_reg[3] | CK ^ -> Q ^ | SDFFQX1   |  0.338 |   0.348 |    2.375 | 
     | g222                                   |             | BUFX6     |  0.000 |   0.348 |    2.375 | 
     | g222                                   | A ^ -> Y ^  | BUFX6     |  0.176 |   0.525 |    2.551 | 
     | u_account_balance/g13463               |             | INVX8     |  0.000 |   0.525 |    2.551 | 
     | u_account_balance/g13463               | A ^ -> Y v  | INVX8     |  0.065 |   0.589 |    2.616 | 
     | u_account_balance/g13456               |             | CLKAND2X3 |  0.000 |   0.589 |    2.616 | 
     | u_account_balance/g13456               | B v -> Y v  | CLKAND2X3 |  0.148 |   0.737 |    2.764 | 
     | u_account_balance/g13449               |             | CLKINVX2  |  0.000 |   0.737 |    2.764 | 
     | u_account_balance/g13449               | A v -> Y ^  | CLKINVX2  |  0.063 |   0.801 |    2.827 | 
     | u_account_balance/g13398               |             | NOR2BXL   |  0.000 |   0.801 |    2.827 | 
     | u_account_balance/g13398               | B ^ -> Y v  | NOR2BXL   |  0.053 |   0.854 |    2.881 | 
     | u_account_balance/g13286               |             | AOI221X1  |  0.000 |   0.854 |    2.881 | 
     | u_account_balance/g13286               | C0 v -> Y ^ | AOI221X1  |  0.062 |   0.916 |    2.942 | 
     | u_account_balance/g13252               |             | NOR2XL    |  0.000 |   0.916 |    2.942 | 
     | u_account_balance/g13252               | B ^ -> Y v  | NOR2XL    |  0.045 |   0.961 |    2.987 | 
     | u_account_balance/g13237               |             | NOR2XL    |  0.000 |   0.961 |    2.987 | 
     | u_account_balance/g13237               | B v -> Y ^  | NOR2XL    |  0.072 |   1.033 |    3.060 | 
     | u_account_balance/g13223               |             | NAND2XL   |  0.000 |   1.033 |    3.060 | 
     | u_account_balance/g13223               | B ^ -> Y v  | NAND2XL   |  0.088 |   1.122 |    3.148 | 
     | u_account_balance/g13210               |             | NOR2X1    |  0.000 |   1.122 |    3.148 | 
     | u_account_balance/g13210               | B v -> Y ^  | NOR2X1    |  0.112 |   1.233 |    3.260 | 
     | u_account_balance/g13194               |             | OAI21X1   |  0.000 |   1.233 |    3.260 | 
     | u_account_balance/g13194               | B0 ^ -> Y v | OAI21X1   |  0.098 |   1.331 |    3.357 | 
     | u_account_balance/g13192               |             | NOR2X1    |  0.000 |   1.331 |    3.357 | 
     | u_account_balance/g13192               | B v -> Y ^  | NOR2X1    |  0.153 |   1.484 |    3.510 | 
     | u_account_balance/g13187               |             | NAND2X1   |  0.000 |   1.484 |    3.510 | 
     | u_account_balance/g13187               | B ^ -> Y v  | NAND2X1   |  0.137 |   1.620 |    3.647 | 
     | u_account_balance/g13184               |             | OR4X1     |  0.000 |   1.620 |    3.647 | 
     | u_account_balance/g13184               | D v -> Y v  | OR4X1     |  0.296 |   1.917 |    3.943 | 
     | u_account_balance/g13179               |             | OR2X1     |  0.000 |   1.917 |    3.943 | 
     | u_account_balance/g13179               | B v -> Y v  | OR2X1     |  0.195 |   2.112 |    4.138 | 
     | u_account_balance/g13170               |             | NAND2X1   |  0.000 |   2.112 |    4.138 | 
     | u_account_balance/g13170               | B v -> Y ^  | NAND2X1   |  0.080 |   2.192 |    4.219 | 
     | u_account_balance/g4361                |             | OR2X1     |  0.000 |   2.192 |    4.219 | 
     | u_account_balance/g4361                | B ^ -> Y ^  | OR2X1     |  0.128 |   2.320 |    4.347 | 
     | u_account_balance/g4357                |             | NAND2XL   |  0.000 |   2.320 |    4.347 | 
     | u_account_balance/g4357                | B ^ -> Y v  | NAND2XL   |  0.115 |   2.435 |    4.462 | 
     | u_account_balance/g4343                |             | NAND2XL   |  0.000 |   2.435 |    4.462 | 
     | u_account_balance/g4343                | A v -> Y ^  | NAND2XL   |  0.270 |   2.706 |    4.732 | 
     | u_account_balance/g4306                |             | AO22XL    |  0.000 |   2.706 |    4.732 | 
     | u_account_balance/g4306                | A0 ^ -> Y ^ | AO22XL    |  0.201 |   2.907 |    4.933 | 
     | u_account_balance/balance_db_reg[2][9] |             | SDFFQX1   |  0.000 |   2.907 |    4.933 | 
     +------------------------------------------------------------------------------------------------+ 
     Clock Rise Edge                      0.000
     + Source Insertion Delay             0.010
     = Beginpoint Arrival Time            0.010
     Other End Path:
     +----------------------------------------------------------------------------------------+ 
     |                Instance                |  Arc  |  Cell   | Retime | Arrival | Required | 
     |                                        |       |         |  Delay |  Time   |   Time   | 
     |----------------------------------------+-------+---------+--------+---------+----------| 
     |                                        | clk ^ |         |        |   0.010 |   -2.016 | 
     | u_account_balance/balance_db_reg[2][9] |       | SDFFQX1 |  0.000 |   0.010 |   -2.016 | 
     +----------------------------------------------------------------------------------------+ 
Path 15: MET Setup Check with Pin u_account_balance/balance_db_reg[2][7]/CK 
Endpoint:   u_account_balance/balance_db_reg[2][7]/D (^) checked with  leading 
edge of 'clk'
Beginpoint: u_vehicle_interface/id_to_check_reg[3]/Q (^) triggered by  leading 
edge of 'clk'
Path Groups: {clk}
Analysis View: view1
Retime Analysis { Data Path-Slew }
Other End Arrival Time          0.010
- Setup                         0.267
+ Phase Shift                   5.200
- Uncertainty                   0.010
= Required Time                 4.933
- Arrival Time                  2.907
= Slack Time                    2.026
= Slack Time(original)          1.898
     Clock Rise Edge                      0.000
     + Source Insertion Delay             0.010
     = Beginpoint Arrival Time            0.010
     Timing Path:
     +------------------------------------------------------------------------------------------------+ 
     |                Instance                |     Arc     |   Cell    | Retime | Arrival | Required | 
     |                                        |             |           |  Delay |  Time   |   Time   | 
     |----------------------------------------+-------------+-----------+--------+---------+----------| 
     |                                        | clk ^       |           |        |   0.010 |    2.036 | 
     | u_vehicle_interface/id_to_check_reg[3] |             | SDFFQX1   |  0.000 |   0.010 |    2.036 | 
     | u_vehicle_interface/id_to_check_reg[3] | CK ^ -> Q ^ | SDFFQX1   |  0.338 |   0.348 |    2.375 | 
     | g222                                   |             | BUFX6     |  0.000 |   0.348 |    2.375 | 
     | g222                                   | A ^ -> Y ^  | BUFX6     |  0.176 |   0.525 |    2.551 | 
     | u_account_balance/g13463               |             | INVX8     |  0.000 |   0.525 |    2.551 | 
     | u_account_balance/g13463               | A ^ -> Y v  | INVX8     |  0.065 |   0.589 |    2.616 | 
     | u_account_balance/g13456               |             | CLKAND2X3 |  0.000 |   0.589 |    2.616 | 
     | u_account_balance/g13456               | B v -> Y v  | CLKAND2X3 |  0.148 |   0.737 |    2.764 | 
     | u_account_balance/g13449               |             | CLKINVX2  |  0.000 |   0.737 |    2.764 | 
     | u_account_balance/g13449               | A v -> Y ^  | CLKINVX2  |  0.063 |   0.801 |    2.827 | 
     | u_account_balance/g13398               |             | NOR2BXL   |  0.000 |   0.801 |    2.827 | 
     | u_account_balance/g13398               | B ^ -> Y v  | NOR2BXL   |  0.053 |   0.854 |    2.881 | 
     | u_account_balance/g13286               |             | AOI221X1  |  0.000 |   0.854 |    2.881 | 
     | u_account_balance/g13286               | C0 v -> Y ^ | AOI221X1  |  0.062 |   0.916 |    2.942 | 
     | u_account_balance/g13252               |             | NOR2XL    |  0.000 |   0.916 |    2.942 | 
     | u_account_balance/g13252               | B ^ -> Y v  | NOR2XL    |  0.045 |   0.961 |    2.987 | 
     | u_account_balance/g13237               |             | NOR2XL    |  0.000 |   0.961 |    2.987 | 
     | u_account_balance/g13237               | B v -> Y ^  | NOR2XL    |  0.072 |   1.033 |    3.060 | 
     | u_account_balance/g13223               |             | NAND2XL   |  0.000 |   1.033 |    3.060 | 
     | u_account_balance/g13223               | B ^ -> Y v  | NAND2XL   |  0.088 |   1.122 |    3.148 | 
     | u_account_balance/g13210               |             | NOR2X1    |  0.000 |   1.122 |    3.148 | 
     | u_account_balance/g13210               | B v -> Y ^  | NOR2X1    |  0.112 |   1.233 |    3.260 | 
     | u_account_balance/g13194               |             | OAI21X1   |  0.000 |   1.233 |    3.260 | 
     | u_account_balance/g13194               | B0 ^ -> Y v | OAI21X1   |  0.098 |   1.331 |    3.357 | 
     | u_account_balance/g13192               |             | NOR2X1    |  0.000 |   1.331 |    3.357 | 
     | u_account_balance/g13192               | B v -> Y ^  | NOR2X1    |  0.153 |   1.484 |    3.510 | 
     | u_account_balance/g13187               |             | NAND2X1   |  0.000 |   1.484 |    3.510 | 
     | u_account_balance/g13187               | B ^ -> Y v  | NAND2X1   |  0.137 |   1.620 |    3.647 | 
     | u_account_balance/g13184               |             | OR4X1     |  0.000 |   1.620 |    3.647 | 
     | u_account_balance/g13184               | D v -> Y v  | OR4X1     |  0.296 |   1.917 |    3.943 | 
     | u_account_balance/g13179               |             | OR2X1     |  0.000 |   1.917 |    3.943 | 
     | u_account_balance/g13179               | B v -> Y v  | OR2X1     |  0.195 |   2.112 |    4.138 | 
     | u_account_balance/g13170               |             | NAND2X1   |  0.000 |   2.112 |    4.138 | 
     | u_account_balance/g13170               | B v -> Y ^  | NAND2X1   |  0.080 |   2.192 |    4.219 | 
     | u_account_balance/g4361                |             | OR2X1     |  0.000 |   2.192 |    4.219 | 
     | u_account_balance/g4361                | B ^ -> Y ^  | OR2X1     |  0.128 |   2.320 |    4.347 | 
     | u_account_balance/g4357                |             | NAND2XL   |  0.000 |   2.320 |    4.347 | 
     | u_account_balance/g4357                | B ^ -> Y v  | NAND2XL   |  0.115 |   2.435 |    4.462 | 
     | u_account_balance/g4343                |             | NAND2XL   |  0.000 |   2.435 |    4.462 | 
     | u_account_balance/g4343                | A v -> Y ^  | NAND2XL   |  0.270 |   2.706 |    4.732 | 
     | u_account_balance/g4304                |             | AO22XL    |  0.000 |   2.706 |    4.732 | 
     | u_account_balance/g4304                | A0 ^ -> Y ^ | AO22XL    |  0.201 |   2.907 |    4.933 | 
     | u_account_balance/balance_db_reg[2][7] |             | SDFFQX1   |  0.000 |   2.907 |    4.933 | 
     +------------------------------------------------------------------------------------------------+ 
     Clock Rise Edge                      0.000
     + Source Insertion Delay             0.010
     = Beginpoint Arrival Time            0.010
     Other End Path:
     +----------------------------------------------------------------------------------------+ 
     |                Instance                |  Arc  |  Cell   | Retime | Arrival | Required | 
     |                                        |       |         |  Delay |  Time   |   Time   | 
     |----------------------------------------+-------+---------+--------+---------+----------| 
     |                                        | clk ^ |         |        |   0.010 |   -2.016 | 
     | u_account_balance/balance_db_reg[2][7] |       | SDFFQX1 |  0.000 |   0.010 |   -2.016 | 
     +----------------------------------------------------------------------------------------+ 
Path 16: MET Setup Check with Pin u_account_balance/balance_db_reg[2][11]/CK 
Endpoint:   u_account_balance/balance_db_reg[2][11]/D (^) checked with  leading 
edge of 'clk'
Beginpoint: u_vehicle_interface/id_to_check_reg[3]/Q  (^) triggered by  leading 
edge of 'clk'
Path Groups: {clk}
Analysis View: view1
Retime Analysis { Data Path-Slew }
Other End Arrival Time          0.010
- Setup                         0.261
+ Phase Shift                   5.200
- Uncertainty                   0.010
= Required Time                 4.939
- Arrival Time                  2.958
= Slack Time                    1.980
= Slack Time(original)          1.898
     Clock Rise Edge                      0.000
     + Source Insertion Delay             0.010
     = Beginpoint Arrival Time            0.010
     Timing Path:
     +-------------------------------------------------------------------------------------------------+ 
     |                Instance                 |     Arc     |   Cell    | Retime | Arrival | Required | 
     |                                         |             |           |  Delay |  Time   |   Time   | 
     |-----------------------------------------+-------------+-----------+--------+---------+----------| 
     |                                         | clk ^       |           |        |   0.010 |    1.990 | 
     | u_vehicle_interface/id_to_check_reg[3]  |             | SDFFQX1   |  0.000 |   0.010 |    1.990 | 
     | u_vehicle_interface/id_to_check_reg[3]  | CK ^ -> Q ^ | SDFFQX1   |  0.338 |   0.348 |    2.329 | 
     | g222                                    |             | BUFX6     |  0.000 |   0.348 |    2.329 | 
     | g222                                    | A ^ -> Y ^  | BUFX6     |  0.176 |   0.525 |    2.505 | 
     | u_account_balance/g13463                |             | INVX8     |  0.000 |   0.525 |    2.505 | 
     | u_account_balance/g13463                | A ^ -> Y v  | INVX8     |  0.065 |   0.589 |    2.570 | 
     | u_account_balance/g13456                |             | CLKAND2X3 |  0.000 |   0.589 |    2.570 | 
     | u_account_balance/g13456                | B v -> Y v  | CLKAND2X3 |  0.148 |   0.737 |    2.718 | 
     | u_account_balance/g13449                |             | CLKINVX2  |  0.000 |   0.737 |    2.718 | 
     | u_account_balance/g13449                | A v -> Y ^  | CLKINVX2  |  0.063 |   0.801 |    2.781 | 
     | u_account_balance/g13398                |             | NOR2BXL   |  0.000 |   0.801 |    2.781 | 
     | u_account_balance/g13398                | B ^ -> Y v  | NOR2BXL   |  0.053 |   0.854 |    2.834 | 
     | u_account_balance/g13286                |             | AOI221X1  |  0.000 |   0.854 |    2.834 | 
     | u_account_balance/g13286                | C0 v -> Y ^ | AOI221X1  |  0.109 |   0.963 |    2.944 | 
     | u_account_balance/g13252                |             | NOR2XL    |  0.000 |   0.963 |    2.944 | 
     | u_account_balance/g13252                | B ^ -> Y v  | NOR2XL    |  0.055 |   1.018 |    2.998 | 
     | u_account_balance/g13237                |             | NOR2XL    |  0.000 |   1.018 |    2.998 | 
     | u_account_balance/g13237                | B v -> Y ^  | NOR2XL    |  0.078 |   1.096 |    3.076 | 
     | u_account_balance/g13223                |             | NAND2XL   |  0.000 |   1.096 |    3.076 | 
     | u_account_balance/g13223                | B ^ -> Y v  | NAND2XL   |  0.089 |   1.185 |    3.165 | 
     | u_account_balance/g13210                |             | NOR2X1    |  0.000 |   1.185 |    3.165 | 
     | u_account_balance/g13210                | B v -> Y ^  | NOR2X1    |  0.112 |   1.297 |    3.277 | 
     | u_account_balance/g13194                |             | OAI21X1   |  0.000 |   1.297 |    3.277 | 
     | u_account_balance/g13194                | B0 ^ -> Y v | OAI21X1   |  0.098 |   1.394 |    3.375 | 
     | u_account_balance/g13192                |             | NOR2X1    |  0.000 |   1.394 |    3.375 | 
     | u_account_balance/g13192                | B v -> Y ^  | NOR2X1    |  0.153 |   1.547 |    3.527 | 
     | u_account_balance/g13187                |             | NAND2X1   |  0.000 |   1.547 |    3.527 | 
     | u_account_balance/g13187                | B ^ -> Y v  | NAND2X1   |  0.137 |   1.684 |    3.664 | 
     | u_account_balance/g13184                |             | OR4X1     |  0.000 |   1.684 |    3.664 | 
     | u_account_balance/g13184                | D v -> Y v  | OR4X1     |  0.296 |   1.980 |    3.960 | 
     | u_account_balance/g13179                |             | OR2X1     |  0.000 |   1.980 |    3.960 | 
     | u_account_balance/g13179                | B v -> Y v  | OR2X1     |  0.195 |   2.175 |    4.155 | 
     | u_account_balance/g13170                |             | NAND2X1   |  0.000 |   2.175 |    4.155 | 
     | u_account_balance/g13170                | B v -> Y ^  | NAND2X1   |  0.080 |   2.256 |    4.236 | 
     | u_account_balance/g4361                 |             | OR2X1     |  0.000 |   2.256 |    4.236 | 
     | u_account_balance/g4361                 | B ^ -> Y ^  | OR2X1     |  0.128 |   2.383 |    4.364 | 
     | u_account_balance/g4357                 |             | NAND2XL   |  0.000 |   2.383 |    4.364 | 
     | u_account_balance/g4357                 | B ^ -> Y v  | NAND2XL   |  0.115 |   2.499 |    4.479 | 
     | u_account_balance/g4343                 |             | NAND2XL   |  0.000 |   2.499 |    4.479 | 
     | u_account_balance/g4343                 | A v -> Y ^  | NAND2XL   |  0.270 |   2.769 |    4.749 | 
     | u_account_balance/g4307                 |             | AO22XL    |  0.000 |   2.769 |    4.749 | 
     | u_account_balance/g4307                 | A0 ^ -> Y ^ | AO22XL    |  0.190 |   2.958 |    4.939 | 
     | u_account_balance/balance_db_reg[2][11] |             | SDFFQX1   |  0.000 |   2.958 |    4.939 | 
     +-------------------------------------------------------------------------------------------------+ 
     Clock Rise Edge                      0.000
     + Source Insertion Delay             0.010
     = Beginpoint Arrival Time            0.010
     Other End Path:
     +-----------------------------------------------------------------------------------------+ 
     |                Instance                 |  Arc  |  Cell   | Retime | Arrival | Required | 
     |                                         |       |         |  Delay |  Time   |   Time   | 
     |-----------------------------------------+-------+---------+--------+---------+----------| 
     |                                         | clk ^ |         |        |   0.010 |   -1.970 | 
     | u_account_balance/balance_db_reg[2][11] |       | SDFFQX1 |  0.000 |   0.010 |   -1.970 | 
     +-----------------------------------------------------------------------------------------+ 
Path 17: MET Setup Check with Pin u_account_balance/balance_db_reg[2][11]/CK 
Endpoint:   u_account_balance/balance_db_reg[2][11]/D (^) checked with  leading 
edge of 'clk'
Beginpoint: u_vehicle_interface/id_to_check_reg[3]/Q  (^) triggered by  leading 
edge of 'clk'
Path Groups: {clk}
Analysis View: view1
Retime Analysis { Data Path-Slew }
Other End Arrival Time          0.010
- Setup                         0.261
+ Phase Shift                   5.200
- Uncertainty                   0.010
= Required Time                 4.939
- Arrival Time                  2.937
= Slack Time                    2.002
= Slack Time(original)          1.898
     Clock Rise Edge                      0.000
     + Source Insertion Delay             0.010
     = Beginpoint Arrival Time            0.010
     Timing Path:
     +-------------------------------------------------------------------------------------------------+ 
     |                Instance                 |     Arc     |   Cell    | Retime | Arrival | Required | 
     |                                         |             |           |  Delay |  Time   |   Time   | 
     |-----------------------------------------+-------------+-----------+--------+---------+----------| 
     |                                         | clk ^       |           |        |   0.010 |    2.012 | 
     | u_vehicle_interface/id_to_check_reg[3]  |             | SDFFQX1   |  0.000 |   0.010 |    2.012 | 
     | u_vehicle_interface/id_to_check_reg[3]  | CK ^ -> Q ^ | SDFFQX1   |  0.338 |   0.348 |    2.350 | 
     | g222                                    |             | BUFX6     |  0.000 |   0.348 |    2.350 | 
     | g222                                    | A ^ -> Y ^  | BUFX6     |  0.176 |   0.525 |    2.526 | 
     | u_account_balance/g13463                |             | INVX8     |  0.000 |   0.525 |    2.526 | 
     | u_account_balance/g13463                | A ^ -> Y v  | INVX8     |  0.065 |   0.589 |    2.591 | 
     | u_account_balance/g13456                |             | CLKAND2X3 |  0.000 |   0.589 |    2.591 | 
     | u_account_balance/g13456                | B v -> Y v  | CLKAND2X3 |  0.148 |   0.737 |    2.739 | 
     | u_account_balance/g13449                |             | CLKINVX2  |  0.000 |   0.737 |    2.739 | 
     | u_account_balance/g13449                | A v -> Y ^  | CLKINVX2  |  0.063 |   0.801 |    2.802 | 
     | u_account_balance/g13398                |             | NOR2BXL   |  0.000 |   0.801 |    2.802 | 
     | u_account_balance/g13398                | B ^ -> Y v  | NOR2BXL   |  0.053 |   0.854 |    2.856 | 
     | u_account_balance/g13286                |             | AOI221X1  |  0.000 |   0.854 |    2.856 | 
     | u_account_balance/g13286                | C0 v -> Y ^ | AOI221X1  |  0.062 |   0.916 |    2.917 | 
     | u_account_balance/g13252                |             | NOR2XL    |  0.000 |   0.916 |    2.917 | 
     | u_account_balance/g13252                | B ^ -> Y v  | NOR2XL    |  0.045 |   0.961 |    2.962 | 
     | u_account_balance/g13237                |             | NOR2XL    |  0.000 |   0.961 |    2.962 | 
     | u_account_balance/g13237                | B v -> Y ^  | NOR2XL    |  0.072 |   1.033 |    3.035 | 
     | u_account_balance/g13223                |             | NAND2XL   |  0.000 |   1.033 |    3.035 | 
     | u_account_balance/g13223                | B ^ -> Y v  | NAND2XL   |  0.088 |   1.122 |    3.123 | 
     | u_account_balance/g13210                |             | NOR2X1    |  0.000 |   1.122 |    3.123 | 
     | u_account_balance/g13210                | B v -> Y ^  | NOR2X1    |  0.112 |   1.233 |    3.235 | 
     | u_account_balance/g13194                |             | OAI21X1   |  0.000 |   1.233 |    3.235 | 
     | u_account_balance/g13194                | B0 ^ -> Y v | OAI21X1   |  0.128 |   1.362 |    3.363 | 
     | u_account_balance/g13192                |             | NOR2X1    |  0.000 |   1.362 |    3.363 | 
     | u_account_balance/g13192                | B v -> Y ^  | NOR2X1    |  0.163 |   1.525 |    3.527 | 
     | u_account_balance/g13187                |             | NAND2X1   |  0.000 |   1.525 |    3.527 | 
     | u_account_balance/g13187                | B ^ -> Y v  | NAND2X1   |  0.137 |   1.662 |    3.664 | 
     | u_account_balance/g13184                |             | OR4X1     |  0.000 |   1.662 |    3.664 | 
     | u_account_balance/g13184                | D v -> Y v  | OR4X1     |  0.296 |   1.959 |    3.960 | 
     | u_account_balance/g13179                |             | OR2X1     |  0.000 |   1.959 |    3.960 | 
     | u_account_balance/g13179                | B v -> Y v  | OR2X1     |  0.195 |   2.154 |    4.155 | 
     | u_account_balance/g13170                |             | NAND2X1   |  0.000 |   2.154 |    4.155 | 
     | u_account_balance/g13170                | B v -> Y ^  | NAND2X1   |  0.080 |   2.234 |    4.236 | 
     | u_account_balance/g4361                 |             | OR2X1     |  0.000 |   2.234 |    4.236 | 
     | u_account_balance/g4361                 | B ^ -> Y ^  | OR2X1     |  0.128 |   2.362 |    4.364 | 
     | u_account_balance/g4357                 |             | NAND2XL   |  0.000 |   2.362 |    4.364 | 
     | u_account_balance/g4357                 | B ^ -> Y v  | NAND2XL   |  0.115 |   2.477 |    4.479 | 
     | u_account_balance/g4343                 |             | NAND2XL   |  0.000 |   2.477 |    4.479 | 
     | u_account_balance/g4343                 | A v -> Y ^  | NAND2XL   |  0.270 |   2.748 |    4.749 | 
     | u_account_balance/g4307                 |             | AO22XL    |  0.000 |   2.748 |    4.749 | 
     | u_account_balance/g4307                 | A0 ^ -> Y ^ | AO22XL    |  0.190 |   2.937 |    4.939 | 
     | u_account_balance/balance_db_reg[2][11] |             | SDFFQX1   |  0.000 |   2.937 |    4.939 | 
     +-------------------------------------------------------------------------------------------------+ 
     Clock Rise Edge                      0.000
     + Source Insertion Delay             0.010
     = Beginpoint Arrival Time            0.010
     Other End Path:
     +-----------------------------------------------------------------------------------------+ 
     |                Instance                 |  Arc  |  Cell   | Retime | Arrival | Required | 
     |                                         |       |         |  Delay |  Time   |   Time   | 
     |-----------------------------------------+-------+---------+--------+---------+----------| 
     |                                         | clk ^ |         |        |   0.010 |   -1.992 | 
     | u_account_balance/balance_db_reg[2][11] |       | SDFFQX1 |  0.000 |   0.010 |   -1.992 | 
     +-----------------------------------------------------------------------------------------+ 
Path 18: MET Setup Check with Pin u_account_balance/balance_db_reg[2][9]/CK 
Endpoint:   u_account_balance/balance_db_reg[2][9]/D (^) checked with  leading 
edge of 'clk'
Beginpoint: u_vehicle_interface/id_to_check_reg[3]/Q (^) triggered by  leading 
edge of 'clk'
Path Groups: {clk}
Analysis View: view1
Retime Analysis { Data Path-Slew }
Other End Arrival Time          0.010
- Setup                         0.261
+ Phase Shift                   5.200
- Uncertainty                   0.010
= Required Time                 4.939
- Arrival Time                  2.958
= Slack Time                    1.980
= Slack Time(original)          1.898
     Clock Rise Edge                      0.000
     + Source Insertion Delay             0.010
     = Beginpoint Arrival Time            0.010
     Timing Path:
     +------------------------------------------------------------------------------------------------+ 
     |                Instance                |     Arc     |   Cell    | Retime | Arrival | Required | 
     |                                        |             |           |  Delay |  Time   |   Time   | 
     |----------------------------------------+-------------+-----------+--------+---------+----------| 
     |                                        | clk ^       |           |        |   0.010 |    1.990 | 
     | u_vehicle_interface/id_to_check_reg[3] |             | SDFFQX1   |  0.000 |   0.010 |    1.990 | 
     | u_vehicle_interface/id_to_check_reg[3] | CK ^ -> Q ^ | SDFFQX1   |  0.338 |   0.348 |    2.329 | 
     | g222                                   |             | BUFX6     |  0.000 |   0.348 |    2.329 | 
     | g222                                   | A ^ -> Y ^  | BUFX6     |  0.176 |   0.525 |    2.505 | 
     | u_account_balance/g13463               |             | INVX8     |  0.000 |   0.525 |    2.505 | 
     | u_account_balance/g13463               | A ^ -> Y v  | INVX8     |  0.065 |   0.589 |    2.570 | 
     | u_account_balance/g13456               |             | CLKAND2X3 |  0.000 |   0.589 |    2.570 | 
     | u_account_balance/g13456               | B v -> Y v  | CLKAND2X3 |  0.148 |   0.737 |    2.718 | 
     | u_account_balance/g13449               |             | CLKINVX2  |  0.000 |   0.737 |    2.718 | 
     | u_account_balance/g13449               | A v -> Y ^  | CLKINVX2  |  0.063 |   0.801 |    2.781 | 
     | u_account_balance/g13398               |             | NOR2BXL   |  0.000 |   0.801 |    2.781 | 
     | u_account_balance/g13398               | B ^ -> Y v  | NOR2BXL   |  0.053 |   0.854 |    2.834 | 
     | u_account_balance/g13286               |             | AOI221X1  |  0.000 |   0.854 |    2.834 | 
     | u_account_balance/g13286               | C0 v -> Y ^ | AOI221X1  |  0.109 |   0.963 |    2.944 | 
     | u_account_balance/g13252               |             | NOR2XL    |  0.000 |   0.963 |    2.944 | 
     | u_account_balance/g13252               | B ^ -> Y v  | NOR2XL    |  0.055 |   1.018 |    2.998 | 
     | u_account_balance/g13237               |             | NOR2XL    |  0.000 |   1.018 |    2.998 | 
     | u_account_balance/g13237               | B v -> Y ^  | NOR2XL    |  0.078 |   1.096 |    3.076 | 
     | u_account_balance/g13223               |             | NAND2XL   |  0.000 |   1.096 |    3.076 | 
     | u_account_balance/g13223               | B ^ -> Y v  | NAND2XL   |  0.089 |   1.185 |    3.165 | 
     | u_account_balance/g13210               |             | NOR2X1    |  0.000 |   1.185 |    3.165 | 
     | u_account_balance/g13210               | B v -> Y ^  | NOR2X1    |  0.112 |   1.297 |    3.277 | 
     | u_account_balance/g13194               |             | OAI21X1   |  0.000 |   1.297 |    3.277 | 
     | u_account_balance/g13194               | B0 ^ -> Y v | OAI21X1   |  0.098 |   1.394 |    3.375 | 
     | u_account_balance/g13192               |             | NOR2X1    |  0.000 |   1.394 |    3.375 | 
     | u_account_balance/g13192               | B v -> Y ^  | NOR2X1    |  0.153 |   1.547 |    3.527 | 
     | u_account_balance/g13187               |             | NAND2X1   |  0.000 |   1.547 |    3.527 | 
     | u_account_balance/g13187               | B ^ -> Y v  | NAND2X1   |  0.137 |   1.684 |    3.664 | 
     | u_account_balance/g13184               |             | OR4X1     |  0.000 |   1.684 |    3.664 | 
     | u_account_balance/g13184               | D v -> Y v  | OR4X1     |  0.296 |   1.980 |    3.960 | 
     | u_account_balance/g13179               |             | OR2X1     |  0.000 |   1.980 |    3.960 | 
     | u_account_balance/g13179               | B v -> Y v  | OR2X1     |  0.195 |   2.175 |    4.155 | 
     | u_account_balance/g13170               |             | NAND2X1   |  0.000 |   2.175 |    4.155 | 
     | u_account_balance/g13170               | B v -> Y ^  | NAND2X1   |  0.080 |   2.256 |    4.236 | 
     | u_account_balance/g4361                |             | OR2X1     |  0.000 |   2.256 |    4.236 | 
     | u_account_balance/g4361                | B ^ -> Y ^  | OR2X1     |  0.128 |   2.383 |    4.364 | 
     | u_account_balance/g4357                |             | NAND2XL   |  0.000 |   2.383 |    4.364 | 
     | u_account_balance/g4357                | B ^ -> Y v  | NAND2XL   |  0.115 |   2.499 |    4.479 | 
     | u_account_balance/g4343                |             | NAND2XL   |  0.000 |   2.499 |    4.479 | 
     | u_account_balance/g4343                | A v -> Y ^  | NAND2XL   |  0.270 |   2.769 |    4.749 | 
     | u_account_balance/g4306                |             | AO22XL    |  0.000 |   2.769 |    4.749 | 
     | u_account_balance/g4306                | A0 ^ -> Y ^ | AO22XL    |  0.190 |   2.958 |    4.939 | 
     | u_account_balance/balance_db_reg[2][9] |             | SDFFQX1   |  0.000 |   2.958 |    4.939 | 
     +------------------------------------------------------------------------------------------------+ 
     Clock Rise Edge                      0.000
     + Source Insertion Delay             0.010
     = Beginpoint Arrival Time            0.010
     Other End Path:
     +----------------------------------------------------------------------------------------+ 
     |                Instance                |  Arc  |  Cell   | Retime | Arrival | Required | 
     |                                        |       |         |  Delay |  Time   |   Time   | 
     |----------------------------------------+-------+---------+--------+---------+----------| 
     |                                        | clk ^ |         |        |   0.010 |   -1.970 | 
     | u_account_balance/balance_db_reg[2][9] |       | SDFFQX1 |  0.000 |   0.010 |   -1.970 | 
     +----------------------------------------------------------------------------------------+ 
Path 19: MET Setup Check with Pin u_account_balance/balance_db_reg[2][9]/CK 
Endpoint:   u_account_balance/balance_db_reg[2][9]/D (^) checked with  leading 
edge of 'clk'
Beginpoint: u_vehicle_interface/id_to_check_reg[3]/Q (^) triggered by  leading 
edge of 'clk'
Path Groups: {clk}
Analysis View: view1
Retime Analysis { Data Path-Slew }
Other End Arrival Time          0.010
- Setup                         0.261
+ Phase Shift                   5.200
- Uncertainty                   0.010
= Required Time                 4.939
- Arrival Time                  2.937
= Slack Time                    2.002
= Slack Time(original)          1.898
     Clock Rise Edge                      0.000
     + Source Insertion Delay             0.010
     = Beginpoint Arrival Time            0.010
     Timing Path:
     +------------------------------------------------------------------------------------------------+ 
     |                Instance                |     Arc     |   Cell    | Retime | Arrival | Required | 
     |                                        |             |           |  Delay |  Time   |   Time   | 
     |----------------------------------------+-------------+-----------+--------+---------+----------| 
     |                                        | clk ^       |           |        |   0.010 |    2.012 | 
     | u_vehicle_interface/id_to_check_reg[3] |             | SDFFQX1   |  0.000 |   0.010 |    2.012 | 
     | u_vehicle_interface/id_to_check_reg[3] | CK ^ -> Q ^ | SDFFQX1   |  0.338 |   0.348 |    2.350 | 
     | g222                                   |             | BUFX6     |  0.000 |   0.348 |    2.350 | 
     | g222                                   | A ^ -> Y ^  | BUFX6     |  0.176 |   0.525 |    2.526 | 
     | u_account_balance/g13463               |             | INVX8     |  0.000 |   0.525 |    2.526 | 
     | u_account_balance/g13463               | A ^ -> Y v  | INVX8     |  0.065 |   0.589 |    2.591 | 
     | u_account_balance/g13456               |             | CLKAND2X3 |  0.000 |   0.589 |    2.591 | 
     | u_account_balance/g13456               | B v -> Y v  | CLKAND2X3 |  0.148 |   0.737 |    2.739 | 
     | u_account_balance/g13449               |             | CLKINVX2  |  0.000 |   0.737 |    2.739 | 
     | u_account_balance/g13449               | A v -> Y ^  | CLKINVX2  |  0.063 |   0.801 |    2.802 | 
     | u_account_balance/g13398               |             | NOR2BXL   |  0.000 |   0.801 |    2.802 | 
     | u_account_balance/g13398               | B ^ -> Y v  | NOR2BXL   |  0.053 |   0.854 |    2.856 | 
     | u_account_balance/g13286               |             | AOI221X1  |  0.000 |   0.854 |    2.856 | 
     | u_account_balance/g13286               | C0 v -> Y ^ | AOI221X1  |  0.062 |   0.916 |    2.917 | 
     | u_account_balance/g13252               |             | NOR2XL    |  0.000 |   0.916 |    2.917 | 
     | u_account_balance/g13252               | B ^ -> Y v  | NOR2XL    |  0.045 |   0.961 |    2.962 | 
     | u_account_balance/g13237               |             | NOR2XL    |  0.000 |   0.961 |    2.962 | 
     | u_account_balance/g13237               | B v -> Y ^  | NOR2XL    |  0.072 |   1.033 |    3.035 | 
     | u_account_balance/g13223               |             | NAND2XL   |  0.000 |   1.033 |    3.035 | 
     | u_account_balance/g13223               | B ^ -> Y v  | NAND2XL   |  0.088 |   1.122 |    3.123 | 
     | u_account_balance/g13210               |             | NOR2X1    |  0.000 |   1.122 |    3.123 | 
     | u_account_balance/g13210               | B v -> Y ^  | NOR2X1    |  0.112 |   1.233 |    3.235 | 
     | u_account_balance/g13194               |             | OAI21X1   |  0.000 |   1.233 |    3.235 | 
     | u_account_balance/g13194               | B0 ^ -> Y v | OAI21X1   |  0.128 |   1.362 |    3.363 | 
     | u_account_balance/g13192               |             | NOR2X1    |  0.000 |   1.362 |    3.363 | 
     | u_account_balance/g13192               | B v -> Y ^  | NOR2X1    |  0.163 |   1.525 |    3.527 | 
     | u_account_balance/g13187               |             | NAND2X1   |  0.000 |   1.525 |    3.527 | 
     | u_account_balance/g13187               | B ^ -> Y v  | NAND2X1   |  0.137 |   1.662 |    3.664 | 
     | u_account_balance/g13184               |             | OR4X1     |  0.000 |   1.662 |    3.664 | 
     | u_account_balance/g13184               | D v -> Y v  | OR4X1     |  0.296 |   1.959 |    3.960 | 
     | u_account_balance/g13179               |             | OR2X1     |  0.000 |   1.959 |    3.960 | 
     | u_account_balance/g13179               | B v -> Y v  | OR2X1     |  0.195 |   2.154 |    4.155 | 
     | u_account_balance/g13170               |             | NAND2X1   |  0.000 |   2.154 |    4.155 | 
     | u_account_balance/g13170               | B v -> Y ^  | NAND2X1   |  0.080 |   2.234 |    4.236 | 
     | u_account_balance/g4361                |             | OR2X1     |  0.000 |   2.234 |    4.236 | 
     | u_account_balance/g4361                | B ^ -> Y ^  | OR2X1     |  0.128 |   2.362 |    4.364 | 
     | u_account_balance/g4357                |             | NAND2XL   |  0.000 |   2.362 |    4.364 | 
     | u_account_balance/g4357                | B ^ -> Y v  | NAND2XL   |  0.115 |   2.477 |    4.479 | 
     | u_account_balance/g4343                |             | NAND2XL   |  0.000 |   2.477 |    4.479 | 
     | u_account_balance/g4343                | A v -> Y ^  | NAND2XL   |  0.270 |   2.748 |    4.749 | 
     | u_account_balance/g4306                |             | AO22XL    |  0.000 |   2.748 |    4.749 | 
     | u_account_balance/g4306                | A0 ^ -> Y ^ | AO22XL    |  0.190 |   2.937 |    4.939 | 
     | u_account_balance/balance_db_reg[2][9] |             | SDFFQX1   |  0.000 |   2.937 |    4.939 | 
     +------------------------------------------------------------------------------------------------+ 
     Clock Rise Edge                      0.000
     + Source Insertion Delay             0.010
     = Beginpoint Arrival Time            0.010
     Other End Path:
     +----------------------------------------------------------------------------------------+ 
     |                Instance                |  Arc  |  Cell   | Retime | Arrival | Required | 
     |                                        |       |         |  Delay |  Time   |   Time   | 
     |----------------------------------------+-------+---------+--------+---------+----------| 
     |                                        | clk ^ |         |        |   0.010 |   -1.992 | 
     | u_account_balance/balance_db_reg[2][9] |       | SDFFQX1 |  0.000 |   0.010 |   -1.992 | 
     +----------------------------------------------------------------------------------------+ 
Path 20: MET Setup Check with Pin u_account_balance/balance_db_reg[2][7]/CK 
Endpoint:   u_account_balance/balance_db_reg[2][7]/D (^) checked with  leading 
edge of 'clk'
Beginpoint: u_vehicle_interface/id_to_check_reg[3]/Q (^) triggered by  leading 
edge of 'clk'
Path Groups: {clk}
Analysis View: view1
Retime Analysis { Data Path-Slew }
Other End Arrival Time          0.010
- Setup                         0.261
+ Phase Shift                   5.200
- Uncertainty                   0.010
= Required Time                 4.939
- Arrival Time                  2.958
= Slack Time                    1.980
= Slack Time(original)          1.898
     Clock Rise Edge                      0.000
     + Source Insertion Delay             0.010
     = Beginpoint Arrival Time            0.010
     Timing Path:
     +------------------------------------------------------------------------------------------------+ 
     |                Instance                |     Arc     |   Cell    | Retime | Arrival | Required | 
     |                                        |             |           |  Delay |  Time   |   Time   | 
     |----------------------------------------+-------------+-----------+--------+---------+----------| 
     |                                        | clk ^       |           |        |   0.010 |    1.990 | 
     | u_vehicle_interface/id_to_check_reg[3] |             | SDFFQX1   |  0.000 |   0.010 |    1.990 | 
     | u_vehicle_interface/id_to_check_reg[3] | CK ^ -> Q ^ | SDFFQX1   |  0.338 |   0.348 |    2.329 | 
     | g222                                   |             | BUFX6     |  0.000 |   0.348 |    2.329 | 
     | g222                                   | A ^ -> Y ^  | BUFX6     |  0.176 |   0.525 |    2.505 | 
     | u_account_balance/g13463               |             | INVX8     |  0.000 |   0.525 |    2.505 | 
     | u_account_balance/g13463               | A ^ -> Y v  | INVX8     |  0.065 |   0.589 |    2.570 | 
     | u_account_balance/g13456               |             | CLKAND2X3 |  0.000 |   0.589 |    2.570 | 
     | u_account_balance/g13456               | B v -> Y v  | CLKAND2X3 |  0.148 |   0.737 |    2.718 | 
     | u_account_balance/g13449               |             | CLKINVX2  |  0.000 |   0.737 |    2.718 | 
     | u_account_balance/g13449               | A v -> Y ^  | CLKINVX2  |  0.063 |   0.801 |    2.781 | 
     | u_account_balance/g13398               |             | NOR2BXL   |  0.000 |   0.801 |    2.781 | 
     | u_account_balance/g13398               | B ^ -> Y v  | NOR2BXL   |  0.053 |   0.854 |    2.834 | 
     | u_account_balance/g13286               |             | AOI221X1  |  0.000 |   0.854 |    2.834 | 
     | u_account_balance/g13286               | C0 v -> Y ^ | AOI221X1  |  0.109 |   0.963 |    2.944 | 
     | u_account_balance/g13252               |             | NOR2XL    |  0.000 |   0.963 |    2.944 | 
     | u_account_balance/g13252               | B ^ -> Y v  | NOR2XL    |  0.055 |   1.018 |    2.998 | 
     | u_account_balance/g13237               |             | NOR2XL    |  0.000 |   1.018 |    2.998 | 
     | u_account_balance/g13237               | B v -> Y ^  | NOR2XL    |  0.078 |   1.096 |    3.076 | 
     | u_account_balance/g13223               |             | NAND2XL   |  0.000 |   1.096 |    3.076 | 
     | u_account_balance/g13223               | B ^ -> Y v  | NAND2XL   |  0.089 |   1.185 |    3.165 | 
     | u_account_balance/g13210               |             | NOR2X1    |  0.000 |   1.185 |    3.165 | 
     | u_account_balance/g13210               | B v -> Y ^  | NOR2X1    |  0.112 |   1.297 |    3.277 | 
     | u_account_balance/g13194               |             | OAI21X1   |  0.000 |   1.297 |    3.277 | 
     | u_account_balance/g13194               | B0 ^ -> Y v | OAI21X1   |  0.098 |   1.394 |    3.375 | 
     | u_account_balance/g13192               |             | NOR2X1    |  0.000 |   1.394 |    3.375 | 
     | u_account_balance/g13192               | B v -> Y ^  | NOR2X1    |  0.153 |   1.547 |    3.527 | 
     | u_account_balance/g13187               |             | NAND2X1   |  0.000 |   1.547 |    3.527 | 
     | u_account_balance/g13187               | B ^ -> Y v  | NAND2X1   |  0.137 |   1.684 |    3.664 | 
     | u_account_balance/g13184               |             | OR4X1     |  0.000 |   1.684 |    3.664 | 
     | u_account_balance/g13184               | D v -> Y v  | OR4X1     |  0.296 |   1.980 |    3.960 | 
     | u_account_balance/g13179               |             | OR2X1     |  0.000 |   1.980 |    3.960 | 
     | u_account_balance/g13179               | B v -> Y v  | OR2X1     |  0.195 |   2.175 |    4.155 | 
     | u_account_balance/g13170               |             | NAND2X1   |  0.000 |   2.175 |    4.155 | 
     | u_account_balance/g13170               | B v -> Y ^  | NAND2X1   |  0.080 |   2.256 |    4.236 | 
     | u_account_balance/g4361                |             | OR2X1     |  0.000 |   2.256 |    4.236 | 
     | u_account_balance/g4361                | B ^ -> Y ^  | OR2X1     |  0.128 |   2.383 |    4.364 | 
     | u_account_balance/g4357                |             | NAND2XL   |  0.000 |   2.383 |    4.364 | 
     | u_account_balance/g4357                | B ^ -> Y v  | NAND2XL   |  0.115 |   2.499 |    4.479 | 
     | u_account_balance/g4343                |             | NAND2XL   |  0.000 |   2.499 |    4.479 | 
     | u_account_balance/g4343                | A v -> Y ^  | NAND2XL   |  0.270 |   2.769 |    4.749 | 
     | u_account_balance/g4304                |             | AO22XL    |  0.000 |   2.769 |    4.749 | 
     | u_account_balance/g4304                | A0 ^ -> Y ^ | AO22XL    |  0.190 |   2.958 |    4.939 | 
     | u_account_balance/balance_db_reg[2][7] |             | SDFFQX1   |  0.000 |   2.958 |    4.939 | 
     +------------------------------------------------------------------------------------------------+ 
     Clock Rise Edge                      0.000
     + Source Insertion Delay             0.010
     = Beginpoint Arrival Time            0.010
     Other End Path:
     +----------------------------------------------------------------------------------------+ 
     |                Instance                |  Arc  |  Cell   | Retime | Arrival | Required | 
     |                                        |       |         |  Delay |  Time   |   Time   | 
     |----------------------------------------+-------+---------+--------+---------+----------| 
     |                                        | clk ^ |         |        |   0.010 |   -1.970 | 
     | u_account_balance/balance_db_reg[2][7] |       | SDFFQX1 |  0.000 |   0.010 |   -1.970 | 
     +----------------------------------------------------------------------------------------+ 
Path 21: MET Setup Check with Pin u_account_balance/balance_db_reg[2][7]/CK 
Endpoint:   u_account_balance/balance_db_reg[2][7]/D (^) checked with  leading 
edge of 'clk'
Beginpoint: u_vehicle_interface/id_to_check_reg[3]/Q (^) triggered by  leading 
edge of 'clk'
Path Groups: {clk}
Analysis View: view1
Retime Analysis { Data Path-Slew }
Other End Arrival Time          0.010
- Setup                         0.261
+ Phase Shift                   5.200
- Uncertainty                   0.010
= Required Time                 4.939
- Arrival Time                  2.937
= Slack Time                    2.002
= Slack Time(original)          1.898
     Clock Rise Edge                      0.000
     + Source Insertion Delay             0.010
     = Beginpoint Arrival Time            0.010
     Timing Path:
     +------------------------------------------------------------------------------------------------+ 
     |                Instance                |     Arc     |   Cell    | Retime | Arrival | Required | 
     |                                        |             |           |  Delay |  Time   |   Time   | 
     |----------------------------------------+-------------+-----------+--------+---------+----------| 
     |                                        | clk ^       |           |        |   0.010 |    2.012 | 
     | u_vehicle_interface/id_to_check_reg[3] |             | SDFFQX1   |  0.000 |   0.010 |    2.012 | 
     | u_vehicle_interface/id_to_check_reg[3] | CK ^ -> Q ^ | SDFFQX1   |  0.338 |   0.348 |    2.350 | 
     | g222                                   |             | BUFX6     |  0.000 |   0.348 |    2.350 | 
     | g222                                   | A ^ -> Y ^  | BUFX6     |  0.176 |   0.525 |    2.526 | 
     | u_account_balance/g13463               |             | INVX8     |  0.000 |   0.525 |    2.526 | 
     | u_account_balance/g13463               | A ^ -> Y v  | INVX8     |  0.065 |   0.589 |    2.591 | 
     | u_account_balance/g13456               |             | CLKAND2X3 |  0.000 |   0.589 |    2.591 | 
     | u_account_balance/g13456               | B v -> Y v  | CLKAND2X3 |  0.148 |   0.737 |    2.739 | 
     | u_account_balance/g13449               |             | CLKINVX2  |  0.000 |   0.737 |    2.739 | 
     | u_account_balance/g13449               | A v -> Y ^  | CLKINVX2  |  0.063 |   0.801 |    2.802 | 
     | u_account_balance/g13398               |             | NOR2BXL   |  0.000 |   0.801 |    2.802 | 
     | u_account_balance/g13398               | B ^ -> Y v  | NOR2BXL   |  0.053 |   0.854 |    2.856 | 
     | u_account_balance/g13286               |             | AOI221X1  |  0.000 |   0.854 |    2.856 | 
     | u_account_balance/g13286               | C0 v -> Y ^ | AOI221X1  |  0.062 |   0.916 |    2.917 | 
     | u_account_balance/g13252               |             | NOR2XL    |  0.000 |   0.916 |    2.917 | 
     | u_account_balance/g13252               | B ^ -> Y v  | NOR2XL    |  0.045 |   0.961 |    2.962 | 
     | u_account_balance/g13237               |             | NOR2XL    |  0.000 |   0.961 |    2.962 | 
     | u_account_balance/g13237               | B v -> Y ^  | NOR2XL    |  0.072 |   1.033 |    3.035 | 
     | u_account_balance/g13223               |             | NAND2XL   |  0.000 |   1.033 |    3.035 | 
     | u_account_balance/g13223               | B ^ -> Y v  | NAND2XL   |  0.088 |   1.122 |    3.123 | 
     | u_account_balance/g13210               |             | NOR2X1    |  0.000 |   1.122 |    3.123 | 
     | u_account_balance/g13210               | B v -> Y ^  | NOR2X1    |  0.112 |   1.233 |    3.235 | 
     | u_account_balance/g13194               |             | OAI21X1   |  0.000 |   1.233 |    3.235 | 
     | u_account_balance/g13194               | B0 ^ -> Y v | OAI21X1   |  0.128 |   1.362 |    3.363 | 
     | u_account_balance/g13192               |             | NOR2X1    |  0.000 |   1.362 |    3.363 | 
     | u_account_balance/g13192               | B v -> Y ^  | NOR2X1    |  0.163 |   1.525 |    3.527 | 
     | u_account_balance/g13187               |             | NAND2X1   |  0.000 |   1.525 |    3.527 | 
     | u_account_balance/g13187               | B ^ -> Y v  | NAND2X1   |  0.137 |   1.662 |    3.664 | 
     | u_account_balance/g13184               |             | OR4X1     |  0.000 |   1.662 |    3.664 | 
     | u_account_balance/g13184               | D v -> Y v  | OR4X1     |  0.296 |   1.959 |    3.960 | 
     | u_account_balance/g13179               |             | OR2X1     |  0.000 |   1.959 |    3.960 | 
     | u_account_balance/g13179               | B v -> Y v  | OR2X1     |  0.195 |   2.154 |    4.155 | 
     | u_account_balance/g13170               |             | NAND2X1   |  0.000 |   2.154 |    4.155 | 
     | u_account_balance/g13170               | B v -> Y ^  | NAND2X1   |  0.080 |   2.234 |    4.236 | 
     | u_account_balance/g4361                |             | OR2X1     |  0.000 |   2.234 |    4.236 | 
     | u_account_balance/g4361                | B ^ -> Y ^  | OR2X1     |  0.128 |   2.362 |    4.364 | 
     | u_account_balance/g4357                |             | NAND2XL   |  0.000 |   2.362 |    4.364 | 
     | u_account_balance/g4357                | B ^ -> Y v  | NAND2XL   |  0.115 |   2.477 |    4.479 | 
     | u_account_balance/g4343                |             | NAND2XL   |  0.000 |   2.477 |    4.479 | 
     | u_account_balance/g4343                | A v -> Y ^  | NAND2XL   |  0.270 |   2.748 |    4.749 | 
     | u_account_balance/g4304                |             | AO22XL    |  0.000 |   2.748 |    4.749 | 
     | u_account_balance/g4304                | A0 ^ -> Y ^ | AO22XL    |  0.190 |   2.937 |    4.939 | 
     | u_account_balance/balance_db_reg[2][7] |             | SDFFQX1   |  0.000 |   2.937 |    4.939 | 
     +------------------------------------------------------------------------------------------------+ 
     Clock Rise Edge                      0.000
     + Source Insertion Delay             0.010
     = Beginpoint Arrival Time            0.010
     Other End Path:
     +----------------------------------------------------------------------------------------+ 
     |                Instance                |  Arc  |  Cell   | Retime | Arrival | Required | 
     |                                        |       |         |  Delay |  Time   |   Time   | 
     |----------------------------------------+-------+---------+--------+---------+----------| 
     |                                        | clk ^ |         |        |   0.010 |   -1.992 | 
     | u_account_balance/balance_db_reg[2][7] |       | SDFFQX1 |  0.000 |   0.010 |   -1.992 | 
     +----------------------------------------------------------------------------------------+ 
Path 22: MET Setup Check with Pin u_account_balance/balance_db_reg[2][11]/CK 
Endpoint:   u_account_balance/balance_db_reg[2][11]/D (^) checked with  leading 
edge of 'clk'
Beginpoint: u_vehicle_interface/id_to_check_reg[3]/Q  (^) triggered by  leading 
edge of 'clk'
Path Groups: {clk}
Analysis View: view1
Retime Analysis { Data Path-Slew }
Other End Arrival Time          0.010
- Setup                         0.261
+ Phase Shift                   5.200
- Uncertainty                   0.010
= Required Time                 4.939
- Arrival Time                  2.895
= Slack Time                    2.044
= Slack Time(original)          1.898
     Clock Rise Edge                      0.000
     + Source Insertion Delay             0.010
     = Beginpoint Arrival Time            0.010
     Timing Path:
     +-------------------------------------------------------------------------------------------------+ 
     |                Instance                 |     Arc     |   Cell    | Retime | Arrival | Required | 
     |                                         |             |           |  Delay |  Time   |   Time   | 
     |-----------------------------------------+-------------+-----------+--------+---------+----------| 
     |                                         | clk ^       |           |        |   0.010 |    2.054 | 
     | u_vehicle_interface/id_to_check_reg[3]  |             | SDFFQX1   |  0.000 |   0.010 |    2.054 | 
     | u_vehicle_interface/id_to_check_reg[3]  | CK ^ -> Q ^ | SDFFQX1   |  0.338 |   0.348 |    2.392 | 
     | g222                                    |             | BUFX6     |  0.000 |   0.348 |    2.392 | 
     | g222                                    | A ^ -> Y ^  | BUFX6     |  0.176 |   0.525 |    2.568 | 
     | u_account_balance/g13463                |             | INVX8     |  0.000 |   0.525 |    2.568 | 
     | u_account_balance/g13463                | A ^ -> Y v  | INVX8     |  0.065 |   0.589 |    2.633 | 
     | u_account_balance/g13456                |             | CLKAND2X3 |  0.000 |   0.589 |    2.633 | 
     | u_account_balance/g13456                | B v -> Y v  | CLKAND2X3 |  0.148 |   0.737 |    2.781 | 
     | u_account_balance/g13449                |             | CLKINVX2  |  0.000 |   0.737 |    2.781 | 
     | u_account_balance/g13449                | A v -> Y ^  | CLKINVX2  |  0.063 |   0.801 |    2.844 | 
     | u_account_balance/g13398                |             | NOR2BXL   |  0.000 |   0.801 |    2.844 | 
     | u_account_balance/g13398                | B ^ -> Y v  | NOR2BXL   |  0.053 |   0.854 |    2.898 | 
     | u_account_balance/g13286                |             | AOI221X1  |  0.000 |   0.854 |    2.898 | 
     | u_account_balance/g13286                | C0 v -> Y ^ | AOI221X1  |  0.062 |   0.916 |    2.959 | 
     | u_account_balance/g13252                |             | NOR2XL    |  0.000 |   0.916 |    2.959 | 
     | u_account_balance/g13252                | B ^ -> Y v  | NOR2XL    |  0.045 |   0.961 |    3.004 | 
     | u_account_balance/g13237                |             | NOR2XL    |  0.000 |   0.961 |    3.004 | 
     | u_account_balance/g13237                | B v -> Y ^  | NOR2XL    |  0.072 |   1.033 |    3.077 | 
     | u_account_balance/g13223                |             | NAND2XL   |  0.000 |   1.033 |    3.077 | 
     | u_account_balance/g13223                | B ^ -> Y v  | NAND2XL   |  0.088 |   1.122 |    3.165 | 
     | u_account_balance/g13210                |             | NOR2X1    |  0.000 |   1.122 |    3.165 | 
     | u_account_balance/g13210                | B v -> Y ^  | NOR2X1    |  0.112 |   1.233 |    3.277 | 
     | u_account_balance/g13194                |             | OAI21X1   |  0.000 |   1.233 |    3.277 | 
     | u_account_balance/g13194                | B0 ^ -> Y v | OAI21X1   |  0.098 |   1.331 |    3.375 | 
     | u_account_balance/g13192                |             | NOR2X1    |  0.000 |   1.331 |    3.375 | 
     | u_account_balance/g13192                | B v -> Y ^  | NOR2X1    |  0.153 |   1.484 |    3.527 | 
     | u_account_balance/g13187                |             | NAND2X1   |  0.000 |   1.484 |    3.527 | 
     | u_account_balance/g13187                | B ^ -> Y v  | NAND2X1   |  0.137 |   1.620 |    3.664 | 
     | u_account_balance/g13184                |             | OR4X1     |  0.000 |   1.620 |    3.664 | 
     | u_account_balance/g13184                | D v -> Y v  | OR4X1     |  0.296 |   1.917 |    3.960 | 
     | u_account_balance/g13179                |             | OR2X1     |  0.000 |   1.917 |    3.960 | 
     | u_account_balance/g13179                | B v -> Y v  | OR2X1     |  0.195 |   2.112 |    4.155 | 
     | u_account_balance/g13170                |             | NAND2X1   |  0.000 |   2.112 |    4.155 | 
     | u_account_balance/g13170                | B v -> Y ^  | NAND2X1   |  0.080 |   2.192 |    4.236 | 
     | u_account_balance/g4361                 |             | OR2X1     |  0.000 |   2.192 |    4.236 | 
     | u_account_balance/g4361                 | B ^ -> Y ^  | OR2X1     |  0.128 |   2.320 |    4.364 | 
     | u_account_balance/g4357                 |             | NAND2XL   |  0.000 |   2.320 |    4.364 | 
     | u_account_balance/g4357                 | B ^ -> Y v  | NAND2XL   |  0.115 |   2.435 |    4.479 | 
     | u_account_balance/g4343                 |             | NAND2XL   |  0.000 |   2.435 |    4.479 | 
     | u_account_balance/g4343                 | A v -> Y ^  | NAND2XL   |  0.270 |   2.706 |    4.749 | 
     | u_account_balance/g4307                 |             | AO22XL    |  0.000 |   2.706 |    4.749 | 
     | u_account_balance/g4307                 | A0 ^ -> Y ^ | AO22XL    |  0.190 |   2.895 |    4.939 | 
     | u_account_balance/balance_db_reg[2][11] |             | SDFFQX1   |  0.000 |   2.895 |    4.939 | 
     +-------------------------------------------------------------------------------------------------+ 
     Clock Rise Edge                      0.000
     + Source Insertion Delay             0.010
     = Beginpoint Arrival Time            0.010
     Other End Path:
     +-----------------------------------------------------------------------------------------+ 
     |                Instance                 |  Arc  |  Cell   | Retime | Arrival | Required | 
     |                                         |       |         |  Delay |  Time   |   Time   | 
     |-----------------------------------------+-------+---------+--------+---------+----------| 
     |                                         | clk ^ |         |        |   0.010 |   -2.034 | 
     | u_account_balance/balance_db_reg[2][11] |       | SDFFQX1 |  0.000 |   0.010 |   -2.034 | 
     +-----------------------------------------------------------------------------------------+ 
Path 23: MET Setup Check with Pin u_account_balance/balance_db_reg[2][9]/CK 
Endpoint:   u_account_balance/balance_db_reg[2][9]/D (^) checked with  leading 
edge of 'clk'
Beginpoint: u_vehicle_interface/id_to_check_reg[3]/Q (^) triggered by  leading 
edge of 'clk'
Path Groups: {clk}
Analysis View: view1
Retime Analysis { Data Path-Slew }
Other End Arrival Time          0.010
- Setup                         0.261
+ Phase Shift                   5.200
- Uncertainty                   0.010
= Required Time                 4.939
- Arrival Time                  2.895
= Slack Time                    2.044
= Slack Time(original)          1.898
     Clock Rise Edge                      0.000
     + Source Insertion Delay             0.010
     = Beginpoint Arrival Time            0.010
     Timing Path:
     +------------------------------------------------------------------------------------------------+ 
     |                Instance                |     Arc     |   Cell    | Retime | Arrival | Required | 
     |                                        |             |           |  Delay |  Time   |   Time   | 
     |----------------------------------------+-------------+-----------+--------+---------+----------| 
     |                                        | clk ^       |           |        |   0.010 |    2.054 | 
     | u_vehicle_interface/id_to_check_reg[3] |             | SDFFQX1   |  0.000 |   0.010 |    2.054 | 
     | u_vehicle_interface/id_to_check_reg[3] | CK ^ -> Q ^ | SDFFQX1   |  0.338 |   0.348 |    2.392 | 
     | g222                                   |             | BUFX6     |  0.000 |   0.348 |    2.392 | 
     | g222                                   | A ^ -> Y ^  | BUFX6     |  0.176 |   0.525 |    2.568 | 
     | u_account_balance/g13463               |             | INVX8     |  0.000 |   0.525 |    2.568 | 
     | u_account_balance/g13463               | A ^ -> Y v  | INVX8     |  0.065 |   0.589 |    2.633 | 
     | u_account_balance/g13456               |             | CLKAND2X3 |  0.000 |   0.589 |    2.633 | 
     | u_account_balance/g13456               | B v -> Y v  | CLKAND2X3 |  0.148 |   0.737 |    2.781 | 
     | u_account_balance/g13449               |             | CLKINVX2  |  0.000 |   0.737 |    2.781 | 
     | u_account_balance/g13449               | A v -> Y ^  | CLKINVX2  |  0.063 |   0.801 |    2.844 | 
     | u_account_balance/g13398               |             | NOR2BXL   |  0.000 |   0.801 |    2.844 | 
     | u_account_balance/g13398               | B ^ -> Y v  | NOR2BXL   |  0.053 |   0.854 |    2.898 | 
     | u_account_balance/g13286               |             | AOI221X1  |  0.000 |   0.854 |    2.898 | 
     | u_account_balance/g13286               | C0 v -> Y ^ | AOI221X1  |  0.062 |   0.916 |    2.959 | 
     | u_account_balance/g13252               |             | NOR2XL    |  0.000 |   0.916 |    2.959 | 
     | u_account_balance/g13252               | B ^ -> Y v  | NOR2XL    |  0.045 |   0.961 |    3.004 | 
     | u_account_balance/g13237               |             | NOR2XL    |  0.000 |   0.961 |    3.004 | 
     | u_account_balance/g13237               | B v -> Y ^  | NOR2XL    |  0.072 |   1.033 |    3.077 | 
     | u_account_balance/g13223               |             | NAND2XL   |  0.000 |   1.033 |    3.077 | 
     | u_account_balance/g13223               | B ^ -> Y v  | NAND2XL   |  0.088 |   1.122 |    3.165 | 
     | u_account_balance/g13210               |             | NOR2X1    |  0.000 |   1.122 |    3.165 | 
     | u_account_balance/g13210               | B v -> Y ^  | NOR2X1    |  0.112 |   1.233 |    3.277 | 
     | u_account_balance/g13194               |             | OAI21X1   |  0.000 |   1.233 |    3.277 | 
     | u_account_balance/g13194               | B0 ^ -> Y v | OAI21X1   |  0.098 |   1.331 |    3.375 | 
     | u_account_balance/g13192               |             | NOR2X1    |  0.000 |   1.331 |    3.375 | 
     | u_account_balance/g13192               | B v -> Y ^  | NOR2X1    |  0.153 |   1.484 |    3.527 | 
     | u_account_balance/g13187               |             | NAND2X1   |  0.000 |   1.484 |    3.527 | 
     | u_account_balance/g13187               | B ^ -> Y v  | NAND2X1   |  0.137 |   1.620 |    3.664 | 
     | u_account_balance/g13184               |             | OR4X1     |  0.000 |   1.620 |    3.664 | 
     | u_account_balance/g13184               | D v -> Y v  | OR4X1     |  0.296 |   1.917 |    3.960 | 
     | u_account_balance/g13179               |             | OR2X1     |  0.000 |   1.917 |    3.960 | 
     | u_account_balance/g13179               | B v -> Y v  | OR2X1     |  0.195 |   2.112 |    4.155 | 
     | u_account_balance/g13170               |             | NAND2X1   |  0.000 |   2.112 |    4.155 | 
     | u_account_balance/g13170               | B v -> Y ^  | NAND2X1   |  0.080 |   2.192 |    4.236 | 
     | u_account_balance/g4361                |             | OR2X1     |  0.000 |   2.192 |    4.236 | 
     | u_account_balance/g4361                | B ^ -> Y ^  | OR2X1     |  0.128 |   2.320 |    4.364 | 
     | u_account_balance/g4357                |             | NAND2XL   |  0.000 |   2.320 |    4.364 | 
     | u_account_balance/g4357                | B ^ -> Y v  | NAND2XL   |  0.115 |   2.435 |    4.479 | 
     | u_account_balance/g4343                |             | NAND2XL   |  0.000 |   2.435 |    4.479 | 
     | u_account_balance/g4343                | A v -> Y ^  | NAND2XL   |  0.270 |   2.706 |    4.749 | 
     | u_account_balance/g4306                |             | AO22XL    |  0.000 |   2.706 |    4.749 | 
     | u_account_balance/g4306                | A0 ^ -> Y ^ | AO22XL    |  0.190 |   2.895 |    4.939 | 
     | u_account_balance/balance_db_reg[2][9] |             | SDFFQX1   |  0.000 |   2.895 |    4.939 | 
     +------------------------------------------------------------------------------------------------+ 
     Clock Rise Edge                      0.000
     + Source Insertion Delay             0.010
     = Beginpoint Arrival Time            0.010
     Other End Path:
     +----------------------------------------------------------------------------------------+ 
     |                Instance                |  Arc  |  Cell   | Retime | Arrival | Required | 
     |                                        |       |         |  Delay |  Time   |   Time   | 
     |----------------------------------------+-------+---------+--------+---------+----------| 
     |                                        | clk ^ |         |        |   0.010 |   -2.034 | 
     | u_account_balance/balance_db_reg[2][9] |       | SDFFQX1 |  0.000 |   0.010 |   -2.034 | 
     +----------------------------------------------------------------------------------------+ 
Path 24: MET Setup Check with Pin u_account_balance/balance_db_reg[2][7]/CK 
Endpoint:   u_account_balance/balance_db_reg[2][7]/D (^) checked with  leading 
edge of 'clk'
Beginpoint: u_vehicle_interface/id_to_check_reg[3]/Q (^) triggered by  leading 
edge of 'clk'
Path Groups: {clk}
Analysis View: view1
Retime Analysis { Data Path-Slew }
Other End Arrival Time          0.010
- Setup                         0.261
+ Phase Shift                   5.200
- Uncertainty                   0.010
= Required Time                 4.939
- Arrival Time                  2.895
= Slack Time                    2.044
= Slack Time(original)          1.898
     Clock Rise Edge                      0.000
     + Source Insertion Delay             0.010
     = Beginpoint Arrival Time            0.010
     Timing Path:
     +------------------------------------------------------------------------------------------------+ 
     |                Instance                |     Arc     |   Cell    | Retime | Arrival | Required | 
     |                                        |             |           |  Delay |  Time   |   Time   | 
     |----------------------------------------+-------------+-----------+--------+---------+----------| 
     |                                        | clk ^       |           |        |   0.010 |    2.054 | 
     | u_vehicle_interface/id_to_check_reg[3] |             | SDFFQX1   |  0.000 |   0.010 |    2.054 | 
     | u_vehicle_interface/id_to_check_reg[3] | CK ^ -> Q ^ | SDFFQX1   |  0.338 |   0.348 |    2.392 | 
     | g222                                   |             | BUFX6     |  0.000 |   0.348 |    2.392 | 
     | g222                                   | A ^ -> Y ^  | BUFX6     |  0.176 |   0.525 |    2.568 | 
     | u_account_balance/g13463               |             | INVX8     |  0.000 |   0.525 |    2.568 | 
     | u_account_balance/g13463               | A ^ -> Y v  | INVX8     |  0.065 |   0.589 |    2.633 | 
     | u_account_balance/g13456               |             | CLKAND2X3 |  0.000 |   0.589 |    2.633 | 
     | u_account_balance/g13456               | B v -> Y v  | CLKAND2X3 |  0.148 |   0.737 |    2.781 | 
     | u_account_balance/g13449               |             | CLKINVX2  |  0.000 |   0.737 |    2.781 | 
     | u_account_balance/g13449               | A v -> Y ^  | CLKINVX2  |  0.063 |   0.801 |    2.844 | 
     | u_account_balance/g13398               |             | NOR2BXL   |  0.000 |   0.801 |    2.844 | 
     | u_account_balance/g13398               | B ^ -> Y v  | NOR2BXL   |  0.053 |   0.854 |    2.898 | 
     | u_account_balance/g13286               |             | AOI221X1  |  0.000 |   0.854 |    2.898 | 
     | u_account_balance/g13286               | C0 v -> Y ^ | AOI221X1  |  0.062 |   0.916 |    2.959 | 
     | u_account_balance/g13252               |             | NOR2XL    |  0.000 |   0.916 |    2.959 | 
     | u_account_balance/g13252               | B ^ -> Y v  | NOR2XL    |  0.045 |   0.961 |    3.004 | 
     | u_account_balance/g13237               |             | NOR2XL    |  0.000 |   0.961 |    3.004 | 
     | u_account_balance/g13237               | B v -> Y ^  | NOR2XL    |  0.072 |   1.033 |    3.077 | 
     | u_account_balance/g13223               |             | NAND2XL   |  0.000 |   1.033 |    3.077 | 
     | u_account_balance/g13223               | B ^ -> Y v  | NAND2XL   |  0.088 |   1.122 |    3.165 | 
     | u_account_balance/g13210               |             | NOR2X1    |  0.000 |   1.122 |    3.165 | 
     | u_account_balance/g13210               | B v -> Y ^  | NOR2X1    |  0.112 |   1.233 |    3.277 | 
     | u_account_balance/g13194               |             | OAI21X1   |  0.000 |   1.233 |    3.277 | 
     | u_account_balance/g13194               | B0 ^ -> Y v | OAI21X1   |  0.098 |   1.331 |    3.375 | 
     | u_account_balance/g13192               |             | NOR2X1    |  0.000 |   1.331 |    3.375 | 
     | u_account_balance/g13192               | B v -> Y ^  | NOR2X1    |  0.153 |   1.484 |    3.527 | 
     | u_account_balance/g13187               |             | NAND2X1   |  0.000 |   1.484 |    3.527 | 
     | u_account_balance/g13187               | B ^ -> Y v  | NAND2X1   |  0.137 |   1.620 |    3.664 | 
     | u_account_balance/g13184               |             | OR4X1     |  0.000 |   1.620 |    3.664 | 
     | u_account_balance/g13184               | D v -> Y v  | OR4X1     |  0.296 |   1.917 |    3.960 | 
     | u_account_balance/g13179               |             | OR2X1     |  0.000 |   1.917 |    3.960 | 
     | u_account_balance/g13179               | B v -> Y v  | OR2X1     |  0.195 |   2.112 |    4.155 | 
     | u_account_balance/g13170               |             | NAND2X1   |  0.000 |   2.112 |    4.155 | 
     | u_account_balance/g13170               | B v -> Y ^  | NAND2X1   |  0.080 |   2.192 |    4.236 | 
     | u_account_balance/g4361                |             | OR2X1     |  0.000 |   2.192 |    4.236 | 
     | u_account_balance/g4361                | B ^ -> Y ^  | OR2X1     |  0.128 |   2.320 |    4.364 | 
     | u_account_balance/g4357                |             | NAND2XL   |  0.000 |   2.320 |    4.364 | 
     | u_account_balance/g4357                | B ^ -> Y v  | NAND2XL   |  0.115 |   2.435 |    4.479 | 
     | u_account_balance/g4343                |             | NAND2XL   |  0.000 |   2.435 |    4.479 | 
     | u_account_balance/g4343                | A v -> Y ^  | NAND2XL   |  0.270 |   2.706 |    4.749 | 
     | u_account_balance/g4304                |             | AO22XL    |  0.000 |   2.706 |    4.749 | 
     | u_account_balance/g4304                | A0 ^ -> Y ^ | AO22XL    |  0.190 |   2.895 |    4.939 | 
     | u_account_balance/balance_db_reg[2][7] |             | SDFFQX1   |  0.000 |   2.895 |    4.939 | 
     +------------------------------------------------------------------------------------------------+ 
     Clock Rise Edge                      0.000
     + Source Insertion Delay             0.010
     = Beginpoint Arrival Time            0.010
     Other End Path:
     +----------------------------------------------------------------------------------------+ 
     |                Instance                |  Arc  |  Cell   | Retime | Arrival | Required | 
     |                                        |       |         |  Delay |  Time   |   Time   | 
     |----------------------------------------+-------+---------+--------+---------+----------| 
     |                                        | clk ^ |         |        |   0.010 |   -2.034 | 
     | u_account_balance/balance_db_reg[2][7] |       | SDFFQX1 |  0.000 |   0.010 |   -2.034 | 
     +----------------------------------------------------------------------------------------+ 
Path 25: MET Setup Check with Pin u_account_balance/balance_db_reg[2][11]/CK 
Endpoint:   u_account_balance/balance_db_reg[2][11]/D (^) checked with  leading 
edge of 'clk'
Beginpoint: u_vehicle_interface/id_to_check_reg[3]/Q  (v) triggered by  leading 
edge of 'clk'
Path Groups: {clk}
Analysis View: view1
Retime Analysis { Data Path-Slew }
Other End Arrival Time          0.010
- Setup                         0.267
+ Phase Shift                   5.200
- Uncertainty                   0.010
= Required Time                 4.933
- Arrival Time                  2.995
= Slack Time                    1.938
= Slack Time(original)          1.900
     Clock Rise Edge                      0.000
     + Source Insertion Delay             0.010
     = Beginpoint Arrival Time            0.010
     Timing Path:
     +-------------------------------------------------------------------------------------------------+ 
     |                Instance                 |     Arc     |   Cell    | Retime | Arrival | Required | 
     |                                         |             |           |  Delay |  Time   |   Time   | 
     |-----------------------------------------+-------------+-----------+--------+---------+----------| 
     |                                         | clk ^       |           |        |   0.010 |    1.948 | 
     | u_vehicle_interface/id_to_check_reg[3]  |             | SDFFQX1   |  0.000 |   0.010 |    1.948 | 
     | u_vehicle_interface/id_to_check_reg[3]  | CK ^ -> Q v | SDFFQX1   |  0.381 |   0.391 |    2.329 | 
     | g222                                    |             | BUFX6     |  0.000 |   0.391 |    2.329 | 
     | g222                                    | A v -> Y v  | BUFX6     |  0.172 |   0.563 |    2.502 | 
     | u_account_balance/g13463                |             | INVX8     |  0.000 |   0.563 |    2.502 | 
     | u_account_balance/g13463                | A v -> Y ^  | INVX8     |  0.075 |   0.638 |    2.577 | 
     | u_account_balance/g13456                |             | CLKAND2X3 |  0.000 |   0.638 |    2.577 | 
     | u_account_balance/g13456                | B ^ -> Y ^  | CLKAND2X3 |  0.140 |   0.778 |    2.716 | 
     | u_account_balance/g13449                |             | CLKINVX2  |  0.000 |   0.778 |    2.716 | 
     | u_account_balance/g13449                | A ^ -> Y v  | CLKINVX2  |  0.055 |   0.833 |    2.772 | 
     | u_account_balance/g13376                |             | OAI21X1   |  0.000 |   0.833 |    2.772 | 
     | u_account_balance/g13376                | A1 v -> Y ^ | OAI21X1   |  0.086 |   0.920 |    2.858 | 
     | u_account_balance/g13256                |             | NOR3X1    |  0.000 |   0.920 |    2.858 | 
     | u_account_balance/g13256                | C ^ -> Y v  | NOR3X1    |  0.067 |   0.986 |    2.925 | 
     | u_account_balance/g13221                |             | NOR2X2    |  0.000 |   0.986 |    2.925 | 
     | u_account_balance/g13221                | A v -> Y ^  | NOR2X2    |  0.080 |   1.067 |    3.005 | 
     | u_account_balance/g13474                |             | OAI2BB1X2 |  0.000 |   1.067 |    3.005 | 
     | u_account_balance/g13474                | B0 ^ -> Y v | OAI2BB1X2 |  0.111 |   1.178 |    3.116 | 
     | u_account_balance/g13202                |             | NOR2X2    |  0.000 |   1.178 |    3.116 | 
     | u_account_balance/g13202                | B v -> Y ^  | NOR2X2    |  0.113 |   1.291 |    3.229 | 
     | u_account_balance/g13194                |             | OAI21X1   |  0.000 |   1.291 |    3.229 | 
     | u_account_balance/g13194                | A1 ^ -> Y v | OAI21X1   |  0.122 |   1.413 |    3.351 | 
     | u_account_balance/g13192                |             | NOR2X1    |  0.000 |   1.413 |    3.351 | 
     | u_account_balance/g13192                | B v -> Y ^  | NOR2X1    |  0.159 |   1.572 |    3.510 | 
     | u_account_balance/g13187                |             | NAND2X1   |  0.000 |   1.572 |    3.510 | 
     | u_account_balance/g13187                | B ^ -> Y v  | NAND2X1   |  0.137 |   1.708 |    3.647 | 
     | u_account_balance/g13184                |             | OR4X1     |  0.000 |   1.708 |    3.647 | 
     | u_account_balance/g13184                | D v -> Y v  | OR4X1     |  0.296 |   2.005 |    3.943 | 
     | u_account_balance/g13179                |             | OR2X1     |  0.000 |   2.005 |    3.943 | 
     | u_account_balance/g13179                | B v -> Y v  | OR2X1     |  0.195 |   2.200 |    4.138 | 
     | u_account_balance/g13170                |             | NAND2X1   |  0.000 |   2.200 |    4.138 | 
     | u_account_balance/g13170                | B v -> Y ^  | NAND2X1   |  0.080 |   2.280 |    4.219 | 
     | u_account_balance/g4361                 |             | OR2X1     |  0.000 |   2.280 |    4.219 | 
     | u_account_balance/g4361                 | B ^ -> Y ^  | OR2X1     |  0.128 |   2.408 |    4.347 | 
     | u_account_balance/g4357                 |             | NAND2XL   |  0.000 |   2.408 |    4.347 | 
     | u_account_balance/g4357                 | B ^ -> Y v  | NAND2XL   |  0.115 |   2.523 |    4.462 | 
     | u_account_balance/g4343                 |             | NAND2XL   |  0.000 |   2.523 |    4.462 | 
     | u_account_balance/g4343                 | A v -> Y ^  | NAND2XL   |  0.270 |   2.794 |    4.732 | 
     | u_account_balance/g4307                 |             | AO22XL    |  0.000 |   2.794 |    4.732 | 
     | u_account_balance/g4307                 | A0 ^ -> Y ^ | AO22XL    |  0.201 |   2.995 |    4.933 | 
     | u_account_balance/balance_db_reg[2][11] |             | SDFFQX1   |  0.000 |   2.995 |    4.933 | 
     +-------------------------------------------------------------------------------------------------+ 
     Clock Rise Edge                      0.000
     + Source Insertion Delay             0.010
     = Beginpoint Arrival Time            0.010
     Other End Path:
     +-----------------------------------------------------------------------------------------+ 
     |                Instance                 |  Arc  |  Cell   | Retime | Arrival | Required | 
     |                                         |       |         |  Delay |  Time   |   Time   | 
     |-----------------------------------------+-------+---------+--------+---------+----------| 
     |                                         | clk ^ |         |        |   0.010 |   -1.928 | 
     | u_account_balance/balance_db_reg[2][11] |       | SDFFQX1 |  0.000 |   0.010 |   -1.928 | 
     +-----------------------------------------------------------------------------------------+ 
Path 26: MET Setup Check with Pin u_account_balance/balance_db_reg[2][9]/CK 
Endpoint:   u_account_balance/balance_db_reg[2][9]/D (^) checked with  leading 
edge of 'clk'
Beginpoint: u_vehicle_interface/id_to_check_reg[3]/Q (v) triggered by  leading 
edge of 'clk'
Path Groups: {clk}
Analysis View: view1
Retime Analysis { Data Path-Slew }
Other End Arrival Time          0.010
- Setup                         0.267
+ Phase Shift                   5.200
- Uncertainty                   0.010
= Required Time                 4.933
- Arrival Time                  2.995
= Slack Time                    1.938
= Slack Time(original)          1.900
     Clock Rise Edge                      0.000
     + Source Insertion Delay             0.010
     = Beginpoint Arrival Time            0.010
     Timing Path:
     +------------------------------------------------------------------------------------------------+ 
     |                Instance                |     Arc     |   Cell    | Retime | Arrival | Required | 
     |                                        |             |           |  Delay |  Time   |   Time   | 
     |----------------------------------------+-------------+-----------+--------+---------+----------| 
     |                                        | clk ^       |           |        |   0.010 |    1.948 | 
     | u_vehicle_interface/id_to_check_reg[3] |             | SDFFQX1   |  0.000 |   0.010 |    1.948 | 
     | u_vehicle_interface/id_to_check_reg[3] | CK ^ -> Q v | SDFFQX1   |  0.381 |   0.391 |    2.329 | 
     | g222                                   |             | BUFX6     |  0.000 |   0.391 |    2.329 | 
     | g222                                   | A v -> Y v  | BUFX6     |  0.172 |   0.563 |    2.502 | 
     | u_account_balance/g13463               |             | INVX8     |  0.000 |   0.563 |    2.502 | 
     | u_account_balance/g13463               | A v -> Y ^  | INVX8     |  0.075 |   0.638 |    2.577 | 
     | u_account_balance/g13456               |             | CLKAND2X3 |  0.000 |   0.638 |    2.577 | 
     | u_account_balance/g13456               | B ^ -> Y ^  | CLKAND2X3 |  0.140 |   0.778 |    2.716 | 
     | u_account_balance/g13449               |             | CLKINVX2  |  0.000 |   0.778 |    2.716 | 
     | u_account_balance/g13449               | A ^ -> Y v  | CLKINVX2  |  0.055 |   0.833 |    2.772 | 
     | u_account_balance/g13376               |             | OAI21X1   |  0.000 |   0.833 |    2.772 | 
     | u_account_balance/g13376               | A1 v -> Y ^ | OAI21X1   |  0.086 |   0.920 |    2.858 | 
     | u_account_balance/g13256               |             | NOR3X1    |  0.000 |   0.920 |    2.858 | 
     | u_account_balance/g13256               | C ^ -> Y v  | NOR3X1    |  0.067 |   0.986 |    2.925 | 
     | u_account_balance/g13221               |             | NOR2X2    |  0.000 |   0.986 |    2.925 | 
     | u_account_balance/g13221               | A v -> Y ^  | NOR2X2    |  0.080 |   1.067 |    3.005 | 
     | u_account_balance/g13474               |             | OAI2BB1X2 |  0.000 |   1.067 |    3.005 | 
     | u_account_balance/g13474               | B0 ^ -> Y v | OAI2BB1X2 |  0.111 |   1.178 |    3.116 | 
     | u_account_balance/g13202               |             | NOR2X2    |  0.000 |   1.178 |    3.116 | 
     | u_account_balance/g13202               | B v -> Y ^  | NOR2X2    |  0.113 |   1.291 |    3.229 | 
     | u_account_balance/g13194               |             | OAI21X1   |  0.000 |   1.291 |    3.229 | 
     | u_account_balance/g13194               | A1 ^ -> Y v | OAI21X1   |  0.122 |   1.413 |    3.351 | 
     | u_account_balance/g13192               |             | NOR2X1    |  0.000 |   1.413 |    3.351 | 
     | u_account_balance/g13192               | B v -> Y ^  | NOR2X1    |  0.159 |   1.572 |    3.510 | 
     | u_account_balance/g13187               |             | NAND2X1   |  0.000 |   1.572 |    3.510 | 
     | u_account_balance/g13187               | B ^ -> Y v  | NAND2X1   |  0.137 |   1.708 |    3.647 | 
     | u_account_balance/g13184               |             | OR4X1     |  0.000 |   1.708 |    3.647 | 
     | u_account_balance/g13184               | D v -> Y v  | OR4X1     |  0.296 |   2.005 |    3.943 | 
     | u_account_balance/g13179               |             | OR2X1     |  0.000 |   2.005 |    3.943 | 
     | u_account_balance/g13179               | B v -> Y v  | OR2X1     |  0.195 |   2.200 |    4.138 | 
     | u_account_balance/g13170               |             | NAND2X1   |  0.000 |   2.200 |    4.138 | 
     | u_account_balance/g13170               | B v -> Y ^  | NAND2X1   |  0.080 |   2.280 |    4.219 | 
     | u_account_balance/g4361                |             | OR2X1     |  0.000 |   2.280 |    4.219 | 
     | u_account_balance/g4361                | B ^ -> Y ^  | OR2X1     |  0.128 |   2.408 |    4.347 | 
     | u_account_balance/g4357                |             | NAND2XL   |  0.000 |   2.408 |    4.347 | 
     | u_account_balance/g4357                | B ^ -> Y v  | NAND2XL   |  0.115 |   2.523 |    4.462 | 
     | u_account_balance/g4343                |             | NAND2XL   |  0.000 |   2.523 |    4.462 | 
     | u_account_balance/g4343                | A v -> Y ^  | NAND2XL   |  0.270 |   2.794 |    4.732 | 
     | u_account_balance/g4306                |             | AO22XL    |  0.000 |   2.794 |    4.732 | 
     | u_account_balance/g4306                | A0 ^ -> Y ^ | AO22XL    |  0.201 |   2.995 |    4.933 | 
     | u_account_balance/balance_db_reg[2][9] |             | SDFFQX1   |  0.000 |   2.995 |    4.933 | 
     +------------------------------------------------------------------------------------------------+ 
     Clock Rise Edge                      0.000
     + Source Insertion Delay             0.010
     = Beginpoint Arrival Time            0.010
     Other End Path:
     +----------------------------------------------------------------------------------------+ 
     |                Instance                |  Arc  |  Cell   | Retime | Arrival | Required | 
     |                                        |       |         |  Delay |  Time   |   Time   | 
     |----------------------------------------+-------+---------+--------+---------+----------| 
     |                                        | clk ^ |         |        |   0.010 |   -1.928 | 
     | u_account_balance/balance_db_reg[2][9] |       | SDFFQX1 |  0.000 |   0.010 |   -1.928 | 
     +----------------------------------------------------------------------------------------+ 
Path 27: MET Setup Check with Pin u_account_balance/balance_db_reg[2][7]/CK 
Endpoint:   u_account_balance/balance_db_reg[2][7]/D (^) checked with  leading 
edge of 'clk'
Beginpoint: u_vehicle_interface/id_to_check_reg[3]/Q (v) triggered by  leading 
edge of 'clk'
Path Groups: {clk}
Analysis View: view1
Retime Analysis { Data Path-Slew }
Other End Arrival Time          0.010
- Setup                         0.267
+ Phase Shift                   5.200
- Uncertainty                   0.010
= Required Time                 4.933
- Arrival Time                  2.995
= Slack Time                    1.938
= Slack Time(original)          1.900
     Clock Rise Edge                      0.000
     + Source Insertion Delay             0.010
     = Beginpoint Arrival Time            0.010
     Timing Path:
     +------------------------------------------------------------------------------------------------+ 
     |                Instance                |     Arc     |   Cell    | Retime | Arrival | Required | 
     |                                        |             |           |  Delay |  Time   |   Time   | 
     |----------------------------------------+-------------+-----------+--------+---------+----------| 
     |                                        | clk ^       |           |        |   0.010 |    1.948 | 
     | u_vehicle_interface/id_to_check_reg[3] |             | SDFFQX1   |  0.000 |   0.010 |    1.948 | 
     | u_vehicle_interface/id_to_check_reg[3] | CK ^ -> Q v | SDFFQX1   |  0.381 |   0.391 |    2.329 | 
     | g222                                   |             | BUFX6     |  0.000 |   0.391 |    2.329 | 
     | g222                                   | A v -> Y v  | BUFX6     |  0.172 |   0.563 |    2.502 | 
     | u_account_balance/g13463               |             | INVX8     |  0.000 |   0.563 |    2.502 | 
     | u_account_balance/g13463               | A v -> Y ^  | INVX8     |  0.075 |   0.638 |    2.577 | 
     | u_account_balance/g13456               |             | CLKAND2X3 |  0.000 |   0.638 |    2.577 | 
     | u_account_balance/g13456               | B ^ -> Y ^  | CLKAND2X3 |  0.140 |   0.778 |    2.716 | 
     | u_account_balance/g13449               |             | CLKINVX2  |  0.000 |   0.778 |    2.716 | 
     | u_account_balance/g13449               | A ^ -> Y v  | CLKINVX2  |  0.055 |   0.833 |    2.772 | 
     | u_account_balance/g13376               |             | OAI21X1   |  0.000 |   0.833 |    2.772 | 
     | u_account_balance/g13376               | A1 v -> Y ^ | OAI21X1   |  0.086 |   0.920 |    2.858 | 
     | u_account_balance/g13256               |             | NOR3X1    |  0.000 |   0.920 |    2.858 | 
     | u_account_balance/g13256               | C ^ -> Y v  | NOR3X1    |  0.067 |   0.986 |    2.925 | 
     | u_account_balance/g13221               |             | NOR2X2    |  0.000 |   0.986 |    2.925 | 
     | u_account_balance/g13221               | A v -> Y ^  | NOR2X2    |  0.080 |   1.067 |    3.005 | 
     | u_account_balance/g13474               |             | OAI2BB1X2 |  0.000 |   1.067 |    3.005 | 
     | u_account_balance/g13474               | B0 ^ -> Y v | OAI2BB1X2 |  0.111 |   1.178 |    3.116 | 
     | u_account_balance/g13202               |             | NOR2X2    |  0.000 |   1.178 |    3.116 | 
     | u_account_balance/g13202               | B v -> Y ^  | NOR2X2    |  0.113 |   1.291 |    3.229 | 
     | u_account_balance/g13194               |             | OAI21X1   |  0.000 |   1.291 |    3.229 | 
     | u_account_balance/g13194               | A1 ^ -> Y v | OAI21X1   |  0.122 |   1.413 |    3.351 | 
     | u_account_balance/g13192               |             | NOR2X1    |  0.000 |   1.413 |    3.351 | 
     | u_account_balance/g13192               | B v -> Y ^  | NOR2X1    |  0.159 |   1.572 |    3.510 | 
     | u_account_balance/g13187               |             | NAND2X1   |  0.000 |   1.572 |    3.510 | 
     | u_account_balance/g13187               | B ^ -> Y v  | NAND2X1   |  0.137 |   1.708 |    3.647 | 
     | u_account_balance/g13184               |             | OR4X1     |  0.000 |   1.708 |    3.647 | 
     | u_account_balance/g13184               | D v -> Y v  | OR4X1     |  0.296 |   2.005 |    3.943 | 
     | u_account_balance/g13179               |             | OR2X1     |  0.000 |   2.005 |    3.943 | 
     | u_account_balance/g13179               | B v -> Y v  | OR2X1     |  0.195 |   2.200 |    4.138 | 
     | u_account_balance/g13170               |             | NAND2X1   |  0.000 |   2.200 |    4.138 | 
     | u_account_balance/g13170               | B v -> Y ^  | NAND2X1   |  0.080 |   2.280 |    4.219 | 
     | u_account_balance/g4361                |             | OR2X1     |  0.000 |   2.280 |    4.219 | 
     | u_account_balance/g4361                | B ^ -> Y ^  | OR2X1     |  0.128 |   2.408 |    4.347 | 
     | u_account_balance/g4357                |             | NAND2XL   |  0.000 |   2.408 |    4.347 | 
     | u_account_balance/g4357                | B ^ -> Y v  | NAND2XL   |  0.115 |   2.523 |    4.462 | 
     | u_account_balance/g4343                |             | NAND2XL   |  0.000 |   2.523 |    4.462 | 
     | u_account_balance/g4343                | A v -> Y ^  | NAND2XL   |  0.270 |   2.794 |    4.732 | 
     | u_account_balance/g4304                |             | AO22XL    |  0.000 |   2.794 |    4.732 | 
     | u_account_balance/g4304                | A0 ^ -> Y ^ | AO22XL    |  0.201 |   2.995 |    4.933 | 
     | u_account_balance/balance_db_reg[2][7] |             | SDFFQX1   |  0.000 |   2.995 |    4.933 | 
     +------------------------------------------------------------------------------------------------+ 
     Clock Rise Edge                      0.000
     + Source Insertion Delay             0.010
     = Beginpoint Arrival Time            0.010
     Other End Path:
     +----------------------------------------------------------------------------------------+ 
     |                Instance                |  Arc  |  Cell   | Retime | Arrival | Required | 
     |                                        |       |         |  Delay |  Time   |   Time   | 
     |----------------------------------------+-------+---------+--------+---------+----------| 
     |                                        | clk ^ |         |        |   0.010 |   -1.928 | 
     | u_account_balance/balance_db_reg[2][7] |       | SDFFQX1 |  0.000 |   0.010 |   -1.928 | 
     +----------------------------------------------------------------------------------------+ 
Path 28: MET Setup Check with Pin u_account_balance/balance_db_reg[2][11]/CK 
Endpoint:   u_account_balance/balance_db_reg[2][11]/D (^) checked with  leading 
edge of 'clk'
Beginpoint: u_vehicle_interface/id_to_check_reg[3]/Q  (v) triggered by  leading 
edge of 'clk'
Path Groups: {clk}
Analysis View: view1
Retime Analysis { Data Path-Slew }
Other End Arrival Time          0.010
- Setup                         0.261
+ Phase Shift                   5.200
- Uncertainty                   0.010
= Required Time                 4.939
- Arrival Time                  2.983
= Slack Time                    1.955
= Slack Time(original)          1.900
     Clock Rise Edge                      0.000
     + Source Insertion Delay             0.010
     = Beginpoint Arrival Time            0.010
     Timing Path:
     +-------------------------------------------------------------------------------------------------+ 
     |                Instance                 |     Arc     |   Cell    | Retime | Arrival | Required | 
     |                                         |             |           |  Delay |  Time   |   Time   | 
     |-----------------------------------------+-------------+-----------+--------+---------+----------| 
     |                                         | clk ^       |           |        |   0.010 |    1.965 | 
     | u_vehicle_interface/id_to_check_reg[3]  |             | SDFFQX1   |  0.000 |   0.010 |    1.965 | 
     | u_vehicle_interface/id_to_check_reg[3]  | CK ^ -> Q v | SDFFQX1   |  0.381 |   0.391 |    2.347 | 
     | g222                                    |             | BUFX6     |  0.000 |   0.391 |    2.347 | 
     | g222                                    | A v -> Y v  | BUFX6     |  0.172 |   0.563 |    2.519 | 
     | u_account_balance/g13463                |             | INVX8     |  0.000 |   0.563 |    2.519 | 
     | u_account_balance/g13463                | A v -> Y ^  | INVX8     |  0.075 |   0.638 |    2.594 | 
     | u_account_balance/g13456                |             | CLKAND2X3 |  0.000 |   0.638 |    2.594 | 
     | u_account_balance/g13456                | B ^ -> Y ^  | CLKAND2X3 |  0.140 |   0.778 |    2.734 | 
     | u_account_balance/g13449                |             | CLKINVX2  |  0.000 |   0.778 |    2.734 | 
     | u_account_balance/g13449                | A ^ -> Y v  | CLKINVX2  |  0.055 |   0.833 |    2.789 | 
     | u_account_balance/g13376                |             | OAI21X1   |  0.000 |   0.833 |    2.789 | 
     | u_account_balance/g13376                | A1 v -> Y ^ | OAI21X1   |  0.086 |   0.920 |    2.875 | 
     | u_account_balance/g13256                |             | NOR3X1    |  0.000 |   0.920 |    2.875 | 
     | u_account_balance/g13256                | C ^ -> Y v  | NOR3X1    |  0.067 |   0.986 |    2.942 | 
     | u_account_balance/g13221                |             | NOR2X2    |  0.000 |   0.986 |    2.942 | 
     | u_account_balance/g13221                | A v -> Y ^  | NOR2X2    |  0.080 |   1.067 |    3.022 | 
     | u_account_balance/g13474                |             | OAI2BB1X2 |  0.000 |   1.067 |    3.022 | 
     | u_account_balance/g13474                | B0 ^ -> Y v | OAI2BB1X2 |  0.111 |   1.178 |    3.133 | 
     | u_account_balance/g13202                |             | NOR2X2    |  0.000 |   1.178 |    3.133 | 
     | u_account_balance/g13202                | B v -> Y ^  | NOR2X2    |  0.113 |   1.291 |    3.246 | 
     | u_account_balance/g13194                |             | OAI21X1   |  0.000 |   1.291 |    3.246 | 
     | u_account_balance/g13194                | A1 ^ -> Y v | OAI21X1   |  0.122 |   1.413 |    3.368 | 
     | u_account_balance/g13192                |             | NOR2X1    |  0.000 |   1.413 |    3.368 | 
     | u_account_balance/g13192                | B v -> Y ^  | NOR2X1    |  0.159 |   1.572 |    3.527 | 
     | u_account_balance/g13187                |             | NAND2X1   |  0.000 |   1.572 |    3.527 | 
     | u_account_balance/g13187                | B ^ -> Y v  | NAND2X1   |  0.137 |   1.708 |    3.664 | 
     | u_account_balance/g13184                |             | OR4X1     |  0.000 |   1.708 |    3.664 | 
     | u_account_balance/g13184                | D v -> Y v  | OR4X1     |  0.296 |   2.005 |    3.960 | 
     | u_account_balance/g13179                |             | OR2X1     |  0.000 |   2.005 |    3.960 | 
     | u_account_balance/g13179                | B v -> Y v  | OR2X1     |  0.195 |   2.200 |    4.155 | 
     | u_account_balance/g13170                |             | NAND2X1   |  0.000 |   2.200 |    4.155 | 
     | u_account_balance/g13170                | B v -> Y ^  | NAND2X1   |  0.080 |   2.280 |    4.236 | 
     | u_account_balance/g4361                 |             | OR2X1     |  0.000 |   2.280 |    4.236 | 
     | u_account_balance/g4361                 | B ^ -> Y ^  | OR2X1     |  0.128 |   2.408 |    4.364 | 
     | u_account_balance/g4357                 |             | NAND2XL   |  0.000 |   2.408 |    4.364 | 
     | u_account_balance/g4357                 | B ^ -> Y v  | NAND2XL   |  0.115 |   2.523 |    4.479 | 
     | u_account_balance/g4343                 |             | NAND2XL   |  0.000 |   2.523 |    4.479 | 
     | u_account_balance/g4343                 | A v -> Y ^  | NAND2XL   |  0.270 |   2.794 |    4.749 | 
     | u_account_balance/g4307                 |             | AO22XL    |  0.000 |   2.794 |    4.749 | 
     | u_account_balance/g4307                 | A0 ^ -> Y ^ | AO22XL    |  0.190 |   2.983 |    4.939 | 
     | u_account_balance/balance_db_reg[2][11] |             | SDFFQX1   |  0.000 |   2.983 |    4.939 | 
     +-------------------------------------------------------------------------------------------------+ 
     Clock Rise Edge                      0.000
     + Source Insertion Delay             0.010
     = Beginpoint Arrival Time            0.010
     Other End Path:
     +-----------------------------------------------------------------------------------------+ 
     |                Instance                 |  Arc  |  Cell   | Retime | Arrival | Required | 
     |                                         |       |         |  Delay |  Time   |   Time   | 
     |-----------------------------------------+-------+---------+--------+---------+----------| 
     |                                         | clk ^ |         |        |   0.010 |   -1.945 | 
     | u_account_balance/balance_db_reg[2][11] |       | SDFFQX1 |  0.000 |   0.010 |   -1.945 | 
     +-----------------------------------------------------------------------------------------+ 
Path 29: MET Setup Check with Pin u_account_balance/balance_db_reg[2][9]/CK 
Endpoint:   u_account_balance/balance_db_reg[2][9]/D (^) checked with  leading 
edge of 'clk'
Beginpoint: u_vehicle_interface/id_to_check_reg[3]/Q (v) triggered by  leading 
edge of 'clk'
Path Groups: {clk}
Analysis View: view1
Retime Analysis { Data Path-Slew }
Other End Arrival Time          0.010
- Setup                         0.261
+ Phase Shift                   5.200
- Uncertainty                   0.010
= Required Time                 4.939
- Arrival Time                  2.983
= Slack Time                    1.955
= Slack Time(original)          1.900
     Clock Rise Edge                      0.000
     + Source Insertion Delay             0.010
     = Beginpoint Arrival Time            0.010
     Timing Path:
     +------------------------------------------------------------------------------------------------+ 
     |                Instance                |     Arc     |   Cell    | Retime | Arrival | Required | 
     |                                        |             |           |  Delay |  Time   |   Time   | 
     |----------------------------------------+-------------+-----------+--------+---------+----------| 
     |                                        | clk ^       |           |        |   0.010 |    1.965 | 
     | u_vehicle_interface/id_to_check_reg[3] |             | SDFFQX1   |  0.000 |   0.010 |    1.965 | 
     | u_vehicle_interface/id_to_check_reg[3] | CK ^ -> Q v | SDFFQX1   |  0.381 |   0.391 |    2.347 | 
     | g222                                   |             | BUFX6     |  0.000 |   0.391 |    2.347 | 
     | g222                                   | A v -> Y v  | BUFX6     |  0.172 |   0.563 |    2.519 | 
     | u_account_balance/g13463               |             | INVX8     |  0.000 |   0.563 |    2.519 | 
     | u_account_balance/g13463               | A v -> Y ^  | INVX8     |  0.075 |   0.638 |    2.594 | 
     | u_account_balance/g13456               |             | CLKAND2X3 |  0.000 |   0.638 |    2.594 | 
     | u_account_balance/g13456               | B ^ -> Y ^  | CLKAND2X3 |  0.140 |   0.778 |    2.734 | 
     | u_account_balance/g13449               |             | CLKINVX2  |  0.000 |   0.778 |    2.734 | 
     | u_account_balance/g13449               | A ^ -> Y v  | CLKINVX2  |  0.055 |   0.833 |    2.789 | 
     | u_account_balance/g13376               |             | OAI21X1   |  0.000 |   0.833 |    2.789 | 
     | u_account_balance/g13376               | A1 v -> Y ^ | OAI21X1   |  0.086 |   0.920 |    2.875 | 
     | u_account_balance/g13256               |             | NOR3X1    |  0.000 |   0.920 |    2.875 | 
     | u_account_balance/g13256               | C ^ -> Y v  | NOR3X1    |  0.067 |   0.986 |    2.942 | 
     | u_account_balance/g13221               |             | NOR2X2    |  0.000 |   0.986 |    2.942 | 
     | u_account_balance/g13221               | A v -> Y ^  | NOR2X2    |  0.080 |   1.067 |    3.022 | 
     | u_account_balance/g13474               |             | OAI2BB1X2 |  0.000 |   1.067 |    3.022 | 
     | u_account_balance/g13474               | B0 ^ -> Y v | OAI2BB1X2 |  0.111 |   1.178 |    3.133 | 
     | u_account_balance/g13202               |             | NOR2X2    |  0.000 |   1.178 |    3.133 | 
     | u_account_balance/g13202               | B v -> Y ^  | NOR2X2    |  0.113 |   1.291 |    3.246 | 
     | u_account_balance/g13194               |             | OAI21X1   |  0.000 |   1.291 |    3.246 | 
     | u_account_balance/g13194               | A1 ^ -> Y v | OAI21X1   |  0.122 |   1.413 |    3.368 | 
     | u_account_balance/g13192               |             | NOR2X1    |  0.000 |   1.413 |    3.368 | 
     | u_account_balance/g13192               | B v -> Y ^  | NOR2X1    |  0.159 |   1.572 |    3.527 | 
     | u_account_balance/g13187               |             | NAND2X1   |  0.000 |   1.572 |    3.527 | 
     | u_account_balance/g13187               | B ^ -> Y v  | NAND2X1   |  0.137 |   1.708 |    3.664 | 
     | u_account_balance/g13184               |             | OR4X1     |  0.000 |   1.708 |    3.664 | 
     | u_account_balance/g13184               | D v -> Y v  | OR4X1     |  0.296 |   2.005 |    3.960 | 
     | u_account_balance/g13179               |             | OR2X1     |  0.000 |   2.005 |    3.960 | 
     | u_account_balance/g13179               | B v -> Y v  | OR2X1     |  0.195 |   2.200 |    4.155 | 
     | u_account_balance/g13170               |             | NAND2X1   |  0.000 |   2.200 |    4.155 | 
     | u_account_balance/g13170               | B v -> Y ^  | NAND2X1   |  0.080 |   2.280 |    4.236 | 
     | u_account_balance/g4361                |             | OR2X1     |  0.000 |   2.280 |    4.236 | 
     | u_account_balance/g4361                | B ^ -> Y ^  | OR2X1     |  0.128 |   2.408 |    4.364 | 
     | u_account_balance/g4357                |             | NAND2XL   |  0.000 |   2.408 |    4.364 | 
     | u_account_balance/g4357                | B ^ -> Y v  | NAND2XL   |  0.115 |   2.523 |    4.479 | 
     | u_account_balance/g4343                |             | NAND2XL   |  0.000 |   2.523 |    4.479 | 
     | u_account_balance/g4343                | A v -> Y ^  | NAND2XL   |  0.270 |   2.794 |    4.749 | 
     | u_account_balance/g4306                |             | AO22XL    |  0.000 |   2.794 |    4.749 | 
     | u_account_balance/g4306                | A0 ^ -> Y ^ | AO22XL    |  0.190 |   2.983 |    4.939 | 
     | u_account_balance/balance_db_reg[2][9] |             | SDFFQX1   |  0.000 |   2.983 |    4.939 | 
     +------------------------------------------------------------------------------------------------+ 
     Clock Rise Edge                      0.000
     + Source Insertion Delay             0.010
     = Beginpoint Arrival Time            0.010
     Other End Path:
     +----------------------------------------------------------------------------------------+ 
     |                Instance                |  Arc  |  Cell   | Retime | Arrival | Required | 
     |                                        |       |         |  Delay |  Time   |   Time   | 
     |----------------------------------------+-------+---------+--------+---------+----------| 
     |                                        | clk ^ |         |        |   0.010 |   -1.945 | 
     | u_account_balance/balance_db_reg[2][9] |       | SDFFQX1 |  0.000 |   0.010 |   -1.945 | 
     +----------------------------------------------------------------------------------------+ 
Path 30: MET Setup Check with Pin u_account_balance/balance_db_reg[2][7]/CK 
Endpoint:   u_account_balance/balance_db_reg[2][7]/D (^) checked with  leading 
edge of 'clk'
Beginpoint: u_vehicle_interface/id_to_check_reg[3]/Q (v) triggered by  leading 
edge of 'clk'
Path Groups: {clk}
Analysis View: view1
Retime Analysis { Data Path-Slew }
Other End Arrival Time          0.010
- Setup                         0.261
+ Phase Shift                   5.200
- Uncertainty                   0.010
= Required Time                 4.939
- Arrival Time                  2.983
= Slack Time                    1.955
= Slack Time(original)          1.900
     Clock Rise Edge                      0.000
     + Source Insertion Delay             0.010
     = Beginpoint Arrival Time            0.010
     Timing Path:
     +------------------------------------------------------------------------------------------------+ 
     |                Instance                |     Arc     |   Cell    | Retime | Arrival | Required | 
     |                                        |             |           |  Delay |  Time   |   Time   | 
     |----------------------------------------+-------------+-----------+--------+---------+----------| 
     |                                        | clk ^       |           |        |   0.010 |    1.965 | 
     | u_vehicle_interface/id_to_check_reg[3] |             | SDFFQX1   |  0.000 |   0.010 |    1.965 | 
     | u_vehicle_interface/id_to_check_reg[3] | CK ^ -> Q v | SDFFQX1   |  0.381 |   0.391 |    2.347 | 
     | g222                                   |             | BUFX6     |  0.000 |   0.391 |    2.347 | 
     | g222                                   | A v -> Y v  | BUFX6     |  0.172 |   0.563 |    2.519 | 
     | u_account_balance/g13463               |             | INVX8     |  0.000 |   0.563 |    2.519 | 
     | u_account_balance/g13463               | A v -> Y ^  | INVX8     |  0.075 |   0.638 |    2.594 | 
     | u_account_balance/g13456               |             | CLKAND2X3 |  0.000 |   0.638 |    2.594 | 
     | u_account_balance/g13456               | B ^ -> Y ^  | CLKAND2X3 |  0.140 |   0.778 |    2.734 | 
     | u_account_balance/g13449               |             | CLKINVX2  |  0.000 |   0.778 |    2.734 | 
     | u_account_balance/g13449               | A ^ -> Y v  | CLKINVX2  |  0.055 |   0.833 |    2.789 | 
     | u_account_balance/g13376               |             | OAI21X1   |  0.000 |   0.833 |    2.789 | 
     | u_account_balance/g13376               | A1 v -> Y ^ | OAI21X1   |  0.086 |   0.920 |    2.875 | 
     | u_account_balance/g13256               |             | NOR3X1    |  0.000 |   0.920 |    2.875 | 
     | u_account_balance/g13256               | C ^ -> Y v  | NOR3X1    |  0.067 |   0.986 |    2.942 | 
     | u_account_balance/g13221               |             | NOR2X2    |  0.000 |   0.986 |    2.942 | 
     | u_account_balance/g13221               | A v -> Y ^  | NOR2X2    |  0.080 |   1.067 |    3.022 | 
     | u_account_balance/g13474               |             | OAI2BB1X2 |  0.000 |   1.067 |    3.022 | 
     | u_account_balance/g13474               | B0 ^ -> Y v | OAI2BB1X2 |  0.111 |   1.178 |    3.133 | 
     | u_account_balance/g13202               |             | NOR2X2    |  0.000 |   1.178 |    3.133 | 
     | u_account_balance/g13202               | B v -> Y ^  | NOR2X2    |  0.113 |   1.291 |    3.246 | 
     | u_account_balance/g13194               |             | OAI21X1   |  0.000 |   1.291 |    3.246 | 
     | u_account_balance/g13194               | A1 ^ -> Y v | OAI21X1   |  0.122 |   1.413 |    3.368 | 
     | u_account_balance/g13192               |             | NOR2X1    |  0.000 |   1.413 |    3.368 | 
     | u_account_balance/g13192               | B v -> Y ^  | NOR2X1    |  0.159 |   1.572 |    3.527 | 
     | u_account_balance/g13187               |             | NAND2X1   |  0.000 |   1.572 |    3.527 | 
     | u_account_balance/g13187               | B ^ -> Y v  | NAND2X1   |  0.137 |   1.708 |    3.664 | 
     | u_account_balance/g13184               |             | OR4X1     |  0.000 |   1.708 |    3.664 | 
     | u_account_balance/g13184               | D v -> Y v  | OR4X1     |  0.296 |   2.005 |    3.960 | 
     | u_account_balance/g13179               |             | OR2X1     |  0.000 |   2.005 |    3.960 | 
     | u_account_balance/g13179               | B v -> Y v  | OR2X1     |  0.195 |   2.200 |    4.155 | 
     | u_account_balance/g13170               |             | NAND2X1   |  0.000 |   2.200 |    4.155 | 
     | u_account_balance/g13170               | B v -> Y ^  | NAND2X1   |  0.080 |   2.280 |    4.236 | 
     | u_account_balance/g4361                |             | OR2X1     |  0.000 |   2.280 |    4.236 | 
     | u_account_balance/g4361                | B ^ -> Y ^  | OR2X1     |  0.128 |   2.408 |    4.364 | 
     | u_account_balance/g4357                |             | NAND2XL   |  0.000 |   2.408 |    4.364 | 
     | u_account_balance/g4357                | B ^ -> Y v  | NAND2XL   |  0.115 |   2.523 |    4.479 | 
     | u_account_balance/g4343                |             | NAND2XL   |  0.000 |   2.523 |    4.479 | 
     | u_account_balance/g4343                | A v -> Y ^  | NAND2XL   |  0.270 |   2.794 |    4.749 | 
     | u_account_balance/g4304                |             | AO22XL    |  0.000 |   2.794 |    4.749 | 
     | u_account_balance/g4304                | A0 ^ -> Y ^ | AO22XL    |  0.190 |   2.983 |    4.939 | 
     | u_account_balance/balance_db_reg[2][7] |             | SDFFQX1   |  0.000 |   2.983 |    4.939 | 
     +------------------------------------------------------------------------------------------------+ 
     Clock Rise Edge                      0.000
     + Source Insertion Delay             0.010
     = Beginpoint Arrival Time            0.010
     Other End Path:
     +----------------------------------------------------------------------------------------+ 
     |                Instance                |  Arc  |  Cell   | Retime | Arrival | Required | 
     |                                        |       |         |  Delay |  Time   |   Time   | 
     |----------------------------------------+-------+---------+--------+---------+----------| 
     |                                        | clk ^ |         |        |   0.010 |   -1.945 | 
     | u_account_balance/balance_db_reg[2][7] |       | SDFFQX1 |  0.000 |   0.010 |   -1.945 | 
     +----------------------------------------------------------------------------------------+ 
Path 31: MET Setup Check with Pin u_account_balance/balance_db_reg[2][11]/CK 
Endpoint:   u_account_balance/balance_db_reg[2][11]/D (^) checked with  leading 
edge of 'clk'
Beginpoint: u_vehicle_interface/id_to_check_reg[3]/Q  (^) triggered by  leading 
edge of 'clk'
Path Groups: {clk}
Analysis View: view1
Retime Analysis { Data Path-Slew }
Other End Arrival Time          0.010
- Setup                         0.267
+ Phase Shift                   5.200
- Uncertainty                   0.010
= Required Time                 4.933
- Arrival Time                  3.008
= Slack Time                    1.925
= Slack Time(original)          1.902
     Clock Rise Edge                      0.000
     + Source Insertion Delay             0.010
     = Beginpoint Arrival Time            0.010
     Timing Path:
     +-------------------------------------------------------------------------------------------------+ 
     |                Instance                 |     Arc     |   Cell    | Retime | Arrival | Required | 
     |                                         |             |           |  Delay |  Time   |   Time   | 
     |-----------------------------------------+-------------+-----------+--------+---------+----------| 
     |                                         | clk ^       |           |        |   0.010 |    1.935 | 
     | u_vehicle_interface/id_to_check_reg[3]  |             | SDFFQX1   |  0.000 |   0.010 |    1.935 | 
     | u_vehicle_interface/id_to_check_reg[3]  | CK ^ -> Q ^ | SDFFQX1   |  0.338 |   0.348 |    2.274 | 
     | g222                                    |             | BUFX6     |  0.000 |   0.348 |    2.274 | 
     | g222                                    | A ^ -> Y ^  | BUFX6     |  0.176 |   0.525 |    2.450 | 
     | u_account_balance/g13463                |             | INVX8     |  0.000 |   0.525 |    2.450 | 
     | u_account_balance/g13463                | A ^ -> Y v  | INVX8     |  0.065 |   0.589 |    2.515 | 
     | u_account_balance/g13455                |             | CLKAND2X2 |  0.000 |   0.589 |    2.515 | 
     | u_account_balance/g13455                | B v -> Y v  | CLKAND2X2 |  0.191 |   0.780 |    2.706 | 
     | u_account_balance/g13473                |             | NOR2BX2   |  0.000 |   0.780 |    2.706 | 
     | u_account_balance/g13473                | AN v -> Y v | NOR2BX2   |  0.213 |   0.993 |    2.919 | 
     | u_account_balance/g13478                |             | AO22XL    |  0.000 |   0.993 |    2.919 | 
     | u_account_balance/g13478                | A1 v -> Y v | AO22XL    |  0.171 |   1.165 |    3.090 | 
     | u_account_balance/g13254                |             | NOR2XL    |  0.000 |   1.165 |    3.090 | 
     | u_account_balance/g13254                | B v -> Y ^  | NOR2XL    |  0.075 |   1.240 |    3.165 | 
     | u_account_balance/g13228                |             | NAND2XL   |  0.000 |   1.240 |    3.165 | 
     | u_account_balance/g13228                | B ^ -> Y v  | NAND2XL   |  0.088 |   1.328 |    3.254 | 
     | u_account_balance/g13205                |             | NOR3X1    |  0.000 |   1.328 |    3.254 | 
     | u_account_balance/g13205                | C v -> Y ^  | NOR3X1    |  0.135 |   1.464 |    3.389 | 
     | u_account_balance/g13199                |             | AND2XL    |  0.000 |   1.464 |    3.389 | 
     | u_account_balance/g13199                | B ^ -> Y ^  | AND2XL    |  0.150 |   1.614 |    3.539 | 
     | u_account_balance/g13187                |             | NAND2X1   |  0.000 |   1.614 |    3.539 | 
     | u_account_balance/g13187                | A ^ -> Y v  | NAND2X1   |  0.112 |   1.726 |    3.651 | 
     | u_account_balance/g13184                |             | OR4X1     |  0.000 |   1.726 |    3.651 | 
     | u_account_balance/g13184                | D v -> Y v  | OR4X1     |  0.292 |   2.018 |    3.943 | 
     | u_account_balance/g13179                |             | OR2X1     |  0.000 |   2.018 |    3.943 | 
     | u_account_balance/g13179                | B v -> Y v  | OR2X1     |  0.195 |   2.213 |    4.138 | 
     | u_account_balance/g13170                |             | NAND2X1   |  0.000 |   2.213 |    4.138 | 
     | u_account_balance/g13170                | B v -> Y ^  | NAND2X1   |  0.080 |   2.293 |    4.219 | 
     | u_account_balance/g4361                 |             | OR2X1     |  0.000 |   2.293 |    4.219 | 
     | u_account_balance/g4361                 | B ^ -> Y ^  | OR2X1     |  0.128 |   2.421 |    4.347 | 
     | u_account_balance/g4357                 |             | NAND2XL   |  0.000 |   2.421 |    4.347 | 
     | u_account_balance/g4357                 | B ^ -> Y v  | NAND2XL   |  0.115 |   2.536 |    4.462 | 
     | u_account_balance/g4343                 |             | NAND2XL   |  0.000 |   2.536 |    4.462 | 
     | u_account_balance/g4343                 | A v -> Y ^  | NAND2XL   |  0.270 |   2.807 |    4.732 | 
     | u_account_balance/g4307                 |             | AO22XL    |  0.000 |   2.807 |    4.732 | 
     | u_account_balance/g4307                 | A0 ^ -> Y ^ | AO22XL    |  0.201 |   3.008 |    4.933 | 
     | u_account_balance/balance_db_reg[2][11] |             | SDFFQX1   |  0.000 |   3.008 |    4.933 | 
     +-------------------------------------------------------------------------------------------------+ 
     Clock Rise Edge                      0.000
     + Source Insertion Delay             0.010
     = Beginpoint Arrival Time            0.010
     Other End Path:
     +-----------------------------------------------------------------------------------------+ 
     |                Instance                 |  Arc  |  Cell   | Retime | Arrival | Required | 
     |                                         |       |         |  Delay |  Time   |   Time   | 
     |-----------------------------------------+-------+---------+--------+---------+----------| 
     |                                         | clk ^ |         |        |   0.010 |   -1.915 | 
     | u_account_balance/balance_db_reg[2][11] |       | SDFFQX1 |  0.000 |   0.010 |   -1.915 | 
     +-----------------------------------------------------------------------------------------+ 
Path 32: MET Setup Check with Pin u_account_balance/balance_db_reg[2][9]/CK 
Endpoint:   u_account_balance/balance_db_reg[2][9]/D (^) checked with  leading 
edge of 'clk'
Beginpoint: u_vehicle_interface/id_to_check_reg[3]/Q (^) triggered by  leading 
edge of 'clk'
Path Groups: {clk}
Analysis View: view1
Retime Analysis { Data Path-Slew }
Other End Arrival Time          0.010
- Setup                         0.267
+ Phase Shift                   5.200
- Uncertainty                   0.010
= Required Time                 4.933
- Arrival Time                  3.008
= Slack Time                    1.925
= Slack Time(original)          1.902
     Clock Rise Edge                      0.000
     + Source Insertion Delay             0.010
     = Beginpoint Arrival Time            0.010
     Timing Path:
     +------------------------------------------------------------------------------------------------+ 
     |                Instance                |     Arc     |   Cell    | Retime | Arrival | Required | 
     |                                        |             |           |  Delay |  Time   |   Time   | 
     |----------------------------------------+-------------+-----------+--------+---------+----------| 
     |                                        | clk ^       |           |        |   0.010 |    1.935 | 
     | u_vehicle_interface/id_to_check_reg[3] |             | SDFFQX1   |  0.000 |   0.010 |    1.935 | 
     | u_vehicle_interface/id_to_check_reg[3] | CK ^ -> Q ^ | SDFFQX1   |  0.338 |   0.348 |    2.274 | 
     | g222                                   |             | BUFX6     |  0.000 |   0.348 |    2.274 | 
     | g222                                   | A ^ -> Y ^  | BUFX6     |  0.176 |   0.525 |    2.450 | 
     | u_account_balance/g13463               |             | INVX8     |  0.000 |   0.525 |    2.450 | 
     | u_account_balance/g13463               | A ^ -> Y v  | INVX8     |  0.065 |   0.589 |    2.515 | 
     | u_account_balance/g13455               |             | CLKAND2X2 |  0.000 |   0.589 |    2.515 | 
     | u_account_balance/g13455               | B v -> Y v  | CLKAND2X2 |  0.191 |   0.780 |    2.706 | 
     | u_account_balance/g13473               |             | NOR2BX2   |  0.000 |   0.780 |    2.706 | 
     | u_account_balance/g13473               | AN v -> Y v | NOR2BX2   |  0.213 |   0.993 |    2.919 | 
     | u_account_balance/g13478               |             | AO22XL    |  0.000 |   0.993 |    2.919 | 
     | u_account_balance/g13478               | A1 v -> Y v | AO22XL    |  0.171 |   1.165 |    3.090 | 
     | u_account_balance/g13254               |             | NOR2XL    |  0.000 |   1.165 |    3.090 | 
     | u_account_balance/g13254               | B v -> Y ^  | NOR2XL    |  0.075 |   1.240 |    3.165 | 
     | u_account_balance/g13228               |             | NAND2XL   |  0.000 |   1.240 |    3.165 | 
     | u_account_balance/g13228               | B ^ -> Y v  | NAND2XL   |  0.088 |   1.328 |    3.254 | 
     | u_account_balance/g13205               |             | NOR3X1    |  0.000 |   1.328 |    3.254 | 
     | u_account_balance/g13205               | C v -> Y ^  | NOR3X1    |  0.135 |   1.464 |    3.389 | 
     | u_account_balance/g13199               |             | AND2XL    |  0.000 |   1.464 |    3.389 | 
     | u_account_balance/g13199               | B ^ -> Y ^  | AND2XL    |  0.150 |   1.614 |    3.539 | 
     | u_account_balance/g13187               |             | NAND2X1   |  0.000 |   1.614 |    3.539 | 
     | u_account_balance/g13187               | A ^ -> Y v  | NAND2X1   |  0.112 |   1.726 |    3.651 | 
     | u_account_balance/g13184               |             | OR4X1     |  0.000 |   1.726 |    3.651 | 
     | u_account_balance/g13184               | D v -> Y v  | OR4X1     |  0.292 |   2.018 |    3.943 | 
     | u_account_balance/g13179               |             | OR2X1     |  0.000 |   2.018 |    3.943 | 
     | u_account_balance/g13179               | B v -> Y v  | OR2X1     |  0.195 |   2.213 |    4.138 | 
     | u_account_balance/g13170               |             | NAND2X1   |  0.000 |   2.213 |    4.138 | 
     | u_account_balance/g13170               | B v -> Y ^  | NAND2X1   |  0.080 |   2.293 |    4.219 | 
     | u_account_balance/g4361                |             | OR2X1     |  0.000 |   2.293 |    4.219 | 
     | u_account_balance/g4361                | B ^ -> Y ^  | OR2X1     |  0.128 |   2.421 |    4.347 | 
     | u_account_balance/g4357                |             | NAND2XL   |  0.000 |   2.421 |    4.347 | 
     | u_account_balance/g4357                | B ^ -> Y v  | NAND2XL   |  0.115 |   2.536 |    4.462 | 
     | u_account_balance/g4343                |             | NAND2XL   |  0.000 |   2.536 |    4.462 | 
     | u_account_balance/g4343                | A v -> Y ^  | NAND2XL   |  0.270 |   2.807 |    4.732 | 
     | u_account_balance/g4306                |             | AO22XL    |  0.000 |   2.807 |    4.732 | 
     | u_account_balance/g4306                | A0 ^ -> Y ^ | AO22XL    |  0.201 |   3.008 |    4.933 | 
     | u_account_balance/balance_db_reg[2][9] |             | SDFFQX1   |  0.000 |   3.008 |    4.933 | 
     +------------------------------------------------------------------------------------------------+ 
     Clock Rise Edge                      0.000
     + Source Insertion Delay             0.010
     = Beginpoint Arrival Time            0.010
     Other End Path:
     +----------------------------------------------------------------------------------------+ 
     |                Instance                |  Arc  |  Cell   | Retime | Arrival | Required | 
     |                                        |       |         |  Delay |  Time   |   Time   | 
     |----------------------------------------+-------+---------+--------+---------+----------| 
     |                                        | clk ^ |         |        |   0.010 |   -1.915 | 
     | u_account_balance/balance_db_reg[2][9] |       | SDFFQX1 |  0.000 |   0.010 |   -1.915 | 
     +----------------------------------------------------------------------------------------+ 
Path 33: MET Setup Check with Pin u_account_balance/balance_db_reg[2][7]/CK 
Endpoint:   u_account_balance/balance_db_reg[2][7]/D (^) checked with  leading 
edge of 'clk'
Beginpoint: u_vehicle_interface/id_to_check_reg[3]/Q (^) triggered by  leading 
edge of 'clk'
Path Groups: {clk}
Analysis View: view1
Retime Analysis { Data Path-Slew }
Other End Arrival Time          0.010
- Setup                         0.267
+ Phase Shift                   5.200
- Uncertainty                   0.010
= Required Time                 4.933
- Arrival Time                  3.008
= Slack Time                    1.925
= Slack Time(original)          1.902
     Clock Rise Edge                      0.000
     + Source Insertion Delay             0.010
     = Beginpoint Arrival Time            0.010
     Timing Path:
     +------------------------------------------------------------------------------------------------+ 
     |                Instance                |     Arc     |   Cell    | Retime | Arrival | Required | 
     |                                        |             |           |  Delay |  Time   |   Time   | 
     |----------------------------------------+-------------+-----------+--------+---------+----------| 
     |                                        | clk ^       |           |        |   0.010 |    1.935 | 
     | u_vehicle_interface/id_to_check_reg[3] |             | SDFFQX1   |  0.000 |   0.010 |    1.935 | 
     | u_vehicle_interface/id_to_check_reg[3] | CK ^ -> Q ^ | SDFFQX1   |  0.338 |   0.348 |    2.274 | 
     | g222                                   |             | BUFX6     |  0.000 |   0.348 |    2.274 | 
     | g222                                   | A ^ -> Y ^  | BUFX6     |  0.176 |   0.525 |    2.450 | 
     | u_account_balance/g13463               |             | INVX8     |  0.000 |   0.525 |    2.450 | 
     | u_account_balance/g13463               | A ^ -> Y v  | INVX8     |  0.065 |   0.589 |    2.515 | 
     | u_account_balance/g13455               |             | CLKAND2X2 |  0.000 |   0.589 |    2.515 | 
     | u_account_balance/g13455               | B v -> Y v  | CLKAND2X2 |  0.191 |   0.780 |    2.706 | 
     | u_account_balance/g13473               |             | NOR2BX2   |  0.000 |   0.780 |    2.706 | 
     | u_account_balance/g13473               | AN v -> Y v | NOR2BX2   |  0.213 |   0.993 |    2.919 | 
     | u_account_balance/g13478               |             | AO22XL    |  0.000 |   0.993 |    2.919 | 
     | u_account_balance/g13478               | A1 v -> Y v | AO22XL    |  0.171 |   1.165 |    3.090 | 
     | u_account_balance/g13254               |             | NOR2XL    |  0.000 |   1.165 |    3.090 | 
     | u_account_balance/g13254               | B v -> Y ^  | NOR2XL    |  0.075 |   1.240 |    3.165 | 
     | u_account_balance/g13228               |             | NAND2XL   |  0.000 |   1.240 |    3.165 | 
     | u_account_balance/g13228               | B ^ -> Y v  | NAND2XL   |  0.088 |   1.328 |    3.254 | 
     | u_account_balance/g13205               |             | NOR3X1    |  0.000 |   1.328 |    3.254 | 
     | u_account_balance/g13205               | C v -> Y ^  | NOR3X1    |  0.135 |   1.464 |    3.389 | 
     | u_account_balance/g13199               |             | AND2XL    |  0.000 |   1.464 |    3.389 | 
     | u_account_balance/g13199               | B ^ -> Y ^  | AND2XL    |  0.150 |   1.614 |    3.539 | 
     | u_account_balance/g13187               |             | NAND2X1   |  0.000 |   1.614 |    3.539 | 
     | u_account_balance/g13187               | A ^ -> Y v  | NAND2X1   |  0.112 |   1.726 |    3.651 | 
     | u_account_balance/g13184               |             | OR4X1     |  0.000 |   1.726 |    3.651 | 
     | u_account_balance/g13184               | D v -> Y v  | OR4X1     |  0.292 |   2.018 |    3.943 | 
     | u_account_balance/g13179               |             | OR2X1     |  0.000 |   2.018 |    3.943 | 
     | u_account_balance/g13179               | B v -> Y v  | OR2X1     |  0.195 |   2.213 |    4.138 | 
     | u_account_balance/g13170               |             | NAND2X1   |  0.000 |   2.213 |    4.138 | 
     | u_account_balance/g13170               | B v -> Y ^  | NAND2X1   |  0.080 |   2.293 |    4.219 | 
     | u_account_balance/g4361                |             | OR2X1     |  0.000 |   2.293 |    4.219 | 
     | u_account_balance/g4361                | B ^ -> Y ^  | OR2X1     |  0.128 |   2.421 |    4.347 | 
     | u_account_balance/g4357                |             | NAND2XL   |  0.000 |   2.421 |    4.347 | 
     | u_account_balance/g4357                | B ^ -> Y v  | NAND2XL   |  0.115 |   2.536 |    4.462 | 
     | u_account_balance/g4343                |             | NAND2XL   |  0.000 |   2.536 |    4.462 | 
     | u_account_balance/g4343                | A v -> Y ^  | NAND2XL   |  0.270 |   2.807 |    4.732 | 
     | u_account_balance/g4304                |             | AO22XL    |  0.000 |   2.807 |    4.732 | 
     | u_account_balance/g4304                | A0 ^ -> Y ^ | AO22XL    |  0.201 |   3.008 |    4.933 | 
     | u_account_balance/balance_db_reg[2][7] |             | SDFFQX1   |  0.000 |   3.008 |    4.933 | 
     +------------------------------------------------------------------------------------------------+ 
     Clock Rise Edge                      0.000
     + Source Insertion Delay             0.010
     = Beginpoint Arrival Time            0.010
     Other End Path:
     +----------------------------------------------------------------------------------------+ 
     |                Instance                |  Arc  |  Cell   | Retime | Arrival | Required | 
     |                                        |       |         |  Delay |  Time   |   Time   | 
     |----------------------------------------+-------+---------+--------+---------+----------| 
     |                                        | clk ^ |         |        |   0.010 |   -1.915 | 
     | u_account_balance/balance_db_reg[2][7] |       | SDFFQX1 |  0.000 |   0.010 |   -1.915 | 
     +----------------------------------------------------------------------------------------+ 
Path 34: MET Setup Check with Pin u_account_balance/balance_db_reg[2][11]/CK 
Endpoint:   u_account_balance/balance_db_reg[2][11]/D (^) checked with  leading 
edge of 'clk'
Beginpoint: u_vehicle_interface/id_to_check_reg[3]/Q  (^) triggered by  leading 
edge of 'clk'
Path Groups: {clk}
Analysis View: view1
Retime Analysis { Data Path-Slew }
Other End Arrival Time          0.010
- Setup                         0.267
+ Phase Shift                   5.200
- Uncertainty                   0.010
= Required Time                 4.933
- Arrival Time                  2.984
= Slack Time                    1.949
= Slack Time(original)          1.903
     Clock Rise Edge                      0.000
     + Source Insertion Delay             0.010
     = Beginpoint Arrival Time            0.010
     Timing Path:
     +-------------------------------------------------------------------------------------------------+ 
     |                Instance                 |     Arc     |   Cell    | Retime | Arrival | Required | 
     |                                         |             |           |  Delay |  Time   |   Time   | 
     |-----------------------------------------+-------------+-----------+--------+---------+----------| 
     |                                         | clk ^       |           |        |   0.010 |    1.959 | 
     | u_vehicle_interface/id_to_check_reg[3]  |             | SDFFQX1   |  0.000 |   0.010 |    1.959 | 
     | u_vehicle_interface/id_to_check_reg[3]  | CK ^ -> Q ^ | SDFFQX1   |  0.338 |   0.348 |    2.298 | 
     | g222                                    |             | BUFX6     |  0.000 |   0.348 |    2.298 | 
     | g222                                    | A ^ -> Y ^  | BUFX6     |  0.176 |   0.525 |    2.474 | 
     | u_account_balance/g13463                |             | INVX8     |  0.000 |   0.525 |    2.474 | 
     | u_account_balance/g13463                | A ^ -> Y v  | INVX8     |  0.065 |   0.589 |    2.539 | 
     | u_account_balance/g13455                |             | CLKAND2X2 |  0.000 |   0.589 |    2.539 | 
     | u_account_balance/g13455                | B v -> Y v  | CLKAND2X2 |  0.191 |   0.780 |    2.730 | 
     | u_account_balance/g13473                |             | NOR2BX2   |  0.000 |   0.780 |    2.730 | 
     | u_account_balance/g13473                | AN v -> Y v | NOR2BX2   |  0.213 |   0.993 |    2.943 | 
     | u_account_balance/g13478                |             | AO22XL    |  0.000 |   0.993 |    2.943 | 
     | u_account_balance/g13478                | A1 v -> Y v | AO22XL    |  0.149 |   1.142 |    3.091 | 
     | u_account_balance/g13254                |             | NOR2XL    |  0.000 |   1.142 |    3.091 | 
     | u_account_balance/g13254                | B v -> Y ^  | NOR2XL    |  0.074 |   1.216 |    3.166 | 
     | u_account_balance/g13228                |             | NAND2XL   |  0.000 |   1.216 |    3.166 | 
     | u_account_balance/g13228                | B ^ -> Y v  | NAND2XL   |  0.088 |   1.304 |    3.254 | 
     | u_account_balance/g13205                |             | NOR3X1    |  0.000 |   1.304 |    3.254 | 
     | u_account_balance/g13205                | C v -> Y ^  | NOR3X1    |  0.135 |   1.440 |    3.389 | 
     | u_account_balance/g13199                |             | AND2XL    |  0.000 |   1.440 |    3.389 | 
     | u_account_balance/g13199                | B ^ -> Y ^  | AND2XL    |  0.150 |   1.590 |    3.539 | 
     | u_account_balance/g13187                |             | NAND2X1   |  0.000 |   1.590 |    3.539 | 
     | u_account_balance/g13187                | A ^ -> Y v  | NAND2X1   |  0.112 |   1.702 |    3.651 | 
     | u_account_balance/g13184                |             | OR4X1     |  0.000 |   1.702 |    3.651 | 
     | u_account_balance/g13184                | D v -> Y v  | OR4X1     |  0.292 |   1.994 |    3.943 | 
     | u_account_balance/g13179                |             | OR2X1     |  0.000 |   1.994 |    3.943 | 
     | u_account_balance/g13179                | B v -> Y v  | OR2X1     |  0.195 |   2.189 |    4.138 | 
     | u_account_balance/g13170                |             | NAND2X1   |  0.000 |   2.189 |    4.138 | 
     | u_account_balance/g13170                | B v -> Y ^  | NAND2X1   |  0.080 |   2.269 |    4.219 | 
     | u_account_balance/g4361                 |             | OR2X1     |  0.000 |   2.269 |    4.219 | 
     | u_account_balance/g4361                 | B ^ -> Y ^  | OR2X1     |  0.128 |   2.397 |    4.347 | 
     | u_account_balance/g4357                 |             | NAND2XL   |  0.000 |   2.397 |    4.347 | 
     | u_account_balance/g4357                 | B ^ -> Y v  | NAND2XL   |  0.115 |   2.512 |    4.462 | 
     | u_account_balance/g4343                 |             | NAND2XL   |  0.000 |   2.512 |    4.462 | 
     | u_account_balance/g4343                 | A v -> Y ^  | NAND2XL   |  0.270 |   2.783 |    4.732 | 
     | u_account_balance/g4307                 |             | AO22XL    |  0.000 |   2.783 |    4.732 | 
     | u_account_balance/g4307                 | A0 ^ -> Y ^ | AO22XL    |  0.201 |   2.984 |    4.933 | 
     | u_account_balance/balance_db_reg[2][11] |             | SDFFQX1   |  0.000 |   2.984 |    4.933 | 
     +-------------------------------------------------------------------------------------------------+ 
     Clock Rise Edge                      0.000
     + Source Insertion Delay             0.010
     = Beginpoint Arrival Time            0.010
     Other End Path:
     +-----------------------------------------------------------------------------------------+ 
     |                Instance                 |  Arc  |  Cell   | Retime | Arrival | Required | 
     |                                         |       |         |  Delay |  Time   |   Time   | 
     |-----------------------------------------+-------+---------+--------+---------+----------| 
     |                                         | clk ^ |         |        |   0.010 |   -1.939 | 
     | u_account_balance/balance_db_reg[2][11] |       | SDFFQX1 |  0.000 |   0.010 |   -1.939 | 
     +-----------------------------------------------------------------------------------------+ 
Path 35: MET Setup Check with Pin u_account_balance/balance_db_reg[2][9]/CK 
Endpoint:   u_account_balance/balance_db_reg[2][9]/D (^) checked with  leading 
edge of 'clk'
Beginpoint: u_vehicle_interface/id_to_check_reg[3]/Q (^) triggered by  leading 
edge of 'clk'
Path Groups: {clk}
Analysis View: view1
Retime Analysis { Data Path-Slew }
Other End Arrival Time          0.010
- Setup                         0.267
+ Phase Shift                   5.200
- Uncertainty                   0.010
= Required Time                 4.933
- Arrival Time                  2.984
= Slack Time                    1.949
= Slack Time(original)          1.903
     Clock Rise Edge                      0.000
     + Source Insertion Delay             0.010
     = Beginpoint Arrival Time            0.010
     Timing Path:
     +------------------------------------------------------------------------------------------------+ 
     |                Instance                |     Arc     |   Cell    | Retime | Arrival | Required | 
     |                                        |             |           |  Delay |  Time   |   Time   | 
     |----------------------------------------+-------------+-----------+--------+---------+----------| 
     |                                        | clk ^       |           |        |   0.010 |    1.959 | 
     | u_vehicle_interface/id_to_check_reg[3] |             | SDFFQX1   |  0.000 |   0.010 |    1.959 | 
     | u_vehicle_interface/id_to_check_reg[3] | CK ^ -> Q ^ | SDFFQX1   |  0.338 |   0.348 |    2.298 | 
     | g222                                   |             | BUFX6     |  0.000 |   0.348 |    2.298 | 
     | g222                                   | A ^ -> Y ^  | BUFX6     |  0.176 |   0.525 |    2.474 | 
     | u_account_balance/g13463               |             | INVX8     |  0.000 |   0.525 |    2.474 | 
     | u_account_balance/g13463               | A ^ -> Y v  | INVX8     |  0.065 |   0.589 |    2.539 | 
     | u_account_balance/g13455               |             | CLKAND2X2 |  0.000 |   0.589 |    2.539 | 
     | u_account_balance/g13455               | B v -> Y v  | CLKAND2X2 |  0.191 |   0.780 |    2.730 | 
     | u_account_balance/g13473               |             | NOR2BX2   |  0.000 |   0.780 |    2.730 | 
     | u_account_balance/g13473               | AN v -> Y v | NOR2BX2   |  0.213 |   0.993 |    2.943 | 
     | u_account_balance/g13478               |             | AO22XL    |  0.000 |   0.993 |    2.943 | 
     | u_account_balance/g13478               | A1 v -> Y v | AO22XL    |  0.149 |   1.142 |    3.091 | 
     | u_account_balance/g13254               |             | NOR2XL    |  0.000 |   1.142 |    3.091 | 
     | u_account_balance/g13254               | B v -> Y ^  | NOR2XL    |  0.074 |   1.216 |    3.166 | 
     | u_account_balance/g13228               |             | NAND2XL   |  0.000 |   1.216 |    3.166 | 
     | u_account_balance/g13228               | B ^ -> Y v  | NAND2XL   |  0.088 |   1.304 |    3.254 | 
     | u_account_balance/g13205               |             | NOR3X1    |  0.000 |   1.304 |    3.254 | 
     | u_account_balance/g13205               | C v -> Y ^  | NOR3X1    |  0.135 |   1.440 |    3.389 | 
     | u_account_balance/g13199               |             | AND2XL    |  0.000 |   1.440 |    3.389 | 
     | u_account_balance/g13199               | B ^ -> Y ^  | AND2XL    |  0.150 |   1.590 |    3.539 | 
     | u_account_balance/g13187               |             | NAND2X1   |  0.000 |   1.590 |    3.539 | 
     | u_account_balance/g13187               | A ^ -> Y v  | NAND2X1   |  0.112 |   1.702 |    3.651 | 
     | u_account_balance/g13184               |             | OR4X1     |  0.000 |   1.702 |    3.651 | 
     | u_account_balance/g13184               | D v -> Y v  | OR4X1     |  0.292 |   1.994 |    3.943 | 
     | u_account_balance/g13179               |             | OR2X1     |  0.000 |   1.994 |    3.943 | 
     | u_account_balance/g13179               | B v -> Y v  | OR2X1     |  0.195 |   2.189 |    4.138 | 
     | u_account_balance/g13170               |             | NAND2X1   |  0.000 |   2.189 |    4.138 | 
     | u_account_balance/g13170               | B v -> Y ^  | NAND2X1   |  0.080 |   2.269 |    4.219 | 
     | u_account_balance/g4361                |             | OR2X1     |  0.000 |   2.269 |    4.219 | 
     | u_account_balance/g4361                | B ^ -> Y ^  | OR2X1     |  0.128 |   2.397 |    4.347 | 
     | u_account_balance/g4357                |             | NAND2XL   |  0.000 |   2.397 |    4.347 | 
     | u_account_balance/g4357                | B ^ -> Y v  | NAND2XL   |  0.115 |   2.512 |    4.462 | 
     | u_account_balance/g4343                |             | NAND2XL   |  0.000 |   2.512 |    4.462 | 
     | u_account_balance/g4343                | A v -> Y ^  | NAND2XL   |  0.270 |   2.783 |    4.732 | 
     | u_account_balance/g4306                |             | AO22XL    |  0.000 |   2.783 |    4.732 | 
     | u_account_balance/g4306                | A0 ^ -> Y ^ | AO22XL    |  0.201 |   2.984 |    4.933 | 
     | u_account_balance/balance_db_reg[2][9] |             | SDFFQX1   |  0.000 |   2.984 |    4.933 | 
     +------------------------------------------------------------------------------------------------+ 
     Clock Rise Edge                      0.000
     + Source Insertion Delay             0.010
     = Beginpoint Arrival Time            0.010
     Other End Path:
     +----------------------------------------------------------------------------------------+ 
     |                Instance                |  Arc  |  Cell   | Retime | Arrival | Required | 
     |                                        |       |         |  Delay |  Time   |   Time   | 
     |----------------------------------------+-------+---------+--------+---------+----------| 
     |                                        | clk ^ |         |        |   0.010 |   -1.939 | 
     | u_account_balance/balance_db_reg[2][9] |       | SDFFQX1 |  0.000 |   0.010 |   -1.939 | 
     +----------------------------------------------------------------------------------------+ 
Path 36: MET Setup Check with Pin u_account_balance/balance_db_reg[2][7]/CK 
Endpoint:   u_account_balance/balance_db_reg[2][7]/D (^) checked with  leading 
edge of 'clk'
Beginpoint: u_vehicle_interface/id_to_check_reg[3]/Q (^) triggered by  leading 
edge of 'clk'
Path Groups: {clk}
Analysis View: view1
Retime Analysis { Data Path-Slew }
Other End Arrival Time          0.010
- Setup                         0.267
+ Phase Shift                   5.200
- Uncertainty                   0.010
= Required Time                 4.933
- Arrival Time                  2.984
= Slack Time                    1.949
= Slack Time(original)          1.903
     Clock Rise Edge                      0.000
     + Source Insertion Delay             0.010
     = Beginpoint Arrival Time            0.010
     Timing Path:
     +------------------------------------------------------------------------------------------------+ 
     |                Instance                |     Arc     |   Cell    | Retime | Arrival | Required | 
     |                                        |             |           |  Delay |  Time   |   Time   | 
     |----------------------------------------+-------------+-----------+--------+---------+----------| 
     |                                        | clk ^       |           |        |   0.010 |    1.959 | 
     | u_vehicle_interface/id_to_check_reg[3] |             | SDFFQX1   |  0.000 |   0.010 |    1.959 | 
     | u_vehicle_interface/id_to_check_reg[3] | CK ^ -> Q ^ | SDFFQX1   |  0.338 |   0.348 |    2.298 | 
     | g222                                   |             | BUFX6     |  0.000 |   0.348 |    2.298 | 
     | g222                                   | A ^ -> Y ^  | BUFX6     |  0.176 |   0.525 |    2.474 | 
     | u_account_balance/g13463               |             | INVX8     |  0.000 |   0.525 |    2.474 | 
     | u_account_balance/g13463               | A ^ -> Y v  | INVX8     |  0.065 |   0.589 |    2.539 | 
     | u_account_balance/g13455               |             | CLKAND2X2 |  0.000 |   0.589 |    2.539 | 
     | u_account_balance/g13455               | B v -> Y v  | CLKAND2X2 |  0.191 |   0.780 |    2.730 | 
     | u_account_balance/g13473               |             | NOR2BX2   |  0.000 |   0.780 |    2.730 | 
     | u_account_balance/g13473               | AN v -> Y v | NOR2BX2   |  0.213 |   0.993 |    2.943 | 
     | u_account_balance/g13478               |             | AO22XL    |  0.000 |   0.993 |    2.943 | 
     | u_account_balance/g13478               | A1 v -> Y v | AO22XL    |  0.149 |   1.142 |    3.091 | 
     | u_account_balance/g13254               |             | NOR2XL    |  0.000 |   1.142 |    3.091 | 
     | u_account_balance/g13254               | B v -> Y ^  | NOR2XL    |  0.074 |   1.216 |    3.166 | 
     | u_account_balance/g13228               |             | NAND2XL   |  0.000 |   1.216 |    3.166 | 
     | u_account_balance/g13228               | B ^ -> Y v  | NAND2XL   |  0.088 |   1.304 |    3.254 | 
     | u_account_balance/g13205               |             | NOR3X1    |  0.000 |   1.304 |    3.254 | 
     | u_account_balance/g13205               | C v -> Y ^  | NOR3X1    |  0.135 |   1.440 |    3.389 | 
     | u_account_balance/g13199               |             | AND2XL    |  0.000 |   1.440 |    3.389 | 
     | u_account_balance/g13199               | B ^ -> Y ^  | AND2XL    |  0.150 |   1.590 |    3.539 | 
     | u_account_balance/g13187               |             | NAND2X1   |  0.000 |   1.590 |    3.539 | 
     | u_account_balance/g13187               | A ^ -> Y v  | NAND2X1   |  0.112 |   1.702 |    3.651 | 
     | u_account_balance/g13184               |             | OR4X1     |  0.000 |   1.702 |    3.651 | 
     | u_account_balance/g13184               | D v -> Y v  | OR4X1     |  0.292 |   1.994 |    3.943 | 
     | u_account_balance/g13179               |             | OR2X1     |  0.000 |   1.994 |    3.943 | 
     | u_account_balance/g13179               | B v -> Y v  | OR2X1     |  0.195 |   2.189 |    4.138 | 
     | u_account_balance/g13170               |             | NAND2X1   |  0.000 |   2.189 |    4.138 | 
     | u_account_balance/g13170               | B v -> Y ^  | NAND2X1   |  0.080 |   2.269 |    4.219 | 
     | u_account_balance/g4361                |             | OR2X1     |  0.000 |   2.269 |    4.219 | 
     | u_account_balance/g4361                | B ^ -> Y ^  | OR2X1     |  0.128 |   2.397 |    4.347 | 
     | u_account_balance/g4357                |             | NAND2XL   |  0.000 |   2.397 |    4.347 | 
     | u_account_balance/g4357                | B ^ -> Y v  | NAND2XL   |  0.115 |   2.512 |    4.462 | 
     | u_account_balance/g4343                |             | NAND2XL   |  0.000 |   2.512 |    4.462 | 
     | u_account_balance/g4343                | A v -> Y ^  | NAND2XL   |  0.270 |   2.783 |    4.732 | 
     | u_account_balance/g4304                |             | AO22XL    |  0.000 |   2.783 |    4.732 | 
     | u_account_balance/g4304                | A0 ^ -> Y ^ | AO22XL    |  0.201 |   2.984 |    4.933 | 
     | u_account_balance/balance_db_reg[2][7] |             | SDFFQX1   |  0.000 |   2.984 |    4.933 | 
     +------------------------------------------------------------------------------------------------+ 
     Clock Rise Edge                      0.000
     + Source Insertion Delay             0.010
     = Beginpoint Arrival Time            0.010
     Other End Path:
     +----------------------------------------------------------------------------------------+ 
     |                Instance                |  Arc  |  Cell   | Retime | Arrival | Required | 
     |                                        |       |         |  Delay |  Time   |   Time   | 
     |----------------------------------------+-------+---------+--------+---------+----------| 
     |                                        | clk ^ |         |        |   0.010 |   -1.939 | 
     | u_account_balance/balance_db_reg[2][7] |       | SDFFQX1 |  0.000 |   0.010 |   -1.939 | 
     +----------------------------------------------------------------------------------------+ 
Path 37: MET Setup Check with Pin u_account_balance/balance_db_reg[2][11]/CK 
Endpoint:   u_account_balance/balance_db_reg[2][11]/D (^) checked with  leading 
edge of 'clk'
Beginpoint: u_vehicle_interface/id_to_check_reg[3]/Q  (^) triggered by  leading 
edge of 'clk'
Path Groups: {clk}
Analysis View: view1
Retime Analysis { Data Path-Slew }
Other End Arrival Time          0.010
- Setup                         0.261
+ Phase Shift                   5.200
- Uncertainty                   0.010
= Required Time                 4.939
- Arrival Time                  2.996
= Slack Time                    1.943
= Slack Time(original)          1.903
     Clock Rise Edge                      0.000
     + Source Insertion Delay             0.010
     = Beginpoint Arrival Time            0.010
     Timing Path:
     +-------------------------------------------------------------------------------------------------+ 
     |                Instance                 |     Arc     |   Cell    | Retime | Arrival | Required | 
     |                                         |             |           |  Delay |  Time   |   Time   | 
     |-----------------------------------------+-------------+-----------+--------+---------+----------| 
     |                                         | clk ^       |           |        |   0.010 |    1.953 | 
     | u_vehicle_interface/id_to_check_reg[3]  |             | SDFFQX1   |  0.000 |   0.010 |    1.953 | 
     | u_vehicle_interface/id_to_check_reg[3]  | CK ^ -> Q ^ | SDFFQX1   |  0.338 |   0.348 |    2.291 | 
     | g222                                    |             | BUFX6     |  0.000 |   0.348 |    2.291 | 
     | g222                                    | A ^ -> Y ^  | BUFX6     |  0.176 |   0.525 |    2.467 | 
     | u_account_balance/g13463                |             | INVX8     |  0.000 |   0.525 |    2.467 | 
     | u_account_balance/g13463                | A ^ -> Y v  | INVX8     |  0.065 |   0.589 |    2.532 | 
     | u_account_balance/g13455                |             | CLKAND2X2 |  0.000 |   0.589 |    2.532 | 
     | u_account_balance/g13455                | B v -> Y v  | CLKAND2X2 |  0.191 |   0.780 |    2.723 | 
     | u_account_balance/g13473                |             | NOR2BX2   |  0.000 |   0.780 |    2.723 | 
     | u_account_balance/g13473                | AN v -> Y v | NOR2BX2   |  0.213 |   0.993 |    2.936 | 
     | u_account_balance/g13478                |             | AO22XL    |  0.000 |   0.993 |    2.936 | 
     | u_account_balance/g13478                | A1 v -> Y v | AO22XL    |  0.171 |   1.165 |    3.107 | 
     | u_account_balance/g13254                |             | NOR2XL    |  0.000 |   1.165 |    3.107 | 
     | u_account_balance/g13254                | B v -> Y ^  | NOR2XL    |  0.075 |   1.240 |    3.183 | 
     | u_account_balance/g13228                |             | NAND2XL   |  0.000 |   1.240 |    3.183 | 
     | u_account_balance/g13228                | B ^ -> Y v  | NAND2XL   |  0.088 |   1.328 |    3.271 | 
     | u_account_balance/g13205                |             | NOR3X1    |  0.000 |   1.328 |    3.271 | 
     | u_account_balance/g13205                | C v -> Y ^  | NOR3X1    |  0.135 |   1.464 |    3.406 | 
     | u_account_balance/g13199                |             | AND2XL    |  0.000 |   1.464 |    3.406 | 
     | u_account_balance/g13199                | B ^ -> Y ^  | AND2XL    |  0.150 |   1.614 |    3.556 | 
     | u_account_balance/g13187                |             | NAND2X1   |  0.000 |   1.614 |    3.556 | 
     | u_account_balance/g13187                | A ^ -> Y v  | NAND2X1   |  0.112 |   1.726 |    3.668 | 
     | u_account_balance/g13184                |             | OR4X1     |  0.000 |   1.726 |    3.668 | 
     | u_account_balance/g13184                | D v -> Y v  | OR4X1     |  0.292 |   2.018 |    3.960 | 
     | u_account_balance/g13179                |             | OR2X1     |  0.000 |   2.018 |    3.960 | 
     | u_account_balance/g13179                | B v -> Y v  | OR2X1     |  0.195 |   2.213 |    4.155 | 
     | u_account_balance/g13170                |             | NAND2X1   |  0.000 |   2.213 |    4.155 | 
     | u_account_balance/g13170                | B v -> Y ^  | NAND2X1   |  0.080 |   2.293 |    4.236 | 
     | u_account_balance/g4361                 |             | OR2X1     |  0.000 |   2.293 |    4.236 | 
     | u_account_balance/g4361                 | B ^ -> Y ^  | OR2X1     |  0.128 |   2.421 |    4.364 | 
     | u_account_balance/g4357                 |             | NAND2XL   |  0.000 |   2.421 |    4.364 | 
     | u_account_balance/g4357                 | B ^ -> Y v  | NAND2XL   |  0.115 |   2.536 |    4.479 | 
     | u_account_balance/g4343                 |             | NAND2XL   |  0.000 |   2.536 |    4.479 | 
     | u_account_balance/g4343                 | A v -> Y ^  | NAND2XL   |  0.270 |   2.807 |    4.749 | 
     | u_account_balance/g4307                 |             | AO22XL    |  0.000 |   2.807 |    4.749 | 
     | u_account_balance/g4307                 | A0 ^ -> Y ^ | AO22XL    |  0.190 |   2.996 |    4.939 | 
     | u_account_balance/balance_db_reg[2][11] |             | SDFFQX1   |  0.000 |   2.996 |    4.939 | 
     +-------------------------------------------------------------------------------------------------+ 
     Clock Rise Edge                      0.000
     + Source Insertion Delay             0.010
     = Beginpoint Arrival Time            0.010
     Other End Path:
     +-----------------------------------------------------------------------------------------+ 
     |                Instance                 |  Arc  |  Cell   | Retime | Arrival | Required | 
     |                                         |       |         |  Delay |  Time   |   Time   | 
     |-----------------------------------------+-------+---------+--------+---------+----------| 
     |                                         | clk ^ |         |        |   0.010 |   -1.933 | 
     | u_account_balance/balance_db_reg[2][11] |       | SDFFQX1 |  0.000 |   0.010 |   -1.933 | 
     +-----------------------------------------------------------------------------------------+ 
Path 38: MET Setup Check with Pin u_account_balance/balance_db_reg[2][9]/CK 
Endpoint:   u_account_balance/balance_db_reg[2][9]/D (^) checked with  leading 
edge of 'clk'
Beginpoint: u_vehicle_interface/id_to_check_reg[3]/Q (^) triggered by  leading 
edge of 'clk'
Path Groups: {clk}
Analysis View: view1
Retime Analysis { Data Path-Slew }
Other End Arrival Time          0.010
- Setup                         0.261
+ Phase Shift                   5.200
- Uncertainty                   0.010
= Required Time                 4.939
- Arrival Time                  2.996
= Slack Time                    1.943
= Slack Time(original)          1.903
     Clock Rise Edge                      0.000
     + Source Insertion Delay             0.010
     = Beginpoint Arrival Time            0.010
     Timing Path:
     +------------------------------------------------------------------------------------------------+ 
     |                Instance                |     Arc     |   Cell    | Retime | Arrival | Required | 
     |                                        |             |           |  Delay |  Time   |   Time   | 
     |----------------------------------------+-------------+-----------+--------+---------+----------| 
     |                                        | clk ^       |           |        |   0.010 |    1.953 | 
     | u_vehicle_interface/id_to_check_reg[3] |             | SDFFQX1   |  0.000 |   0.010 |    1.953 | 
     | u_vehicle_interface/id_to_check_reg[3] | CK ^ -> Q ^ | SDFFQX1   |  0.338 |   0.348 |    2.291 | 
     | g222                                   |             | BUFX6     |  0.000 |   0.348 |    2.291 | 
     | g222                                   | A ^ -> Y ^  | BUFX6     |  0.176 |   0.525 |    2.467 | 
     | u_account_balance/g13463               |             | INVX8     |  0.000 |   0.525 |    2.467 | 
     | u_account_balance/g13463               | A ^ -> Y v  | INVX8     |  0.065 |   0.589 |    2.532 | 
     | u_account_balance/g13455               |             | CLKAND2X2 |  0.000 |   0.589 |    2.532 | 
     | u_account_balance/g13455               | B v -> Y v  | CLKAND2X2 |  0.191 |   0.780 |    2.723 | 
     | u_account_balance/g13473               |             | NOR2BX2   |  0.000 |   0.780 |    2.723 | 
     | u_account_balance/g13473               | AN v -> Y v | NOR2BX2   |  0.213 |   0.993 |    2.936 | 
     | u_account_balance/g13478               |             | AO22XL    |  0.000 |   0.993 |    2.936 | 
     | u_account_balance/g13478               | A1 v -> Y v | AO22XL    |  0.171 |   1.165 |    3.107 | 
     | u_account_balance/g13254               |             | NOR2XL    |  0.000 |   1.165 |    3.107 | 
     | u_account_balance/g13254               | B v -> Y ^  | NOR2XL    |  0.075 |   1.240 |    3.183 | 
     | u_account_balance/g13228               |             | NAND2XL   |  0.000 |   1.240 |    3.183 | 
     | u_account_balance/g13228               | B ^ -> Y v  | NAND2XL   |  0.088 |   1.328 |    3.271 | 
     | u_account_balance/g13205               |             | NOR3X1    |  0.000 |   1.328 |    3.271 | 
     | u_account_balance/g13205               | C v -> Y ^  | NOR3X1    |  0.135 |   1.464 |    3.406 | 
     | u_account_balance/g13199               |             | AND2XL    |  0.000 |   1.464 |    3.406 | 
     | u_account_balance/g13199               | B ^ -> Y ^  | AND2XL    |  0.150 |   1.614 |    3.556 | 
     | u_account_balance/g13187               |             | NAND2X1   |  0.000 |   1.614 |    3.556 | 
     | u_account_balance/g13187               | A ^ -> Y v  | NAND2X1   |  0.112 |   1.726 |    3.668 | 
     | u_account_balance/g13184               |             | OR4X1     |  0.000 |   1.726 |    3.668 | 
     | u_account_balance/g13184               | D v -> Y v  | OR4X1     |  0.292 |   2.018 |    3.960 | 
     | u_account_balance/g13179               |             | OR2X1     |  0.000 |   2.018 |    3.960 | 
     | u_account_balance/g13179               | B v -> Y v  | OR2X1     |  0.195 |   2.213 |    4.155 | 
     | u_account_balance/g13170               |             | NAND2X1   |  0.000 |   2.213 |    4.155 | 
     | u_account_balance/g13170               | B v -> Y ^  | NAND2X1   |  0.080 |   2.293 |    4.236 | 
     | u_account_balance/g4361                |             | OR2X1     |  0.000 |   2.293 |    4.236 | 
     | u_account_balance/g4361                | B ^ -> Y ^  | OR2X1     |  0.128 |   2.421 |    4.364 | 
     | u_account_balance/g4357                |             | NAND2XL   |  0.000 |   2.421 |    4.364 | 
     | u_account_balance/g4357                | B ^ -> Y v  | NAND2XL   |  0.115 |   2.536 |    4.479 | 
     | u_account_balance/g4343                |             | NAND2XL   |  0.000 |   2.536 |    4.479 | 
     | u_account_balance/g4343                | A v -> Y ^  | NAND2XL   |  0.270 |   2.807 |    4.749 | 
     | u_account_balance/g4306                |             | AO22XL    |  0.000 |   2.807 |    4.749 | 
     | u_account_balance/g4306                | A0 ^ -> Y ^ | AO22XL    |  0.190 |   2.996 |    4.939 | 
     | u_account_balance/balance_db_reg[2][9] |             | SDFFQX1   |  0.000 |   2.996 |    4.939 | 
     +------------------------------------------------------------------------------------------------+ 
     Clock Rise Edge                      0.000
     + Source Insertion Delay             0.010
     = Beginpoint Arrival Time            0.010
     Other End Path:
     +----------------------------------------------------------------------------------------+ 
     |                Instance                |  Arc  |  Cell   | Retime | Arrival | Required | 
     |                                        |       |         |  Delay |  Time   |   Time   | 
     |----------------------------------------+-------+---------+--------+---------+----------| 
     |                                        | clk ^ |         |        |   0.010 |   -1.933 | 
     | u_account_balance/balance_db_reg[2][9] |       | SDFFQX1 |  0.000 |   0.010 |   -1.933 | 
     +----------------------------------------------------------------------------------------+ 
Path 39: MET Setup Check with Pin u_account_balance/balance_db_reg[2][7]/CK 
Endpoint:   u_account_balance/balance_db_reg[2][7]/D (^) checked with  leading 
edge of 'clk'
Beginpoint: u_vehicle_interface/id_to_check_reg[3]/Q (^) triggered by  leading 
edge of 'clk'
Path Groups: {clk}
Analysis View: view1
Retime Analysis { Data Path-Slew }
Other End Arrival Time          0.010
- Setup                         0.261
+ Phase Shift                   5.200
- Uncertainty                   0.010
= Required Time                 4.939
- Arrival Time                  2.996
= Slack Time                    1.943
= Slack Time(original)          1.903
     Clock Rise Edge                      0.000
     + Source Insertion Delay             0.010
     = Beginpoint Arrival Time            0.010
     Timing Path:
     +------------------------------------------------------------------------------------------------+ 
     |                Instance                |     Arc     |   Cell    | Retime | Arrival | Required | 
     |                                        |             |           |  Delay |  Time   |   Time   | 
     |----------------------------------------+-------------+-----------+--------+---------+----------| 
     |                                        | clk ^       |           |        |   0.010 |    1.953 | 
     | u_vehicle_interface/id_to_check_reg[3] |             | SDFFQX1   |  0.000 |   0.010 |    1.953 | 
     | u_vehicle_interface/id_to_check_reg[3] | CK ^ -> Q ^ | SDFFQX1   |  0.338 |   0.348 |    2.291 | 
     | g222                                   |             | BUFX6     |  0.000 |   0.348 |    2.291 | 
     | g222                                   | A ^ -> Y ^  | BUFX6     |  0.176 |   0.525 |    2.467 | 
     | u_account_balance/g13463               |             | INVX8     |  0.000 |   0.525 |    2.467 | 
     | u_account_balance/g13463               | A ^ -> Y v  | INVX8     |  0.065 |   0.589 |    2.532 | 
     | u_account_balance/g13455               |             | CLKAND2X2 |  0.000 |   0.589 |    2.532 | 
     | u_account_balance/g13455               | B v -> Y v  | CLKAND2X2 |  0.191 |   0.780 |    2.723 | 
     | u_account_balance/g13473               |             | NOR2BX2   |  0.000 |   0.780 |    2.723 | 
     | u_account_balance/g13473               | AN v -> Y v | NOR2BX2   |  0.213 |   0.993 |    2.936 | 
     | u_account_balance/g13478               |             | AO22XL    |  0.000 |   0.993 |    2.936 | 
     | u_account_balance/g13478               | A1 v -> Y v | AO22XL    |  0.171 |   1.165 |    3.107 | 
     | u_account_balance/g13254               |             | NOR2XL    |  0.000 |   1.165 |    3.107 | 
     | u_account_balance/g13254               | B v -> Y ^  | NOR2XL    |  0.075 |   1.240 |    3.183 | 
     | u_account_balance/g13228               |             | NAND2XL   |  0.000 |   1.240 |    3.183 | 
     | u_account_balance/g13228               | B ^ -> Y v  | NAND2XL   |  0.088 |   1.328 |    3.271 | 
     | u_account_balance/g13205               |             | NOR3X1    |  0.000 |   1.328 |    3.271 | 
     | u_account_balance/g13205               | C v -> Y ^  | NOR3X1    |  0.135 |   1.464 |    3.406 | 
     | u_account_balance/g13199               |             | AND2XL    |  0.000 |   1.464 |    3.406 | 
     | u_account_balance/g13199               | B ^ -> Y ^  | AND2XL    |  0.150 |   1.614 |    3.556 | 
     | u_account_balance/g13187               |             | NAND2X1   |  0.000 |   1.614 |    3.556 | 
     | u_account_balance/g13187               | A ^ -> Y v  | NAND2X1   |  0.112 |   1.726 |    3.668 | 
     | u_account_balance/g13184               |             | OR4X1     |  0.000 |   1.726 |    3.668 | 
     | u_account_balance/g13184               | D v -> Y v  | OR4X1     |  0.292 |   2.018 |    3.960 | 
     | u_account_balance/g13179               |             | OR2X1     |  0.000 |   2.018 |    3.960 | 
     | u_account_balance/g13179               | B v -> Y v  | OR2X1     |  0.195 |   2.213 |    4.155 | 
     | u_account_balance/g13170               |             | NAND2X1   |  0.000 |   2.213 |    4.155 | 
     | u_account_balance/g13170               | B v -> Y ^  | NAND2X1   |  0.080 |   2.293 |    4.236 | 
     | u_account_balance/g4361                |             | OR2X1     |  0.000 |   2.293 |    4.236 | 
     | u_account_balance/g4361                | B ^ -> Y ^  | OR2X1     |  0.128 |   2.421 |    4.364 | 
     | u_account_balance/g4357                |             | NAND2XL   |  0.000 |   2.421 |    4.364 | 
     | u_account_balance/g4357                | B ^ -> Y v  | NAND2XL   |  0.115 |   2.536 |    4.479 | 
     | u_account_balance/g4343                |             | NAND2XL   |  0.000 |   2.536 |    4.479 | 
     | u_account_balance/g4343                | A v -> Y ^  | NAND2XL   |  0.270 |   2.807 |    4.749 | 
     | u_account_balance/g4304                |             | AO22XL    |  0.000 |   2.807 |    4.749 | 
     | u_account_balance/g4304                | A0 ^ -> Y ^ | AO22XL    |  0.190 |   2.996 |    4.939 | 
     | u_account_balance/balance_db_reg[2][7] |             | SDFFQX1   |  0.000 |   2.996 |    4.939 | 
     +------------------------------------------------------------------------------------------------+ 
     Clock Rise Edge                      0.000
     + Source Insertion Delay             0.010
     = Beginpoint Arrival Time            0.010
     Other End Path:
     +----------------------------------------------------------------------------------------+ 
     |                Instance                |  Arc  |  Cell   | Retime | Arrival | Required | 
     |                                        |       |         |  Delay |  Time   |   Time   | 
     |----------------------------------------+-------+---------+--------+---------+----------| 
     |                                        | clk ^ |         |        |   0.010 |   -1.933 | 
     | u_account_balance/balance_db_reg[2][7] |       | SDFFQX1 |  0.000 |   0.010 |   -1.933 | 
     +----------------------------------------------------------------------------------------+ 
Path 40: MET Setup Check with Pin u_account_balance/balance_db_reg[2][11]/CK 
Endpoint:   u_account_balance/balance_db_reg[2][11]/D (^) checked with  leading 
edge of 'clk'
Beginpoint: u_vehicle_interface/id_to_check_reg[3]/Q  (^) triggered by  leading 
edge of 'clk'
Path Groups: {clk}
Analysis View: view1
Retime Analysis { Data Path-Slew }
Other End Arrival Time          0.010
- Setup                         0.261
+ Phase Shift                   5.200
- Uncertainty                   0.010
= Required Time                 4.939
- Arrival Time                  2.972
= Slack Time                    1.967
= Slack Time(original)          1.903
     Clock Rise Edge                      0.000
     + Source Insertion Delay             0.010
     = Beginpoint Arrival Time            0.010
     Timing Path:
     +-------------------------------------------------------------------------------------------------+ 
     |                Instance                 |     Arc     |   Cell    | Retime | Arrival | Required | 
     |                                         |             |           |  Delay |  Time   |   Time   | 
     |-----------------------------------------+-------------+-----------+--------+---------+----------| 
     |                                         | clk ^       |           |        |   0.010 |    1.977 | 
     | u_vehicle_interface/id_to_check_reg[3]  |             | SDFFQX1   |  0.000 |   0.010 |    1.977 | 
     | u_vehicle_interface/id_to_check_reg[3]  | CK ^ -> Q ^ | SDFFQX1   |  0.338 |   0.348 |    2.315 | 
     | g222                                    |             | BUFX6     |  0.000 |   0.348 |    2.315 | 
     | g222                                    | A ^ -> Y ^  | BUFX6     |  0.176 |   0.525 |    2.491 | 
     | u_account_balance/g13463                |             | INVX8     |  0.000 |   0.525 |    2.491 | 
     | u_account_balance/g13463                | A ^ -> Y v  | INVX8     |  0.065 |   0.589 |    2.556 | 
     | u_account_balance/g13455                |             | CLKAND2X2 |  0.000 |   0.589 |    2.556 | 
     | u_account_balance/g13455                | B v -> Y v  | CLKAND2X2 |  0.191 |   0.780 |    2.747 | 
     | u_account_balance/g13473                |             | NOR2BX2   |  0.000 |   0.780 |    2.747 | 
     | u_account_balance/g13473                | AN v -> Y v | NOR2BX2   |  0.213 |   0.993 |    2.960 | 
     | u_account_balance/g13478                |             | AO22XL    |  0.000 |   0.993 |    2.960 | 
     | u_account_balance/g13478                | A1 v -> Y v | AO22XL    |  0.149 |   1.142 |    3.109 | 
     | u_account_balance/g13254                |             | NOR2XL    |  0.000 |   1.142 |    3.109 | 
     | u_account_balance/g13254                | B v -> Y ^  | NOR2XL    |  0.074 |   1.216 |    3.183 | 
     | u_account_balance/g13228                |             | NAND2XL   |  0.000 |   1.216 |    3.183 | 
     | u_account_balance/g13228                | B ^ -> Y v  | NAND2XL   |  0.088 |   1.304 |    3.271 | 
     | u_account_balance/g13205                |             | NOR3X1    |  0.000 |   1.304 |    3.271 | 
     | u_account_balance/g13205                | C v -> Y ^  | NOR3X1    |  0.135 |   1.440 |    3.406 | 
     | u_account_balance/g13199                |             | AND2XL    |  0.000 |   1.440 |    3.406 | 
     | u_account_balance/g13199                | B ^ -> Y ^  | AND2XL    |  0.150 |   1.590 |    3.556 | 
     | u_account_balance/g13187                |             | NAND2X1   |  0.000 |   1.590 |    3.556 | 
     | u_account_balance/g13187                | A ^ -> Y v  | NAND2X1   |  0.112 |   1.702 |    3.668 | 
     | u_account_balance/g13184                |             | OR4X1     |  0.000 |   1.702 |    3.668 | 
     | u_account_balance/g13184                | D v -> Y v  | OR4X1     |  0.292 |   1.994 |    3.960 | 
     | u_account_balance/g13179                |             | OR2X1     |  0.000 |   1.994 |    3.960 | 
     | u_account_balance/g13179                | B v -> Y v  | OR2X1     |  0.195 |   2.189 |    4.155 | 
     | u_account_balance/g13170                |             | NAND2X1   |  0.000 |   2.189 |    4.155 | 
     | u_account_balance/g13170                | B v -> Y ^  | NAND2X1   |  0.080 |   2.269 |    4.236 | 
     | u_account_balance/g4361                 |             | OR2X1     |  0.000 |   2.269 |    4.236 | 
     | u_account_balance/g4361                 | B ^ -> Y ^  | OR2X1     |  0.128 |   2.397 |    4.364 | 
     | u_account_balance/g4357                 |             | NAND2XL   |  0.000 |   2.397 |    4.364 | 
     | u_account_balance/g4357                 | B ^ -> Y v  | NAND2XL   |  0.115 |   2.512 |    4.479 | 
     | u_account_balance/g4343                 |             | NAND2XL   |  0.000 |   2.512 |    4.479 | 
     | u_account_balance/g4343                 | A v -> Y ^  | NAND2XL   |  0.270 |   2.783 |    4.749 | 
     | u_account_balance/g4307                 |             | AO22XL    |  0.000 |   2.783 |    4.749 | 
     | u_account_balance/g4307                 | A0 ^ -> Y ^ | AO22XL    |  0.190 |   2.972 |    4.939 | 
     | u_account_balance/balance_db_reg[2][11] |             | SDFFQX1   |  0.000 |   2.972 |    4.939 | 
     +-------------------------------------------------------------------------------------------------+ 
     Clock Rise Edge                      0.000
     + Source Insertion Delay             0.010
     = Beginpoint Arrival Time            0.010
     Other End Path:
     +-----------------------------------------------------------------------------------------+ 
     |                Instance                 |  Arc  |  Cell   | Retime | Arrival | Required | 
     |                                         |       |         |  Delay |  Time   |   Time   | 
     |-----------------------------------------+-------+---------+--------+---------+----------| 
     |                                         | clk ^ |         |        |   0.010 |   -1.957 | 
     | u_account_balance/balance_db_reg[2][11] |       | SDFFQX1 |  0.000 |   0.010 |   -1.957 | 
     +-----------------------------------------------------------------------------------------+ 
Path 41: MET Setup Check with Pin u_account_balance/balance_db_reg[2][9]/CK 
Endpoint:   u_account_balance/balance_db_reg[2][9]/D (^) checked with  leading 
edge of 'clk'
Beginpoint: u_vehicle_interface/id_to_check_reg[3]/Q (^) triggered by  leading 
edge of 'clk'
Path Groups: {clk}
Analysis View: view1
Retime Analysis { Data Path-Slew }
Other End Arrival Time          0.010
- Setup                         0.261
+ Phase Shift                   5.200
- Uncertainty                   0.010
= Required Time                 4.939
- Arrival Time                  2.972
= Slack Time                    1.967
= Slack Time(original)          1.903
     Clock Rise Edge                      0.000
     + Source Insertion Delay             0.010
     = Beginpoint Arrival Time            0.010
     Timing Path:
     +------------------------------------------------------------------------------------------------+ 
     |                Instance                |     Arc     |   Cell    | Retime | Arrival | Required | 
     |                                        |             |           |  Delay |  Time   |   Time   | 
     |----------------------------------------+-------------+-----------+--------+---------+----------| 
     |                                        | clk ^       |           |        |   0.010 |    1.977 | 
     | u_vehicle_interface/id_to_check_reg[3] |             | SDFFQX1   |  0.000 |   0.010 |    1.977 | 
     | u_vehicle_interface/id_to_check_reg[3] | CK ^ -> Q ^ | SDFFQX1   |  0.338 |   0.348 |    2.315 | 
     | g222                                   |             | BUFX6     |  0.000 |   0.348 |    2.315 | 
     | g222                                   | A ^ -> Y ^  | BUFX6     |  0.176 |   0.525 |    2.491 | 
     | u_account_balance/g13463               |             | INVX8     |  0.000 |   0.525 |    2.491 | 
     | u_account_balance/g13463               | A ^ -> Y v  | INVX8     |  0.065 |   0.589 |    2.556 | 
     | u_account_balance/g13455               |             | CLKAND2X2 |  0.000 |   0.589 |    2.556 | 
     | u_account_balance/g13455               | B v -> Y v  | CLKAND2X2 |  0.191 |   0.780 |    2.747 | 
     | u_account_balance/g13473               |             | NOR2BX2   |  0.000 |   0.780 |    2.747 | 
     | u_account_balance/g13473               | AN v -> Y v | NOR2BX2   |  0.213 |   0.993 |    2.960 | 
     | u_account_balance/g13478               |             | AO22XL    |  0.000 |   0.993 |    2.960 | 
     | u_account_balance/g13478               | A1 v -> Y v | AO22XL    |  0.149 |   1.142 |    3.109 | 
     | u_account_balance/g13254               |             | NOR2XL    |  0.000 |   1.142 |    3.109 | 
     | u_account_balance/g13254               | B v -> Y ^  | NOR2XL    |  0.074 |   1.216 |    3.183 | 
     | u_account_balance/g13228               |             | NAND2XL   |  0.000 |   1.216 |    3.183 | 
     | u_account_balance/g13228               | B ^ -> Y v  | NAND2XL   |  0.088 |   1.304 |    3.271 | 
     | u_account_balance/g13205               |             | NOR3X1    |  0.000 |   1.304 |    3.271 | 
     | u_account_balance/g13205               | C v -> Y ^  | NOR3X1    |  0.135 |   1.440 |    3.406 | 
     | u_account_balance/g13199               |             | AND2XL    |  0.000 |   1.440 |    3.406 | 
     | u_account_balance/g13199               | B ^ -> Y ^  | AND2XL    |  0.150 |   1.590 |    3.556 | 
     | u_account_balance/g13187               |             | NAND2X1   |  0.000 |   1.590 |    3.556 | 
     | u_account_balance/g13187               | A ^ -> Y v  | NAND2X1   |  0.112 |   1.702 |    3.668 | 
     | u_account_balance/g13184               |             | OR4X1     |  0.000 |   1.702 |    3.668 | 
     | u_account_balance/g13184               | D v -> Y v  | OR4X1     |  0.292 |   1.994 |    3.960 | 
     | u_account_balance/g13179               |             | OR2X1     |  0.000 |   1.994 |    3.960 | 
     | u_account_balance/g13179               | B v -> Y v  | OR2X1     |  0.195 |   2.189 |    4.155 | 
     | u_account_balance/g13170               |             | NAND2X1   |  0.000 |   2.189 |    4.155 | 
     | u_account_balance/g13170               | B v -> Y ^  | NAND2X1   |  0.080 |   2.269 |    4.236 | 
     | u_account_balance/g4361                |             | OR2X1     |  0.000 |   2.269 |    4.236 | 
     | u_account_balance/g4361                | B ^ -> Y ^  | OR2X1     |  0.128 |   2.397 |    4.364 | 
     | u_account_balance/g4357                |             | NAND2XL   |  0.000 |   2.397 |    4.364 | 
     | u_account_balance/g4357                | B ^ -> Y v  | NAND2XL   |  0.115 |   2.512 |    4.479 | 
     | u_account_balance/g4343                |             | NAND2XL   |  0.000 |   2.512 |    4.479 | 
     | u_account_balance/g4343                | A v -> Y ^  | NAND2XL   |  0.270 |   2.783 |    4.749 | 
     | u_account_balance/g4306                |             | AO22XL    |  0.000 |   2.783 |    4.749 | 
     | u_account_balance/g4306                | A0 ^ -> Y ^ | AO22XL    |  0.190 |   2.972 |    4.939 | 
     | u_account_balance/balance_db_reg[2][9] |             | SDFFQX1   |  0.000 |   2.972 |    4.939 | 
     +------------------------------------------------------------------------------------------------+ 
     Clock Rise Edge                      0.000
     + Source Insertion Delay             0.010
     = Beginpoint Arrival Time            0.010
     Other End Path:
     +----------------------------------------------------------------------------------------+ 
     |                Instance                |  Arc  |  Cell   | Retime | Arrival | Required | 
     |                                        |       |         |  Delay |  Time   |   Time   | 
     |----------------------------------------+-------+---------+--------+---------+----------| 
     |                                        | clk ^ |         |        |   0.010 |   -1.957 | 
     | u_account_balance/balance_db_reg[2][9] |       | SDFFQX1 |  0.000 |   0.010 |   -1.957 | 
     +----------------------------------------------------------------------------------------+ 
Path 42: MET Setup Check with Pin u_account_balance/balance_db_reg[2][7]/CK 
Endpoint:   u_account_balance/balance_db_reg[2][7]/D (^) checked with  leading 
edge of 'clk'
Beginpoint: u_vehicle_interface/id_to_check_reg[3]/Q (^) triggered by  leading 
edge of 'clk'
Path Groups: {clk}
Analysis View: view1
Retime Analysis { Data Path-Slew }
Other End Arrival Time          0.010
- Setup                         0.261
+ Phase Shift                   5.200
- Uncertainty                   0.010
= Required Time                 4.939
- Arrival Time                  2.972
= Slack Time                    1.967
= Slack Time(original)          1.903
     Clock Rise Edge                      0.000
     + Source Insertion Delay             0.010
     = Beginpoint Arrival Time            0.010
     Timing Path:
     +------------------------------------------------------------------------------------------------+ 
     |                Instance                |     Arc     |   Cell    | Retime | Arrival | Required | 
     |                                        |             |           |  Delay |  Time   |   Time   | 
     |----------------------------------------+-------------+-----------+--------+---------+----------| 
     |                                        | clk ^       |           |        |   0.010 |    1.977 | 
     | u_vehicle_interface/id_to_check_reg[3] |             | SDFFQX1   |  0.000 |   0.010 |    1.977 | 
     | u_vehicle_interface/id_to_check_reg[3] | CK ^ -> Q ^ | SDFFQX1   |  0.338 |   0.348 |    2.315 | 
     | g222                                   |             | BUFX6     |  0.000 |   0.348 |    2.315 | 
     | g222                                   | A ^ -> Y ^  | BUFX6     |  0.176 |   0.525 |    2.491 | 
     | u_account_balance/g13463               |             | INVX8     |  0.000 |   0.525 |    2.491 | 
     | u_account_balance/g13463               | A ^ -> Y v  | INVX8     |  0.065 |   0.589 |    2.556 | 
     | u_account_balance/g13455               |             | CLKAND2X2 |  0.000 |   0.589 |    2.556 | 
     | u_account_balance/g13455               | B v -> Y v  | CLKAND2X2 |  0.191 |   0.780 |    2.747 | 
     | u_account_balance/g13473               |             | NOR2BX2   |  0.000 |   0.780 |    2.747 | 
     | u_account_balance/g13473               | AN v -> Y v | NOR2BX2   |  0.213 |   0.993 |    2.960 | 
     | u_account_balance/g13478               |             | AO22XL    |  0.000 |   0.993 |    2.960 | 
     | u_account_balance/g13478               | A1 v -> Y v | AO22XL    |  0.149 |   1.142 |    3.109 | 
     | u_account_balance/g13254               |             | NOR2XL    |  0.000 |   1.142 |    3.109 | 
     | u_account_balance/g13254               | B v -> Y ^  | NOR2XL    |  0.074 |   1.216 |    3.183 | 
     | u_account_balance/g13228               |             | NAND2XL   |  0.000 |   1.216 |    3.183 | 
     | u_account_balance/g13228               | B ^ -> Y v  | NAND2XL   |  0.088 |   1.304 |    3.271 | 
     | u_account_balance/g13205               |             | NOR3X1    |  0.000 |   1.304 |    3.271 | 
     | u_account_balance/g13205               | C v -> Y ^  | NOR3X1    |  0.135 |   1.440 |    3.406 | 
     | u_account_balance/g13199               |             | AND2XL    |  0.000 |   1.440 |    3.406 | 
     | u_account_balance/g13199               | B ^ -> Y ^  | AND2XL    |  0.150 |   1.590 |    3.556 | 
     | u_account_balance/g13187               |             | NAND2X1   |  0.000 |   1.590 |    3.556 | 
     | u_account_balance/g13187               | A ^ -> Y v  | NAND2X1   |  0.112 |   1.702 |    3.668 | 
     | u_account_balance/g13184               |             | OR4X1     |  0.000 |   1.702 |    3.668 | 
     | u_account_balance/g13184               | D v -> Y v  | OR4X1     |  0.292 |   1.994 |    3.960 | 
     | u_account_balance/g13179               |             | OR2X1     |  0.000 |   1.994 |    3.960 | 
     | u_account_balance/g13179               | B v -> Y v  | OR2X1     |  0.195 |   2.189 |    4.155 | 
     | u_account_balance/g13170               |             | NAND2X1   |  0.000 |   2.189 |    4.155 | 
     | u_account_balance/g13170               | B v -> Y ^  | NAND2X1   |  0.080 |   2.269 |    4.236 | 
     | u_account_balance/g4361                |             | OR2X1     |  0.000 |   2.269 |    4.236 | 
     | u_account_balance/g4361                | B ^ -> Y ^  | OR2X1     |  0.128 |   2.397 |    4.364 | 
     | u_account_balance/g4357                |             | NAND2XL   |  0.000 |   2.397 |    4.364 | 
     | u_account_balance/g4357                | B ^ -> Y v  | NAND2XL   |  0.115 |   2.512 |    4.479 | 
     | u_account_balance/g4343                |             | NAND2XL   |  0.000 |   2.512 |    4.479 | 
     | u_account_balance/g4343                | A v -> Y ^  | NAND2XL   |  0.270 |   2.783 |    4.749 | 
     | u_account_balance/g4304                |             | AO22XL    |  0.000 |   2.783 |    4.749 | 
     | u_account_balance/g4304                | A0 ^ -> Y ^ | AO22XL    |  0.190 |   2.972 |    4.939 | 
     | u_account_balance/balance_db_reg[2][7] |             | SDFFQX1   |  0.000 |   2.972 |    4.939 | 
     +------------------------------------------------------------------------------------------------+ 
     Clock Rise Edge                      0.000
     + Source Insertion Delay             0.010
     = Beginpoint Arrival Time            0.010
     Other End Path:
     +----------------------------------------------------------------------------------------+ 
     |                Instance                |  Arc  |  Cell   | Retime | Arrival | Required | 
     |                                        |       |         |  Delay |  Time   |   Time   | 
     |----------------------------------------+-------+---------+--------+---------+----------| 
     |                                        | clk ^ |         |        |   0.010 |   -1.957 | 
     | u_account_balance/balance_db_reg[2][7] |       | SDFFQX1 |  0.000 |   0.010 |   -1.957 | 
     +----------------------------------------------------------------------------------------+ 
Path 43: MET Setup Check with Pin u_account_balance/balance_db_reg[2][11]/CK 
Endpoint:   u_account_balance/balance_db_reg[2][11]/D (^) checked with  leading 
edge of 'clk'
Beginpoint: u_vehicle_interface/id_to_check_reg[3]/Q  (v) triggered by  leading 
edge of 'clk'
Path Groups: {clk}
Analysis View: view1
Retime Analysis { Data Path-Slew }
Other End Arrival Time          0.010
- Setup                         0.267
+ Phase Shift                   5.200
- Uncertainty                   0.010
= Required Time                 4.933
- Arrival Time                  2.995
= Slack Time                    1.938
= Slack Time(original)          1.903
     Clock Rise Edge                      0.000
     + Source Insertion Delay             0.010
     = Beginpoint Arrival Time            0.010
     Timing Path:
     +-------------------------------------------------------------------------------------------------+ 
     |                Instance                 |     Arc     |   Cell    | Retime | Arrival | Required | 
     |                                         |             |           |  Delay |  Time   |   Time   | 
     |-----------------------------------------+-------------+-----------+--------+---------+----------| 
     |                                         | clk ^       |           |        |   0.010 |    1.948 | 
     | u_vehicle_interface/id_to_check_reg[3]  |             | SDFFQX1   |  0.000 |   0.010 |    1.948 | 
     | u_vehicle_interface/id_to_check_reg[3]  | CK ^ -> Q v | SDFFQX1   |  0.381 |   0.391 |    2.329 | 
     | g222                                    |             | BUFX6     |  0.000 |   0.391 |    2.329 | 
     | g222                                    | A v -> Y v  | BUFX6     |  0.172 |   0.563 |    2.501 | 
     | u_account_balance/g13484                |             | AO22XL    |  0.000 |   0.563 |    2.501 | 
     | u_account_balance/g13484                | A1 v -> Y v | AO22XL    |  0.167 |   0.730 |    2.668 | 
     | u_account_balance/g13352                |             | MXI2XL    |  0.000 |   0.730 |    2.668 | 
     | u_account_balance/g13352                | B v -> Y ^  | MXI2XL    |  0.121 |   0.851 |    2.788 | 
     | u_account_balance/g13247                |             | OAI22X1   |  0.000 |   0.851 |    2.788 | 
     | u_account_balance/g13247                | A1 ^ -> Y v | OAI22X1   |  0.127 |   0.978 |    2.915 | 
     | u_account_balance/g13221                |             | NOR2X2    |  0.000 |   0.978 |    2.915 | 
     | u_account_balance/g13221                | B v -> Y ^  | NOR2X2    |  0.087 |   1.065 |    3.002 | 
     | u_account_balance/g13474                |             | OAI2BB1X2 |  0.000 |   1.065 |    3.002 | 
     | u_account_balance/g13474                | B0 ^ -> Y v | OAI2BB1X2 |  0.113 |   1.178 |    3.116 | 
     | u_account_balance/g13202                |             | NOR2X2    |  0.000 |   1.178 |    3.116 | 
     | u_account_balance/g13202                | B v -> Y ^  | NOR2X2    |  0.113 |   1.291 |    3.229 | 
     | u_account_balance/g13194                |             | OAI21X1   |  0.000 |   1.291 |    3.229 | 
     | u_account_balance/g13194                | A1 ^ -> Y v | OAI21X1   |  0.122 |   1.413 |    3.351 | 
     | u_account_balance/g13192                |             | NOR2X1    |  0.000 |   1.413 |    3.351 | 
     | u_account_balance/g13192                | B v -> Y ^  | NOR2X1    |  0.159 |   1.572 |    3.510 | 
     | u_account_balance/g13187                |             | NAND2X1   |  0.000 |   1.572 |    3.510 | 
     | u_account_balance/g13187                | B ^ -> Y v  | NAND2X1   |  0.137 |   1.709 |    3.647 | 
     | u_account_balance/g13184                |             | OR4X1     |  0.000 |   1.709 |    3.647 | 
     | u_account_balance/g13184                | D v -> Y v  | OR4X1     |  0.296 |   2.005 |    3.943 | 
     | u_account_balance/g13179                |             | OR2X1     |  0.000 |   2.005 |    3.943 | 
     | u_account_balance/g13179                | B v -> Y v  | OR2X1     |  0.195 |   2.201 |    4.138 | 
     | u_account_balance/g13170                |             | NAND2X1   |  0.000 |   2.201 |    4.138 | 
     | u_account_balance/g13170                | B v -> Y ^  | NAND2X1   |  0.080 |   2.281 |    4.219 | 
     | u_account_balance/g4361                 |             | OR2X1     |  0.000 |   2.281 |    4.219 | 
     | u_account_balance/g4361                 | B ^ -> Y ^  | OR2X1     |  0.128 |   2.409 |    4.347 | 
     | u_account_balance/g4357                 |             | NAND2XL   |  0.000 |   2.409 |    4.347 | 
     | u_account_balance/g4357                 | B ^ -> Y v  | NAND2XL   |  0.115 |   2.524 |    4.462 | 
     | u_account_balance/g4343                 |             | NAND2XL   |  0.000 |   2.524 |    4.462 | 
     | u_account_balance/g4343                 | A v -> Y ^  | NAND2XL   |  0.270 |   2.794 |    4.732 | 
     | u_account_balance/g4307                 |             | AO22XL    |  0.000 |   2.794 |    4.732 | 
     | u_account_balance/g4307                 | A0 ^ -> Y ^ | AO22XL    |  0.201 |   2.995 |    4.933 | 
     | u_account_balance/balance_db_reg[2][11] |             | SDFFQX1   |  0.000 |   2.995 |    4.933 | 
     +-------------------------------------------------------------------------------------------------+ 
     Clock Rise Edge                      0.000
     + Source Insertion Delay             0.010
     = Beginpoint Arrival Time            0.010
     Other End Path:
     +-----------------------------------------------------------------------------------------+ 
     |                Instance                 |  Arc  |  Cell   | Retime | Arrival | Required | 
     |                                         |       |         |  Delay |  Time   |   Time   | 
     |-----------------------------------------+-------+---------+--------+---------+----------| 
     |                                         | clk ^ |         |        |   0.010 |   -1.928 | 
     | u_account_balance/balance_db_reg[2][11] |       | SDFFQX1 |  0.000 |   0.010 |   -1.928 | 
     +-----------------------------------------------------------------------------------------+ 
Path 44: MET Setup Check with Pin u_account_balance/balance_db_reg[2][9]/CK 
Endpoint:   u_account_balance/balance_db_reg[2][9]/D (^) checked with  leading 
edge of 'clk'
Beginpoint: u_vehicle_interface/id_to_check_reg[3]/Q (v) triggered by  leading 
edge of 'clk'
Path Groups: {clk}
Analysis View: view1
Retime Analysis { Data Path-Slew }
Other End Arrival Time          0.010
- Setup                         0.267
+ Phase Shift                   5.200
- Uncertainty                   0.010
= Required Time                 4.933
- Arrival Time                  2.995
= Slack Time                    1.938
= Slack Time(original)          1.903
     Clock Rise Edge                      0.000
     + Source Insertion Delay             0.010
     = Beginpoint Arrival Time            0.010
     Timing Path:
     +------------------------------------------------------------------------------------------------+ 
     |                Instance                |     Arc     |   Cell    | Retime | Arrival | Required | 
     |                                        |             |           |  Delay |  Time   |   Time   | 
     |----------------------------------------+-------------+-----------+--------+---------+----------| 
     |                                        | clk ^       |           |        |   0.010 |    1.948 | 
     | u_vehicle_interface/id_to_check_reg[3] |             | SDFFQX1   |  0.000 |   0.010 |    1.948 | 
     | u_vehicle_interface/id_to_check_reg[3] | CK ^ -> Q v | SDFFQX1   |  0.381 |   0.391 |    2.329 | 
     | g222                                   |             | BUFX6     |  0.000 |   0.391 |    2.329 | 
     | g222                                   | A v -> Y v  | BUFX6     |  0.172 |   0.563 |    2.501 | 
     | u_account_balance/g13484               |             | AO22XL    |  0.000 |   0.563 |    2.501 | 
     | u_account_balance/g13484               | A1 v -> Y v | AO22XL    |  0.167 |   0.730 |    2.668 | 
     | u_account_balance/g13352               |             | MXI2XL    |  0.000 |   0.730 |    2.668 | 
     | u_account_balance/g13352               | B v -> Y ^  | MXI2XL    |  0.121 |   0.851 |    2.788 | 
     | u_account_balance/g13247               |             | OAI22X1   |  0.000 |   0.851 |    2.788 | 
     | u_account_balance/g13247               | A1 ^ -> Y v | OAI22X1   |  0.127 |   0.978 |    2.915 | 
     | u_account_balance/g13221               |             | NOR2X2    |  0.000 |   0.978 |    2.915 | 
     | u_account_balance/g13221               | B v -> Y ^  | NOR2X2    |  0.087 |   1.065 |    3.002 | 
     | u_account_balance/g13474               |             | OAI2BB1X2 |  0.000 |   1.065 |    3.002 | 
     | u_account_balance/g13474               | B0 ^ -> Y v | OAI2BB1X2 |  0.113 |   1.178 |    3.116 | 
     | u_account_balance/g13202               |             | NOR2X2    |  0.000 |   1.178 |    3.116 | 
     | u_account_balance/g13202               | B v -> Y ^  | NOR2X2    |  0.113 |   1.291 |    3.229 | 
     | u_account_balance/g13194               |             | OAI21X1   |  0.000 |   1.291 |    3.229 | 
     | u_account_balance/g13194               | A1 ^ -> Y v | OAI21X1   |  0.122 |   1.413 |    3.351 | 
     | u_account_balance/g13192               |             | NOR2X1    |  0.000 |   1.413 |    3.351 | 
     | u_account_balance/g13192               | B v -> Y ^  | NOR2X1    |  0.159 |   1.572 |    3.510 | 
     | u_account_balance/g13187               |             | NAND2X1   |  0.000 |   1.572 |    3.510 | 
     | u_account_balance/g13187               | B ^ -> Y v  | NAND2X1   |  0.137 |   1.709 |    3.647 | 
     | u_account_balance/g13184               |             | OR4X1     |  0.000 |   1.709 |    3.647 | 
     | u_account_balance/g13184               | D v -> Y v  | OR4X1     |  0.296 |   2.005 |    3.943 | 
     | u_account_balance/g13179               |             | OR2X1     |  0.000 |   2.005 |    3.943 | 
     | u_account_balance/g13179               | B v -> Y v  | OR2X1     |  0.195 |   2.201 |    4.138 | 
     | u_account_balance/g13170               |             | NAND2X1   |  0.000 |   2.201 |    4.138 | 
     | u_account_balance/g13170               | B v -> Y ^  | NAND2X1   |  0.080 |   2.281 |    4.219 | 
     | u_account_balance/g4361                |             | OR2X1     |  0.000 |   2.281 |    4.219 | 
     | u_account_balance/g4361                | B ^ -> Y ^  | OR2X1     |  0.128 |   2.409 |    4.347 | 
     | u_account_balance/g4357                |             | NAND2XL   |  0.000 |   2.409 |    4.347 | 
     | u_account_balance/g4357                | B ^ -> Y v  | NAND2XL   |  0.115 |   2.524 |    4.462 | 
     | u_account_balance/g4343                |             | NAND2XL   |  0.000 |   2.524 |    4.462 | 
     | u_account_balance/g4343                | A v -> Y ^  | NAND2XL   |  0.270 |   2.794 |    4.732 | 
     | u_account_balance/g4306                |             | AO22XL    |  0.000 |   2.794 |    4.732 | 
     | u_account_balance/g4306                | A0 ^ -> Y ^ | AO22XL    |  0.201 |   2.995 |    4.933 | 
     | u_account_balance/balance_db_reg[2][9] |             | SDFFQX1   |  0.000 |   2.995 |    4.933 | 
     +------------------------------------------------------------------------------------------------+ 
     Clock Rise Edge                      0.000
     + Source Insertion Delay             0.010
     = Beginpoint Arrival Time            0.010
     Other End Path:
     +----------------------------------------------------------------------------------------+ 
     |                Instance                |  Arc  |  Cell   | Retime | Arrival | Required | 
     |                                        |       |         |  Delay |  Time   |   Time   | 
     |----------------------------------------+-------+---------+--------+---------+----------| 
     |                                        | clk ^ |         |        |   0.010 |   -1.928 | 
     | u_account_balance/balance_db_reg[2][9] |       | SDFFQX1 |  0.000 |   0.010 |   -1.928 | 
     +----------------------------------------------------------------------------------------+ 
Path 45: MET Setup Check with Pin u_account_balance/balance_db_reg[2][7]/CK 
Endpoint:   u_account_balance/balance_db_reg[2][7]/D (^) checked with  leading 
edge of 'clk'
Beginpoint: u_vehicle_interface/id_to_check_reg[3]/Q (v) triggered by  leading 
edge of 'clk'
Path Groups: {clk}
Analysis View: view1
Retime Analysis { Data Path-Slew }
Other End Arrival Time          0.010
- Setup                         0.267
+ Phase Shift                   5.200
- Uncertainty                   0.010
= Required Time                 4.933
- Arrival Time                  2.995
= Slack Time                    1.938
= Slack Time(original)          1.903
     Clock Rise Edge                      0.000
     + Source Insertion Delay             0.010
     = Beginpoint Arrival Time            0.010
     Timing Path:
     +------------------------------------------------------------------------------------------------+ 
     |                Instance                |     Arc     |   Cell    | Retime | Arrival | Required | 
     |                                        |             |           |  Delay |  Time   |   Time   | 
     |----------------------------------------+-------------+-----------+--------+---------+----------| 
     |                                        | clk ^       |           |        |   0.010 |    1.948 | 
     | u_vehicle_interface/id_to_check_reg[3] |             | SDFFQX1   |  0.000 |   0.010 |    1.948 | 
     | u_vehicle_interface/id_to_check_reg[3] | CK ^ -> Q v | SDFFQX1   |  0.381 |   0.391 |    2.329 | 
     | g222                                   |             | BUFX6     |  0.000 |   0.391 |    2.329 | 
     | g222                                   | A v -> Y v  | BUFX6     |  0.172 |   0.563 |    2.501 | 
     | u_account_balance/g13484               |             | AO22XL    |  0.000 |   0.563 |    2.501 | 
     | u_account_balance/g13484               | A1 v -> Y v | AO22XL    |  0.167 |   0.730 |    2.668 | 
     | u_account_balance/g13352               |             | MXI2XL    |  0.000 |   0.730 |    2.668 | 
     | u_account_balance/g13352               | B v -> Y ^  | MXI2XL    |  0.121 |   0.851 |    2.788 | 
     | u_account_balance/g13247               |             | OAI22X1   |  0.000 |   0.851 |    2.788 | 
     | u_account_balance/g13247               | A1 ^ -> Y v | OAI22X1   |  0.127 |   0.978 |    2.915 | 
     | u_account_balance/g13221               |             | NOR2X2    |  0.000 |   0.978 |    2.915 | 
     | u_account_balance/g13221               | B v -> Y ^  | NOR2X2    |  0.087 |   1.065 |    3.002 | 
     | u_account_balance/g13474               |             | OAI2BB1X2 |  0.000 |   1.065 |    3.002 | 
     | u_account_balance/g13474               | B0 ^ -> Y v | OAI2BB1X2 |  0.113 |   1.178 |    3.116 | 
     | u_account_balance/g13202               |             | NOR2X2    |  0.000 |   1.178 |    3.116 | 
     | u_account_balance/g13202               | B v -> Y ^  | NOR2X2    |  0.113 |   1.291 |    3.229 | 
     | u_account_balance/g13194               |             | OAI21X1   |  0.000 |   1.291 |    3.229 | 
     | u_account_balance/g13194               | A1 ^ -> Y v | OAI21X1   |  0.122 |   1.413 |    3.351 | 
     | u_account_balance/g13192               |             | NOR2X1    |  0.000 |   1.413 |    3.351 | 
     | u_account_balance/g13192               | B v -> Y ^  | NOR2X1    |  0.159 |   1.572 |    3.510 | 
     | u_account_balance/g13187               |             | NAND2X1   |  0.000 |   1.572 |    3.510 | 
     | u_account_balance/g13187               | B ^ -> Y v  | NAND2X1   |  0.137 |   1.709 |    3.647 | 
     | u_account_balance/g13184               |             | OR4X1     |  0.000 |   1.709 |    3.647 | 
     | u_account_balance/g13184               | D v -> Y v  | OR4X1     |  0.296 |   2.005 |    3.943 | 
     | u_account_balance/g13179               |             | OR2X1     |  0.000 |   2.005 |    3.943 | 
     | u_account_balance/g13179               | B v -> Y v  | OR2X1     |  0.195 |   2.201 |    4.138 | 
     | u_account_balance/g13170               |             | NAND2X1   |  0.000 |   2.201 |    4.138 | 
     | u_account_balance/g13170               | B v -> Y ^  | NAND2X1   |  0.080 |   2.281 |    4.219 | 
     | u_account_balance/g4361                |             | OR2X1     |  0.000 |   2.281 |    4.219 | 
     | u_account_balance/g4361                | B ^ -> Y ^  | OR2X1     |  0.128 |   2.409 |    4.347 | 
     | u_account_balance/g4357                |             | NAND2XL   |  0.000 |   2.409 |    4.347 | 
     | u_account_balance/g4357                | B ^ -> Y v  | NAND2XL   |  0.115 |   2.524 |    4.462 | 
     | u_account_balance/g4343                |             | NAND2XL   |  0.000 |   2.524 |    4.462 | 
     | u_account_balance/g4343                | A v -> Y ^  | NAND2XL   |  0.270 |   2.794 |    4.732 | 
     | u_account_balance/g4304                |             | AO22XL    |  0.000 |   2.794 |    4.732 | 
     | u_account_balance/g4304                | A0 ^ -> Y ^ | AO22XL    |  0.201 |   2.995 |    4.933 | 
     | u_account_balance/balance_db_reg[2][7] |             | SDFFQX1   |  0.000 |   2.995 |    4.933 | 
     +------------------------------------------------------------------------------------------------+ 
     Clock Rise Edge                      0.000
     + Source Insertion Delay             0.010
     = Beginpoint Arrival Time            0.010
     Other End Path:
     +----------------------------------------------------------------------------------------+ 
     |                Instance                |  Arc  |  Cell   | Retime | Arrival | Required | 
     |                                        |       |         |  Delay |  Time   |   Time   | 
     |----------------------------------------+-------+---------+--------+---------+----------| 
     |                                        | clk ^ |         |        |   0.010 |   -1.928 | 
     | u_account_balance/balance_db_reg[2][7] |       | SDFFQX1 |  0.000 |   0.010 |   -1.928 | 
     +----------------------------------------------------------------------------------------+ 
Path 46: MET Setup Check with Pin u_account_balance/balance_db_reg[2][11]/CK 
Endpoint:   u_account_balance/balance_db_reg[2][11]/D (^) checked with  leading 
edge of 'clk'
Beginpoint: u_vehicle_interface/id_to_check_reg[3]/Q  (v) triggered by  leading 
edge of 'clk'
Path Groups: {clk}
Analysis View: view1
Retime Analysis { Data Path-Slew }
Other End Arrival Time          0.010
- Setup                         0.267
+ Phase Shift                   5.200
- Uncertainty                   0.010
= Required Time                 4.933
- Arrival Time                  2.995
= Slack Time                    1.938
= Slack Time(original)          1.903
     Clock Rise Edge                      0.000
     + Source Insertion Delay             0.010
     = Beginpoint Arrival Time            0.010
     Timing Path:
     +-------------------------------------------------------------------------------------------------+ 
     |                Instance                 |     Arc     |   Cell    | Retime | Arrival | Required | 
     |                                         |             |           |  Delay |  Time   |   Time   | 
     |-----------------------------------------+-------------+-----------+--------+---------+----------| 
     |                                         | clk ^       |           |        |   0.010 |    1.948 | 
     | u_vehicle_interface/id_to_check_reg[3]  |             | SDFFQX1   |  0.000 |   0.010 |    1.948 | 
     | u_vehicle_interface/id_to_check_reg[3]  | CK ^ -> Q v | SDFFQX1   |  0.381 |   0.391 |    2.329 | 
     | g222                                    |             | BUFX6     |  0.000 |   0.391 |    2.329 | 
     | g222                                    | A v -> Y v  | BUFX6     |  0.172 |   0.563 |    2.502 | 
     | u_account_balance/g13483                |             | AO22XL    |  0.000 |   0.563 |    2.502 | 
     | u_account_balance/g13483                | A1 v -> Y v | AO22XL    |  0.167 |   0.731 |    2.669 | 
     | u_account_balance/g13352                |             | MXI2XL    |  0.000 |   0.731 |    2.669 | 
     | u_account_balance/g13352                | A v -> Y ^  | MXI2XL    |  0.120 |   0.851 |    2.789 | 
     | u_account_balance/g13247                |             | OAI22X1   |  0.000 |   0.851 |    2.789 | 
     | u_account_balance/g13247                | A1 ^ -> Y v | OAI22X1   |  0.127 |   0.977 |    2.915 | 
     | u_account_balance/g13221                |             | NOR2X2    |  0.000 |   0.977 |    2.915 | 
     | u_account_balance/g13221                | B v -> Y ^  | NOR2X2    |  0.087 |   1.064 |    3.002 | 
     | u_account_balance/g13474                |             | OAI2BB1X2 |  0.000 |   1.064 |    3.002 | 
     | u_account_balance/g13474                | B0 ^ -> Y v | OAI2BB1X2 |  0.113 |   1.178 |    3.116 | 
     | u_account_balance/g13202                |             | NOR2X2    |  0.000 |   1.178 |    3.116 | 
     | u_account_balance/g13202                | B v -> Y ^  | NOR2X2    |  0.113 |   1.291 |    3.229 | 
     | u_account_balance/g13194                |             | OAI21X1   |  0.000 |   1.291 |    3.229 | 
     | u_account_balance/g13194                | A1 ^ -> Y v | OAI21X1   |  0.122 |   1.413 |    3.351 | 
     | u_account_balance/g13192                |             | NOR2X1    |  0.000 |   1.413 |    3.351 | 
     | u_account_balance/g13192                | B v -> Y ^  | NOR2X1    |  0.159 |   1.572 |    3.510 | 
     | u_account_balance/g13187                |             | NAND2X1   |  0.000 |   1.572 |    3.510 | 
     | u_account_balance/g13187                | B ^ -> Y v  | NAND2X1   |  0.137 |   1.708 |    3.647 | 
     | u_account_balance/g13184                |             | OR4X1     |  0.000 |   1.708 |    3.647 | 
     | u_account_balance/g13184                | D v -> Y v  | OR4X1     |  0.296 |   2.005 |    3.943 | 
     | u_account_balance/g13179                |             | OR2X1     |  0.000 |   2.005 |    3.943 | 
     | u_account_balance/g13179                | B v -> Y v  | OR2X1     |  0.195 |   2.200 |    4.138 | 
     | u_account_balance/g13170                |             | NAND2X1   |  0.000 |   2.200 |    4.138 | 
     | u_account_balance/g13170                | B v -> Y ^  | NAND2X1   |  0.080 |   2.281 |    4.219 | 
     | u_account_balance/g4361                 |             | OR2X1     |  0.000 |   2.281 |    4.219 | 
     | u_account_balance/g4361                 | B ^ -> Y ^  | OR2X1     |  0.128 |   2.408 |    4.347 | 
     | u_account_balance/g4357                 |             | NAND2XL   |  0.000 |   2.408 |    4.347 | 
     | u_account_balance/g4357                 | B ^ -> Y v  | NAND2XL   |  0.115 |   2.524 |    4.462 | 
     | u_account_balance/g4343                 |             | NAND2XL   |  0.000 |   2.524 |    4.462 | 
     | u_account_balance/g4343                 | A v -> Y ^  | NAND2XL   |  0.270 |   2.794 |    4.732 | 
     | u_account_balance/g4307                 |             | AO22XL    |  0.000 |   2.794 |    4.732 | 
     | u_account_balance/g4307                 | A0 ^ -> Y ^ | AO22XL    |  0.201 |   2.995 |    4.933 | 
     | u_account_balance/balance_db_reg[2][11] |             | SDFFQX1   |  0.000 |   2.995 |    4.933 | 
     +-------------------------------------------------------------------------------------------------+ 
     Clock Rise Edge                      0.000
     + Source Insertion Delay             0.010
     = Beginpoint Arrival Time            0.010
     Other End Path:
     +-----------------------------------------------------------------------------------------+ 
     |                Instance                 |  Arc  |  Cell   | Retime | Arrival | Required | 
     |                                         |       |         |  Delay |  Time   |   Time   | 
     |-----------------------------------------+-------+---------+--------+---------+----------| 
     |                                         | clk ^ |         |        |   0.010 |   -1.928 | 
     | u_account_balance/balance_db_reg[2][11] |       | SDFFQX1 |  0.000 |   0.010 |   -1.928 | 
     +-----------------------------------------------------------------------------------------+ 
Path 47: MET Setup Check with Pin u_account_balance/balance_db_reg[2][9]/CK 
Endpoint:   u_account_balance/balance_db_reg[2][9]/D (^) checked with  leading 
edge of 'clk'
Beginpoint: u_vehicle_interface/id_to_check_reg[3]/Q (v) triggered by  leading 
edge of 'clk'
Path Groups: {clk}
Analysis View: view1
Retime Analysis { Data Path-Slew }
Other End Arrival Time          0.010
- Setup                         0.267
+ Phase Shift                   5.200
- Uncertainty                   0.010
= Required Time                 4.933
- Arrival Time                  2.995
= Slack Time                    1.938
= Slack Time(original)          1.903
     Clock Rise Edge                      0.000
     + Source Insertion Delay             0.010
     = Beginpoint Arrival Time            0.010
     Timing Path:
     +------------------------------------------------------------------------------------------------+ 
     |                Instance                |     Arc     |   Cell    | Retime | Arrival | Required | 
     |                                        |             |           |  Delay |  Time   |   Time   | 
     |----------------------------------------+-------------+-----------+--------+---------+----------| 
     |                                        | clk ^       |           |        |   0.010 |    1.948 | 
     | u_vehicle_interface/id_to_check_reg[3] |             | SDFFQX1   |  0.000 |   0.010 |    1.948 | 
     | u_vehicle_interface/id_to_check_reg[3] | CK ^ -> Q v | SDFFQX1   |  0.381 |   0.391 |    2.329 | 
     | g222                                   |             | BUFX6     |  0.000 |   0.391 |    2.329 | 
     | g222                                   | A v -> Y v  | BUFX6     |  0.172 |   0.563 |    2.502 | 
     | u_account_balance/g13483               |             | AO22XL    |  0.000 |   0.563 |    2.502 | 
     | u_account_balance/g13483               | A1 v -> Y v | AO22XL    |  0.167 |   0.731 |    2.669 | 
     | u_account_balance/g13352               |             | MXI2XL    |  0.000 |   0.731 |    2.669 | 
     | u_account_balance/g13352               | A v -> Y ^  | MXI2XL    |  0.120 |   0.851 |    2.789 | 
     | u_account_balance/g13247               |             | OAI22X1   |  0.000 |   0.851 |    2.789 | 
     | u_account_balance/g13247               | A1 ^ -> Y v | OAI22X1   |  0.127 |   0.977 |    2.915 | 
     | u_account_balance/g13221               |             | NOR2X2    |  0.000 |   0.977 |    2.915 | 
     | u_account_balance/g13221               | B v -> Y ^  | NOR2X2    |  0.087 |   1.064 |    3.002 | 
     | u_account_balance/g13474               |             | OAI2BB1X2 |  0.000 |   1.064 |    3.002 | 
     | u_account_balance/g13474               | B0 ^ -> Y v | OAI2BB1X2 |  0.113 |   1.178 |    3.116 | 
     | u_account_balance/g13202               |             | NOR2X2    |  0.000 |   1.178 |    3.116 | 
     | u_account_balance/g13202               | B v -> Y ^  | NOR2X2    |  0.113 |   1.291 |    3.229 | 
     | u_account_balance/g13194               |             | OAI21X1   |  0.000 |   1.291 |    3.229 | 
     | u_account_balance/g13194               | A1 ^ -> Y v | OAI21X1   |  0.122 |   1.413 |    3.351 | 
     | u_account_balance/g13192               |             | NOR2X1    |  0.000 |   1.413 |    3.351 | 
     | u_account_balance/g13192               | B v -> Y ^  | NOR2X1    |  0.159 |   1.572 |    3.510 | 
     | u_account_balance/g13187               |             | NAND2X1   |  0.000 |   1.572 |    3.510 | 
     | u_account_balance/g13187               | B ^ -> Y v  | NAND2X1   |  0.137 |   1.708 |    3.647 | 
     | u_account_balance/g13184               |             | OR4X1     |  0.000 |   1.708 |    3.647 | 
     | u_account_balance/g13184               | D v -> Y v  | OR4X1     |  0.296 |   2.005 |    3.943 | 
     | u_account_balance/g13179               |             | OR2X1     |  0.000 |   2.005 |    3.943 | 
     | u_account_balance/g13179               | B v -> Y v  | OR2X1     |  0.195 |   2.200 |    4.138 | 
     | u_account_balance/g13170               |             | NAND2X1   |  0.000 |   2.200 |    4.138 | 
     | u_account_balance/g13170               | B v -> Y ^  | NAND2X1   |  0.080 |   2.281 |    4.219 | 
     | u_account_balance/g4361                |             | OR2X1     |  0.000 |   2.281 |    4.219 | 
     | u_account_balance/g4361                | B ^ -> Y ^  | OR2X1     |  0.128 |   2.408 |    4.347 | 
     | u_account_balance/g4357                |             | NAND2XL   |  0.000 |   2.408 |    4.347 | 
     | u_account_balance/g4357                | B ^ -> Y v  | NAND2XL   |  0.115 |   2.524 |    4.462 | 
     | u_account_balance/g4343                |             | NAND2XL   |  0.000 |   2.524 |    4.462 | 
     | u_account_balance/g4343                | A v -> Y ^  | NAND2XL   |  0.270 |   2.794 |    4.732 | 
     | u_account_balance/g4306                |             | AO22XL    |  0.000 |   2.794 |    4.732 | 
     | u_account_balance/g4306                | A0 ^ -> Y ^ | AO22XL    |  0.201 |   2.995 |    4.933 | 
     | u_account_balance/balance_db_reg[2][9] |             | SDFFQX1   |  0.000 |   2.995 |    4.933 | 
     +------------------------------------------------------------------------------------------------+ 
     Clock Rise Edge                      0.000
     + Source Insertion Delay             0.010
     = Beginpoint Arrival Time            0.010
     Other End Path:
     +----------------------------------------------------------------------------------------+ 
     |                Instance                |  Arc  |  Cell   | Retime | Arrival | Required | 
     |                                        |       |         |  Delay |  Time   |   Time   | 
     |----------------------------------------+-------+---------+--------+---------+----------| 
     |                                        | clk ^ |         |        |   0.010 |   -1.928 | 
     | u_account_balance/balance_db_reg[2][9] |       | SDFFQX1 |  0.000 |   0.010 |   -1.928 | 
     +----------------------------------------------------------------------------------------+ 
Path 48: MET Setup Check with Pin u_account_balance/balance_db_reg[2][7]/CK 
Endpoint:   u_account_balance/balance_db_reg[2][7]/D (^) checked with  leading 
edge of 'clk'
Beginpoint: u_vehicle_interface/id_to_check_reg[3]/Q (v) triggered by  leading 
edge of 'clk'
Path Groups: {clk}
Analysis View: view1
Retime Analysis { Data Path-Slew }
Other End Arrival Time          0.010
- Setup                         0.267
+ Phase Shift                   5.200
- Uncertainty                   0.010
= Required Time                 4.933
- Arrival Time                  2.995
= Slack Time                    1.938
= Slack Time(original)          1.903
     Clock Rise Edge                      0.000
     + Source Insertion Delay             0.010
     = Beginpoint Arrival Time            0.010
     Timing Path:
     +------------------------------------------------------------------------------------------------+ 
     |                Instance                |     Arc     |   Cell    | Retime | Arrival | Required | 
     |                                        |             |           |  Delay |  Time   |   Time   | 
     |----------------------------------------+-------------+-----------+--------+---------+----------| 
     |                                        | clk ^       |           |        |   0.010 |    1.948 | 
     | u_vehicle_interface/id_to_check_reg[3] |             | SDFFQX1   |  0.000 |   0.010 |    1.948 | 
     | u_vehicle_interface/id_to_check_reg[3] | CK ^ -> Q v | SDFFQX1   |  0.381 |   0.391 |    2.329 | 
     | g222                                   |             | BUFX6     |  0.000 |   0.391 |    2.329 | 
     | g222                                   | A v -> Y v  | BUFX6     |  0.172 |   0.563 |    2.502 | 
     | u_account_balance/g13483               |             | AO22XL    |  0.000 |   0.563 |    2.502 | 
     | u_account_balance/g13483               | A1 v -> Y v | AO22XL    |  0.167 |   0.731 |    2.669 | 
     | u_account_balance/g13352               |             | MXI2XL    |  0.000 |   0.731 |    2.669 | 
     | u_account_balance/g13352               | A v -> Y ^  | MXI2XL    |  0.120 |   0.851 |    2.789 | 
     | u_account_balance/g13247               |             | OAI22X1   |  0.000 |   0.851 |    2.789 | 
     | u_account_balance/g13247               | A1 ^ -> Y v | OAI22X1   |  0.127 |   0.977 |    2.915 | 
     | u_account_balance/g13221               |             | NOR2X2    |  0.000 |   0.977 |    2.915 | 
     | u_account_balance/g13221               | B v -> Y ^  | NOR2X2    |  0.087 |   1.064 |    3.002 | 
     | u_account_balance/g13474               |             | OAI2BB1X2 |  0.000 |   1.064 |    3.002 | 
     | u_account_balance/g13474               | B0 ^ -> Y v | OAI2BB1X2 |  0.113 |   1.178 |    3.116 | 
     | u_account_balance/g13202               |             | NOR2X2    |  0.000 |   1.178 |    3.116 | 
     | u_account_balance/g13202               | B v -> Y ^  | NOR2X2    |  0.113 |   1.291 |    3.229 | 
     | u_account_balance/g13194               |             | OAI21X1   |  0.000 |   1.291 |    3.229 | 
     | u_account_balance/g13194               | A1 ^ -> Y v | OAI21X1   |  0.122 |   1.413 |    3.351 | 
     | u_account_balance/g13192               |             | NOR2X1    |  0.000 |   1.413 |    3.351 | 
     | u_account_balance/g13192               | B v -> Y ^  | NOR2X1    |  0.159 |   1.572 |    3.510 | 
     | u_account_balance/g13187               |             | NAND2X1   |  0.000 |   1.572 |    3.510 | 
     | u_account_balance/g13187               | B ^ -> Y v  | NAND2X1   |  0.137 |   1.708 |    3.647 | 
     | u_account_balance/g13184               |             | OR4X1     |  0.000 |   1.708 |    3.647 | 
     | u_account_balance/g13184               | D v -> Y v  | OR4X1     |  0.296 |   2.005 |    3.943 | 
     | u_account_balance/g13179               |             | OR2X1     |  0.000 |   2.005 |    3.943 | 
     | u_account_balance/g13179               | B v -> Y v  | OR2X1     |  0.195 |   2.200 |    4.138 | 
     | u_account_balance/g13170               |             | NAND2X1   |  0.000 |   2.200 |    4.138 | 
     | u_account_balance/g13170               | B v -> Y ^  | NAND2X1   |  0.080 |   2.281 |    4.219 | 
     | u_account_balance/g4361                |             | OR2X1     |  0.000 |   2.281 |    4.219 | 
     | u_account_balance/g4361                | B ^ -> Y ^  | OR2X1     |  0.128 |   2.408 |    4.347 | 
     | u_account_balance/g4357                |             | NAND2XL   |  0.000 |   2.408 |    4.347 | 
     | u_account_balance/g4357                | B ^ -> Y v  | NAND2XL   |  0.115 |   2.524 |    4.462 | 
     | u_account_balance/g4343                |             | NAND2XL   |  0.000 |   2.524 |    4.462 | 
     | u_account_balance/g4343                | A v -> Y ^  | NAND2XL   |  0.270 |   2.794 |    4.732 | 
     | u_account_balance/g4304                |             | AO22XL    |  0.000 |   2.794 |    4.732 | 
     | u_account_balance/g4304                | A0 ^ -> Y ^ | AO22XL    |  0.201 |   2.995 |    4.933 | 
     | u_account_balance/balance_db_reg[2][7] |             | SDFFQX1   |  0.000 |   2.995 |    4.933 | 
     +------------------------------------------------------------------------------------------------+ 
     Clock Rise Edge                      0.000
     + Source Insertion Delay             0.010
     = Beginpoint Arrival Time            0.010
     Other End Path:
     +----------------------------------------------------------------------------------------+ 
     |                Instance                |  Arc  |  Cell   | Retime | Arrival | Required | 
     |                                        |       |         |  Delay |  Time   |   Time   | 
     |----------------------------------------+-------+---------+--------+---------+----------| 
     |                                        | clk ^ |         |        |   0.010 |   -1.928 | 
     | u_account_balance/balance_db_reg[2][7] |       | SDFFQX1 |  0.000 |   0.010 |   -1.928 | 
     +----------------------------------------------------------------------------------------+ 
Path 49: MET Setup Check with Pin u_account_balance/balance_db_reg[2][11]/CK 
Endpoint:   u_account_balance/balance_db_reg[2][11]/D (^) checked with  leading 
edge of 'clk'
Beginpoint: u_vehicle_interface/id_to_check_reg[3]/Q  (v) triggered by  leading 
edge of 'clk'
Path Groups: {clk}
Analysis View: view1
Retime Analysis { Data Path-Slew }
Other End Arrival Time          0.010
- Setup                         0.267
+ Phase Shift                   5.200
- Uncertainty                   0.010
= Required Time                 4.933
- Arrival Time                  2.971
= Slack Time                    1.962
= Slack Time(original)          1.904
     Clock Rise Edge                      0.000
     + Source Insertion Delay             0.010
     = Beginpoint Arrival Time            0.010
     Timing Path:
     +-------------------------------------------------------------------------------------------------+ 
     |                Instance                 |     Arc     |   Cell    | Retime | Arrival | Required | 
     |                                         |             |           |  Delay |  Time   |   Time   | 
     |-----------------------------------------+-------------+-----------+--------+---------+----------| 
     |                                         | clk ^       |           |        |   0.010 |    1.972 | 
     | u_vehicle_interface/id_to_check_reg[3]  |             | SDFFQX1   |  0.000 |   0.010 |    1.972 | 
     | u_vehicle_interface/id_to_check_reg[3]  | CK ^ -> Q v | SDFFQX1   |  0.381 |   0.391 |    2.353 | 
     | g222                                    |             | BUFX6     |  0.000 |   0.391 |    2.353 | 
     | g222                                    | A v -> Y v  | BUFX6     |  0.172 |   0.563 |    2.525 | 
     | u_account_balance/g13484                |             | AO22XL    |  0.000 |   0.563 |    2.525 | 
     | u_account_balance/g13484                | A1 v -> Y v | AO22XL    |  0.144 |   0.707 |    2.669 | 
     | u_account_balance/g13352                |             | MXI2XL    |  0.000 |   0.707 |    2.669 | 
     | u_account_balance/g13352                | B v -> Y ^  | MXI2XL    |  0.120 |   0.827 |    2.788 | 
     | u_account_balance/g13247                |             | OAI22X1   |  0.000 |   0.827 |    2.788 | 
     | u_account_balance/g13247                | A1 ^ -> Y v | OAI22X1   |  0.127 |   0.954 |    2.915 | 
     | u_account_balance/g13221                |             | NOR2X2    |  0.000 |   0.954 |    2.915 | 
     | u_account_balance/g13221                | B v -> Y ^  | NOR2X2    |  0.087 |   1.041 |    3.002 | 
     | u_account_balance/g13474                |             | OAI2BB1X2 |  0.000 |   1.041 |    3.002 | 
     | u_account_balance/g13474                | B0 ^ -> Y v | OAI2BB1X2 |  0.113 |   1.154 |    3.116 | 
     | u_account_balance/g13202                |             | NOR2X2    |  0.000 |   1.154 |    3.116 | 
     | u_account_balance/g13202                | B v -> Y ^  | NOR2X2    |  0.113 |   1.267 |    3.229 | 
     | u_account_balance/g13194                |             | OAI21X1   |  0.000 |   1.267 |    3.229 | 
     | u_account_balance/g13194                | A1 ^ -> Y v | OAI21X1   |  0.122 |   1.389 |    3.351 | 
     | u_account_balance/g13192                |             | NOR2X1    |  0.000 |   1.389 |    3.351 | 
     | u_account_balance/g13192                | B v -> Y ^  | NOR2X1    |  0.159 |   1.548 |    3.510 | 
     | u_account_balance/g13187                |             | NAND2X1   |  0.000 |   1.548 |    3.510 | 
     | u_account_balance/g13187                | B ^ -> Y v  | NAND2X1   |  0.137 |   1.685 |    3.647 | 
     | u_account_balance/g13184                |             | OR4X1     |  0.000 |   1.685 |    3.647 | 
     | u_account_balance/g13184                | D v -> Y v  | OR4X1     |  0.296 |   1.981 |    3.943 | 
     | u_account_balance/g13179                |             | OR2X1     |  0.000 |   1.981 |    3.943 | 
     | u_account_balance/g13179                | B v -> Y v  | OR2X1     |  0.195 |   2.176 |    4.138 | 
     | u_account_balance/g13170                |             | NAND2X1   |  0.000 |   2.176 |    4.138 | 
     | u_account_balance/g13170                | B v -> Y ^  | NAND2X1   |  0.080 |   2.257 |    4.219 | 
     | u_account_balance/g4361                 |             | OR2X1     |  0.000 |   2.257 |    4.219 | 
     | u_account_balance/g4361                 | B ^ -> Y ^  | OR2X1     |  0.128 |   2.385 |    4.347 | 
     | u_account_balance/g4357                 |             | NAND2XL   |  0.000 |   2.385 |    4.347 | 
     | u_account_balance/g4357                 | B ^ -> Y v  | NAND2XL   |  0.115 |   2.500 |    4.462 | 
     | u_account_balance/g4343                 |             | NAND2XL   |  0.000 |   2.500 |    4.462 | 
     | u_account_balance/g4343                 | A v -> Y ^  | NAND2XL   |  0.270 |   2.770 |    4.732 | 
     | u_account_balance/g4307                 |             | AO22XL    |  0.000 |   2.770 |    4.732 | 
     | u_account_balance/g4307                 | A0 ^ -> Y ^ | AO22XL    |  0.201 |   2.971 |    4.933 | 
     | u_account_balance/balance_db_reg[2][11] |             | SDFFQX1   |  0.000 |   2.971 |    4.933 | 
     +-------------------------------------------------------------------------------------------------+ 
     Clock Rise Edge                      0.000
     + Source Insertion Delay             0.010
     = Beginpoint Arrival Time            0.010
     Other End Path:
     +-----------------------------------------------------------------------------------------+ 
     |                Instance                 |  Arc  |  Cell   | Retime | Arrival | Required | 
     |                                         |       |         |  Delay |  Time   |   Time   | 
     |-----------------------------------------+-------+---------+--------+---------+----------| 
     |                                         | clk ^ |         |        |   0.010 |   -1.952 | 
     | u_account_balance/balance_db_reg[2][11] |       | SDFFQX1 |  0.000 |   0.010 |   -1.952 | 
     +-----------------------------------------------------------------------------------------+ 
Path 50: MET Setup Check with Pin u_account_balance/balance_db_reg[2][11]/CK 
Endpoint:   u_account_balance/balance_db_reg[2][11]/D (^) checked with  leading 
edge of 'clk'
Beginpoint: u_vehicle_interface/id_to_check_reg[3]/Q  (v) triggered by  leading 
edge of 'clk'
Path Groups: {clk}
Analysis View: view1
Retime Analysis { Data Path-Slew }
Other End Arrival Time          0.010
- Setup                         0.267
+ Phase Shift                   5.200
- Uncertainty                   0.010
= Required Time                 4.933
- Arrival Time                  2.963
= Slack Time                    1.970
= Slack Time(original)          1.904
     Clock Rise Edge                      0.000
     + Source Insertion Delay             0.010
     = Beginpoint Arrival Time            0.010
     Timing Path:
     +-------------------------------------------------------------------------------------------------+ 
     |                Instance                 |     Arc     |   Cell    | Retime | Arrival | Required | 
     |                                         |             |           |  Delay |  Time   |   Time   | 
     |-----------------------------------------+-------------+-----------+--------+---------+----------| 
     |                                         | clk ^       |           |        |   0.010 |    1.980 | 
     | u_vehicle_interface/id_to_check_reg[3]  |             | SDFFQX1   |  0.000 |   0.010 |    1.980 | 
     | u_vehicle_interface/id_to_check_reg[3]  | CK ^ -> Q v | SDFFQX1   |  0.381 |   0.391 |    2.361 | 
     | g222                                    |             | BUFX6     |  0.000 |   0.391 |    2.361 | 
     | g222                                    | A v -> Y v  | BUFX6     |  0.172 |   0.563 |    2.533 | 
     | u_account_balance/g13484                |             | AO22XL    |  0.000 |   0.563 |    2.533 | 
     | u_account_balance/g13484                | A1 v -> Y v | AO22XL    |  0.167 |   0.730 |    2.700 | 
     | u_account_balance/g13352                |             | MXI2XL    |  0.000 |   0.730 |    2.700 | 
     | u_account_balance/g13352                | B v -> Y ^  | MXI2XL    |  0.121 |   0.851 |    2.821 | 
     | u_account_balance/g13247                |             | OAI22X1   |  0.000 |   0.851 |    2.821 | 
     | u_account_balance/g13247                | A1 ^ -> Y v | OAI22X1   |  0.103 |   0.954 |    2.924 | 
     | u_account_balance/g13221                |             | NOR2X2    |  0.000 |   0.954 |    2.924 | 
     | u_account_balance/g13221                | B v -> Y ^  | NOR2X2    |  0.080 |   1.034 |    3.004 | 
     | u_account_balance/g13474                |             | OAI2BB1X2 |  0.000 |   1.034 |    3.004 | 
     | u_account_balance/g13474                | B0 ^ -> Y v | OAI2BB1X2 |  0.112 |   1.146 |    3.116 | 
     | u_account_balance/g13202                |             | NOR2X2    |  0.000 |   1.146 |    3.116 | 
     | u_account_balance/g13202                | B v -> Y ^  | NOR2X2    |  0.113 |   1.259 |    3.229 | 
     | u_account_balance/g13194                |             | OAI21X1   |  0.000 |   1.259 |    3.229 | 
     | u_account_balance/g13194                | A1 ^ -> Y v | OAI21X1   |  0.122 |   1.381 |    3.351 | 
     | u_account_balance/g13192                |             | NOR2X1    |  0.000 |   1.381 |    3.351 | 
     | u_account_balance/g13192                | B v -> Y ^  | NOR2X1    |  0.159 |   1.540 |    3.510 | 
     | u_account_balance/g13187                |             | NAND2X1   |  0.000 |   1.540 |    3.510 | 
     | u_account_balance/g13187                | B ^ -> Y v  | NAND2X1   |  0.137 |   1.677 |    3.647 | 
     | u_account_balance/g13184                |             | OR4X1     |  0.000 |   1.677 |    3.647 | 
     | u_account_balance/g13184                | D v -> Y v  | OR4X1     |  0.296 |   1.973 |    3.943 | 
     | u_account_balance/g13179                |             | OR2X1     |  0.000 |   1.973 |    3.943 | 
     | u_account_balance/g13179                | B v -> Y v  | OR2X1     |  0.195 |   2.168 |    4.138 | 
     | u_account_balance/g13170                |             | NAND2X1   |  0.000 |   2.168 |    4.138 | 
     | u_account_balance/g13170                | B v -> Y ^  | NAND2X1   |  0.080 |   2.249 |    4.219 | 
     | u_account_balance/g4361                 |             | OR2X1     |  0.000 |   2.249 |    4.219 | 
     | u_account_balance/g4361                 | B ^ -> Y ^  | OR2X1     |  0.128 |   2.377 |    4.347 | 
     | u_account_balance/g4357                 |             | NAND2XL   |  0.000 |   2.377 |    4.347 | 
     | u_account_balance/g4357                 | B ^ -> Y v  | NAND2XL   |  0.115 |   2.492 |    4.462 | 
     | u_account_balance/g4343                 |             | NAND2XL   |  0.000 |   2.492 |    4.462 | 
     | u_account_balance/g4343                 | A v -> Y ^  | NAND2XL   |  0.270 |   2.762 |    4.732 | 
     | u_account_balance/g4307                 |             | AO22XL    |  0.000 |   2.762 |    4.732 | 
     | u_account_balance/g4307                 | A0 ^ -> Y ^ | AO22XL    |  0.201 |   2.963 |    4.933 | 
     | u_account_balance/balance_db_reg[2][11] |             | SDFFQX1   |  0.000 |   2.963 |    4.933 | 
     +-------------------------------------------------------------------------------------------------+ 
     Clock Rise Edge                      0.000
     + Source Insertion Delay             0.010
     = Beginpoint Arrival Time            0.010
     Other End Path:
     +-----------------------------------------------------------------------------------------+ 
     |                Instance                 |  Arc  |  Cell   | Retime | Arrival | Required | 
     |                                         |       |         |  Delay |  Time   |   Time   | 
     |-----------------------------------------+-------+---------+--------+---------+----------| 
     |                                         | clk ^ |         |        |   0.010 |   -1.960 | 
     | u_account_balance/balance_db_reg[2][11] |       | SDFFQX1 |  0.000 |   0.010 |   -1.960 | 
     +-----------------------------------------------------------------------------------------+ 

