###############################################################
#  Generated by:      Cadence Tempus 20.10-p003_1
#  OS:                Linux x86_64(Host ID edatools-server2.iiitd.edu.in)
#  Generated on:      Mon Nov 17 02:04:08 2025
#  Design:            toll_gate
#  Command:           report_timing -retime path_slew_propagation -max_path 50 -nworst 50 -path_type full_clock > $report_dir/pba_area.rpt
###############################################################
Path 1: MET Setup Check with Pin u_account_balance/balance_db_reg[14][15]/CK 
Endpoint:   u_account_balance/balance_db_reg[14][15]/SE (^) checked with  leading edge of 'clk'
Beginpoint: u_vehicle_interface/id_to_check_reg[0]/Q    (v) triggered by  leading edge of 'clk'
Path Groups: {clk}
Retime Analysis { Data Path-Slew }
Other End Arrival Time          0.010
- Setup                         0.301
+ Phase Shift                  12.000
= Required Time                11.709
- Arrival Time                  4.534
= Slack Time                    7.175
= Slack Time(original)          7.085
     Clock Rise Edge                      0.000
     + Source Insertion Delay             0.010
     = Beginpoint Arrival Time            0.010
     Timing Path:
      ------------------------------------------------------------------------------------------
      Instance                                  Arc          Cell      Retime  Arrival  Required  
                                                                       Delay   Time     Time  
      ------------------------------------------------------------------------------------------
      -                                         clk ^        -         -       0.010    7.185  
      u_vehicle_interface/id_to_check_reg[0]    -            SDFFQX1   0.000   0.010    7.185  
      u_vehicle_interface/id_to_check_reg[0]    CK ^ -> Q v  SDFFQX1   0.567   0.577    7.752  
      u_account_balance/g12137                  -            NOR2XL    0.000   0.577    7.752  
      u_account_balance/g12137                  B v -> Y ^   NOR2XL    0.555   1.132    8.307  
      u_account_balance/g12131                  -            CLKINVX1  0.000   1.132    8.307  
      u_account_balance/g12131                  A ^ -> Y v   CLKINVX1  0.215   1.348    8.523  
      u_account_balance/g12100                  -            NOR2XL    0.000   1.348    8.523  
      u_account_balance/g12100                  B v -> Y ^   NOR2XL    0.502   1.849    9.024  
      u_account_balance/g11978                  -            AOI221X1  0.000   1.849    9.024  
      u_account_balance/g11978                  A1 ^ -> Y v  AOI221X1  0.186   2.036    9.211  
      u_account_balance/g11964                  -            OAI221X1  0.000   2.036    9.211  
      u_account_balance/g11964                  C0 v -> Y ^  OAI221X1  0.184   2.219    9.394  
      u_account_balance/g11941                  -            NOR2XL    0.000   2.219    9.394  
      u_account_balance/g11941                  A ^ -> Y v   NOR2XL    0.127   2.346    9.521  
      u_account_balance/g11936                  -            NOR2XL    0.000   2.346    9.521  
      u_account_balance/g11936                  B v -> Y ^   NOR2XL    0.128   2.474    9.649  
      u_account_balance/g11934                  -            NOR2XL    0.000   2.474    9.649  
      u_account_balance/g11934                  A ^ -> Y v   NOR2XL    0.105   2.579    9.754  
      u_account_balance/g11932                  -            NAND2XL   0.000   2.579    9.754  
      u_account_balance/g11932                  B v -> Y ^   NAND2XL   0.116   2.694    9.869  
      u_account_balance/g11930                  -            NOR2XL    0.000   2.694    9.869  
      u_account_balance/g11930                  B ^ -> Y v   NOR2XL    0.096   2.791    9.966  
      u_account_balance/g11928                  -            NAND2XL   0.000   2.791    9.966  
      u_account_balance/g11928                  B v -> Y ^   NAND2XL   0.159   2.949    10.124  
      u_account_balance/g12145                  -            NOR4BBX1  0.000   2.949    10.124  
      u_account_balance/g12145                  D ^ -> Y v   NOR4BBX1  0.085   3.035    10.210  
      u_account_balance/g11921                  -            NAND3BX1  0.000   3.035    10.210  
      u_account_balance/g11921                  C v -> Y ^   NAND3BX1  0.091   3.126    10.301  
      u_account_balance/g11917                  -            NAND3X1   0.000   3.126    10.301  
      u_account_balance/g11917                  C ^ -> Y v   NAND3X1   0.158   3.284    10.459  
      u_account_balance/g11915                  -            INVX1     0.000   3.284    10.459  
      u_account_balance/g11915                  A v -> Y ^   INVX1     0.090   3.373    10.548  
      u_account_balance/g11912                  -            NAND2XL   0.000   3.373    10.548  
      u_account_balance/g11912                  B ^ -> Y v   NAND2XL   0.156   3.529    10.704  
      u_account_balance/g11909                  -            NOR2XL    0.000   3.529    10.704  
      u_account_balance/g11909                  B v -> Y ^   NOR2XL    0.247   3.776    10.951  
      u_account_balance/g11906                  -            INVX1     0.000   3.776    10.951  
      u_account_balance/g11906                  A ^ -> Y v   INVX1     0.087   3.863    11.038  
      u_account_balance/g11898                  -            NOR2X1    0.000   3.863    11.038  
      u_account_balance/g11898                  B v -> Y ^   NOR2X1    0.671   4.534    11.709  
      u_account_balance/balance_db_reg[14][15]  -            SDFFQX1   0.000   4.534    11.709  
      ------------------------------------------------------------------------------------------
     Clock Rise Edge                      0.000
     + Source Insertion Delay             0.010
     = Beginpoint Arrival Time            0.010
     Other End Path:
      -----------------------------------------------------------------------------------
      Instance                                  Arc    Cell     Retime  Arrival  Required  
                                                                Delay   Time     Time  
      -----------------------------------------------------------------------------------
      -                                         clk ^  -        -       0.010    -7.165  
      u_account_balance/balance_db_reg[14][15]  -      SDFFQX1  0.000   0.010    -7.165  
      -----------------------------------------------------------------------------------
Path 2: MET Setup Check with Pin u_account_balance/balance_db_reg[14][14]/CK 
Endpoint:   u_account_balance/balance_db_reg[14][14]/SE (^) checked with  leading edge of 'clk'
Beginpoint: u_vehicle_interface/id_to_check_reg[0]/Q    (v) triggered by  leading edge of 'clk'
Path Groups: {clk}
Retime Analysis { Data Path-Slew }
Other End Arrival Time          0.010
- Setup                         0.301
+ Phase Shift                  12.000
= Required Time                11.709
- Arrival Time                  4.534
= Slack Time                    7.175
= Slack Time(original)          7.085
     Clock Rise Edge                      0.000
     + Source Insertion Delay             0.010
     = Beginpoint Arrival Time            0.010
     Timing Path:
      ------------------------------------------------------------------------------------------
      Instance                                  Arc          Cell      Retime  Arrival  Required  
                                                                       Delay   Time     Time  
      ------------------------------------------------------------------------------------------
      -                                         clk ^        -         -       0.010    7.185  
      u_vehicle_interface/id_to_check_reg[0]    -            SDFFQX1   0.000   0.010    7.185  
      u_vehicle_interface/id_to_check_reg[0]    CK ^ -> Q v  SDFFQX1   0.567   0.577    7.752  
      u_account_balance/g12137                  -            NOR2XL    0.000   0.577    7.752  
      u_account_balance/g12137                  B v -> Y ^   NOR2XL    0.555   1.132    8.307  
      u_account_balance/g12131                  -            CLKINVX1  0.000   1.132    8.307  
      u_account_balance/g12131                  A ^ -> Y v   CLKINVX1  0.215   1.348    8.523  
      u_account_balance/g12100                  -            NOR2XL    0.000   1.348    8.523  
      u_account_balance/g12100                  B v -> Y ^   NOR2XL    0.502   1.849    9.024  
      u_account_balance/g11978                  -            AOI221X1  0.000   1.849    9.024  
      u_account_balance/g11978                  A1 ^ -> Y v  AOI221X1  0.186   2.036    9.211  
      u_account_balance/g11964                  -            OAI221X1  0.000   2.036    9.211  
      u_account_balance/g11964                  C0 v -> Y ^  OAI221X1  0.184   2.219    9.394  
      u_account_balance/g11941                  -            NOR2XL    0.000   2.219    9.394  
      u_account_balance/g11941                  A ^ -> Y v   NOR2XL    0.127   2.346    9.521  
      u_account_balance/g11936                  -            NOR2XL    0.000   2.346    9.521  
      u_account_balance/g11936                  B v -> Y ^   NOR2XL    0.128   2.474    9.649  
      u_account_balance/g11934                  -            NOR2XL    0.000   2.474    9.649  
      u_account_balance/g11934                  A ^ -> Y v   NOR2XL    0.105   2.579    9.754  
      u_account_balance/g11932                  -            NAND2XL   0.000   2.579    9.754  
      u_account_balance/g11932                  B v -> Y ^   NAND2XL   0.116   2.694    9.869  
      u_account_balance/g11930                  -            NOR2XL    0.000   2.694    9.869  
      u_account_balance/g11930                  B ^ -> Y v   NOR2XL    0.096   2.791    9.966  
      u_account_balance/g11928                  -            NAND2XL   0.000   2.791    9.966  
      u_account_balance/g11928                  B v -> Y ^   NAND2XL   0.159   2.949    10.124  
      u_account_balance/g12145                  -            NOR4BBX1  0.000   2.949    10.124  
      u_account_balance/g12145                  D ^ -> Y v   NOR4BBX1  0.085   3.035    10.210  
      u_account_balance/g11921                  -            NAND3BX1  0.000   3.035    10.210  
      u_account_balance/g11921                  C v -> Y ^   NAND3BX1  0.091   3.126    10.301  
      u_account_balance/g11917                  -            NAND3X1   0.000   3.126    10.301  
      u_account_balance/g11917                  C ^ -> Y v   NAND3X1   0.158   3.284    10.459  
      u_account_balance/g11915                  -            INVX1     0.000   3.284    10.459  
      u_account_balance/g11915                  A v -> Y ^   INVX1     0.090   3.373    10.548  
      u_account_balance/g11912                  -            NAND2XL   0.000   3.373    10.548  
      u_account_balance/g11912                  B ^ -> Y v   NAND2XL   0.156   3.529    10.704  
      u_account_balance/g11909                  -            NOR2XL    0.000   3.529    10.704  
      u_account_balance/g11909                  B v -> Y ^   NOR2XL    0.247   3.776    10.951  
      u_account_balance/g11906                  -            INVX1     0.000   3.776    10.951  
      u_account_balance/g11906                  A ^ -> Y v   INVX1     0.087   3.863    11.038  
      u_account_balance/g11898                  -            NOR2X1    0.000   3.863    11.038  
      u_account_balance/g11898                  B v -> Y ^   NOR2X1    0.671   4.534    11.709  
      u_account_balance/balance_db_reg[14][14]  -            SDFFQX1   0.000   4.534    11.709  
      ------------------------------------------------------------------------------------------
     Clock Rise Edge                      0.000
     + Source Insertion Delay             0.010
     = Beginpoint Arrival Time            0.010
     Other End Path:
      -----------------------------------------------------------------------------------
      Instance                                  Arc    Cell     Retime  Arrival  Required  
                                                                Delay   Time     Time  
      -----------------------------------------------------------------------------------
      -                                         clk ^  -        -       0.010    -7.165  
      u_account_balance/balance_db_reg[14][14]  -      SDFFQX1  0.000   0.010    -7.165  
      -----------------------------------------------------------------------------------
Path 3: MET Setup Check with Pin u_account_balance/balance_db_reg[14][13]/CK 
Endpoint:   u_account_balance/balance_db_reg[14][13]/SE (^) checked with  leading edge of 'clk'
Beginpoint: u_vehicle_interface/id_to_check_reg[0]/Q    (v) triggered by  leading edge of 'clk'
Path Groups: {clk}
Retime Analysis { Data Path-Slew }
Other End Arrival Time          0.010
- Setup                         0.301
+ Phase Shift                  12.000
= Required Time                11.709
- Arrival Time                  4.534
= Slack Time                    7.175
= Slack Time(original)          7.085
     Clock Rise Edge                      0.000
     + Source Insertion Delay             0.010
     = Beginpoint Arrival Time            0.010
     Timing Path:
      ------------------------------------------------------------------------------------------
      Instance                                  Arc          Cell      Retime  Arrival  Required  
                                                                       Delay   Time     Time  
      ------------------------------------------------------------------------------------------
      -                                         clk ^        -         -       0.010    7.185  
      u_vehicle_interface/id_to_check_reg[0]    -            SDFFQX1   0.000   0.010    7.185  
      u_vehicle_interface/id_to_check_reg[0]    CK ^ -> Q v  SDFFQX1   0.567   0.577    7.752  
      u_account_balance/g12137                  -            NOR2XL    0.000   0.577    7.752  
      u_account_balance/g12137                  B v -> Y ^   NOR2XL    0.555   1.132    8.307  
      u_account_balance/g12131                  -            CLKINVX1  0.000   1.132    8.307  
      u_account_balance/g12131                  A ^ -> Y v   CLKINVX1  0.215   1.348    8.523  
      u_account_balance/g12100                  -            NOR2XL    0.000   1.348    8.523  
      u_account_balance/g12100                  B v -> Y ^   NOR2XL    0.502   1.849    9.024  
      u_account_balance/g11978                  -            AOI221X1  0.000   1.849    9.024  
      u_account_balance/g11978                  A1 ^ -> Y v  AOI221X1  0.186   2.036    9.211  
      u_account_balance/g11964                  -            OAI221X1  0.000   2.036    9.211  
      u_account_balance/g11964                  C0 v -> Y ^  OAI221X1  0.184   2.219    9.394  
      u_account_balance/g11941                  -            NOR2XL    0.000   2.219    9.394  
      u_account_balance/g11941                  A ^ -> Y v   NOR2XL    0.127   2.346    9.521  
      u_account_balance/g11936                  -            NOR2XL    0.000   2.346    9.521  
      u_account_balance/g11936                  B v -> Y ^   NOR2XL    0.128   2.474    9.649  
      u_account_balance/g11934                  -            NOR2XL    0.000   2.474    9.649  
      u_account_balance/g11934                  A ^ -> Y v   NOR2XL    0.105   2.579    9.754  
      u_account_balance/g11932                  -            NAND2XL   0.000   2.579    9.754  
      u_account_balance/g11932                  B v -> Y ^   NAND2XL   0.116   2.694    9.869  
      u_account_balance/g11930                  -            NOR2XL    0.000   2.694    9.869  
      u_account_balance/g11930                  B ^ -> Y v   NOR2XL    0.096   2.791    9.966  
      u_account_balance/g11928                  -            NAND2XL   0.000   2.791    9.966  
      u_account_balance/g11928                  B v -> Y ^   NAND2XL   0.159   2.949    10.124  
      u_account_balance/g12145                  -            NOR4BBX1  0.000   2.949    10.124  
      u_account_balance/g12145                  D ^ -> Y v   NOR4BBX1  0.085   3.035    10.210  
      u_account_balance/g11921                  -            NAND3BX1  0.000   3.035    10.210  
      u_account_balance/g11921                  C v -> Y ^   NAND3BX1  0.091   3.126    10.301  
      u_account_balance/g11917                  -            NAND3X1   0.000   3.126    10.301  
      u_account_balance/g11917                  C ^ -> Y v   NAND3X1   0.158   3.284    10.459  
      u_account_balance/g11915                  -            INVX1     0.000   3.284    10.459  
      u_account_balance/g11915                  A v -> Y ^   INVX1     0.090   3.373    10.548  
      u_account_balance/g11912                  -            NAND2XL   0.000   3.373    10.548  
      u_account_balance/g11912                  B ^ -> Y v   NAND2XL   0.156   3.529    10.704  
      u_account_balance/g11909                  -            NOR2XL    0.000   3.529    10.704  
      u_account_balance/g11909                  B v -> Y ^   NOR2XL    0.247   3.776    10.951  
      u_account_balance/g11906                  -            INVX1     0.000   3.776    10.951  
      u_account_balance/g11906                  A ^ -> Y v   INVX1     0.087   3.863    11.038  
      u_account_balance/g11898                  -            NOR2X1    0.000   3.863    11.038  
      u_account_balance/g11898                  B v -> Y ^   NOR2X1    0.671   4.534    11.709  
      u_account_balance/balance_db_reg[14][13]  -            SDFFQX1   0.000   4.534    11.709  
      ------------------------------------------------------------------------------------------
     Clock Rise Edge                      0.000
     + Source Insertion Delay             0.010
     = Beginpoint Arrival Time            0.010
     Other End Path:
      -----------------------------------------------------------------------------------
      Instance                                  Arc    Cell     Retime  Arrival  Required  
                                                                Delay   Time     Time  
      -----------------------------------------------------------------------------------
      -                                         clk ^  -        -       0.010    -7.165  
      u_account_balance/balance_db_reg[14][13]  -      SDFFQX1  0.000   0.010    -7.165  
      -----------------------------------------------------------------------------------
Path 4: MET Setup Check with Pin u_account_balance/balance_db_reg[14][12]/CK 
Endpoint:   u_account_balance/balance_db_reg[14][12]/SE (^) checked with  leading edge of 'clk'
Beginpoint: u_vehicle_interface/id_to_check_reg[0]/Q    (v) triggered by  leading edge of 'clk'
Path Groups: {clk}
Retime Analysis { Data Path-Slew }
Other End Arrival Time          0.010
- Setup                         0.301
+ Phase Shift                  12.000
= Required Time                11.709
- Arrival Time                  4.534
= Slack Time                    7.175
= Slack Time(original)          7.085
     Clock Rise Edge                      0.000
     + Source Insertion Delay             0.010
     = Beginpoint Arrival Time            0.010
     Timing Path:
      ------------------------------------------------------------------------------------------
      Instance                                  Arc          Cell      Retime  Arrival  Required  
                                                                       Delay   Time     Time  
      ------------------------------------------------------------------------------------------
      -                                         clk ^        -         -       0.010    7.185  
      u_vehicle_interface/id_to_check_reg[0]    -            SDFFQX1   0.000   0.010    7.185  
      u_vehicle_interface/id_to_check_reg[0]    CK ^ -> Q v  SDFFQX1   0.567   0.577    7.752  
      u_account_balance/g12137                  -            NOR2XL    0.000   0.577    7.752  
      u_account_balance/g12137                  B v -> Y ^   NOR2XL    0.555   1.132    8.307  
      u_account_balance/g12131                  -            CLKINVX1  0.000   1.132    8.307  
      u_account_balance/g12131                  A ^ -> Y v   CLKINVX1  0.215   1.348    8.523  
      u_account_balance/g12100                  -            NOR2XL    0.000   1.348    8.523  
      u_account_balance/g12100                  B v -> Y ^   NOR2XL    0.502   1.849    9.024  
      u_account_balance/g11978                  -            AOI221X1  0.000   1.849    9.024  
      u_account_balance/g11978                  A1 ^ -> Y v  AOI221X1  0.186   2.036    9.211  
      u_account_balance/g11964                  -            OAI221X1  0.000   2.036    9.211  
      u_account_balance/g11964                  C0 v -> Y ^  OAI221X1  0.184   2.219    9.394  
      u_account_balance/g11941                  -            NOR2XL    0.000   2.219    9.394  
      u_account_balance/g11941                  A ^ -> Y v   NOR2XL    0.127   2.346    9.521  
      u_account_balance/g11936                  -            NOR2XL    0.000   2.346    9.521  
      u_account_balance/g11936                  B v -> Y ^   NOR2XL    0.128   2.474    9.649  
      u_account_balance/g11934                  -            NOR2XL    0.000   2.474    9.649  
      u_account_balance/g11934                  A ^ -> Y v   NOR2XL    0.105   2.579    9.754  
      u_account_balance/g11932                  -            NAND2XL   0.000   2.579    9.754  
      u_account_balance/g11932                  B v -> Y ^   NAND2XL   0.116   2.694    9.869  
      u_account_balance/g11930                  -            NOR2XL    0.000   2.694    9.869  
      u_account_balance/g11930                  B ^ -> Y v   NOR2XL    0.096   2.791    9.966  
      u_account_balance/g11928                  -            NAND2XL   0.000   2.791    9.966  
      u_account_balance/g11928                  B v -> Y ^   NAND2XL   0.159   2.949    10.124  
      u_account_balance/g12145                  -            NOR4BBX1  0.000   2.949    10.124  
      u_account_balance/g12145                  D ^ -> Y v   NOR4BBX1  0.085   3.035    10.210  
      u_account_balance/g11921                  -            NAND3BX1  0.000   3.035    10.210  
      u_account_balance/g11921                  C v -> Y ^   NAND3BX1  0.091   3.126    10.301  
      u_account_balance/g11917                  -            NAND3X1   0.000   3.126    10.301  
      u_account_balance/g11917                  C ^ -> Y v   NAND3X1   0.158   3.284    10.459  
      u_account_balance/g11915                  -            INVX1     0.000   3.284    10.459  
      u_account_balance/g11915                  A v -> Y ^   INVX1     0.090   3.373    10.548  
      u_account_balance/g11912                  -            NAND2XL   0.000   3.373    10.548  
      u_account_balance/g11912                  B ^ -> Y v   NAND2XL   0.156   3.529    10.704  
      u_account_balance/g11909                  -            NOR2XL    0.000   3.529    10.704  
      u_account_balance/g11909                  B v -> Y ^   NOR2XL    0.247   3.776    10.951  
      u_account_balance/g11906                  -            INVX1     0.000   3.776    10.951  
      u_account_balance/g11906                  A ^ -> Y v   INVX1     0.087   3.863    11.038  
      u_account_balance/g11898                  -            NOR2X1    0.000   3.863    11.038  
      u_account_balance/g11898                  B v -> Y ^   NOR2X1    0.671   4.534    11.709  
      u_account_balance/balance_db_reg[14][12]  -            SDFFQX1   0.000   4.534    11.709  
      ------------------------------------------------------------------------------------------
     Clock Rise Edge                      0.000
     + Source Insertion Delay             0.010
     = Beginpoint Arrival Time            0.010
     Other End Path:
      -----------------------------------------------------------------------------------
      Instance                                  Arc    Cell     Retime  Arrival  Required  
                                                                Delay   Time     Time  
      -----------------------------------------------------------------------------------
      -                                         clk ^  -        -       0.010    -7.165  
      u_account_balance/balance_db_reg[14][12]  -      SDFFQX1  0.000   0.010    -7.165  
      -----------------------------------------------------------------------------------
Path 5: MET Setup Check with Pin u_account_balance/balance_db_reg[14][11]/CK 
Endpoint:   u_account_balance/balance_db_reg[14][11]/SE (^) checked with  leading edge of 'clk'
Beginpoint: u_vehicle_interface/id_to_check_reg[0]/Q    (v) triggered by  leading edge of 'clk'
Path Groups: {clk}
Retime Analysis { Data Path-Slew }
Other End Arrival Time          0.010
- Setup                         0.301
+ Phase Shift                  12.000
= Required Time                11.709
- Arrival Time                  4.534
= Slack Time                    7.175
= Slack Time(original)          7.085
     Clock Rise Edge                      0.000
     + Source Insertion Delay             0.010
     = Beginpoint Arrival Time            0.010
     Timing Path:
      ------------------------------------------------------------------------------------------
      Instance                                  Arc          Cell      Retime  Arrival  Required  
                                                                       Delay   Time     Time  
      ------------------------------------------------------------------------------------------
      -                                         clk ^        -         -       0.010    7.185  
      u_vehicle_interface/id_to_check_reg[0]    -            SDFFQX1   0.000   0.010    7.185  
      u_vehicle_interface/id_to_check_reg[0]    CK ^ -> Q v  SDFFQX1   0.567   0.577    7.752  
      u_account_balance/g12137                  -            NOR2XL    0.000   0.577    7.752  
      u_account_balance/g12137                  B v -> Y ^   NOR2XL    0.555   1.132    8.307  
      u_account_balance/g12131                  -            CLKINVX1  0.000   1.132    8.307  
      u_account_balance/g12131                  A ^ -> Y v   CLKINVX1  0.215   1.348    8.523  
      u_account_balance/g12100                  -            NOR2XL    0.000   1.348    8.523  
      u_account_balance/g12100                  B v -> Y ^   NOR2XL    0.502   1.849    9.024  
      u_account_balance/g11978                  -            AOI221X1  0.000   1.849    9.024  
      u_account_balance/g11978                  A1 ^ -> Y v  AOI221X1  0.186   2.036    9.211  
      u_account_balance/g11964                  -            OAI221X1  0.000   2.036    9.211  
      u_account_balance/g11964                  C0 v -> Y ^  OAI221X1  0.184   2.219    9.394  
      u_account_balance/g11941                  -            NOR2XL    0.000   2.219    9.394  
      u_account_balance/g11941                  A ^ -> Y v   NOR2XL    0.127   2.346    9.521  
      u_account_balance/g11936                  -            NOR2XL    0.000   2.346    9.521  
      u_account_balance/g11936                  B v -> Y ^   NOR2XL    0.128   2.474    9.649  
      u_account_balance/g11934                  -            NOR2XL    0.000   2.474    9.649  
      u_account_balance/g11934                  A ^ -> Y v   NOR2XL    0.105   2.579    9.754  
      u_account_balance/g11932                  -            NAND2XL   0.000   2.579    9.754  
      u_account_balance/g11932                  B v -> Y ^   NAND2XL   0.116   2.694    9.869  
      u_account_balance/g11930                  -            NOR2XL    0.000   2.694    9.869  
      u_account_balance/g11930                  B ^ -> Y v   NOR2XL    0.096   2.791    9.966  
      u_account_balance/g11928                  -            NAND2XL   0.000   2.791    9.966  
      u_account_balance/g11928                  B v -> Y ^   NAND2XL   0.159   2.949    10.124  
      u_account_balance/g12145                  -            NOR4BBX1  0.000   2.949    10.124  
      u_account_balance/g12145                  D ^ -> Y v   NOR4BBX1  0.085   3.035    10.210  
      u_account_balance/g11921                  -            NAND3BX1  0.000   3.035    10.210  
      u_account_balance/g11921                  C v -> Y ^   NAND3BX1  0.091   3.126    10.301  
      u_account_balance/g11917                  -            NAND3X1   0.000   3.126    10.301  
      u_account_balance/g11917                  C ^ -> Y v   NAND3X1   0.158   3.284    10.459  
      u_account_balance/g11915                  -            INVX1     0.000   3.284    10.459  
      u_account_balance/g11915                  A v -> Y ^   INVX1     0.090   3.373    10.548  
      u_account_balance/g11912                  -            NAND2XL   0.000   3.373    10.548  
      u_account_balance/g11912                  B ^ -> Y v   NAND2XL   0.156   3.529    10.704  
      u_account_balance/g11909                  -            NOR2XL    0.000   3.529    10.704  
      u_account_balance/g11909                  B v -> Y ^   NOR2XL    0.247   3.776    10.951  
      u_account_balance/g11906                  -            INVX1     0.000   3.776    10.951  
      u_account_balance/g11906                  A ^ -> Y v   INVX1     0.087   3.863    11.038  
      u_account_balance/g11898                  -            NOR2X1    0.000   3.863    11.038  
      u_account_balance/g11898                  B v -> Y ^   NOR2X1    0.671   4.534    11.709  
      u_account_balance/balance_db_reg[14][11]  -            SDFFQX1   0.000   4.534    11.709  
      ------------------------------------------------------------------------------------------
     Clock Rise Edge                      0.000
     + Source Insertion Delay             0.010
     = Beginpoint Arrival Time            0.010
     Other End Path:
      -----------------------------------------------------------------------------------
      Instance                                  Arc    Cell     Retime  Arrival  Required  
                                                                Delay   Time     Time  
      -----------------------------------------------------------------------------------
      -                                         clk ^  -        -       0.010    -7.165  
      u_account_balance/balance_db_reg[14][11]  -      SDFFQX1  0.000   0.010    -7.165  
      -----------------------------------------------------------------------------------
Path 6: MET Setup Check with Pin u_account_balance/balance_db_reg[14][10]/CK 
Endpoint:   u_account_balance/balance_db_reg[14][10]/SE (^) checked with  leading edge of 'clk'
Beginpoint: u_vehicle_interface/id_to_check_reg[0]/Q    (v) triggered by  leading edge of 'clk'
Path Groups: {clk}
Retime Analysis { Data Path-Slew }
Other End Arrival Time          0.010
- Setup                         0.301
+ Phase Shift                  12.000
= Required Time                11.709
- Arrival Time                  4.534
= Slack Time                    7.175
= Slack Time(original)          7.085
     Clock Rise Edge                      0.000
     + Source Insertion Delay             0.010
     = Beginpoint Arrival Time            0.010
     Timing Path:
      ------------------------------------------------------------------------------------------
      Instance                                  Arc          Cell      Retime  Arrival  Required  
                                                                       Delay   Time     Time  
      ------------------------------------------------------------------------------------------
      -                                         clk ^        -         -       0.010    7.185  
      u_vehicle_interface/id_to_check_reg[0]    -            SDFFQX1   0.000   0.010    7.185  
      u_vehicle_interface/id_to_check_reg[0]    CK ^ -> Q v  SDFFQX1   0.567   0.577    7.752  
      u_account_balance/g12137                  -            NOR2XL    0.000   0.577    7.752  
      u_account_balance/g12137                  B v -> Y ^   NOR2XL    0.555   1.132    8.307  
      u_account_balance/g12131                  -            CLKINVX1  0.000   1.132    8.307  
      u_account_balance/g12131                  A ^ -> Y v   CLKINVX1  0.215   1.348    8.523  
      u_account_balance/g12100                  -            NOR2XL    0.000   1.348    8.523  
      u_account_balance/g12100                  B v -> Y ^   NOR2XL    0.502   1.849    9.024  
      u_account_balance/g11978                  -            AOI221X1  0.000   1.849    9.024  
      u_account_balance/g11978                  A1 ^ -> Y v  AOI221X1  0.186   2.036    9.211  
      u_account_balance/g11964                  -            OAI221X1  0.000   2.036    9.211  
      u_account_balance/g11964                  C0 v -> Y ^  OAI221X1  0.184   2.219    9.394  
      u_account_balance/g11941                  -            NOR2XL    0.000   2.219    9.394  
      u_account_balance/g11941                  A ^ -> Y v   NOR2XL    0.127   2.346    9.521  
      u_account_balance/g11936                  -            NOR2XL    0.000   2.346    9.521  
      u_account_balance/g11936                  B v -> Y ^   NOR2XL    0.128   2.474    9.649  
      u_account_balance/g11934                  -            NOR2XL    0.000   2.474    9.649  
      u_account_balance/g11934                  A ^ -> Y v   NOR2XL    0.105   2.579    9.754  
      u_account_balance/g11932                  -            NAND2XL   0.000   2.579    9.754  
      u_account_balance/g11932                  B v -> Y ^   NAND2XL   0.116   2.694    9.869  
      u_account_balance/g11930                  -            NOR2XL    0.000   2.694    9.869  
      u_account_balance/g11930                  B ^ -> Y v   NOR2XL    0.096   2.791    9.966  
      u_account_balance/g11928                  -            NAND2XL   0.000   2.791    9.966  
      u_account_balance/g11928                  B v -> Y ^   NAND2XL   0.159   2.949    10.124  
      u_account_balance/g12145                  -            NOR4BBX1  0.000   2.949    10.124  
      u_account_balance/g12145                  D ^ -> Y v   NOR4BBX1  0.085   3.035    10.210  
      u_account_balance/g11921                  -            NAND3BX1  0.000   3.035    10.210  
      u_account_balance/g11921                  C v -> Y ^   NAND3BX1  0.091   3.126    10.301  
      u_account_balance/g11917                  -            NAND3X1   0.000   3.126    10.301  
      u_account_balance/g11917                  C ^ -> Y v   NAND3X1   0.158   3.284    10.459  
      u_account_balance/g11915                  -            INVX1     0.000   3.284    10.459  
      u_account_balance/g11915                  A v -> Y ^   INVX1     0.090   3.373    10.548  
      u_account_balance/g11912                  -            NAND2XL   0.000   3.373    10.548  
      u_account_balance/g11912                  B ^ -> Y v   NAND2XL   0.156   3.529    10.704  
      u_account_balance/g11909                  -            NOR2XL    0.000   3.529    10.704  
      u_account_balance/g11909                  B v -> Y ^   NOR2XL    0.247   3.776    10.951  
      u_account_balance/g11906                  -            INVX1     0.000   3.776    10.951  
      u_account_balance/g11906                  A ^ -> Y v   INVX1     0.087   3.863    11.038  
      u_account_balance/g11898                  -            NOR2X1    0.000   3.863    11.038  
      u_account_balance/g11898                  B v -> Y ^   NOR2X1    0.671   4.534    11.709  
      u_account_balance/balance_db_reg[14][10]  -            SDFFQX1   0.000   4.534    11.709  
      ------------------------------------------------------------------------------------------
     Clock Rise Edge                      0.000
     + Source Insertion Delay             0.010
     = Beginpoint Arrival Time            0.010
     Other End Path:
      -----------------------------------------------------------------------------------
      Instance                                  Arc    Cell     Retime  Arrival  Required  
                                                                Delay   Time     Time  
      -----------------------------------------------------------------------------------
      -                                         clk ^  -        -       0.010    -7.165  
      u_account_balance/balance_db_reg[14][10]  -      SDFFQX1  0.000   0.010    -7.165  
      -----------------------------------------------------------------------------------
Path 7: MET Setup Check with Pin u_account_balance/balance_db_reg[14][9]/CK 
Endpoint:   u_account_balance/balance_db_reg[14][9]/SE (^) checked with  leading edge of 'clk'
Beginpoint: u_vehicle_interface/id_to_check_reg[0]/Q   (v) triggered by  leading edge of 'clk'
Path Groups: {clk}
Retime Analysis { Data Path-Slew }
Other End Arrival Time          0.010
- Setup                         0.301
+ Phase Shift                  12.000
= Required Time                11.709
- Arrival Time                  4.534
= Slack Time                    7.175
= Slack Time(original)          7.085
     Clock Rise Edge                      0.000
     + Source Insertion Delay             0.010
     = Beginpoint Arrival Time            0.010
     Timing Path:
      -----------------------------------------------------------------------------------------
      Instance                                 Arc          Cell      Retime  Arrival  Required  
                                                                      Delay   Time     Time  
      -----------------------------------------------------------------------------------------
      -                                        clk ^        -         -       0.010    7.185  
      u_vehicle_interface/id_to_check_reg[0]   -            SDFFQX1   0.000   0.010    7.185  
      u_vehicle_interface/id_to_check_reg[0]   CK ^ -> Q v  SDFFQX1   0.567   0.577    7.752  
      u_account_balance/g12137                 -            NOR2XL    0.000   0.577    7.752  
      u_account_balance/g12137                 B v -> Y ^   NOR2XL    0.555   1.132    8.307  
      u_account_balance/g12131                 -            CLKINVX1  0.000   1.132    8.307  
      u_account_balance/g12131                 A ^ -> Y v   CLKINVX1  0.215   1.348    8.523  
      u_account_balance/g12100                 -            NOR2XL    0.000   1.348    8.523  
      u_account_balance/g12100                 B v -> Y ^   NOR2XL    0.502   1.849    9.024  
      u_account_balance/g11978                 -            AOI221X1  0.000   1.849    9.024  
      u_account_balance/g11978                 A1 ^ -> Y v  AOI221X1  0.186   2.036    9.211  
      u_account_balance/g11964                 -            OAI221X1  0.000   2.036    9.211  
      u_account_balance/g11964                 C0 v -> Y ^  OAI221X1  0.184   2.219    9.394  
      u_account_balance/g11941                 -            NOR2XL    0.000   2.219    9.394  
      u_account_balance/g11941                 A ^ -> Y v   NOR2XL    0.127   2.346    9.521  
      u_account_balance/g11936                 -            NOR2XL    0.000   2.346    9.521  
      u_account_balance/g11936                 B v -> Y ^   NOR2XL    0.128   2.474    9.649  
      u_account_balance/g11934                 -            NOR2XL    0.000   2.474    9.649  
      u_account_balance/g11934                 A ^ -> Y v   NOR2XL    0.105   2.579    9.754  
      u_account_balance/g11932                 -            NAND2XL   0.000   2.579    9.754  
      u_account_balance/g11932                 B v -> Y ^   NAND2XL   0.116   2.694    9.869  
      u_account_balance/g11930                 -            NOR2XL    0.000   2.694    9.869  
      u_account_balance/g11930                 B ^ -> Y v   NOR2XL    0.096   2.791    9.966  
      u_account_balance/g11928                 -            NAND2XL   0.000   2.791    9.966  
      u_account_balance/g11928                 B v -> Y ^   NAND2XL   0.159   2.949    10.124  
      u_account_balance/g12145                 -            NOR4BBX1  0.000   2.949    10.124  
      u_account_balance/g12145                 D ^ -> Y v   NOR4BBX1  0.085   3.035    10.210  
      u_account_balance/g11921                 -            NAND3BX1  0.000   3.035    10.210  
      u_account_balance/g11921                 C v -> Y ^   NAND3BX1  0.091   3.126    10.301  
      u_account_balance/g11917                 -            NAND3X1   0.000   3.126    10.301  
      u_account_balance/g11917                 C ^ -> Y v   NAND3X1   0.158   3.284    10.459  
      u_account_balance/g11915                 -            INVX1     0.000   3.284    10.459  
      u_account_balance/g11915                 A v -> Y ^   INVX1     0.090   3.373    10.548  
      u_account_balance/g11912                 -            NAND2XL   0.000   3.373    10.548  
      u_account_balance/g11912                 B ^ -> Y v   NAND2XL   0.156   3.529    10.704  
      u_account_balance/g11909                 -            NOR2XL    0.000   3.529    10.704  
      u_account_balance/g11909                 B v -> Y ^   NOR2XL    0.247   3.776    10.951  
      u_account_balance/g11906                 -            INVX1     0.000   3.776    10.951  
      u_account_balance/g11906                 A ^ -> Y v   INVX1     0.087   3.863    11.038  
      u_account_balance/g11898                 -            NOR2X1    0.000   3.863    11.038  
      u_account_balance/g11898                 B v -> Y ^   NOR2X1    0.671   4.534    11.709  
      u_account_balance/balance_db_reg[14][9]  -            SDFFQX1   0.000   4.534    11.709  
      -----------------------------------------------------------------------------------------
     Clock Rise Edge                      0.000
     + Source Insertion Delay             0.010
     = Beginpoint Arrival Time            0.010
     Other End Path:
      ----------------------------------------------------------------------------------
      Instance                                 Arc    Cell     Retime  Arrival  Required  
                                                               Delay   Time     Time  
      ----------------------------------------------------------------------------------
      -                                        clk ^  -        -       0.010    -7.165  
      u_account_balance/balance_db_reg[14][9]  -      SDFFQX1  0.000   0.010    -7.165  
      ----------------------------------------------------------------------------------
Path 8: MET Setup Check with Pin u_account_balance/balance_db_reg[14][8]/CK 
Endpoint:   u_account_balance/balance_db_reg[14][8]/SE (^) checked with  leading edge of 'clk'
Beginpoint: u_vehicle_interface/id_to_check_reg[0]/Q   (v) triggered by  leading edge of 'clk'
Path Groups: {clk}
Retime Analysis { Data Path-Slew }
Other End Arrival Time          0.010
- Setup                         0.301
+ Phase Shift                  12.000
= Required Time                11.709
- Arrival Time                  4.534
= Slack Time                    7.175
= Slack Time(original)          7.085
     Clock Rise Edge                      0.000
     + Source Insertion Delay             0.010
     = Beginpoint Arrival Time            0.010
     Timing Path:
      -----------------------------------------------------------------------------------------
      Instance                                 Arc          Cell      Retime  Arrival  Required  
                                                                      Delay   Time     Time  
      -----------------------------------------------------------------------------------------
      -                                        clk ^        -         -       0.010    7.185  
      u_vehicle_interface/id_to_check_reg[0]   -            SDFFQX1   0.000   0.010    7.185  
      u_vehicle_interface/id_to_check_reg[0]   CK ^ -> Q v  SDFFQX1   0.567   0.577    7.752  
      u_account_balance/g12137                 -            NOR2XL    0.000   0.577    7.752  
      u_account_balance/g12137                 B v -> Y ^   NOR2XL    0.555   1.132    8.307  
      u_account_balance/g12131                 -            CLKINVX1  0.000   1.132    8.307  
      u_account_balance/g12131                 A ^ -> Y v   CLKINVX1  0.215   1.348    8.523  
      u_account_balance/g12100                 -            NOR2XL    0.000   1.348    8.523  
      u_account_balance/g12100                 B v -> Y ^   NOR2XL    0.502   1.849    9.024  
      u_account_balance/g11978                 -            AOI221X1  0.000   1.849    9.024  
      u_account_balance/g11978                 A1 ^ -> Y v  AOI221X1  0.186   2.036    9.211  
      u_account_balance/g11964                 -            OAI221X1  0.000   2.036    9.211  
      u_account_balance/g11964                 C0 v -> Y ^  OAI221X1  0.184   2.219    9.394  
      u_account_balance/g11941                 -            NOR2XL    0.000   2.219    9.394  
      u_account_balance/g11941                 A ^ -> Y v   NOR2XL    0.127   2.346    9.521  
      u_account_balance/g11936                 -            NOR2XL    0.000   2.346    9.521  
      u_account_balance/g11936                 B v -> Y ^   NOR2XL    0.128   2.474    9.649  
      u_account_balance/g11934                 -            NOR2XL    0.000   2.474    9.649  
      u_account_balance/g11934                 A ^ -> Y v   NOR2XL    0.105   2.579    9.754  
      u_account_balance/g11932                 -            NAND2XL   0.000   2.579    9.754  
      u_account_balance/g11932                 B v -> Y ^   NAND2XL   0.116   2.694    9.869  
      u_account_balance/g11930                 -            NOR2XL    0.000   2.694    9.869  
      u_account_balance/g11930                 B ^ -> Y v   NOR2XL    0.096   2.791    9.966  
      u_account_balance/g11928                 -            NAND2XL   0.000   2.791    9.966  
      u_account_balance/g11928                 B v -> Y ^   NAND2XL   0.159   2.949    10.124  
      u_account_balance/g12145                 -            NOR4BBX1  0.000   2.949    10.124  
      u_account_balance/g12145                 D ^ -> Y v   NOR4BBX1  0.085   3.035    10.210  
      u_account_balance/g11921                 -            NAND3BX1  0.000   3.035    10.210  
      u_account_balance/g11921                 C v -> Y ^   NAND3BX1  0.091   3.126    10.301  
      u_account_balance/g11917                 -            NAND3X1   0.000   3.126    10.301  
      u_account_balance/g11917                 C ^ -> Y v   NAND3X1   0.158   3.284    10.459  
      u_account_balance/g11915                 -            INVX1     0.000   3.284    10.459  
      u_account_balance/g11915                 A v -> Y ^   INVX1     0.090   3.373    10.548  
      u_account_balance/g11912                 -            NAND2XL   0.000   3.373    10.548  
      u_account_balance/g11912                 B ^ -> Y v   NAND2XL   0.156   3.529    10.704  
      u_account_balance/g11909                 -            NOR2XL    0.000   3.529    10.704  
      u_account_balance/g11909                 B v -> Y ^   NOR2XL    0.247   3.776    10.951  
      u_account_balance/g11906                 -            INVX1     0.000   3.776    10.951  
      u_account_balance/g11906                 A ^ -> Y v   INVX1     0.087   3.863    11.038  
      u_account_balance/g11898                 -            NOR2X1    0.000   3.863    11.038  
      u_account_balance/g11898                 B v -> Y ^   NOR2X1    0.671   4.534    11.709  
      u_account_balance/balance_db_reg[14][8]  -            SDFFQX1   0.000   4.534    11.709  
      -----------------------------------------------------------------------------------------
     Clock Rise Edge                      0.000
     + Source Insertion Delay             0.010
     = Beginpoint Arrival Time            0.010
     Other End Path:
      ----------------------------------------------------------------------------------
      Instance                                 Arc    Cell     Retime  Arrival  Required  
                                                               Delay   Time     Time  
      ----------------------------------------------------------------------------------
      -                                        clk ^  -        -       0.010    -7.165  
      u_account_balance/balance_db_reg[14][8]  -      SDFFQX1  0.000   0.010    -7.165  
      ----------------------------------------------------------------------------------
Path 9: MET Setup Check with Pin u_account_balance/balance_db_reg[14][7]/CK 
Endpoint:   u_account_balance/balance_db_reg[14][7]/SE (^) checked with  leading edge of 'clk'
Beginpoint: u_vehicle_interface/id_to_check_reg[0]/Q   (v) triggered by  leading edge of 'clk'
Path Groups: {clk}
Retime Analysis { Data Path-Slew }
Other End Arrival Time          0.010
- Setup                         0.301
+ Phase Shift                  12.000
= Required Time                11.709
- Arrival Time                  4.534
= Slack Time                    7.175
= Slack Time(original)          7.085
     Clock Rise Edge                      0.000
     + Source Insertion Delay             0.010
     = Beginpoint Arrival Time            0.010
     Timing Path:
      -----------------------------------------------------------------------------------------
      Instance                                 Arc          Cell      Retime  Arrival  Required  
                                                                      Delay   Time     Time  
      -----------------------------------------------------------------------------------------
      -                                        clk ^        -         -       0.010    7.185  
      u_vehicle_interface/id_to_check_reg[0]   -            SDFFQX1   0.000   0.010    7.185  
      u_vehicle_interface/id_to_check_reg[0]   CK ^ -> Q v  SDFFQX1   0.567   0.577    7.752  
      u_account_balance/g12137                 -            NOR2XL    0.000   0.577    7.752  
      u_account_balance/g12137                 B v -> Y ^   NOR2XL    0.555   1.132    8.307  
      u_account_balance/g12131                 -            CLKINVX1  0.000   1.132    8.307  
      u_account_balance/g12131                 A ^ -> Y v   CLKINVX1  0.215   1.348    8.523  
      u_account_balance/g12100                 -            NOR2XL    0.000   1.348    8.523  
      u_account_balance/g12100                 B v -> Y ^   NOR2XL    0.502   1.849    9.024  
      u_account_balance/g11978                 -            AOI221X1  0.000   1.849    9.024  
      u_account_balance/g11978                 A1 ^ -> Y v  AOI221X1  0.186   2.036    9.211  
      u_account_balance/g11964                 -            OAI221X1  0.000   2.036    9.211  
      u_account_balance/g11964                 C0 v -> Y ^  OAI221X1  0.184   2.219    9.394  
      u_account_balance/g11941                 -            NOR2XL    0.000   2.219    9.394  
      u_account_balance/g11941                 A ^ -> Y v   NOR2XL    0.127   2.346    9.521  
      u_account_balance/g11936                 -            NOR2XL    0.000   2.346    9.521  
      u_account_balance/g11936                 B v -> Y ^   NOR2XL    0.128   2.474    9.649  
      u_account_balance/g11934                 -            NOR2XL    0.000   2.474    9.649  
      u_account_balance/g11934                 A ^ -> Y v   NOR2XL    0.105   2.579    9.754  
      u_account_balance/g11932                 -            NAND2XL   0.000   2.579    9.754  
      u_account_balance/g11932                 B v -> Y ^   NAND2XL   0.116   2.694    9.869  
      u_account_balance/g11930                 -            NOR2XL    0.000   2.694    9.869  
      u_account_balance/g11930                 B ^ -> Y v   NOR2XL    0.096   2.791    9.966  
      u_account_balance/g11928                 -            NAND2XL   0.000   2.791    9.966  
      u_account_balance/g11928                 B v -> Y ^   NAND2XL   0.159   2.949    10.124  
      u_account_balance/g12145                 -            NOR4BBX1  0.000   2.949    10.124  
      u_account_balance/g12145                 D ^ -> Y v   NOR4BBX1  0.085   3.035    10.210  
      u_account_balance/g11921                 -            NAND3BX1  0.000   3.035    10.210  
      u_account_balance/g11921                 C v -> Y ^   NAND3BX1  0.091   3.126    10.301  
      u_account_balance/g11917                 -            NAND3X1   0.000   3.126    10.301  
      u_account_balance/g11917                 C ^ -> Y v   NAND3X1   0.158   3.284    10.459  
      u_account_balance/g11915                 -            INVX1     0.000   3.284    10.459  
      u_account_balance/g11915                 A v -> Y ^   INVX1     0.090   3.373    10.548  
      u_account_balance/g11912                 -            NAND2XL   0.000   3.373    10.548  
      u_account_balance/g11912                 B ^ -> Y v   NAND2XL   0.156   3.529    10.704  
      u_account_balance/g11909                 -            NOR2XL    0.000   3.529    10.704  
      u_account_balance/g11909                 B v -> Y ^   NOR2XL    0.247   3.776    10.951  
      u_account_balance/g11906                 -            INVX1     0.000   3.776    10.951  
      u_account_balance/g11906                 A ^ -> Y v   INVX1     0.087   3.863    11.038  
      u_account_balance/g11898                 -            NOR2X1    0.000   3.863    11.038  
      u_account_balance/g11898                 B v -> Y ^   NOR2X1    0.671   4.534    11.709  
      u_account_balance/balance_db_reg[14][7]  -            SDFFQX1   0.000   4.534    11.709  
      -----------------------------------------------------------------------------------------
     Clock Rise Edge                      0.000
     + Source Insertion Delay             0.010
     = Beginpoint Arrival Time            0.010
     Other End Path:
      ----------------------------------------------------------------------------------
      Instance                                 Arc    Cell     Retime  Arrival  Required  
                                                               Delay   Time     Time  
      ----------------------------------------------------------------------------------
      -                                        clk ^  -        -       0.010    -7.165  
      u_account_balance/balance_db_reg[14][7]  -      SDFFQX1  0.000   0.010    -7.165  
      ----------------------------------------------------------------------------------
Path 10: MET Setup Check with Pin u_account_balance/balance_db_reg[14][6]/CK 
Endpoint:   u_account_balance/balance_db_reg[14][6]/SE (^) checked with  leading edge of 'clk'
Beginpoint: u_vehicle_interface/id_to_check_reg[0]/Q   (v) triggered by  leading edge of 'clk'
Path Groups: {clk}
Retime Analysis { Data Path-Slew }
Other End Arrival Time          0.010
- Setup                         0.301
+ Phase Shift                  12.000
= Required Time                11.709
- Arrival Time                  4.534
= Slack Time                    7.175
= Slack Time(original)          7.085
     Clock Rise Edge                      0.000
     + Source Insertion Delay             0.010
     = Beginpoint Arrival Time            0.010
     Timing Path:
      -----------------------------------------------------------------------------------------
      Instance                                 Arc          Cell      Retime  Arrival  Required  
                                                                      Delay   Time     Time  
      -----------------------------------------------------------------------------------------
      -                                        clk ^        -         -       0.010    7.185  
      u_vehicle_interface/id_to_check_reg[0]   -            SDFFQX1   0.000   0.010    7.185  
      u_vehicle_interface/id_to_check_reg[0]   CK ^ -> Q v  SDFFQX1   0.567   0.577    7.752  
      u_account_balance/g12137                 -            NOR2XL    0.000   0.577    7.752  
      u_account_balance/g12137                 B v -> Y ^   NOR2XL    0.555   1.132    8.307  
      u_account_balance/g12131                 -            CLKINVX1  0.000   1.132    8.307  
      u_account_balance/g12131                 A ^ -> Y v   CLKINVX1  0.215   1.348    8.523  
      u_account_balance/g12100                 -            NOR2XL    0.000   1.348    8.523  
      u_account_balance/g12100                 B v -> Y ^   NOR2XL    0.502   1.849    9.024  
      u_account_balance/g11978                 -            AOI221X1  0.000   1.849    9.024  
      u_account_balance/g11978                 A1 ^ -> Y v  AOI221X1  0.186   2.036    9.211  
      u_account_balance/g11964                 -            OAI221X1  0.000   2.036    9.211  
      u_account_balance/g11964                 C0 v -> Y ^  OAI221X1  0.184   2.219    9.394  
      u_account_balance/g11941                 -            NOR2XL    0.000   2.219    9.394  
      u_account_balance/g11941                 A ^ -> Y v   NOR2XL    0.127   2.346    9.521  
      u_account_balance/g11936                 -            NOR2XL    0.000   2.346    9.521  
      u_account_balance/g11936                 B v -> Y ^   NOR2XL    0.128   2.474    9.649  
      u_account_balance/g11934                 -            NOR2XL    0.000   2.474    9.649  
      u_account_balance/g11934                 A ^ -> Y v   NOR2XL    0.105   2.579    9.754  
      u_account_balance/g11932                 -            NAND2XL   0.000   2.579    9.754  
      u_account_balance/g11932                 B v -> Y ^   NAND2XL   0.116   2.694    9.869  
      u_account_balance/g11930                 -            NOR2XL    0.000   2.694    9.869  
      u_account_balance/g11930                 B ^ -> Y v   NOR2XL    0.096   2.791    9.966  
      u_account_balance/g11928                 -            NAND2XL   0.000   2.791    9.966  
      u_account_balance/g11928                 B v -> Y ^   NAND2XL   0.159   2.949    10.124  
      u_account_balance/g12145                 -            NOR4BBX1  0.000   2.949    10.124  
      u_account_balance/g12145                 D ^ -> Y v   NOR4BBX1  0.085   3.035    10.210  
      u_account_balance/g11921                 -            NAND3BX1  0.000   3.035    10.210  
      u_account_balance/g11921                 C v -> Y ^   NAND3BX1  0.091   3.126    10.301  
      u_account_balance/g11917                 -            NAND3X1   0.000   3.126    10.301  
      u_account_balance/g11917                 C ^ -> Y v   NAND3X1   0.158   3.284    10.459  
      u_account_balance/g11915                 -            INVX1     0.000   3.284    10.459  
      u_account_balance/g11915                 A v -> Y ^   INVX1     0.090   3.373    10.548  
      u_account_balance/g11912                 -            NAND2XL   0.000   3.373    10.548  
      u_account_balance/g11912                 B ^ -> Y v   NAND2XL   0.156   3.529    10.704  
      u_account_balance/g11909                 -            NOR2XL    0.000   3.529    10.704  
      u_account_balance/g11909                 B v -> Y ^   NOR2XL    0.247   3.776    10.951  
      u_account_balance/g11906                 -            INVX1     0.000   3.776    10.951  
      u_account_balance/g11906                 A ^ -> Y v   INVX1     0.087   3.863    11.038  
      u_account_balance/g11898                 -            NOR2X1    0.000   3.863    11.038  
      u_account_balance/g11898                 B v -> Y ^   NOR2X1    0.671   4.534    11.709  
      u_account_balance/balance_db_reg[14][6]  -            SDFFQX1   0.000   4.534    11.709  
      -----------------------------------------------------------------------------------------
     Clock Rise Edge                      0.000
     + Source Insertion Delay             0.010
     = Beginpoint Arrival Time            0.010
     Other End Path:
      ----------------------------------------------------------------------------------
      Instance                                 Arc    Cell     Retime  Arrival  Required  
                                                               Delay   Time     Time  
      ----------------------------------------------------------------------------------
      -                                        clk ^  -        -       0.010    -7.165  
      u_account_balance/balance_db_reg[14][6]  -      SDFFQX1  0.000   0.010    -7.165  
      ----------------------------------------------------------------------------------
Path 11: MET Setup Check with Pin u_account_balance/balance_db_reg[14][5]/CK 
Endpoint:   u_account_balance/balance_db_reg[14][5]/SE (^) checked with  leading edge of 'clk'
Beginpoint: u_vehicle_interface/id_to_check_reg[0]/Q   (v) triggered by  leading edge of 'clk'
Path Groups: {clk}
Retime Analysis { Data Path-Slew }
Other End Arrival Time          0.010
- Setup                         0.301
+ Phase Shift                  12.000
= Required Time                11.709
- Arrival Time                  4.534
= Slack Time                    7.175
= Slack Time(original)          7.085
     Clock Rise Edge                      0.000
     + Source Insertion Delay             0.010
     = Beginpoint Arrival Time            0.010
     Timing Path:
      -----------------------------------------------------------------------------------------
      Instance                                 Arc          Cell      Retime  Arrival  Required  
                                                                      Delay   Time     Time  
      -----------------------------------------------------------------------------------------
      -                                        clk ^        -         -       0.010    7.185  
      u_vehicle_interface/id_to_check_reg[0]   -            SDFFQX1   0.000   0.010    7.185  
      u_vehicle_interface/id_to_check_reg[0]   CK ^ -> Q v  SDFFQX1   0.567   0.577    7.752  
      u_account_balance/g12137                 -            NOR2XL    0.000   0.577    7.752  
      u_account_balance/g12137                 B v -> Y ^   NOR2XL    0.555   1.132    8.307  
      u_account_balance/g12131                 -            CLKINVX1  0.000   1.132    8.307  
      u_account_balance/g12131                 A ^ -> Y v   CLKINVX1  0.215   1.348    8.523  
      u_account_balance/g12100                 -            NOR2XL    0.000   1.348    8.523  
      u_account_balance/g12100                 B v -> Y ^   NOR2XL    0.502   1.849    9.024  
      u_account_balance/g11978                 -            AOI221X1  0.000   1.849    9.024  
      u_account_balance/g11978                 A1 ^ -> Y v  AOI221X1  0.186   2.036    9.211  
      u_account_balance/g11964                 -            OAI221X1  0.000   2.036    9.211  
      u_account_balance/g11964                 C0 v -> Y ^  OAI221X1  0.184   2.219    9.394  
      u_account_balance/g11941                 -            NOR2XL    0.000   2.219    9.394  
      u_account_balance/g11941                 A ^ -> Y v   NOR2XL    0.127   2.346    9.521  
      u_account_balance/g11936                 -            NOR2XL    0.000   2.346    9.521  
      u_account_balance/g11936                 B v -> Y ^   NOR2XL    0.128   2.474    9.649  
      u_account_balance/g11934                 -            NOR2XL    0.000   2.474    9.649  
      u_account_balance/g11934                 A ^ -> Y v   NOR2XL    0.105   2.579    9.754  
      u_account_balance/g11932                 -            NAND2XL   0.000   2.579    9.754  
      u_account_balance/g11932                 B v -> Y ^   NAND2XL   0.116   2.694    9.869  
      u_account_balance/g11930                 -            NOR2XL    0.000   2.694    9.869  
      u_account_balance/g11930                 B ^ -> Y v   NOR2XL    0.096   2.791    9.966  
      u_account_balance/g11928                 -            NAND2XL   0.000   2.791    9.966  
      u_account_balance/g11928                 B v -> Y ^   NAND2XL   0.159   2.949    10.124  
      u_account_balance/g12145                 -            NOR4BBX1  0.000   2.949    10.124  
      u_account_balance/g12145                 D ^ -> Y v   NOR4BBX1  0.085   3.035    10.210  
      u_account_balance/g11921                 -            NAND3BX1  0.000   3.035    10.210  
      u_account_balance/g11921                 C v -> Y ^   NAND3BX1  0.091   3.126    10.301  
      u_account_balance/g11917                 -            NAND3X1   0.000   3.126    10.301  
      u_account_balance/g11917                 C ^ -> Y v   NAND3X1   0.158   3.284    10.459  
      u_account_balance/g11915                 -            INVX1     0.000   3.284    10.459  
      u_account_balance/g11915                 A v -> Y ^   INVX1     0.090   3.373    10.548  
      u_account_balance/g11912                 -            NAND2XL   0.000   3.373    10.548  
      u_account_balance/g11912                 B ^ -> Y v   NAND2XL   0.156   3.529    10.704  
      u_account_balance/g11909                 -            NOR2XL    0.000   3.529    10.704  
      u_account_balance/g11909                 B v -> Y ^   NOR2XL    0.247   3.776    10.951  
      u_account_balance/g11906                 -            INVX1     0.000   3.776    10.951  
      u_account_balance/g11906                 A ^ -> Y v   INVX1     0.087   3.863    11.038  
      u_account_balance/g11898                 -            NOR2X1    0.000   3.863    11.038  
      u_account_balance/g11898                 B v -> Y ^   NOR2X1    0.671   4.534    11.709  
      u_account_balance/balance_db_reg[14][5]  -            SDFFQX1   0.000   4.534    11.709  
      -----------------------------------------------------------------------------------------
     Clock Rise Edge                      0.000
     + Source Insertion Delay             0.010
     = Beginpoint Arrival Time            0.010
     Other End Path:
      ----------------------------------------------------------------------------------
      Instance                                 Arc    Cell     Retime  Arrival  Required  
                                                               Delay   Time     Time  
      ----------------------------------------------------------------------------------
      -                                        clk ^  -        -       0.010    -7.165  
      u_account_balance/balance_db_reg[14][5]  -      SDFFQX1  0.000   0.010    -7.165  
      ----------------------------------------------------------------------------------
Path 12: MET Setup Check with Pin u_account_balance/balance_db_reg[14][4]/CK 
Endpoint:   u_account_balance/balance_db_reg[14][4]/SE (^) checked with  leading edge of 'clk'
Beginpoint: u_vehicle_interface/id_to_check_reg[0]/Q   (v) triggered by  leading edge of 'clk'
Path Groups: {clk}
Retime Analysis { Data Path-Slew }
Other End Arrival Time          0.010
- Setup                         0.301
+ Phase Shift                  12.000
= Required Time                11.709
- Arrival Time                  4.534
= Slack Time                    7.175
= Slack Time(original)          7.085
     Clock Rise Edge                      0.000
     + Source Insertion Delay             0.010
     = Beginpoint Arrival Time            0.010
     Timing Path:
      -----------------------------------------------------------------------------------------
      Instance                                 Arc          Cell      Retime  Arrival  Required  
                                                                      Delay   Time     Time  
      -----------------------------------------------------------------------------------------
      -                                        clk ^        -         -       0.010    7.185  
      u_vehicle_interface/id_to_check_reg[0]   -            SDFFQX1   0.000   0.010    7.185  
      u_vehicle_interface/id_to_check_reg[0]   CK ^ -> Q v  SDFFQX1   0.567   0.577    7.752  
      u_account_balance/g12137                 -            NOR2XL    0.000   0.577    7.752  
      u_account_balance/g12137                 B v -> Y ^   NOR2XL    0.555   1.132    8.307  
      u_account_balance/g12131                 -            CLKINVX1  0.000   1.132    8.307  
      u_account_balance/g12131                 A ^ -> Y v   CLKINVX1  0.215   1.348    8.523  
      u_account_balance/g12100                 -            NOR2XL    0.000   1.348    8.523  
      u_account_balance/g12100                 B v -> Y ^   NOR2XL    0.502   1.849    9.024  
      u_account_balance/g11978                 -            AOI221X1  0.000   1.849    9.024  
      u_account_balance/g11978                 A1 ^ -> Y v  AOI221X1  0.186   2.036    9.211  
      u_account_balance/g11964                 -            OAI221X1  0.000   2.036    9.211  
      u_account_balance/g11964                 C0 v -> Y ^  OAI221X1  0.184   2.219    9.394  
      u_account_balance/g11941                 -            NOR2XL    0.000   2.219    9.394  
      u_account_balance/g11941                 A ^ -> Y v   NOR2XL    0.127   2.346    9.521  
      u_account_balance/g11936                 -            NOR2XL    0.000   2.346    9.521  
      u_account_balance/g11936                 B v -> Y ^   NOR2XL    0.128   2.474    9.649  
      u_account_balance/g11934                 -            NOR2XL    0.000   2.474    9.649  
      u_account_balance/g11934                 A ^ -> Y v   NOR2XL    0.105   2.579    9.754  
      u_account_balance/g11932                 -            NAND2XL   0.000   2.579    9.754  
      u_account_balance/g11932                 B v -> Y ^   NAND2XL   0.116   2.694    9.869  
      u_account_balance/g11930                 -            NOR2XL    0.000   2.694    9.869  
      u_account_balance/g11930                 B ^ -> Y v   NOR2XL    0.096   2.791    9.966  
      u_account_balance/g11928                 -            NAND2XL   0.000   2.791    9.966  
      u_account_balance/g11928                 B v -> Y ^   NAND2XL   0.159   2.949    10.124  
      u_account_balance/g12145                 -            NOR4BBX1  0.000   2.949    10.124  
      u_account_balance/g12145                 D ^ -> Y v   NOR4BBX1  0.085   3.035    10.210  
      u_account_balance/g11921                 -            NAND3BX1  0.000   3.035    10.210  
      u_account_balance/g11921                 C v -> Y ^   NAND3BX1  0.091   3.126    10.301  
      u_account_balance/g11917                 -            NAND3X1   0.000   3.126    10.301  
      u_account_balance/g11917                 C ^ -> Y v   NAND3X1   0.158   3.284    10.459  
      u_account_balance/g11915                 -            INVX1     0.000   3.284    10.459  
      u_account_balance/g11915                 A v -> Y ^   INVX1     0.090   3.373    10.548  
      u_account_balance/g11912                 -            NAND2XL   0.000   3.373    10.548  
      u_account_balance/g11912                 B ^ -> Y v   NAND2XL   0.156   3.529    10.704  
      u_account_balance/g11909                 -            NOR2XL    0.000   3.529    10.704  
      u_account_balance/g11909                 B v -> Y ^   NOR2XL    0.247   3.776    10.951  
      u_account_balance/g11906                 -            INVX1     0.000   3.776    10.951  
      u_account_balance/g11906                 A ^ -> Y v   INVX1     0.087   3.863    11.038  
      u_account_balance/g11898                 -            NOR2X1    0.000   3.863    11.038  
      u_account_balance/g11898                 B v -> Y ^   NOR2X1    0.671   4.534    11.709  
      u_account_balance/balance_db_reg[14][4]  -            SDFFQX1   0.000   4.534    11.709  
      -----------------------------------------------------------------------------------------
     Clock Rise Edge                      0.000
     + Source Insertion Delay             0.010
     = Beginpoint Arrival Time            0.010
     Other End Path:
      ----------------------------------------------------------------------------------
      Instance                                 Arc    Cell     Retime  Arrival  Required  
                                                               Delay   Time     Time  
      ----------------------------------------------------------------------------------
      -                                        clk ^  -        -       0.010    -7.165  
      u_account_balance/balance_db_reg[14][4]  -      SDFFQX1  0.000   0.010    -7.165  
      ----------------------------------------------------------------------------------
Path 13: MET Setup Check with Pin u_account_balance/balance_db_reg[14][3]/CK 
Endpoint:   u_account_balance/balance_db_reg[14][3]/SE (^) checked with  leading edge of 'clk'
Beginpoint: u_vehicle_interface/id_to_check_reg[0]/Q   (v) triggered by  leading edge of 'clk'
Path Groups: {clk}
Retime Analysis { Data Path-Slew }
Other End Arrival Time          0.010
- Setup                         0.301
+ Phase Shift                  12.000
= Required Time                11.709
- Arrival Time                  4.534
= Slack Time                    7.175
= Slack Time(original)          7.085
     Clock Rise Edge                      0.000
     + Source Insertion Delay             0.010
     = Beginpoint Arrival Time            0.010
     Timing Path:
      -----------------------------------------------------------------------------------------
      Instance                                 Arc          Cell      Retime  Arrival  Required  
                                                                      Delay   Time     Time  
      -----------------------------------------------------------------------------------------
      -                                        clk ^        -         -       0.010    7.185  
      u_vehicle_interface/id_to_check_reg[0]   -            SDFFQX1   0.000   0.010    7.185  
      u_vehicle_interface/id_to_check_reg[0]   CK ^ -> Q v  SDFFQX1   0.567   0.577    7.752  
      u_account_balance/g12137                 -            NOR2XL    0.000   0.577    7.752  
      u_account_balance/g12137                 B v -> Y ^   NOR2XL    0.555   1.132    8.307  
      u_account_balance/g12131                 -            CLKINVX1  0.000   1.132    8.307  
      u_account_balance/g12131                 A ^ -> Y v   CLKINVX1  0.215   1.348    8.523  
      u_account_balance/g12100                 -            NOR2XL    0.000   1.348    8.523  
      u_account_balance/g12100                 B v -> Y ^   NOR2XL    0.502   1.849    9.024  
      u_account_balance/g11978                 -            AOI221X1  0.000   1.849    9.024  
      u_account_balance/g11978                 A1 ^ -> Y v  AOI221X1  0.186   2.036    9.211  
      u_account_balance/g11964                 -            OAI221X1  0.000   2.036    9.211  
      u_account_balance/g11964                 C0 v -> Y ^  OAI221X1  0.184   2.219    9.394  
      u_account_balance/g11941                 -            NOR2XL    0.000   2.219    9.394  
      u_account_balance/g11941                 A ^ -> Y v   NOR2XL    0.127   2.346    9.521  
      u_account_balance/g11936                 -            NOR2XL    0.000   2.346    9.521  
      u_account_balance/g11936                 B v -> Y ^   NOR2XL    0.128   2.474    9.649  
      u_account_balance/g11934                 -            NOR2XL    0.000   2.474    9.649  
      u_account_balance/g11934                 A ^ -> Y v   NOR2XL    0.105   2.579    9.754  
      u_account_balance/g11932                 -            NAND2XL   0.000   2.579    9.754  
      u_account_balance/g11932                 B v -> Y ^   NAND2XL   0.116   2.694    9.869  
      u_account_balance/g11930                 -            NOR2XL    0.000   2.694    9.869  
      u_account_balance/g11930                 B ^ -> Y v   NOR2XL    0.096   2.791    9.966  
      u_account_balance/g11928                 -            NAND2XL   0.000   2.791    9.966  
      u_account_balance/g11928                 B v -> Y ^   NAND2XL   0.159   2.949    10.124  
      u_account_balance/g12145                 -            NOR4BBX1  0.000   2.949    10.124  
      u_account_balance/g12145                 D ^ -> Y v   NOR4BBX1  0.085   3.035    10.210  
      u_account_balance/g11921                 -            NAND3BX1  0.000   3.035    10.210  
      u_account_balance/g11921                 C v -> Y ^   NAND3BX1  0.091   3.126    10.301  
      u_account_balance/g11917                 -            NAND3X1   0.000   3.126    10.301  
      u_account_balance/g11917                 C ^ -> Y v   NAND3X1   0.158   3.284    10.459  
      u_account_balance/g11915                 -            INVX1     0.000   3.284    10.459  
      u_account_balance/g11915                 A v -> Y ^   INVX1     0.090   3.373    10.548  
      u_account_balance/g11912                 -            NAND2XL   0.000   3.373    10.548  
      u_account_balance/g11912                 B ^ -> Y v   NAND2XL   0.156   3.529    10.704  
      u_account_balance/g11909                 -            NOR2XL    0.000   3.529    10.704  
      u_account_balance/g11909                 B v -> Y ^   NOR2XL    0.247   3.776    10.951  
      u_account_balance/g11906                 -            INVX1     0.000   3.776    10.951  
      u_account_balance/g11906                 A ^ -> Y v   INVX1     0.087   3.863    11.038  
      u_account_balance/g11898                 -            NOR2X1    0.000   3.863    11.038  
      u_account_balance/g11898                 B v -> Y ^   NOR2X1    0.671   4.534    11.709  
      u_account_balance/balance_db_reg[14][3]  -            SDFFQX1   0.000   4.534    11.709  
      -----------------------------------------------------------------------------------------
     Clock Rise Edge                      0.000
     + Source Insertion Delay             0.010
     = Beginpoint Arrival Time            0.010
     Other End Path:
      ----------------------------------------------------------------------------------
      Instance                                 Arc    Cell     Retime  Arrival  Required  
                                                               Delay   Time     Time  
      ----------------------------------------------------------------------------------
      -                                        clk ^  -        -       0.010    -7.165  
      u_account_balance/balance_db_reg[14][3]  -      SDFFQX1  0.000   0.010    -7.165  
      ----------------------------------------------------------------------------------
Path 14: MET Setup Check with Pin u_account_balance/balance_db_reg[14][2]/CK 
Endpoint:   u_account_balance/balance_db_reg[14][2]/SE (^) checked with  leading edge of 'clk'
Beginpoint: u_vehicle_interface/id_to_check_reg[0]/Q   (v) triggered by  leading edge of 'clk'
Path Groups: {clk}
Retime Analysis { Data Path-Slew }
Other End Arrival Time          0.010
- Setup                         0.301
+ Phase Shift                  12.000
= Required Time                11.709
- Arrival Time                  4.534
= Slack Time                    7.175
= Slack Time(original)          7.085
     Clock Rise Edge                      0.000
     + Source Insertion Delay             0.010
     = Beginpoint Arrival Time            0.010
     Timing Path:
      -----------------------------------------------------------------------------------------
      Instance                                 Arc          Cell      Retime  Arrival  Required  
                                                                      Delay   Time     Time  
      -----------------------------------------------------------------------------------------
      -                                        clk ^        -         -       0.010    7.185  
      u_vehicle_interface/id_to_check_reg[0]   -            SDFFQX1   0.000   0.010    7.185  
      u_vehicle_interface/id_to_check_reg[0]   CK ^ -> Q v  SDFFQX1   0.567   0.577    7.752  
      u_account_balance/g12137                 -            NOR2XL    0.000   0.577    7.752  
      u_account_balance/g12137                 B v -> Y ^   NOR2XL    0.555   1.132    8.307  
      u_account_balance/g12131                 -            CLKINVX1  0.000   1.132    8.307  
      u_account_balance/g12131                 A ^ -> Y v   CLKINVX1  0.215   1.348    8.523  
      u_account_balance/g12100                 -            NOR2XL    0.000   1.348    8.523  
      u_account_balance/g12100                 B v -> Y ^   NOR2XL    0.502   1.849    9.024  
      u_account_balance/g11978                 -            AOI221X1  0.000   1.849    9.024  
      u_account_balance/g11978                 A1 ^ -> Y v  AOI221X1  0.186   2.036    9.211  
      u_account_balance/g11964                 -            OAI221X1  0.000   2.036    9.211  
      u_account_balance/g11964                 C0 v -> Y ^  OAI221X1  0.184   2.219    9.394  
      u_account_balance/g11941                 -            NOR2XL    0.000   2.219    9.394  
      u_account_balance/g11941                 A ^ -> Y v   NOR2XL    0.127   2.346    9.521  
      u_account_balance/g11936                 -            NOR2XL    0.000   2.346    9.521  
      u_account_balance/g11936                 B v -> Y ^   NOR2XL    0.128   2.474    9.649  
      u_account_balance/g11934                 -            NOR2XL    0.000   2.474    9.649  
      u_account_balance/g11934                 A ^ -> Y v   NOR2XL    0.105   2.579    9.754  
      u_account_balance/g11932                 -            NAND2XL   0.000   2.579    9.754  
      u_account_balance/g11932                 B v -> Y ^   NAND2XL   0.116   2.694    9.869  
      u_account_balance/g11930                 -            NOR2XL    0.000   2.694    9.869  
      u_account_balance/g11930                 B ^ -> Y v   NOR2XL    0.096   2.791    9.966  
      u_account_balance/g11928                 -            NAND2XL   0.000   2.791    9.966  
      u_account_balance/g11928                 B v -> Y ^   NAND2XL   0.159   2.949    10.124  
      u_account_balance/g12145                 -            NOR4BBX1  0.000   2.949    10.124  
      u_account_balance/g12145                 D ^ -> Y v   NOR4BBX1  0.085   3.035    10.210  
      u_account_balance/g11921                 -            NAND3BX1  0.000   3.035    10.210  
      u_account_balance/g11921                 C v -> Y ^   NAND3BX1  0.091   3.126    10.301  
      u_account_balance/g11917                 -            NAND3X1   0.000   3.126    10.301  
      u_account_balance/g11917                 C ^ -> Y v   NAND3X1   0.158   3.284    10.459  
      u_account_balance/g11915                 -            INVX1     0.000   3.284    10.459  
      u_account_balance/g11915                 A v -> Y ^   INVX1     0.090   3.373    10.548  
      u_account_balance/g11912                 -            NAND2XL   0.000   3.373    10.548  
      u_account_balance/g11912                 B ^ -> Y v   NAND2XL   0.156   3.529    10.704  
      u_account_balance/g11909                 -            NOR2XL    0.000   3.529    10.704  
      u_account_balance/g11909                 B v -> Y ^   NOR2XL    0.247   3.776    10.951  
      u_account_balance/g11906                 -            INVX1     0.000   3.776    10.951  
      u_account_balance/g11906                 A ^ -> Y v   INVX1     0.087   3.863    11.038  
      u_account_balance/g11898                 -            NOR2X1    0.000   3.863    11.038  
      u_account_balance/g11898                 B v -> Y ^   NOR2X1    0.671   4.534    11.709  
      u_account_balance/balance_db_reg[14][2]  -            SDFFQX1   0.000   4.534    11.709  
      -----------------------------------------------------------------------------------------
     Clock Rise Edge                      0.000
     + Source Insertion Delay             0.010
     = Beginpoint Arrival Time            0.010
     Other End Path:
      ----------------------------------------------------------------------------------
      Instance                                 Arc    Cell     Retime  Arrival  Required  
                                                               Delay   Time     Time  
      ----------------------------------------------------------------------------------
      -                                        clk ^  -        -       0.010    -7.165  
      u_account_balance/balance_db_reg[14][2]  -      SDFFQX1  0.000   0.010    -7.165  
      ----------------------------------------------------------------------------------
Path 15: MET Setup Check with Pin u_account_balance/balance_db_reg[14][1]/CK 
Endpoint:   u_account_balance/balance_db_reg[14][1]/SE (^) checked with  leading edge of 'clk'
Beginpoint: u_vehicle_interface/id_to_check_reg[0]/Q   (v) triggered by  leading edge of 'clk'
Path Groups: {clk}
Retime Analysis { Data Path-Slew }
Other End Arrival Time          0.010
- Setup                         0.301
+ Phase Shift                  12.000
= Required Time                11.709
- Arrival Time                  4.534
= Slack Time                    7.175
= Slack Time(original)          7.085
     Clock Rise Edge                      0.000
     + Source Insertion Delay             0.010
     = Beginpoint Arrival Time            0.010
     Timing Path:
      -----------------------------------------------------------------------------------------
      Instance                                 Arc          Cell      Retime  Arrival  Required  
                                                                      Delay   Time     Time  
      -----------------------------------------------------------------------------------------
      -                                        clk ^        -         -       0.010    7.185  
      u_vehicle_interface/id_to_check_reg[0]   -            SDFFQX1   0.000   0.010    7.185  
      u_vehicle_interface/id_to_check_reg[0]   CK ^ -> Q v  SDFFQX1   0.567   0.577    7.752  
      u_account_balance/g12137                 -            NOR2XL    0.000   0.577    7.752  
      u_account_balance/g12137                 B v -> Y ^   NOR2XL    0.555   1.132    8.307  
      u_account_balance/g12131                 -            CLKINVX1  0.000   1.132    8.307  
      u_account_balance/g12131                 A ^ -> Y v   CLKINVX1  0.215   1.348    8.523  
      u_account_balance/g12100                 -            NOR2XL    0.000   1.348    8.523  
      u_account_balance/g12100                 B v -> Y ^   NOR2XL    0.502   1.849    9.024  
      u_account_balance/g11978                 -            AOI221X1  0.000   1.849    9.024  
      u_account_balance/g11978                 A1 ^ -> Y v  AOI221X1  0.186   2.036    9.211  
      u_account_balance/g11964                 -            OAI221X1  0.000   2.036    9.211  
      u_account_balance/g11964                 C0 v -> Y ^  OAI221X1  0.184   2.219    9.394  
      u_account_balance/g11941                 -            NOR2XL    0.000   2.219    9.394  
      u_account_balance/g11941                 A ^ -> Y v   NOR2XL    0.127   2.346    9.521  
      u_account_balance/g11936                 -            NOR2XL    0.000   2.346    9.521  
      u_account_balance/g11936                 B v -> Y ^   NOR2XL    0.128   2.474    9.649  
      u_account_balance/g11934                 -            NOR2XL    0.000   2.474    9.649  
      u_account_balance/g11934                 A ^ -> Y v   NOR2XL    0.105   2.579    9.754  
      u_account_balance/g11932                 -            NAND2XL   0.000   2.579    9.754  
      u_account_balance/g11932                 B v -> Y ^   NAND2XL   0.116   2.694    9.869  
      u_account_balance/g11930                 -            NOR2XL    0.000   2.694    9.869  
      u_account_balance/g11930                 B ^ -> Y v   NOR2XL    0.096   2.791    9.966  
      u_account_balance/g11928                 -            NAND2XL   0.000   2.791    9.966  
      u_account_balance/g11928                 B v -> Y ^   NAND2XL   0.159   2.949    10.124  
      u_account_balance/g12145                 -            NOR4BBX1  0.000   2.949    10.124  
      u_account_balance/g12145                 D ^ -> Y v   NOR4BBX1  0.085   3.035    10.210  
      u_account_balance/g11921                 -            NAND3BX1  0.000   3.035    10.210  
      u_account_balance/g11921                 C v -> Y ^   NAND3BX1  0.091   3.126    10.301  
      u_account_balance/g11917                 -            NAND3X1   0.000   3.126    10.301  
      u_account_balance/g11917                 C ^ -> Y v   NAND3X1   0.158   3.284    10.459  
      u_account_balance/g11915                 -            INVX1     0.000   3.284    10.459  
      u_account_balance/g11915                 A v -> Y ^   INVX1     0.090   3.373    10.548  
      u_account_balance/g11912                 -            NAND2XL   0.000   3.373    10.548  
      u_account_balance/g11912                 B ^ -> Y v   NAND2XL   0.156   3.529    10.704  
      u_account_balance/g11909                 -            NOR2XL    0.000   3.529    10.704  
      u_account_balance/g11909                 B v -> Y ^   NOR2XL    0.247   3.776    10.951  
      u_account_balance/g11906                 -            INVX1     0.000   3.776    10.951  
      u_account_balance/g11906                 A ^ -> Y v   INVX1     0.087   3.863    11.038  
      u_account_balance/g11898                 -            NOR2X1    0.000   3.863    11.038  
      u_account_balance/g11898                 B v -> Y ^   NOR2X1    0.671   4.534    11.709  
      u_account_balance/balance_db_reg[14][1]  -            SDFFQX1   0.000   4.534    11.709  
      -----------------------------------------------------------------------------------------
     Clock Rise Edge                      0.000
     + Source Insertion Delay             0.010
     = Beginpoint Arrival Time            0.010
     Other End Path:
      ----------------------------------------------------------------------------------
      Instance                                 Arc    Cell     Retime  Arrival  Required  
                                                               Delay   Time     Time  
      ----------------------------------------------------------------------------------
      -                                        clk ^  -        -       0.010    -7.165  
      u_account_balance/balance_db_reg[14][1]  -      SDFFQX1  0.000   0.010    -7.165  
      ----------------------------------------------------------------------------------
Path 16: MET Setup Check with Pin u_account_balance/balance_db_reg[10][15]/CK 
Endpoint:   u_account_balance/balance_db_reg[10][15]/SE (^) checked with  leading edge of 'clk'
Beginpoint: u_vehicle_interface/id_to_check_reg[0]/Q    (v) triggered by  leading edge of 'clk'
Path Groups: {clk}
Retime Analysis { Data Path-Slew }
Other End Arrival Time          0.010
- Setup                         0.301
+ Phase Shift                  12.000
= Required Time                11.709
- Arrival Time                  4.534
= Slack Time                    7.175
= Slack Time(original)          7.085
     Clock Rise Edge                      0.000
     + Source Insertion Delay             0.010
     = Beginpoint Arrival Time            0.010
     Timing Path:
      ------------------------------------------------------------------------------------------
      Instance                                  Arc          Cell      Retime  Arrival  Required  
                                                                       Delay   Time     Time  
      ------------------------------------------------------------------------------------------
      -                                         clk ^        -         -       0.010    7.185  
      u_vehicle_interface/id_to_check_reg[0]    -            SDFFQX1   0.000   0.010    7.185  
      u_vehicle_interface/id_to_check_reg[0]    CK ^ -> Q v  SDFFQX1   0.567   0.577    7.752  
      u_account_balance/g12137                  -            NOR2XL    0.000   0.577    7.752  
      u_account_balance/g12137                  B v -> Y ^   NOR2XL    0.555   1.132    8.307  
      u_account_balance/g12131                  -            CLKINVX1  0.000   1.132    8.307  
      u_account_balance/g12131                  A ^ -> Y v   CLKINVX1  0.215   1.348    8.523  
      u_account_balance/g12100                  -            NOR2XL    0.000   1.348    8.523  
      u_account_balance/g12100                  B v -> Y ^   NOR2XL    0.502   1.849    9.024  
      u_account_balance/g11978                  -            AOI221X1  0.000   1.849    9.024  
      u_account_balance/g11978                  A1 ^ -> Y v  AOI221X1  0.186   2.036    9.211  
      u_account_balance/g11964                  -            OAI221X1  0.000   2.036    9.211  
      u_account_balance/g11964                  C0 v -> Y ^  OAI221X1  0.184   2.219    9.394  
      u_account_balance/g11941                  -            NOR2XL    0.000   2.219    9.394  
      u_account_balance/g11941                  A ^ -> Y v   NOR2XL    0.127   2.346    9.521  
      u_account_balance/g11936                  -            NOR2XL    0.000   2.346    9.521  
      u_account_balance/g11936                  B v -> Y ^   NOR2XL    0.128   2.474    9.649  
      u_account_balance/g11934                  -            NOR2XL    0.000   2.474    9.649  
      u_account_balance/g11934                  A ^ -> Y v   NOR2XL    0.105   2.579    9.754  
      u_account_balance/g11932                  -            NAND2XL   0.000   2.579    9.754  
      u_account_balance/g11932                  B v -> Y ^   NAND2XL   0.116   2.694    9.869  
      u_account_balance/g11930                  -            NOR2XL    0.000   2.694    9.869  
      u_account_balance/g11930                  B ^ -> Y v   NOR2XL    0.096   2.791    9.966  
      u_account_balance/g11928                  -            NAND2XL   0.000   2.791    9.966  
      u_account_balance/g11928                  B v -> Y ^   NAND2XL   0.159   2.950    10.125  
      u_account_balance/g12145                  -            NOR4BBX1  0.000   2.950    10.125  
      u_account_balance/g12145                  D ^ -> Y v   NOR4BBX1  0.085   3.035    10.210  
      u_account_balance/g11921                  -            NAND3BX1  0.000   3.035    10.210  
      u_account_balance/g11921                  C v -> Y ^   NAND3BX1  0.091   3.126    10.301  
      u_account_balance/g11917                  -            NAND3X1   0.000   3.126    10.301  
      u_account_balance/g11917                  C ^ -> Y v   NAND3X1   0.158   3.284    10.459  
      u_account_balance/g11915                  -            INVX1     0.000   3.284    10.459  
      u_account_balance/g11915                  A v -> Y ^   INVX1     0.090   3.373    10.548  
      u_account_balance/g11912                  -            NAND2XL   0.000   3.373    10.548  
      u_account_balance/g11912                  B ^ -> Y v   NAND2XL   0.156   3.529    10.704  
      u_account_balance/g11909                  -            NOR2XL    0.000   3.529    10.704  
      u_account_balance/g11909                  B v -> Y ^   NOR2XL    0.247   3.776    10.951  
      u_account_balance/g11906                  -            INVX1     0.000   3.776    10.951  
      u_account_balance/g11906                  A ^ -> Y v   INVX1     0.087   3.863    11.038  
      u_account_balance/g11899                  -            NOR2X1    0.000   3.863    11.038  
      u_account_balance/g11899                  B v -> Y ^   NOR2X1    0.671   4.534    11.709  
      u_account_balance/balance_db_reg[10][15]  -            SDFFQX1   0.000   4.534    11.709  
      ------------------------------------------------------------------------------------------
     Clock Rise Edge                      0.000
     + Source Insertion Delay             0.010
     = Beginpoint Arrival Time            0.010
     Other End Path:
      -----------------------------------------------------------------------------------
      Instance                                  Arc    Cell     Retime  Arrival  Required  
                                                                Delay   Time     Time  
      -----------------------------------------------------------------------------------
      -                                         clk ^  -        -       0.010    -7.165  
      u_account_balance/balance_db_reg[10][15]  -      SDFFQX1  0.000   0.010    -7.165  
      -----------------------------------------------------------------------------------
Path 17: MET Setup Check with Pin u_account_balance/balance_db_reg[10][14]/CK 
Endpoint:   u_account_balance/balance_db_reg[10][14]/SE (^) checked with  leading edge of 'clk'
Beginpoint: u_vehicle_interface/id_to_check_reg[0]/Q    (v) triggered by  leading edge of 'clk'
Path Groups: {clk}
Retime Analysis { Data Path-Slew }
Other End Arrival Time          0.010
- Setup                         0.301
+ Phase Shift                  12.000
= Required Time                11.709
- Arrival Time                  4.534
= Slack Time                    7.175
= Slack Time(original)          7.085
     Clock Rise Edge                      0.000
     + Source Insertion Delay             0.010
     = Beginpoint Arrival Time            0.010
     Timing Path:
      ------------------------------------------------------------------------------------------
      Instance                                  Arc          Cell      Retime  Arrival  Required  
                                                                       Delay   Time     Time  
      ------------------------------------------------------------------------------------------
      -                                         clk ^        -         -       0.010    7.185  
      u_vehicle_interface/id_to_check_reg[0]    -            SDFFQX1   0.000   0.010    7.185  
      u_vehicle_interface/id_to_check_reg[0]    CK ^ -> Q v  SDFFQX1   0.567   0.577    7.752  
      u_account_balance/g12137                  -            NOR2XL    0.000   0.577    7.752  
      u_account_balance/g12137                  B v -> Y ^   NOR2XL    0.555   1.132    8.307  
      u_account_balance/g12131                  -            CLKINVX1  0.000   1.132    8.307  
      u_account_balance/g12131                  A ^ -> Y v   CLKINVX1  0.215   1.348    8.523  
      u_account_balance/g12100                  -            NOR2XL    0.000   1.348    8.523  
      u_account_balance/g12100                  B v -> Y ^   NOR2XL    0.502   1.849    9.024  
      u_account_balance/g11978                  -            AOI221X1  0.000   1.849    9.024  
      u_account_balance/g11978                  A1 ^ -> Y v  AOI221X1  0.186   2.036    9.211  
      u_account_balance/g11964                  -            OAI221X1  0.000   2.036    9.211  
      u_account_balance/g11964                  C0 v -> Y ^  OAI221X1  0.184   2.219    9.394  
      u_account_balance/g11941                  -            NOR2XL    0.000   2.219    9.394  
      u_account_balance/g11941                  A ^ -> Y v   NOR2XL    0.127   2.346    9.521  
      u_account_balance/g11936                  -            NOR2XL    0.000   2.346    9.521  
      u_account_balance/g11936                  B v -> Y ^   NOR2XL    0.128   2.474    9.649  
      u_account_balance/g11934                  -            NOR2XL    0.000   2.474    9.649  
      u_account_balance/g11934                  A ^ -> Y v   NOR2XL    0.105   2.579    9.754  
      u_account_balance/g11932                  -            NAND2XL   0.000   2.579    9.754  
      u_account_balance/g11932                  B v -> Y ^   NAND2XL   0.116   2.694    9.869  
      u_account_balance/g11930                  -            NOR2XL    0.000   2.694    9.869  
      u_account_balance/g11930                  B ^ -> Y v   NOR2XL    0.096   2.791    9.966  
      u_account_balance/g11928                  -            NAND2XL   0.000   2.791    9.966  
      u_account_balance/g11928                  B v -> Y ^   NAND2XL   0.159   2.950    10.125  
      u_account_balance/g12145                  -            NOR4BBX1  0.000   2.950    10.125  
      u_account_balance/g12145                  D ^ -> Y v   NOR4BBX1  0.085   3.035    10.210  
      u_account_balance/g11921                  -            NAND3BX1  0.000   3.035    10.210  
      u_account_balance/g11921                  C v -> Y ^   NAND3BX1  0.091   3.126    10.301  
      u_account_balance/g11917                  -            NAND3X1   0.000   3.126    10.301  
      u_account_balance/g11917                  C ^ -> Y v   NAND3X1   0.158   3.284    10.459  
      u_account_balance/g11915                  -            INVX1     0.000   3.284    10.459  
      u_account_balance/g11915                  A v -> Y ^   INVX1     0.090   3.373    10.548  
      u_account_balance/g11912                  -            NAND2XL   0.000   3.373    10.548  
      u_account_balance/g11912                  B ^ -> Y v   NAND2XL   0.156   3.529    10.704  
      u_account_balance/g11909                  -            NOR2XL    0.000   3.529    10.704  
      u_account_balance/g11909                  B v -> Y ^   NOR2XL    0.247   3.776    10.951  
      u_account_balance/g11906                  -            INVX1     0.000   3.776    10.951  
      u_account_balance/g11906                  A ^ -> Y v   INVX1     0.087   3.863    11.038  
      u_account_balance/g11899                  -            NOR2X1    0.000   3.863    11.038  
      u_account_balance/g11899                  B v -> Y ^   NOR2X1    0.671   4.534    11.709  
      u_account_balance/balance_db_reg[10][14]  -            SDFFQX1   0.000   4.534    11.709  
      ------------------------------------------------------------------------------------------
     Clock Rise Edge                      0.000
     + Source Insertion Delay             0.010
     = Beginpoint Arrival Time            0.010
     Other End Path:
      -----------------------------------------------------------------------------------
      Instance                                  Arc    Cell     Retime  Arrival  Required  
                                                                Delay   Time     Time  
      -----------------------------------------------------------------------------------
      -                                         clk ^  -        -       0.010    -7.165  
      u_account_balance/balance_db_reg[10][14]  -      SDFFQX1  0.000   0.010    -7.165  
      -----------------------------------------------------------------------------------
Path 18: MET Setup Check with Pin u_account_balance/balance_db_reg[10][13]/CK 
Endpoint:   u_account_balance/balance_db_reg[10][13]/SE (^) checked with  leading edge of 'clk'
Beginpoint: u_vehicle_interface/id_to_check_reg[0]/Q    (v) triggered by  leading edge of 'clk'
Path Groups: {clk}
Retime Analysis { Data Path-Slew }
Other End Arrival Time          0.010
- Setup                         0.301
+ Phase Shift                  12.000
= Required Time                11.709
- Arrival Time                  4.534
= Slack Time                    7.175
= Slack Time(original)          7.085
     Clock Rise Edge                      0.000
     + Source Insertion Delay             0.010
     = Beginpoint Arrival Time            0.010
     Timing Path:
      ------------------------------------------------------------------------------------------
      Instance                                  Arc          Cell      Retime  Arrival  Required  
                                                                       Delay   Time     Time  
      ------------------------------------------------------------------------------------------
      -                                         clk ^        -         -       0.010    7.185  
      u_vehicle_interface/id_to_check_reg[0]    -            SDFFQX1   0.000   0.010    7.185  
      u_vehicle_interface/id_to_check_reg[0]    CK ^ -> Q v  SDFFQX1   0.567   0.577    7.752  
      u_account_balance/g12137                  -            NOR2XL    0.000   0.577    7.752  
      u_account_balance/g12137                  B v -> Y ^   NOR2XL    0.555   1.132    8.307  
      u_account_balance/g12131                  -            CLKINVX1  0.000   1.132    8.307  
      u_account_balance/g12131                  A ^ -> Y v   CLKINVX1  0.215   1.348    8.523  
      u_account_balance/g12100                  -            NOR2XL    0.000   1.348    8.523  
      u_account_balance/g12100                  B v -> Y ^   NOR2XL    0.502   1.849    9.024  
      u_account_balance/g11978                  -            AOI221X1  0.000   1.849    9.024  
      u_account_balance/g11978                  A1 ^ -> Y v  AOI221X1  0.186   2.036    9.211  
      u_account_balance/g11964                  -            OAI221X1  0.000   2.036    9.211  
      u_account_balance/g11964                  C0 v -> Y ^  OAI221X1  0.184   2.219    9.394  
      u_account_balance/g11941                  -            NOR2XL    0.000   2.219    9.394  
      u_account_balance/g11941                  A ^ -> Y v   NOR2XL    0.127   2.346    9.521  
      u_account_balance/g11936                  -            NOR2XL    0.000   2.346    9.521  
      u_account_balance/g11936                  B v -> Y ^   NOR2XL    0.128   2.474    9.649  
      u_account_balance/g11934                  -            NOR2XL    0.000   2.474    9.649  
      u_account_balance/g11934                  A ^ -> Y v   NOR2XL    0.105   2.579    9.754  
      u_account_balance/g11932                  -            NAND2XL   0.000   2.579    9.754  
      u_account_balance/g11932                  B v -> Y ^   NAND2XL   0.116   2.694    9.869  
      u_account_balance/g11930                  -            NOR2XL    0.000   2.694    9.869  
      u_account_balance/g11930                  B ^ -> Y v   NOR2XL    0.096   2.791    9.966  
      u_account_balance/g11928                  -            NAND2XL   0.000   2.791    9.966  
      u_account_balance/g11928                  B v -> Y ^   NAND2XL   0.159   2.950    10.125  
      u_account_balance/g12145                  -            NOR4BBX1  0.000   2.950    10.125  
      u_account_balance/g12145                  D ^ -> Y v   NOR4BBX1  0.085   3.035    10.210  
      u_account_balance/g11921                  -            NAND3BX1  0.000   3.035    10.210  
      u_account_balance/g11921                  C v -> Y ^   NAND3BX1  0.091   3.126    10.301  
      u_account_balance/g11917                  -            NAND3X1   0.000   3.126    10.301  
      u_account_balance/g11917                  C ^ -> Y v   NAND3X1   0.158   3.284    10.459  
      u_account_balance/g11915                  -            INVX1     0.000   3.284    10.459  
      u_account_balance/g11915                  A v -> Y ^   INVX1     0.090   3.373    10.548  
      u_account_balance/g11912                  -            NAND2XL   0.000   3.373    10.548  
      u_account_balance/g11912                  B ^ -> Y v   NAND2XL   0.156   3.529    10.704  
      u_account_balance/g11909                  -            NOR2XL    0.000   3.529    10.704  
      u_account_balance/g11909                  B v -> Y ^   NOR2XL    0.247   3.776    10.951  
      u_account_balance/g11906                  -            INVX1     0.000   3.776    10.951  
      u_account_balance/g11906                  A ^ -> Y v   INVX1     0.087   3.863    11.038  
      u_account_balance/g11899                  -            NOR2X1    0.000   3.863    11.038  
      u_account_balance/g11899                  B v -> Y ^   NOR2X1    0.671   4.534    11.709  
      u_account_balance/balance_db_reg[10][13]  -            SDFFQX1   0.000   4.534    11.709  
      ------------------------------------------------------------------------------------------
     Clock Rise Edge                      0.000
     + Source Insertion Delay             0.010
     = Beginpoint Arrival Time            0.010
     Other End Path:
      -----------------------------------------------------------------------------------
      Instance                                  Arc    Cell     Retime  Arrival  Required  
                                                                Delay   Time     Time  
      -----------------------------------------------------------------------------------
      -                                         clk ^  -        -       0.010    -7.165  
      u_account_balance/balance_db_reg[10][13]  -      SDFFQX1  0.000   0.010    -7.165  
      -----------------------------------------------------------------------------------
Path 19: MET Setup Check with Pin u_account_balance/balance_db_reg[10][12]/CK 
Endpoint:   u_account_balance/balance_db_reg[10][12]/SE (^) checked with  leading edge of 'clk'
Beginpoint: u_vehicle_interface/id_to_check_reg[0]/Q    (v) triggered by  leading edge of 'clk'
Path Groups: {clk}
Retime Analysis { Data Path-Slew }
Other End Arrival Time          0.010
- Setup                         0.301
+ Phase Shift                  12.000
= Required Time                11.709
- Arrival Time                  4.534
= Slack Time                    7.175
= Slack Time(original)          7.085
     Clock Rise Edge                      0.000
     + Source Insertion Delay             0.010
     = Beginpoint Arrival Time            0.010
     Timing Path:
      ------------------------------------------------------------------------------------------
      Instance                                  Arc          Cell      Retime  Arrival  Required  
                                                                       Delay   Time     Time  
      ------------------------------------------------------------------------------------------
      -                                         clk ^        -         -       0.010    7.185  
      u_vehicle_interface/id_to_check_reg[0]    -            SDFFQX1   0.000   0.010    7.185  
      u_vehicle_interface/id_to_check_reg[0]    CK ^ -> Q v  SDFFQX1   0.567   0.577    7.752  
      u_account_balance/g12137                  -            NOR2XL    0.000   0.577    7.752  
      u_account_balance/g12137                  B v -> Y ^   NOR2XL    0.555   1.132    8.307  
      u_account_balance/g12131                  -            CLKINVX1  0.000   1.132    8.307  
      u_account_balance/g12131                  A ^ -> Y v   CLKINVX1  0.215   1.348    8.523  
      u_account_balance/g12100                  -            NOR2XL    0.000   1.348    8.523  
      u_account_balance/g12100                  B v -> Y ^   NOR2XL    0.502   1.849    9.024  
      u_account_balance/g11978                  -            AOI221X1  0.000   1.849    9.024  
      u_account_balance/g11978                  A1 ^ -> Y v  AOI221X1  0.186   2.036    9.211  
      u_account_balance/g11964                  -            OAI221X1  0.000   2.036    9.211  
      u_account_balance/g11964                  C0 v -> Y ^  OAI221X1  0.184   2.219    9.394  
      u_account_balance/g11941                  -            NOR2XL    0.000   2.219    9.394  
      u_account_balance/g11941                  A ^ -> Y v   NOR2XL    0.127   2.346    9.521  
      u_account_balance/g11936                  -            NOR2XL    0.000   2.346    9.521  
      u_account_balance/g11936                  B v -> Y ^   NOR2XL    0.128   2.474    9.649  
      u_account_balance/g11934                  -            NOR2XL    0.000   2.474    9.649  
      u_account_balance/g11934                  A ^ -> Y v   NOR2XL    0.105   2.579    9.754  
      u_account_balance/g11932                  -            NAND2XL   0.000   2.579    9.754  
      u_account_balance/g11932                  B v -> Y ^   NAND2XL   0.116   2.694    9.869  
      u_account_balance/g11930                  -            NOR2XL    0.000   2.694    9.869  
      u_account_balance/g11930                  B ^ -> Y v   NOR2XL    0.096   2.791    9.966  
      u_account_balance/g11928                  -            NAND2XL   0.000   2.791    9.966  
      u_account_balance/g11928                  B v -> Y ^   NAND2XL   0.159   2.950    10.125  
      u_account_balance/g12145                  -            NOR4BBX1  0.000   2.950    10.125  
      u_account_balance/g12145                  D ^ -> Y v   NOR4BBX1  0.085   3.035    10.210  
      u_account_balance/g11921                  -            NAND3BX1  0.000   3.035    10.210  
      u_account_balance/g11921                  C v -> Y ^   NAND3BX1  0.091   3.126    10.301  
      u_account_balance/g11917                  -            NAND3X1   0.000   3.126    10.301  
      u_account_balance/g11917                  C ^ -> Y v   NAND3X1   0.158   3.284    10.459  
      u_account_balance/g11915                  -            INVX1     0.000   3.284    10.459  
      u_account_balance/g11915                  A v -> Y ^   INVX1     0.090   3.373    10.548  
      u_account_balance/g11912                  -            NAND2XL   0.000   3.373    10.548  
      u_account_balance/g11912                  B ^ -> Y v   NAND2XL   0.156   3.529    10.704  
      u_account_balance/g11909                  -            NOR2XL    0.000   3.529    10.704  
      u_account_balance/g11909                  B v -> Y ^   NOR2XL    0.247   3.776    10.951  
      u_account_balance/g11906                  -            INVX1     0.000   3.776    10.951  
      u_account_balance/g11906                  A ^ -> Y v   INVX1     0.087   3.863    11.038  
      u_account_balance/g11899                  -            NOR2X1    0.000   3.863    11.038  
      u_account_balance/g11899                  B v -> Y ^   NOR2X1    0.671   4.534    11.709  
      u_account_balance/balance_db_reg[10][12]  -            SDFFQX1   0.000   4.534    11.709  
      ------------------------------------------------------------------------------------------
     Clock Rise Edge                      0.000
     + Source Insertion Delay             0.010
     = Beginpoint Arrival Time            0.010
     Other End Path:
      -----------------------------------------------------------------------------------
      Instance                                  Arc    Cell     Retime  Arrival  Required  
                                                                Delay   Time     Time  
      -----------------------------------------------------------------------------------
      -                                         clk ^  -        -       0.010    -7.165  
      u_account_balance/balance_db_reg[10][12]  -      SDFFQX1  0.000   0.010    -7.165  
      -----------------------------------------------------------------------------------
Path 20: MET Setup Check with Pin u_account_balance/balance_db_reg[10][11]/CK 
Endpoint:   u_account_balance/balance_db_reg[10][11]/SE (^) checked with  leading edge of 'clk'
Beginpoint: u_vehicle_interface/id_to_check_reg[0]/Q    (v) triggered by  leading edge of 'clk'
Path Groups: {clk}
Retime Analysis { Data Path-Slew }
Other End Arrival Time          0.010
- Setup                         0.301
+ Phase Shift                  12.000
= Required Time                11.709
- Arrival Time                  4.534
= Slack Time                    7.175
= Slack Time(original)          7.085
     Clock Rise Edge                      0.000
     + Source Insertion Delay             0.010
     = Beginpoint Arrival Time            0.010
     Timing Path:
      ------------------------------------------------------------------------------------------
      Instance                                  Arc          Cell      Retime  Arrival  Required  
                                                                       Delay   Time     Time  
      ------------------------------------------------------------------------------------------
      -                                         clk ^        -         -       0.010    7.185  
      u_vehicle_interface/id_to_check_reg[0]    -            SDFFQX1   0.000   0.010    7.185  
      u_vehicle_interface/id_to_check_reg[0]    CK ^ -> Q v  SDFFQX1   0.567   0.577    7.752  
      u_account_balance/g12137                  -            NOR2XL    0.000   0.577    7.752  
      u_account_balance/g12137                  B v -> Y ^   NOR2XL    0.555   1.132    8.307  
      u_account_balance/g12131                  -            CLKINVX1  0.000   1.132    8.307  
      u_account_balance/g12131                  A ^ -> Y v   CLKINVX1  0.215   1.348    8.523  
      u_account_balance/g12100                  -            NOR2XL    0.000   1.348    8.523  
      u_account_balance/g12100                  B v -> Y ^   NOR2XL    0.502   1.849    9.024  
      u_account_balance/g11978                  -            AOI221X1  0.000   1.849    9.024  
      u_account_balance/g11978                  A1 ^ -> Y v  AOI221X1  0.186   2.036    9.211  
      u_account_balance/g11964                  -            OAI221X1  0.000   2.036    9.211  
      u_account_balance/g11964                  C0 v -> Y ^  OAI221X1  0.184   2.219    9.394  
      u_account_balance/g11941                  -            NOR2XL    0.000   2.219    9.394  
      u_account_balance/g11941                  A ^ -> Y v   NOR2XL    0.127   2.346    9.521  
      u_account_balance/g11936                  -            NOR2XL    0.000   2.346    9.521  
      u_account_balance/g11936                  B v -> Y ^   NOR2XL    0.128   2.474    9.649  
      u_account_balance/g11934                  -            NOR2XL    0.000   2.474    9.649  
      u_account_balance/g11934                  A ^ -> Y v   NOR2XL    0.105   2.579    9.754  
      u_account_balance/g11932                  -            NAND2XL   0.000   2.579    9.754  
      u_account_balance/g11932                  B v -> Y ^   NAND2XL   0.116   2.694    9.869  
      u_account_balance/g11930                  -            NOR2XL    0.000   2.694    9.869  
      u_account_balance/g11930                  B ^ -> Y v   NOR2XL    0.096   2.791    9.966  
      u_account_balance/g11928                  -            NAND2XL   0.000   2.791    9.966  
      u_account_balance/g11928                  B v -> Y ^   NAND2XL   0.159   2.950    10.125  
      u_account_balance/g12145                  -            NOR4BBX1  0.000   2.950    10.125  
      u_account_balance/g12145                  D ^ -> Y v   NOR4BBX1  0.085   3.035    10.210  
      u_account_balance/g11921                  -            NAND3BX1  0.000   3.035    10.210  
      u_account_balance/g11921                  C v -> Y ^   NAND3BX1  0.091   3.126    10.301  
      u_account_balance/g11917                  -            NAND3X1   0.000   3.126    10.301  
      u_account_balance/g11917                  C ^ -> Y v   NAND3X1   0.158   3.284    10.459  
      u_account_balance/g11915                  -            INVX1     0.000   3.284    10.459  
      u_account_balance/g11915                  A v -> Y ^   INVX1     0.090   3.373    10.548  
      u_account_balance/g11912                  -            NAND2XL   0.000   3.373    10.548  
      u_account_balance/g11912                  B ^ -> Y v   NAND2XL   0.156   3.529    10.704  
      u_account_balance/g11909                  -            NOR2XL    0.000   3.529    10.704  
      u_account_balance/g11909                  B v -> Y ^   NOR2XL    0.247   3.776    10.951  
      u_account_balance/g11906                  -            INVX1     0.000   3.776    10.951  
      u_account_balance/g11906                  A ^ -> Y v   INVX1     0.087   3.863    11.038  
      u_account_balance/g11899                  -            NOR2X1    0.000   3.863    11.038  
      u_account_balance/g11899                  B v -> Y ^   NOR2X1    0.671   4.534    11.709  
      u_account_balance/balance_db_reg[10][11]  -            SDFFQX1   0.000   4.534    11.709  
      ------------------------------------------------------------------------------------------
     Clock Rise Edge                      0.000
     + Source Insertion Delay             0.010
     = Beginpoint Arrival Time            0.010
     Other End Path:
      -----------------------------------------------------------------------------------
      Instance                                  Arc    Cell     Retime  Arrival  Required  
                                                                Delay   Time     Time  
      -----------------------------------------------------------------------------------
      -                                         clk ^  -        -       0.010    -7.165  
      u_account_balance/balance_db_reg[10][11]  -      SDFFQX1  0.000   0.010    -7.165  
      -----------------------------------------------------------------------------------
Path 21: MET Setup Check with Pin u_account_balance/balance_db_reg[10][10]/CK 
Endpoint:   u_account_balance/balance_db_reg[10][10]/SE (^) checked with  leading edge of 'clk'
Beginpoint: u_vehicle_interface/id_to_check_reg[0]/Q    (v) triggered by  leading edge of 'clk'
Path Groups: {clk}
Retime Analysis { Data Path-Slew }
Other End Arrival Time          0.010
- Setup                         0.301
+ Phase Shift                  12.000
= Required Time                11.709
- Arrival Time                  4.534
= Slack Time                    7.175
= Slack Time(original)          7.085
     Clock Rise Edge                      0.000
     + Source Insertion Delay             0.010
     = Beginpoint Arrival Time            0.010
     Timing Path:
      ------------------------------------------------------------------------------------------
      Instance                                  Arc          Cell      Retime  Arrival  Required  
                                                                       Delay   Time     Time  
      ------------------------------------------------------------------------------------------
      -                                         clk ^        -         -       0.010    7.185  
      u_vehicle_interface/id_to_check_reg[0]    -            SDFFQX1   0.000   0.010    7.185  
      u_vehicle_interface/id_to_check_reg[0]    CK ^ -> Q v  SDFFQX1   0.567   0.577    7.752  
      u_account_balance/g12137                  -            NOR2XL    0.000   0.577    7.752  
      u_account_balance/g12137                  B v -> Y ^   NOR2XL    0.555   1.132    8.307  
      u_account_balance/g12131                  -            CLKINVX1  0.000   1.132    8.307  
      u_account_balance/g12131                  A ^ -> Y v   CLKINVX1  0.215   1.348    8.523  
      u_account_balance/g12100                  -            NOR2XL    0.000   1.348    8.523  
      u_account_balance/g12100                  B v -> Y ^   NOR2XL    0.502   1.849    9.024  
      u_account_balance/g11978                  -            AOI221X1  0.000   1.849    9.024  
      u_account_balance/g11978                  A1 ^ -> Y v  AOI221X1  0.186   2.036    9.211  
      u_account_balance/g11964                  -            OAI221X1  0.000   2.036    9.211  
      u_account_balance/g11964                  C0 v -> Y ^  OAI221X1  0.184   2.219    9.394  
      u_account_balance/g11941                  -            NOR2XL    0.000   2.219    9.394  
      u_account_balance/g11941                  A ^ -> Y v   NOR2XL    0.127   2.346    9.521  
      u_account_balance/g11936                  -            NOR2XL    0.000   2.346    9.521  
      u_account_balance/g11936                  B v -> Y ^   NOR2XL    0.128   2.474    9.649  
      u_account_balance/g11934                  -            NOR2XL    0.000   2.474    9.649  
      u_account_balance/g11934                  A ^ -> Y v   NOR2XL    0.105   2.579    9.754  
      u_account_balance/g11932                  -            NAND2XL   0.000   2.579    9.754  
      u_account_balance/g11932                  B v -> Y ^   NAND2XL   0.116   2.694    9.869  
      u_account_balance/g11930                  -            NOR2XL    0.000   2.694    9.869  
      u_account_balance/g11930                  B ^ -> Y v   NOR2XL    0.096   2.791    9.966  
      u_account_balance/g11928                  -            NAND2XL   0.000   2.791    9.966  
      u_account_balance/g11928                  B v -> Y ^   NAND2XL   0.159   2.950    10.125  
      u_account_balance/g12145                  -            NOR4BBX1  0.000   2.950    10.125  
      u_account_balance/g12145                  D ^ -> Y v   NOR4BBX1  0.085   3.035    10.210  
      u_account_balance/g11921                  -            NAND3BX1  0.000   3.035    10.210  
      u_account_balance/g11921                  C v -> Y ^   NAND3BX1  0.091   3.126    10.301  
      u_account_balance/g11917                  -            NAND3X1   0.000   3.126    10.301  
      u_account_balance/g11917                  C ^ -> Y v   NAND3X1   0.158   3.284    10.459  
      u_account_balance/g11915                  -            INVX1     0.000   3.284    10.459  
      u_account_balance/g11915                  A v -> Y ^   INVX1     0.090   3.373    10.548  
      u_account_balance/g11912                  -            NAND2XL   0.000   3.373    10.548  
      u_account_balance/g11912                  B ^ -> Y v   NAND2XL   0.156   3.529    10.704  
      u_account_balance/g11909                  -            NOR2XL    0.000   3.529    10.704  
      u_account_balance/g11909                  B v -> Y ^   NOR2XL    0.247   3.776    10.951  
      u_account_balance/g11906                  -            INVX1     0.000   3.776    10.951  
      u_account_balance/g11906                  A ^ -> Y v   INVX1     0.087   3.863    11.038  
      u_account_balance/g11899                  -            NOR2X1    0.000   3.863    11.038  
      u_account_balance/g11899                  B v -> Y ^   NOR2X1    0.671   4.534    11.709  
      u_account_balance/balance_db_reg[10][10]  -            SDFFQX1   0.000   4.534    11.709  
      ------------------------------------------------------------------------------------------
     Clock Rise Edge                      0.000
     + Source Insertion Delay             0.010
     = Beginpoint Arrival Time            0.010
     Other End Path:
      -----------------------------------------------------------------------------------
      Instance                                  Arc    Cell     Retime  Arrival  Required  
                                                                Delay   Time     Time  
      -----------------------------------------------------------------------------------
      -                                         clk ^  -        -       0.010    -7.165  
      u_account_balance/balance_db_reg[10][10]  -      SDFFQX1  0.000   0.010    -7.165  
      -----------------------------------------------------------------------------------
Path 22: MET Setup Check with Pin u_account_balance/balance_db_reg[10][9]/CK 
Endpoint:   u_account_balance/balance_db_reg[10][9]/SE (^) checked with  leading edge of 'clk'
Beginpoint: u_vehicle_interface/id_to_check_reg[0]/Q   (v) triggered by  leading edge of 'clk'
Path Groups: {clk}
Retime Analysis { Data Path-Slew }
Other End Arrival Time          0.010
- Setup                         0.301
+ Phase Shift                  12.000
= Required Time                11.709
- Arrival Time                  4.534
= Slack Time                    7.175
= Slack Time(original)          7.085
     Clock Rise Edge                      0.000
     + Source Insertion Delay             0.010
     = Beginpoint Arrival Time            0.010
     Timing Path:
      -----------------------------------------------------------------------------------------
      Instance                                 Arc          Cell      Retime  Arrival  Required  
                                                                      Delay   Time     Time  
      -----------------------------------------------------------------------------------------
      -                                        clk ^        -         -       0.010    7.185  
      u_vehicle_interface/id_to_check_reg[0]   -            SDFFQX1   0.000   0.010    7.185  
      u_vehicle_interface/id_to_check_reg[0]   CK ^ -> Q v  SDFFQX1   0.567   0.577    7.752  
      u_account_balance/g12137                 -            NOR2XL    0.000   0.577    7.752  
      u_account_balance/g12137                 B v -> Y ^   NOR2XL    0.555   1.132    8.307  
      u_account_balance/g12131                 -            CLKINVX1  0.000   1.132    8.307  
      u_account_balance/g12131                 A ^ -> Y v   CLKINVX1  0.215   1.348    8.523  
      u_account_balance/g12100                 -            NOR2XL    0.000   1.348    8.523  
      u_account_balance/g12100                 B v -> Y ^   NOR2XL    0.502   1.849    9.024  
      u_account_balance/g11978                 -            AOI221X1  0.000   1.849    9.024  
      u_account_balance/g11978                 A1 ^ -> Y v  AOI221X1  0.186   2.036    9.211  
      u_account_balance/g11964                 -            OAI221X1  0.000   2.036    9.211  
      u_account_balance/g11964                 C0 v -> Y ^  OAI221X1  0.184   2.219    9.394  
      u_account_balance/g11941                 -            NOR2XL    0.000   2.219    9.394  
      u_account_balance/g11941                 A ^ -> Y v   NOR2XL    0.127   2.346    9.521  
      u_account_balance/g11936                 -            NOR2XL    0.000   2.346    9.521  
      u_account_balance/g11936                 B v -> Y ^   NOR2XL    0.128   2.474    9.649  
      u_account_balance/g11934                 -            NOR2XL    0.000   2.474    9.649  
      u_account_balance/g11934                 A ^ -> Y v   NOR2XL    0.105   2.579    9.754  
      u_account_balance/g11932                 -            NAND2XL   0.000   2.579    9.754  
      u_account_balance/g11932                 B v -> Y ^   NAND2XL   0.116   2.694    9.869  
      u_account_balance/g11930                 -            NOR2XL    0.000   2.694    9.869  
      u_account_balance/g11930                 B ^ -> Y v   NOR2XL    0.096   2.791    9.966  
      u_account_balance/g11928                 -            NAND2XL   0.000   2.791    9.966  
      u_account_balance/g11928                 B v -> Y ^   NAND2XL   0.159   2.950    10.125  
      u_account_balance/g12145                 -            NOR4BBX1  0.000   2.950    10.125  
      u_account_balance/g12145                 D ^ -> Y v   NOR4BBX1  0.085   3.035    10.210  
      u_account_balance/g11921                 -            NAND3BX1  0.000   3.035    10.210  
      u_account_balance/g11921                 C v -> Y ^   NAND3BX1  0.091   3.126    10.301  
      u_account_balance/g11917                 -            NAND3X1   0.000   3.126    10.301  
      u_account_balance/g11917                 C ^ -> Y v   NAND3X1   0.158   3.284    10.459  
      u_account_balance/g11915                 -            INVX1     0.000   3.284    10.459  
      u_account_balance/g11915                 A v -> Y ^   INVX1     0.090   3.373    10.548  
      u_account_balance/g11912                 -            NAND2XL   0.000   3.373    10.548  
      u_account_balance/g11912                 B ^ -> Y v   NAND2XL   0.156   3.529    10.704  
      u_account_balance/g11909                 -            NOR2XL    0.000   3.529    10.704  
      u_account_balance/g11909                 B v -> Y ^   NOR2XL    0.247   3.776    10.951  
      u_account_balance/g11906                 -            INVX1     0.000   3.776    10.951  
      u_account_balance/g11906                 A ^ -> Y v   INVX1     0.087   3.863    11.038  
      u_account_balance/g11899                 -            NOR2X1    0.000   3.863    11.038  
      u_account_balance/g11899                 B v -> Y ^   NOR2X1    0.671   4.534    11.709  
      u_account_balance/balance_db_reg[10][9]  -            SDFFQX1   0.000   4.534    11.709  
      -----------------------------------------------------------------------------------------
     Clock Rise Edge                      0.000
     + Source Insertion Delay             0.010
     = Beginpoint Arrival Time            0.010
     Other End Path:
      ----------------------------------------------------------------------------------
      Instance                                 Arc    Cell     Retime  Arrival  Required  
                                                               Delay   Time     Time  
      ----------------------------------------------------------------------------------
      -                                        clk ^  -        -       0.010    -7.165  
      u_account_balance/balance_db_reg[10][9]  -      SDFFQX1  0.000   0.010    -7.165  
      ----------------------------------------------------------------------------------
Path 23: MET Setup Check with Pin u_account_balance/balance_db_reg[10][8]/CK 
Endpoint:   u_account_balance/balance_db_reg[10][8]/SE (^) checked with  leading edge of 'clk'
Beginpoint: u_vehicle_interface/id_to_check_reg[0]/Q   (v) triggered by  leading edge of 'clk'
Path Groups: {clk}
Retime Analysis { Data Path-Slew }
Other End Arrival Time          0.010
- Setup                         0.301
+ Phase Shift                  12.000
= Required Time                11.709
- Arrival Time                  4.534
= Slack Time                    7.175
= Slack Time(original)          7.085
     Clock Rise Edge                      0.000
     + Source Insertion Delay             0.010
     = Beginpoint Arrival Time            0.010
     Timing Path:
      -----------------------------------------------------------------------------------------
      Instance                                 Arc          Cell      Retime  Arrival  Required  
                                                                      Delay   Time     Time  
      -----------------------------------------------------------------------------------------
      -                                        clk ^        -         -       0.010    7.185  
      u_vehicle_interface/id_to_check_reg[0]   -            SDFFQX1   0.000   0.010    7.185  
      u_vehicle_interface/id_to_check_reg[0]   CK ^ -> Q v  SDFFQX1   0.567   0.577    7.752  
      u_account_balance/g12137                 -            NOR2XL    0.000   0.577    7.752  
      u_account_balance/g12137                 B v -> Y ^   NOR2XL    0.555   1.132    8.307  
      u_account_balance/g12131                 -            CLKINVX1  0.000   1.132    8.307  
      u_account_balance/g12131                 A ^ -> Y v   CLKINVX1  0.215   1.348    8.523  
      u_account_balance/g12100                 -            NOR2XL    0.000   1.348    8.523  
      u_account_balance/g12100                 B v -> Y ^   NOR2XL    0.502   1.849    9.024  
      u_account_balance/g11978                 -            AOI221X1  0.000   1.849    9.024  
      u_account_balance/g11978                 A1 ^ -> Y v  AOI221X1  0.186   2.036    9.211  
      u_account_balance/g11964                 -            OAI221X1  0.000   2.036    9.211  
      u_account_balance/g11964                 C0 v -> Y ^  OAI221X1  0.184   2.219    9.394  
      u_account_balance/g11941                 -            NOR2XL    0.000   2.219    9.394  
      u_account_balance/g11941                 A ^ -> Y v   NOR2XL    0.127   2.346    9.521  
      u_account_balance/g11936                 -            NOR2XL    0.000   2.346    9.521  
      u_account_balance/g11936                 B v -> Y ^   NOR2XL    0.128   2.474    9.649  
      u_account_balance/g11934                 -            NOR2XL    0.000   2.474    9.649  
      u_account_balance/g11934                 A ^ -> Y v   NOR2XL    0.105   2.579    9.754  
      u_account_balance/g11932                 -            NAND2XL   0.000   2.579    9.754  
      u_account_balance/g11932                 B v -> Y ^   NAND2XL   0.116   2.694    9.869  
      u_account_balance/g11930                 -            NOR2XL    0.000   2.694    9.869  
      u_account_balance/g11930                 B ^ -> Y v   NOR2XL    0.096   2.791    9.966  
      u_account_balance/g11928                 -            NAND2XL   0.000   2.791    9.966  
      u_account_balance/g11928                 B v -> Y ^   NAND2XL   0.159   2.950    10.125  
      u_account_balance/g12145                 -            NOR4BBX1  0.000   2.950    10.125  
      u_account_balance/g12145                 D ^ -> Y v   NOR4BBX1  0.085   3.035    10.210  
      u_account_balance/g11921                 -            NAND3BX1  0.000   3.035    10.210  
      u_account_balance/g11921                 C v -> Y ^   NAND3BX1  0.091   3.126    10.301  
      u_account_balance/g11917                 -            NAND3X1   0.000   3.126    10.301  
      u_account_balance/g11917                 C ^ -> Y v   NAND3X1   0.158   3.284    10.459  
      u_account_balance/g11915                 -            INVX1     0.000   3.284    10.459  
      u_account_balance/g11915                 A v -> Y ^   INVX1     0.090   3.373    10.548  
      u_account_balance/g11912                 -            NAND2XL   0.000   3.373    10.548  
      u_account_balance/g11912                 B ^ -> Y v   NAND2XL   0.156   3.529    10.704  
      u_account_balance/g11909                 -            NOR2XL    0.000   3.529    10.704  
      u_account_balance/g11909                 B v -> Y ^   NOR2XL    0.247   3.776    10.951  
      u_account_balance/g11906                 -            INVX1     0.000   3.776    10.951  
      u_account_balance/g11906                 A ^ -> Y v   INVX1     0.087   3.863    11.038  
      u_account_balance/g11899                 -            NOR2X1    0.000   3.863    11.038  
      u_account_balance/g11899                 B v -> Y ^   NOR2X1    0.671   4.534    11.709  
      u_account_balance/balance_db_reg[10][8]  -            SDFFQX1   0.000   4.534    11.709  
      -----------------------------------------------------------------------------------------
     Clock Rise Edge                      0.000
     + Source Insertion Delay             0.010
     = Beginpoint Arrival Time            0.010
     Other End Path:
      ----------------------------------------------------------------------------------
      Instance                                 Arc    Cell     Retime  Arrival  Required  
                                                               Delay   Time     Time  
      ----------------------------------------------------------------------------------
      -                                        clk ^  -        -       0.010    -7.165  
      u_account_balance/balance_db_reg[10][8]  -      SDFFQX1  0.000   0.010    -7.165  
      ----------------------------------------------------------------------------------
Path 24: MET Setup Check with Pin u_account_balance/balance_db_reg[10][7]/CK 
Endpoint:   u_account_balance/balance_db_reg[10][7]/SE (^) checked with  leading edge of 'clk'
Beginpoint: u_vehicle_interface/id_to_check_reg[0]/Q   (v) triggered by  leading edge of 'clk'
Path Groups: {clk}
Retime Analysis { Data Path-Slew }
Other End Arrival Time          0.010
- Setup                         0.301
+ Phase Shift                  12.000
= Required Time                11.709
- Arrival Time                  4.534
= Slack Time                    7.175
= Slack Time(original)          7.085
     Clock Rise Edge                      0.000
     + Source Insertion Delay             0.010
     = Beginpoint Arrival Time            0.010
     Timing Path:
      -----------------------------------------------------------------------------------------
      Instance                                 Arc          Cell      Retime  Arrival  Required  
                                                                      Delay   Time     Time  
      -----------------------------------------------------------------------------------------
      -                                        clk ^        -         -       0.010    7.185  
      u_vehicle_interface/id_to_check_reg[0]   -            SDFFQX1   0.000   0.010    7.185  
      u_vehicle_interface/id_to_check_reg[0]   CK ^ -> Q v  SDFFQX1   0.567   0.577    7.752  
      u_account_balance/g12137                 -            NOR2XL    0.000   0.577    7.752  
      u_account_balance/g12137                 B v -> Y ^   NOR2XL    0.555   1.132    8.307  
      u_account_balance/g12131                 -            CLKINVX1  0.000   1.132    8.307  
      u_account_balance/g12131                 A ^ -> Y v   CLKINVX1  0.215   1.348    8.523  
      u_account_balance/g12100                 -            NOR2XL    0.000   1.348    8.523  
      u_account_balance/g12100                 B v -> Y ^   NOR2XL    0.502   1.849    9.024  
      u_account_balance/g11978                 -            AOI221X1  0.000   1.849    9.024  
      u_account_balance/g11978                 A1 ^ -> Y v  AOI221X1  0.186   2.036    9.211  
      u_account_balance/g11964                 -            OAI221X1  0.000   2.036    9.211  
      u_account_balance/g11964                 C0 v -> Y ^  OAI221X1  0.184   2.219    9.394  
      u_account_balance/g11941                 -            NOR2XL    0.000   2.219    9.394  
      u_account_balance/g11941                 A ^ -> Y v   NOR2XL    0.127   2.346    9.521  
      u_account_balance/g11936                 -            NOR2XL    0.000   2.346    9.521  
      u_account_balance/g11936                 B v -> Y ^   NOR2XL    0.128   2.474    9.649  
      u_account_balance/g11934                 -            NOR2XL    0.000   2.474    9.649  
      u_account_balance/g11934                 A ^ -> Y v   NOR2XL    0.105   2.579    9.754  
      u_account_balance/g11932                 -            NAND2XL   0.000   2.579    9.754  
      u_account_balance/g11932                 B v -> Y ^   NAND2XL   0.116   2.694    9.869  
      u_account_balance/g11930                 -            NOR2XL    0.000   2.694    9.869  
      u_account_balance/g11930                 B ^ -> Y v   NOR2XL    0.096   2.791    9.966  
      u_account_balance/g11928                 -            NAND2XL   0.000   2.791    9.966  
      u_account_balance/g11928                 B v -> Y ^   NAND2XL   0.159   2.950    10.125  
      u_account_balance/g12145                 -            NOR4BBX1  0.000   2.950    10.125  
      u_account_balance/g12145                 D ^ -> Y v   NOR4BBX1  0.085   3.035    10.210  
      u_account_balance/g11921                 -            NAND3BX1  0.000   3.035    10.210  
      u_account_balance/g11921                 C v -> Y ^   NAND3BX1  0.091   3.126    10.301  
      u_account_balance/g11917                 -            NAND3X1   0.000   3.126    10.301  
      u_account_balance/g11917                 C ^ -> Y v   NAND3X1   0.158   3.284    10.459  
      u_account_balance/g11915                 -            INVX1     0.000   3.284    10.459  
      u_account_balance/g11915                 A v -> Y ^   INVX1     0.090   3.373    10.548  
      u_account_balance/g11912                 -            NAND2XL   0.000   3.373    10.548  
      u_account_balance/g11912                 B ^ -> Y v   NAND2XL   0.156   3.529    10.704  
      u_account_balance/g11909                 -            NOR2XL    0.000   3.529    10.704  
      u_account_balance/g11909                 B v -> Y ^   NOR2XL    0.247   3.776    10.951  
      u_account_balance/g11906                 -            INVX1     0.000   3.776    10.951  
      u_account_balance/g11906                 A ^ -> Y v   INVX1     0.087   3.863    11.038  
      u_account_balance/g11899                 -            NOR2X1    0.000   3.863    11.038  
      u_account_balance/g11899                 B v -> Y ^   NOR2X1    0.671   4.534    11.709  
      u_account_balance/balance_db_reg[10][7]  -            SDFFQX1   0.000   4.534    11.709  
      -----------------------------------------------------------------------------------------
     Clock Rise Edge                      0.000
     + Source Insertion Delay             0.010
     = Beginpoint Arrival Time            0.010
     Other End Path:
      ----------------------------------------------------------------------------------
      Instance                                 Arc    Cell     Retime  Arrival  Required  
                                                               Delay   Time     Time  
      ----------------------------------------------------------------------------------
      -                                        clk ^  -        -       0.010    -7.165  
      u_account_balance/balance_db_reg[10][7]  -      SDFFQX1  0.000   0.010    -7.165  
      ----------------------------------------------------------------------------------
Path 25: MET Setup Check with Pin u_account_balance/balance_db_reg[10][6]/CK 
Endpoint:   u_account_balance/balance_db_reg[10][6]/SE (^) checked with  leading edge of 'clk'
Beginpoint: u_vehicle_interface/id_to_check_reg[0]/Q   (v) triggered by  leading edge of 'clk'
Path Groups: {clk}
Retime Analysis { Data Path-Slew }
Other End Arrival Time          0.010
- Setup                         0.301
+ Phase Shift                  12.000
= Required Time                11.709
- Arrival Time                  4.534
= Slack Time                    7.175
= Slack Time(original)          7.085
     Clock Rise Edge                      0.000
     + Source Insertion Delay             0.010
     = Beginpoint Arrival Time            0.010
     Timing Path:
      -----------------------------------------------------------------------------------------
      Instance                                 Arc          Cell      Retime  Arrival  Required  
                                                                      Delay   Time     Time  
      -----------------------------------------------------------------------------------------
      -                                        clk ^        -         -       0.010    7.185  
      u_vehicle_interface/id_to_check_reg[0]   -            SDFFQX1   0.000   0.010    7.185  
      u_vehicle_interface/id_to_check_reg[0]   CK ^ -> Q v  SDFFQX1   0.567   0.577    7.752  
      u_account_balance/g12137                 -            NOR2XL    0.000   0.577    7.752  
      u_account_balance/g12137                 B v -> Y ^   NOR2XL    0.555   1.132    8.307  
      u_account_balance/g12131                 -            CLKINVX1  0.000   1.132    8.307  
      u_account_balance/g12131                 A ^ -> Y v   CLKINVX1  0.215   1.348    8.523  
      u_account_balance/g12100                 -            NOR2XL    0.000   1.348    8.523  
      u_account_balance/g12100                 B v -> Y ^   NOR2XL    0.502   1.849    9.024  
      u_account_balance/g11978                 -            AOI221X1  0.000   1.849    9.024  
      u_account_balance/g11978                 A1 ^ -> Y v  AOI221X1  0.186   2.036    9.211  
      u_account_balance/g11964                 -            OAI221X1  0.000   2.036    9.211  
      u_account_balance/g11964                 C0 v -> Y ^  OAI221X1  0.184   2.219    9.394  
      u_account_balance/g11941                 -            NOR2XL    0.000   2.219    9.394  
      u_account_balance/g11941                 A ^ -> Y v   NOR2XL    0.127   2.346    9.521  
      u_account_balance/g11936                 -            NOR2XL    0.000   2.346    9.521  
      u_account_balance/g11936                 B v -> Y ^   NOR2XL    0.128   2.474    9.649  
      u_account_balance/g11934                 -            NOR2XL    0.000   2.474    9.649  
      u_account_balance/g11934                 A ^ -> Y v   NOR2XL    0.105   2.579    9.754  
      u_account_balance/g11932                 -            NAND2XL   0.000   2.579    9.754  
      u_account_balance/g11932                 B v -> Y ^   NAND2XL   0.116   2.694    9.869  
      u_account_balance/g11930                 -            NOR2XL    0.000   2.694    9.869  
      u_account_balance/g11930                 B ^ -> Y v   NOR2XL    0.096   2.791    9.966  
      u_account_balance/g11928                 -            NAND2XL   0.000   2.791    9.966  
      u_account_balance/g11928                 B v -> Y ^   NAND2XL   0.159   2.950    10.125  
      u_account_balance/g12145                 -            NOR4BBX1  0.000   2.950    10.125  
      u_account_balance/g12145                 D ^ -> Y v   NOR4BBX1  0.085   3.035    10.210  
      u_account_balance/g11921                 -            NAND3BX1  0.000   3.035    10.210  
      u_account_balance/g11921                 C v -> Y ^   NAND3BX1  0.091   3.126    10.301  
      u_account_balance/g11917                 -            NAND3X1   0.000   3.126    10.301  
      u_account_balance/g11917                 C ^ -> Y v   NAND3X1   0.158   3.284    10.459  
      u_account_balance/g11915                 -            INVX1     0.000   3.284    10.459  
      u_account_balance/g11915                 A v -> Y ^   INVX1     0.090   3.373    10.548  
      u_account_balance/g11912                 -            NAND2XL   0.000   3.373    10.548  
      u_account_balance/g11912                 B ^ -> Y v   NAND2XL   0.156   3.529    10.704  
      u_account_balance/g11909                 -            NOR2XL    0.000   3.529    10.704  
      u_account_balance/g11909                 B v -> Y ^   NOR2XL    0.247   3.776    10.951  
      u_account_balance/g11906                 -            INVX1     0.000   3.776    10.951  
      u_account_balance/g11906                 A ^ -> Y v   INVX1     0.087   3.863    11.038  
      u_account_balance/g11899                 -            NOR2X1    0.000   3.863    11.038  
      u_account_balance/g11899                 B v -> Y ^   NOR2X1    0.671   4.534    11.709  
      u_account_balance/balance_db_reg[10][6]  -            SDFFQX1   0.000   4.534    11.709  
      -----------------------------------------------------------------------------------------
     Clock Rise Edge                      0.000
     + Source Insertion Delay             0.010
     = Beginpoint Arrival Time            0.010
     Other End Path:
      ----------------------------------------------------------------------------------
      Instance                                 Arc    Cell     Retime  Arrival  Required  
                                                               Delay   Time     Time  
      ----------------------------------------------------------------------------------
      -                                        clk ^  -        -       0.010    -7.165  
      u_account_balance/balance_db_reg[10][6]  -      SDFFQX1  0.000   0.010    -7.165  
      ----------------------------------------------------------------------------------
Path 26: MET Setup Check with Pin u_account_balance/balance_db_reg[10][5]/CK 
Endpoint:   u_account_balance/balance_db_reg[10][5]/SE (^) checked with  leading edge of 'clk'
Beginpoint: u_vehicle_interface/id_to_check_reg[0]/Q   (v) triggered by  leading edge of 'clk'
Path Groups: {clk}
Retime Analysis { Data Path-Slew }
Other End Arrival Time          0.010
- Setup                         0.301
+ Phase Shift                  12.000
= Required Time                11.709
- Arrival Time                  4.534
= Slack Time                    7.175
= Slack Time(original)          7.085
     Clock Rise Edge                      0.000
     + Source Insertion Delay             0.010
     = Beginpoint Arrival Time            0.010
     Timing Path:
      -----------------------------------------------------------------------------------------
      Instance                                 Arc          Cell      Retime  Arrival  Required  
                                                                      Delay   Time     Time  
      -----------------------------------------------------------------------------------------
      -                                        clk ^        -         -       0.010    7.185  
      u_vehicle_interface/id_to_check_reg[0]   -            SDFFQX1   0.000   0.010    7.185  
      u_vehicle_interface/id_to_check_reg[0]   CK ^ -> Q v  SDFFQX1   0.567   0.577    7.752  
      u_account_balance/g12137                 -            NOR2XL    0.000   0.577    7.752  
      u_account_balance/g12137                 B v -> Y ^   NOR2XL    0.555   1.132    8.307  
      u_account_balance/g12131                 -            CLKINVX1  0.000   1.132    8.307  
      u_account_balance/g12131                 A ^ -> Y v   CLKINVX1  0.215   1.348    8.523  
      u_account_balance/g12100                 -            NOR2XL    0.000   1.348    8.523  
      u_account_balance/g12100                 B v -> Y ^   NOR2XL    0.502   1.849    9.024  
      u_account_balance/g11978                 -            AOI221X1  0.000   1.849    9.024  
      u_account_balance/g11978                 A1 ^ -> Y v  AOI221X1  0.186   2.036    9.211  
      u_account_balance/g11964                 -            OAI221X1  0.000   2.036    9.211  
      u_account_balance/g11964                 C0 v -> Y ^  OAI221X1  0.184   2.219    9.394  
      u_account_balance/g11941                 -            NOR2XL    0.000   2.219    9.394  
      u_account_balance/g11941                 A ^ -> Y v   NOR2XL    0.127   2.346    9.521  
      u_account_balance/g11936                 -            NOR2XL    0.000   2.346    9.521  
      u_account_balance/g11936                 B v -> Y ^   NOR2XL    0.128   2.474    9.649  
      u_account_balance/g11934                 -            NOR2XL    0.000   2.474    9.649  
      u_account_balance/g11934                 A ^ -> Y v   NOR2XL    0.105   2.579    9.754  
      u_account_balance/g11932                 -            NAND2XL   0.000   2.579    9.754  
      u_account_balance/g11932                 B v -> Y ^   NAND2XL   0.116   2.694    9.869  
      u_account_balance/g11930                 -            NOR2XL    0.000   2.694    9.869  
      u_account_balance/g11930                 B ^ -> Y v   NOR2XL    0.096   2.791    9.966  
      u_account_balance/g11928                 -            NAND2XL   0.000   2.791    9.966  
      u_account_balance/g11928                 B v -> Y ^   NAND2XL   0.159   2.950    10.125  
      u_account_balance/g12145                 -            NOR4BBX1  0.000   2.950    10.125  
      u_account_balance/g12145                 D ^ -> Y v   NOR4BBX1  0.085   3.035    10.210  
      u_account_balance/g11921                 -            NAND3BX1  0.000   3.035    10.210  
      u_account_balance/g11921                 C v -> Y ^   NAND3BX1  0.091   3.126    10.301  
      u_account_balance/g11917                 -            NAND3X1   0.000   3.126    10.301  
      u_account_balance/g11917                 C ^ -> Y v   NAND3X1   0.158   3.284    10.459  
      u_account_balance/g11915                 -            INVX1     0.000   3.284    10.459  
      u_account_balance/g11915                 A v -> Y ^   INVX1     0.090   3.373    10.548  
      u_account_balance/g11912                 -            NAND2XL   0.000   3.373    10.548  
      u_account_balance/g11912                 B ^ -> Y v   NAND2XL   0.156   3.529    10.704  
      u_account_balance/g11909                 -            NOR2XL    0.000   3.529    10.704  
      u_account_balance/g11909                 B v -> Y ^   NOR2XL    0.247   3.776    10.951  
      u_account_balance/g11906                 -            INVX1     0.000   3.776    10.951  
      u_account_balance/g11906                 A ^ -> Y v   INVX1     0.087   3.863    11.038  
      u_account_balance/g11899                 -            NOR2X1    0.000   3.863    11.038  
      u_account_balance/g11899                 B v -> Y ^   NOR2X1    0.671   4.534    11.709  
      u_account_balance/balance_db_reg[10][5]  -            SDFFQX1   0.000   4.534    11.709  
      -----------------------------------------------------------------------------------------
     Clock Rise Edge                      0.000
     + Source Insertion Delay             0.010
     = Beginpoint Arrival Time            0.010
     Other End Path:
      ----------------------------------------------------------------------------------
      Instance                                 Arc    Cell     Retime  Arrival  Required  
                                                               Delay   Time     Time  
      ----------------------------------------------------------------------------------
      -                                        clk ^  -        -       0.010    -7.165  
      u_account_balance/balance_db_reg[10][5]  -      SDFFQX1  0.000   0.010    -7.165  
      ----------------------------------------------------------------------------------
Path 27: MET Setup Check with Pin u_account_balance/balance_db_reg[10][4]/CK 
Endpoint:   u_account_balance/balance_db_reg[10][4]/SE (^) checked with  leading edge of 'clk'
Beginpoint: u_vehicle_interface/id_to_check_reg[0]/Q   (v) triggered by  leading edge of 'clk'
Path Groups: {clk}
Retime Analysis { Data Path-Slew }
Other End Arrival Time          0.010
- Setup                         0.301
+ Phase Shift                  12.000
= Required Time                11.709
- Arrival Time                  4.534
= Slack Time                    7.175
= Slack Time(original)          7.085
     Clock Rise Edge                      0.000
     + Source Insertion Delay             0.010
     = Beginpoint Arrival Time            0.010
     Timing Path:
      -----------------------------------------------------------------------------------------
      Instance                                 Arc          Cell      Retime  Arrival  Required  
                                                                      Delay   Time     Time  
      -----------------------------------------------------------------------------------------
      -                                        clk ^        -         -       0.010    7.185  
      u_vehicle_interface/id_to_check_reg[0]   -            SDFFQX1   0.000   0.010    7.185  
      u_vehicle_interface/id_to_check_reg[0]   CK ^ -> Q v  SDFFQX1   0.567   0.577    7.752  
      u_account_balance/g12137                 -            NOR2XL    0.000   0.577    7.752  
      u_account_balance/g12137                 B v -> Y ^   NOR2XL    0.555   1.132    8.307  
      u_account_balance/g12131                 -            CLKINVX1  0.000   1.132    8.307  
      u_account_balance/g12131                 A ^ -> Y v   CLKINVX1  0.215   1.348    8.523  
      u_account_balance/g12100                 -            NOR2XL    0.000   1.348    8.523  
      u_account_balance/g12100                 B v -> Y ^   NOR2XL    0.502   1.849    9.024  
      u_account_balance/g11978                 -            AOI221X1  0.000   1.849    9.024  
      u_account_balance/g11978                 A1 ^ -> Y v  AOI221X1  0.186   2.036    9.211  
      u_account_balance/g11964                 -            OAI221X1  0.000   2.036    9.211  
      u_account_balance/g11964                 C0 v -> Y ^  OAI221X1  0.184   2.219    9.394  
      u_account_balance/g11941                 -            NOR2XL    0.000   2.219    9.394  
      u_account_balance/g11941                 A ^ -> Y v   NOR2XL    0.127   2.346    9.521  
      u_account_balance/g11936                 -            NOR2XL    0.000   2.346    9.521  
      u_account_balance/g11936                 B v -> Y ^   NOR2XL    0.128   2.474    9.649  
      u_account_balance/g11934                 -            NOR2XL    0.000   2.474    9.649  
      u_account_balance/g11934                 A ^ -> Y v   NOR2XL    0.105   2.579    9.754  
      u_account_balance/g11932                 -            NAND2XL   0.000   2.579    9.754  
      u_account_balance/g11932                 B v -> Y ^   NAND2XL   0.116   2.694    9.869  
      u_account_balance/g11930                 -            NOR2XL    0.000   2.694    9.869  
      u_account_balance/g11930                 B ^ -> Y v   NOR2XL    0.096   2.791    9.966  
      u_account_balance/g11928                 -            NAND2XL   0.000   2.791    9.966  
      u_account_balance/g11928                 B v -> Y ^   NAND2XL   0.159   2.950    10.125  
      u_account_balance/g12145                 -            NOR4BBX1  0.000   2.950    10.125  
      u_account_balance/g12145                 D ^ -> Y v   NOR4BBX1  0.085   3.035    10.210  
      u_account_balance/g11921                 -            NAND3BX1  0.000   3.035    10.210  
      u_account_balance/g11921                 C v -> Y ^   NAND3BX1  0.091   3.126    10.301  
      u_account_balance/g11917                 -            NAND3X1   0.000   3.126    10.301  
      u_account_balance/g11917                 C ^ -> Y v   NAND3X1   0.158   3.284    10.459  
      u_account_balance/g11915                 -            INVX1     0.000   3.284    10.459  
      u_account_balance/g11915                 A v -> Y ^   INVX1     0.090   3.373    10.548  
      u_account_balance/g11912                 -            NAND2XL   0.000   3.373    10.548  
      u_account_balance/g11912                 B ^ -> Y v   NAND2XL   0.156   3.529    10.704  
      u_account_balance/g11909                 -            NOR2XL    0.000   3.529    10.704  
      u_account_balance/g11909                 B v -> Y ^   NOR2XL    0.247   3.776    10.951  
      u_account_balance/g11906                 -            INVX1     0.000   3.776    10.951  
      u_account_balance/g11906                 A ^ -> Y v   INVX1     0.087   3.863    11.038  
      u_account_balance/g11899                 -            NOR2X1    0.000   3.863    11.038  
      u_account_balance/g11899                 B v -> Y ^   NOR2X1    0.671   4.534    11.709  
      u_account_balance/balance_db_reg[10][4]  -            SDFFQX1   0.000   4.534    11.709  
      -----------------------------------------------------------------------------------------
     Clock Rise Edge                      0.000
     + Source Insertion Delay             0.010
     = Beginpoint Arrival Time            0.010
     Other End Path:
      ----------------------------------------------------------------------------------
      Instance                                 Arc    Cell     Retime  Arrival  Required  
                                                               Delay   Time     Time  
      ----------------------------------------------------------------------------------
      -                                        clk ^  -        -       0.010    -7.165  
      u_account_balance/balance_db_reg[10][4]  -      SDFFQX1  0.000   0.010    -7.165  
      ----------------------------------------------------------------------------------
Path 28: MET Setup Check with Pin u_account_balance/balance_db_reg[10][3]/CK 
Endpoint:   u_account_balance/balance_db_reg[10][3]/SE (^) checked with  leading edge of 'clk'
Beginpoint: u_vehicle_interface/id_to_check_reg[0]/Q   (v) triggered by  leading edge of 'clk'
Path Groups: {clk}
Retime Analysis { Data Path-Slew }
Other End Arrival Time          0.010
- Setup                         0.301
+ Phase Shift                  12.000
= Required Time                11.709
- Arrival Time                  4.534
= Slack Time                    7.175
= Slack Time(original)          7.085
     Clock Rise Edge                      0.000
     + Source Insertion Delay             0.010
     = Beginpoint Arrival Time            0.010
     Timing Path:
      -----------------------------------------------------------------------------------------
      Instance                                 Arc          Cell      Retime  Arrival  Required  
                                                                      Delay   Time     Time  
      -----------------------------------------------------------------------------------------
      -                                        clk ^        -         -       0.010    7.185  
      u_vehicle_interface/id_to_check_reg[0]   -            SDFFQX1   0.000   0.010    7.185  
      u_vehicle_interface/id_to_check_reg[0]   CK ^ -> Q v  SDFFQX1   0.567   0.577    7.752  
      u_account_balance/g12137                 -            NOR2XL    0.000   0.577    7.752  
      u_account_balance/g12137                 B v -> Y ^   NOR2XL    0.555   1.132    8.307  
      u_account_balance/g12131                 -            CLKINVX1  0.000   1.132    8.307  
      u_account_balance/g12131                 A ^ -> Y v   CLKINVX1  0.215   1.348    8.523  
      u_account_balance/g12100                 -            NOR2XL    0.000   1.348    8.523  
      u_account_balance/g12100                 B v -> Y ^   NOR2XL    0.502   1.849    9.024  
      u_account_balance/g11978                 -            AOI221X1  0.000   1.849    9.024  
      u_account_balance/g11978                 A1 ^ -> Y v  AOI221X1  0.186   2.036    9.211  
      u_account_balance/g11964                 -            OAI221X1  0.000   2.036    9.211  
      u_account_balance/g11964                 C0 v -> Y ^  OAI221X1  0.184   2.219    9.394  
      u_account_balance/g11941                 -            NOR2XL    0.000   2.219    9.394  
      u_account_balance/g11941                 A ^ -> Y v   NOR2XL    0.127   2.346    9.521  
      u_account_balance/g11936                 -            NOR2XL    0.000   2.346    9.521  
      u_account_balance/g11936                 B v -> Y ^   NOR2XL    0.128   2.474    9.649  
      u_account_balance/g11934                 -            NOR2XL    0.000   2.474    9.649  
      u_account_balance/g11934                 A ^ -> Y v   NOR2XL    0.105   2.579    9.754  
      u_account_balance/g11932                 -            NAND2XL   0.000   2.579    9.754  
      u_account_balance/g11932                 B v -> Y ^   NAND2XL   0.116   2.694    9.869  
      u_account_balance/g11930                 -            NOR2XL    0.000   2.694    9.869  
      u_account_balance/g11930                 B ^ -> Y v   NOR2XL    0.096   2.791    9.966  
      u_account_balance/g11928                 -            NAND2XL   0.000   2.791    9.966  
      u_account_balance/g11928                 B v -> Y ^   NAND2XL   0.159   2.950    10.125  
      u_account_balance/g12145                 -            NOR4BBX1  0.000   2.950    10.125  
      u_account_balance/g12145                 D ^ -> Y v   NOR4BBX1  0.085   3.035    10.210  
      u_account_balance/g11921                 -            NAND3BX1  0.000   3.035    10.210  
      u_account_balance/g11921                 C v -> Y ^   NAND3BX1  0.091   3.126    10.301  
      u_account_balance/g11917                 -            NAND3X1   0.000   3.126    10.301  
      u_account_balance/g11917                 C ^ -> Y v   NAND3X1   0.158   3.284    10.459  
      u_account_balance/g11915                 -            INVX1     0.000   3.284    10.459  
      u_account_balance/g11915                 A v -> Y ^   INVX1     0.090   3.373    10.548  
      u_account_balance/g11912                 -            NAND2XL   0.000   3.373    10.548  
      u_account_balance/g11912                 B ^ -> Y v   NAND2XL   0.156   3.529    10.704  
      u_account_balance/g11909                 -            NOR2XL    0.000   3.529    10.704  
      u_account_balance/g11909                 B v -> Y ^   NOR2XL    0.247   3.776    10.951  
      u_account_balance/g11906                 -            INVX1     0.000   3.776    10.951  
      u_account_balance/g11906                 A ^ -> Y v   INVX1     0.087   3.863    11.038  
      u_account_balance/g11899                 -            NOR2X1    0.000   3.863    11.038  
      u_account_balance/g11899                 B v -> Y ^   NOR2X1    0.671   4.534    11.709  
      u_account_balance/balance_db_reg[10][3]  -            SDFFQX1   0.000   4.534    11.709  
      -----------------------------------------------------------------------------------------
     Clock Rise Edge                      0.000
     + Source Insertion Delay             0.010
     = Beginpoint Arrival Time            0.010
     Other End Path:
      ----------------------------------------------------------------------------------
      Instance                                 Arc    Cell     Retime  Arrival  Required  
                                                               Delay   Time     Time  
      ----------------------------------------------------------------------------------
      -                                        clk ^  -        -       0.010    -7.165  
      u_account_balance/balance_db_reg[10][3]  -      SDFFQX1  0.000   0.010    -7.165  
      ----------------------------------------------------------------------------------
Path 29: MET Setup Check with Pin u_account_balance/balance_db_reg[10][2]/CK 
Endpoint:   u_account_balance/balance_db_reg[10][2]/SE (^) checked with  leading edge of 'clk'
Beginpoint: u_vehicle_interface/id_to_check_reg[0]/Q   (v) triggered by  leading edge of 'clk'
Path Groups: {clk}
Retime Analysis { Data Path-Slew }
Other End Arrival Time          0.010
- Setup                         0.301
+ Phase Shift                  12.000
= Required Time                11.709
- Arrival Time                  4.534
= Slack Time                    7.175
= Slack Time(original)          7.085
     Clock Rise Edge                      0.000
     + Source Insertion Delay             0.010
     = Beginpoint Arrival Time            0.010
     Timing Path:
      -----------------------------------------------------------------------------------------
      Instance                                 Arc          Cell      Retime  Arrival  Required  
                                                                      Delay   Time     Time  
      -----------------------------------------------------------------------------------------
      -                                        clk ^        -         -       0.010    7.185  
      u_vehicle_interface/id_to_check_reg[0]   -            SDFFQX1   0.000   0.010    7.185  
      u_vehicle_interface/id_to_check_reg[0]   CK ^ -> Q v  SDFFQX1   0.567   0.577    7.752  
      u_account_balance/g12137                 -            NOR2XL    0.000   0.577    7.752  
      u_account_balance/g12137                 B v -> Y ^   NOR2XL    0.555   1.132    8.307  
      u_account_balance/g12131                 -            CLKINVX1  0.000   1.132    8.307  
      u_account_balance/g12131                 A ^ -> Y v   CLKINVX1  0.215   1.348    8.523  
      u_account_balance/g12100                 -            NOR2XL    0.000   1.348    8.523  
      u_account_balance/g12100                 B v -> Y ^   NOR2XL    0.502   1.849    9.024  
      u_account_balance/g11978                 -            AOI221X1  0.000   1.849    9.024  
      u_account_balance/g11978                 A1 ^ -> Y v  AOI221X1  0.186   2.036    9.211  
      u_account_balance/g11964                 -            OAI221X1  0.000   2.036    9.211  
      u_account_balance/g11964                 C0 v -> Y ^  OAI221X1  0.184   2.219    9.394  
      u_account_balance/g11941                 -            NOR2XL    0.000   2.219    9.394  
      u_account_balance/g11941                 A ^ -> Y v   NOR2XL    0.127   2.346    9.521  
      u_account_balance/g11936                 -            NOR2XL    0.000   2.346    9.521  
      u_account_balance/g11936                 B v -> Y ^   NOR2XL    0.128   2.474    9.649  
      u_account_balance/g11934                 -            NOR2XL    0.000   2.474    9.649  
      u_account_balance/g11934                 A ^ -> Y v   NOR2XL    0.105   2.579    9.754  
      u_account_balance/g11932                 -            NAND2XL   0.000   2.579    9.754  
      u_account_balance/g11932                 B v -> Y ^   NAND2XL   0.116   2.694    9.869  
      u_account_balance/g11930                 -            NOR2XL    0.000   2.694    9.869  
      u_account_balance/g11930                 B ^ -> Y v   NOR2XL    0.096   2.791    9.966  
      u_account_balance/g11928                 -            NAND2XL   0.000   2.791    9.966  
      u_account_balance/g11928                 B v -> Y ^   NAND2XL   0.159   2.950    10.125  
      u_account_balance/g12145                 -            NOR4BBX1  0.000   2.950    10.125  
      u_account_balance/g12145                 D ^ -> Y v   NOR4BBX1  0.085   3.035    10.210  
      u_account_balance/g11921                 -            NAND3BX1  0.000   3.035    10.210  
      u_account_balance/g11921                 C v -> Y ^   NAND3BX1  0.091   3.126    10.301  
      u_account_balance/g11917                 -            NAND3X1   0.000   3.126    10.301  
      u_account_balance/g11917                 C ^ -> Y v   NAND3X1   0.158   3.284    10.459  
      u_account_balance/g11915                 -            INVX1     0.000   3.284    10.459  
      u_account_balance/g11915                 A v -> Y ^   INVX1     0.090   3.373    10.548  
      u_account_balance/g11912                 -            NAND2XL   0.000   3.373    10.548  
      u_account_balance/g11912                 B ^ -> Y v   NAND2XL   0.156   3.529    10.704  
      u_account_balance/g11909                 -            NOR2XL    0.000   3.529    10.704  
      u_account_balance/g11909                 B v -> Y ^   NOR2XL    0.247   3.776    10.951  
      u_account_balance/g11906                 -            INVX1     0.000   3.776    10.951  
      u_account_balance/g11906                 A ^ -> Y v   INVX1     0.087   3.863    11.038  
      u_account_balance/g11899                 -            NOR2X1    0.000   3.863    11.038  
      u_account_balance/g11899                 B v -> Y ^   NOR2X1    0.671   4.534    11.709  
      u_account_balance/balance_db_reg[10][2]  -            SDFFQX1   0.000   4.534    11.709  
      -----------------------------------------------------------------------------------------
     Clock Rise Edge                      0.000
     + Source Insertion Delay             0.010
     = Beginpoint Arrival Time            0.010
     Other End Path:
      ----------------------------------------------------------------------------------
      Instance                                 Arc    Cell     Retime  Arrival  Required  
                                                               Delay   Time     Time  
      ----------------------------------------------------------------------------------
      -                                        clk ^  -        -       0.010    -7.165  
      u_account_balance/balance_db_reg[10][2]  -      SDFFQX1  0.000   0.010    -7.165  
      ----------------------------------------------------------------------------------
Path 30: MET Setup Check with Pin u_account_balance/balance_db_reg[10][1]/CK 
Endpoint:   u_account_balance/balance_db_reg[10][1]/SE (^) checked with  leading edge of 'clk'
Beginpoint: u_vehicle_interface/id_to_check_reg[0]/Q   (v) triggered by  leading edge of 'clk'
Path Groups: {clk}
Retime Analysis { Data Path-Slew }
Other End Arrival Time          0.010
- Setup                         0.301
+ Phase Shift                  12.000
= Required Time                11.709
- Arrival Time                  4.534
= Slack Time                    7.175
= Slack Time(original)          7.085
     Clock Rise Edge                      0.000
     + Source Insertion Delay             0.010
     = Beginpoint Arrival Time            0.010
     Timing Path:
      -----------------------------------------------------------------------------------------
      Instance                                 Arc          Cell      Retime  Arrival  Required  
                                                                      Delay   Time     Time  
      -----------------------------------------------------------------------------------------
      -                                        clk ^        -         -       0.010    7.185  
      u_vehicle_interface/id_to_check_reg[0]   -            SDFFQX1   0.000   0.010    7.185  
      u_vehicle_interface/id_to_check_reg[0]   CK ^ -> Q v  SDFFQX1   0.567   0.577    7.752  
      u_account_balance/g12137                 -            NOR2XL    0.000   0.577    7.752  
      u_account_balance/g12137                 B v -> Y ^   NOR2XL    0.555   1.132    8.307  
      u_account_balance/g12131                 -            CLKINVX1  0.000   1.132    8.307  
      u_account_balance/g12131                 A ^ -> Y v   CLKINVX1  0.215   1.348    8.523  
      u_account_balance/g12100                 -            NOR2XL    0.000   1.348    8.523  
      u_account_balance/g12100                 B v -> Y ^   NOR2XL    0.502   1.849    9.024  
      u_account_balance/g11978                 -            AOI221X1  0.000   1.849    9.024  
      u_account_balance/g11978                 A1 ^ -> Y v  AOI221X1  0.186   2.036    9.211  
      u_account_balance/g11964                 -            OAI221X1  0.000   2.036    9.211  
      u_account_balance/g11964                 C0 v -> Y ^  OAI221X1  0.184   2.219    9.394  
      u_account_balance/g11941                 -            NOR2XL    0.000   2.219    9.394  
      u_account_balance/g11941                 A ^ -> Y v   NOR2XL    0.127   2.346    9.521  
      u_account_balance/g11936                 -            NOR2XL    0.000   2.346    9.521  
      u_account_balance/g11936                 B v -> Y ^   NOR2XL    0.128   2.474    9.649  
      u_account_balance/g11934                 -            NOR2XL    0.000   2.474    9.649  
      u_account_balance/g11934                 A ^ -> Y v   NOR2XL    0.105   2.579    9.754  
      u_account_balance/g11932                 -            NAND2XL   0.000   2.579    9.754  
      u_account_balance/g11932                 B v -> Y ^   NAND2XL   0.116   2.694    9.869  
      u_account_balance/g11930                 -            NOR2XL    0.000   2.694    9.869  
      u_account_balance/g11930                 B ^ -> Y v   NOR2XL    0.096   2.791    9.966  
      u_account_balance/g11928                 -            NAND2XL   0.000   2.791    9.966  
      u_account_balance/g11928                 B v -> Y ^   NAND2XL   0.159   2.950    10.125  
      u_account_balance/g12145                 -            NOR4BBX1  0.000   2.950    10.125  
      u_account_balance/g12145                 D ^ -> Y v   NOR4BBX1  0.085   3.035    10.210  
      u_account_balance/g11921                 -            NAND3BX1  0.000   3.035    10.210  
      u_account_balance/g11921                 C v -> Y ^   NAND3BX1  0.091   3.126    10.301  
      u_account_balance/g11917                 -            NAND3X1   0.000   3.126    10.301  
      u_account_balance/g11917                 C ^ -> Y v   NAND3X1   0.158   3.284    10.459  
      u_account_balance/g11915                 -            INVX1     0.000   3.284    10.459  
      u_account_balance/g11915                 A v -> Y ^   INVX1     0.090   3.373    10.548  
      u_account_balance/g11912                 -            NAND2XL   0.000   3.373    10.548  
      u_account_balance/g11912                 B ^ -> Y v   NAND2XL   0.156   3.529    10.704  
      u_account_balance/g11909                 -            NOR2XL    0.000   3.529    10.704  
      u_account_balance/g11909                 B v -> Y ^   NOR2XL    0.247   3.776    10.951  
      u_account_balance/g11906                 -            INVX1     0.000   3.776    10.951  
      u_account_balance/g11906                 A ^ -> Y v   INVX1     0.087   3.863    11.038  
      u_account_balance/g11899                 -            NOR2X1    0.000   3.863    11.038  
      u_account_balance/g11899                 B v -> Y ^   NOR2X1    0.671   4.534    11.709  
      u_account_balance/balance_db_reg[10][1]  -            SDFFQX1   0.000   4.534    11.709  
      -----------------------------------------------------------------------------------------
     Clock Rise Edge                      0.000
     + Source Insertion Delay             0.010
     = Beginpoint Arrival Time            0.010
     Other End Path:
      ----------------------------------------------------------------------------------
      Instance                                 Arc    Cell     Retime  Arrival  Required  
                                                               Delay   Time     Time  
      ----------------------------------------------------------------------------------
      -                                        clk ^  -        -       0.010    -7.165  
      u_account_balance/balance_db_reg[10][1]  -      SDFFQX1  0.000   0.010    -7.165  
      ----------------------------------------------------------------------------------
Path 31: MET Setup Check with Pin u_account_balance/balance_db_reg[14][15]/CK 
Endpoint:   u_account_balance/balance_db_reg[14][15]/SE (^) checked with  leading edge of 'clk'
Beginpoint: u_vehicle_interface/id_to_check_reg[0]/Q    (v) triggered by  leading edge of 'clk'
Path Groups: {clk}
Retime Analysis { Data Path-Slew }
Other End Arrival Time          0.010
- Setup                         0.301
+ Phase Shift                  12.000
= Required Time                11.709
- Arrival Time                  4.524
= Slack Time                    7.185
= Slack Time(original)          7.104
     Clock Rise Edge                      0.000
     + Source Insertion Delay             0.010
     = Beginpoint Arrival Time            0.010
     Timing Path:
      ------------------------------------------------------------------------------------------
      Instance                                  Arc          Cell      Retime  Arrival  Required  
                                                                       Delay   Time     Time  
      ------------------------------------------------------------------------------------------
      -                                         clk ^        -         -       0.010    7.195  
      u_vehicle_interface/id_to_check_reg[0]    -            SDFFQX1   0.000   0.010    7.195  
      u_vehicle_interface/id_to_check_reg[0]    CK ^ -> Q v  SDFFQX1   0.567   0.577    7.762  
      u_account_balance/g12137                  -            NOR2XL    0.000   0.577    7.762  
      u_account_balance/g12137                  B v -> Y ^   NOR2XL    0.555   1.132    8.317  
      u_account_balance/g12131                  -            CLKINVX1  0.000   1.132    8.317  
      u_account_balance/g12131                  A ^ -> Y v   CLKINVX1  0.215   1.347    8.532  
      u_account_balance/g12117                  -            NOR2XL    0.000   1.347    8.532  
      u_account_balance/g12117                  B v -> Y ^   NOR2XL    0.651   1.999    9.184  
      u_account_balance/g12032                  -            AOI22X1   0.000   1.999    9.184  
      u_account_balance/g12032                  A1 ^ -> Y v  AOI22X1   0.175   2.174    9.359  
      u_account_balance/g11995                  -            NAND2XL   0.000   2.174    9.359  
      u_account_balance/g11995                  B v -> Y ^   NAND2XL   0.112   2.286    9.471  
      u_account_balance/g11944                  -            AOI211X1  0.000   2.286    9.471  
      u_account_balance/g11944                  B0 ^ -> Y v  AOI211X1  0.067   2.353    9.537  
      u_account_balance/g11936                  -            NOR2XL    0.000   2.353    9.537  
      u_account_balance/g11936                  A v -> Y ^   NOR2XL    0.115   2.468    9.652  
      u_account_balance/g11934                  -            NOR2XL    0.000   2.468    9.652  
      u_account_balance/g11934                  A ^ -> Y v   NOR2XL    0.102   2.570    9.754  
      u_account_balance/g11932                  -            NAND2XL   0.000   2.570    9.754  
      u_account_balance/g11932                  B v -> Y ^   NAND2XL   0.115   2.685    9.869  
      u_account_balance/g11930                  -            NOR2XL    0.000   2.685    9.869  
      u_account_balance/g11930                  B ^ -> Y v   NOR2XL    0.096   2.781    9.966  
      u_account_balance/g11928                  -            NAND2XL   0.000   2.781    9.966  
      u_account_balance/g11928                  B v -> Y ^   NAND2XL   0.159   2.940    10.124  
      u_account_balance/g12145                  -            NOR4BBX1  0.000   2.940    10.124  
      u_account_balance/g12145                  D ^ -> Y v   NOR4BBX1  0.085   3.025    10.210  
      u_account_balance/g11921                  -            NAND3BX1  0.000   3.025    10.210  
      u_account_balance/g11921                  C v -> Y ^   NAND3BX1  0.091   3.116    10.301  
      u_account_balance/g11917                  -            NAND3X1   0.000   3.116    10.301  
      u_account_balance/g11917                  C ^ -> Y v   NAND3X1   0.158   3.274    10.459  
      u_account_balance/g11915                  -            INVX1     0.000   3.274    10.459  
      u_account_balance/g11915                  A v -> Y ^   INVX1     0.090   3.364    10.548  
      u_account_balance/g11912                  -            NAND2XL   0.000   3.364    10.548  
      u_account_balance/g11912                  B ^ -> Y v   NAND2XL   0.156   3.519    10.704  
      u_account_balance/g11909                  -            NOR2XL    0.000   3.519    10.704  
      u_account_balance/g11909                  B v -> Y ^   NOR2XL    0.247   3.766    10.951  
      u_account_balance/g11906                  -            INVX1     0.000   3.766    10.951  
      u_account_balance/g11906                  A ^ -> Y v   INVX1     0.087   3.853    11.038  
      u_account_balance/g11898                  -            NOR2X1    0.000   3.853    11.038  
      u_account_balance/g11898                  B v -> Y ^   NOR2X1    0.671   4.524    11.709  
      u_account_balance/balance_db_reg[14][15]  -            SDFFQX1   0.000   4.524    11.709  
      ------------------------------------------------------------------------------------------
     Clock Rise Edge                      0.000
     + Source Insertion Delay             0.010
     = Beginpoint Arrival Time            0.010
     Other End Path:
      -----------------------------------------------------------------------------------
      Instance                                  Arc    Cell     Retime  Arrival  Required  
                                                                Delay   Time     Time  
      -----------------------------------------------------------------------------------
      -                                         clk ^  -        -       0.010    -7.175  
      u_account_balance/balance_db_reg[14][15]  -      SDFFQX1  0.000   0.010    -7.175  
      -----------------------------------------------------------------------------------
Path 32: MET Setup Check with Pin u_account_balance/balance_db_reg[14][14]/CK 
Endpoint:   u_account_balance/balance_db_reg[14][14]/SE (^) checked with  leading edge of 'clk'
Beginpoint: u_vehicle_interface/id_to_check_reg[0]/Q    (v) triggered by  leading edge of 'clk'
Path Groups: {clk}
Retime Analysis { Data Path-Slew }
Other End Arrival Time          0.010
- Setup                         0.301
+ Phase Shift                  12.000
= Required Time                11.709
- Arrival Time                  4.524
= Slack Time                    7.185
= Slack Time(original)          7.104
     Clock Rise Edge                      0.000
     + Source Insertion Delay             0.010
     = Beginpoint Arrival Time            0.010
     Timing Path:
      ------------------------------------------------------------------------------------------
      Instance                                  Arc          Cell      Retime  Arrival  Required  
                                                                       Delay   Time     Time  
      ------------------------------------------------------------------------------------------
      -                                         clk ^        -         -       0.010    7.195  
      u_vehicle_interface/id_to_check_reg[0]    -            SDFFQX1   0.000   0.010    7.195  
      u_vehicle_interface/id_to_check_reg[0]    CK ^ -> Q v  SDFFQX1   0.567   0.577    7.762  
      u_account_balance/g12137                  -            NOR2XL    0.000   0.577    7.762  
      u_account_balance/g12137                  B v -> Y ^   NOR2XL    0.555   1.132    8.317  
      u_account_balance/g12131                  -            CLKINVX1  0.000   1.132    8.317  
      u_account_balance/g12131                  A ^ -> Y v   CLKINVX1  0.215   1.347    8.532  
      u_account_balance/g12117                  -            NOR2XL    0.000   1.347    8.532  
      u_account_balance/g12117                  B v -> Y ^   NOR2XL    0.651   1.999    9.184  
      u_account_balance/g12032                  -            AOI22X1   0.000   1.999    9.184  
      u_account_balance/g12032                  A1 ^ -> Y v  AOI22X1   0.175   2.174    9.359  
      u_account_balance/g11995                  -            NAND2XL   0.000   2.174    9.359  
      u_account_balance/g11995                  B v -> Y ^   NAND2XL   0.112   2.286    9.471  
      u_account_balance/g11944                  -            AOI211X1  0.000   2.286    9.471  
      u_account_balance/g11944                  B0 ^ -> Y v  AOI211X1  0.067   2.353    9.537  
      u_account_balance/g11936                  -            NOR2XL    0.000   2.353    9.537  
      u_account_balance/g11936                  A v -> Y ^   NOR2XL    0.115   2.468    9.652  
      u_account_balance/g11934                  -            NOR2XL    0.000   2.468    9.652  
      u_account_balance/g11934                  A ^ -> Y v   NOR2XL    0.102   2.570    9.754  
      u_account_balance/g11932                  -            NAND2XL   0.000   2.570    9.754  
      u_account_balance/g11932                  B v -> Y ^   NAND2XL   0.115   2.685    9.869  
      u_account_balance/g11930                  -            NOR2XL    0.000   2.685    9.869  
      u_account_balance/g11930                  B ^ -> Y v   NOR2XL    0.096   2.781    9.966  
      u_account_balance/g11928                  -            NAND2XL   0.000   2.781    9.966  
      u_account_balance/g11928                  B v -> Y ^   NAND2XL   0.159   2.940    10.124  
      u_account_balance/g12145                  -            NOR4BBX1  0.000   2.940    10.124  
      u_account_balance/g12145                  D ^ -> Y v   NOR4BBX1  0.085   3.025    10.210  
      u_account_balance/g11921                  -            NAND3BX1  0.000   3.025    10.210  
      u_account_balance/g11921                  C v -> Y ^   NAND3BX1  0.091   3.116    10.301  
      u_account_balance/g11917                  -            NAND3X1   0.000   3.116    10.301  
      u_account_balance/g11917                  C ^ -> Y v   NAND3X1   0.158   3.274    10.459  
      u_account_balance/g11915                  -            INVX1     0.000   3.274    10.459  
      u_account_balance/g11915                  A v -> Y ^   INVX1     0.090   3.364    10.548  
      u_account_balance/g11912                  -            NAND2XL   0.000   3.364    10.548  
      u_account_balance/g11912                  B ^ -> Y v   NAND2XL   0.156   3.519    10.704  
      u_account_balance/g11909                  -            NOR2XL    0.000   3.519    10.704  
      u_account_balance/g11909                  B v -> Y ^   NOR2XL    0.247   3.766    10.951  
      u_account_balance/g11906                  -            INVX1     0.000   3.766    10.951  
      u_account_balance/g11906                  A ^ -> Y v   INVX1     0.087   3.853    11.038  
      u_account_balance/g11898                  -            NOR2X1    0.000   3.853    11.038  
      u_account_balance/g11898                  B v -> Y ^   NOR2X1    0.671   4.524    11.709  
      u_account_balance/balance_db_reg[14][14]  -            SDFFQX1   0.000   4.524    11.709  
      ------------------------------------------------------------------------------------------
     Clock Rise Edge                      0.000
     + Source Insertion Delay             0.010
     = Beginpoint Arrival Time            0.010
     Other End Path:
      -----------------------------------------------------------------------------------
      Instance                                  Arc    Cell     Retime  Arrival  Required  
                                                                Delay   Time     Time  
      -----------------------------------------------------------------------------------
      -                                         clk ^  -        -       0.010    -7.175  
      u_account_balance/balance_db_reg[14][14]  -      SDFFQX1  0.000   0.010    -7.175  
      -----------------------------------------------------------------------------------
Path 33: MET Setup Check with Pin u_account_balance/balance_db_reg[14][13]/CK 
Endpoint:   u_account_balance/balance_db_reg[14][13]/SE (^) checked with  leading edge of 'clk'
Beginpoint: u_vehicle_interface/id_to_check_reg[0]/Q    (v) triggered by  leading edge of 'clk'
Path Groups: {clk}
Retime Analysis { Data Path-Slew }
Other End Arrival Time          0.010
- Setup                         0.301
+ Phase Shift                  12.000
= Required Time                11.709
- Arrival Time                  4.524
= Slack Time                    7.185
= Slack Time(original)          7.104
     Clock Rise Edge                      0.000
     + Source Insertion Delay             0.010
     = Beginpoint Arrival Time            0.010
     Timing Path:
      ------------------------------------------------------------------------------------------
      Instance                                  Arc          Cell      Retime  Arrival  Required  
                                                                       Delay   Time     Time  
      ------------------------------------------------------------------------------------------
      -                                         clk ^        -         -       0.010    7.195  
      u_vehicle_interface/id_to_check_reg[0]    -            SDFFQX1   0.000   0.010    7.195  
      u_vehicle_interface/id_to_check_reg[0]    CK ^ -> Q v  SDFFQX1   0.567   0.577    7.762  
      u_account_balance/g12137                  -            NOR2XL    0.000   0.577    7.762  
      u_account_balance/g12137                  B v -> Y ^   NOR2XL    0.555   1.132    8.317  
      u_account_balance/g12131                  -            CLKINVX1  0.000   1.132    8.317  
      u_account_balance/g12131                  A ^ -> Y v   CLKINVX1  0.215   1.347    8.532  
      u_account_balance/g12117                  -            NOR2XL    0.000   1.347    8.532  
      u_account_balance/g12117                  B v -> Y ^   NOR2XL    0.651   1.999    9.184  
      u_account_balance/g12032                  -            AOI22X1   0.000   1.999    9.184  
      u_account_balance/g12032                  A1 ^ -> Y v  AOI22X1   0.175   2.174    9.359  
      u_account_balance/g11995                  -            NAND2XL   0.000   2.174    9.359  
      u_account_balance/g11995                  B v -> Y ^   NAND2XL   0.112   2.286    9.471  
      u_account_balance/g11944                  -            AOI211X1  0.000   2.286    9.471  
      u_account_balance/g11944                  B0 ^ -> Y v  AOI211X1  0.067   2.353    9.537  
      u_account_balance/g11936                  -            NOR2XL    0.000   2.353    9.537  
      u_account_balance/g11936                  A v -> Y ^   NOR2XL    0.115   2.468    9.652  
      u_account_balance/g11934                  -            NOR2XL    0.000   2.468    9.652  
      u_account_balance/g11934                  A ^ -> Y v   NOR2XL    0.102   2.570    9.754  
      u_account_balance/g11932                  -            NAND2XL   0.000   2.570    9.754  
      u_account_balance/g11932                  B v -> Y ^   NAND2XL   0.115   2.685    9.869  
      u_account_balance/g11930                  -            NOR2XL    0.000   2.685    9.869  
      u_account_balance/g11930                  B ^ -> Y v   NOR2XL    0.096   2.781    9.966  
      u_account_balance/g11928                  -            NAND2XL   0.000   2.781    9.966  
      u_account_balance/g11928                  B v -> Y ^   NAND2XL   0.159   2.940    10.124  
      u_account_balance/g12145                  -            NOR4BBX1  0.000   2.940    10.124  
      u_account_balance/g12145                  D ^ -> Y v   NOR4BBX1  0.085   3.025    10.210  
      u_account_balance/g11921                  -            NAND3BX1  0.000   3.025    10.210  
      u_account_balance/g11921                  C v -> Y ^   NAND3BX1  0.091   3.116    10.301  
      u_account_balance/g11917                  -            NAND3X1   0.000   3.116    10.301  
      u_account_balance/g11917                  C ^ -> Y v   NAND3X1   0.158   3.274    10.459  
      u_account_balance/g11915                  -            INVX1     0.000   3.274    10.459  
      u_account_balance/g11915                  A v -> Y ^   INVX1     0.090   3.364    10.548  
      u_account_balance/g11912                  -            NAND2XL   0.000   3.364    10.548  
      u_account_balance/g11912                  B ^ -> Y v   NAND2XL   0.156   3.519    10.704  
      u_account_balance/g11909                  -            NOR2XL    0.000   3.519    10.704  
      u_account_balance/g11909                  B v -> Y ^   NOR2XL    0.247   3.766    10.951  
      u_account_balance/g11906                  -            INVX1     0.000   3.766    10.951  
      u_account_balance/g11906                  A ^ -> Y v   INVX1     0.087   3.853    11.038  
      u_account_balance/g11898                  -            NOR2X1    0.000   3.853    11.038  
      u_account_balance/g11898                  B v -> Y ^   NOR2X1    0.671   4.524    11.709  
      u_account_balance/balance_db_reg[14][13]  -            SDFFQX1   0.000   4.524    11.709  
      ------------------------------------------------------------------------------------------
     Clock Rise Edge                      0.000
     + Source Insertion Delay             0.010
     = Beginpoint Arrival Time            0.010
     Other End Path:
      -----------------------------------------------------------------------------------
      Instance                                  Arc    Cell     Retime  Arrival  Required  
                                                                Delay   Time     Time  
      -----------------------------------------------------------------------------------
      -                                         clk ^  -        -       0.010    -7.175  
      u_account_balance/balance_db_reg[14][13]  -      SDFFQX1  0.000   0.010    -7.175  
      -----------------------------------------------------------------------------------
Path 34: MET Setup Check with Pin u_account_balance/balance_db_reg[14][12]/CK 
Endpoint:   u_account_balance/balance_db_reg[14][12]/SE (^) checked with  leading edge of 'clk'
Beginpoint: u_vehicle_interface/id_to_check_reg[0]/Q    (v) triggered by  leading edge of 'clk'
Path Groups: {clk}
Retime Analysis { Data Path-Slew }
Other End Arrival Time          0.010
- Setup                         0.301
+ Phase Shift                  12.000
= Required Time                11.709
- Arrival Time                  4.524
= Slack Time                    7.185
= Slack Time(original)          7.104
     Clock Rise Edge                      0.000
     + Source Insertion Delay             0.010
     = Beginpoint Arrival Time            0.010
     Timing Path:
      ------------------------------------------------------------------------------------------
      Instance                                  Arc          Cell      Retime  Arrival  Required  
                                                                       Delay   Time     Time  
      ------------------------------------------------------------------------------------------
      -                                         clk ^        -         -       0.010    7.195  
      u_vehicle_interface/id_to_check_reg[0]    -            SDFFQX1   0.000   0.010    7.195  
      u_vehicle_interface/id_to_check_reg[0]    CK ^ -> Q v  SDFFQX1   0.567   0.577    7.762  
      u_account_balance/g12137                  -            NOR2XL    0.000   0.577    7.762  
      u_account_balance/g12137                  B v -> Y ^   NOR2XL    0.555   1.132    8.317  
      u_account_balance/g12131                  -            CLKINVX1  0.000   1.132    8.317  
      u_account_balance/g12131                  A ^ -> Y v   CLKINVX1  0.215   1.347    8.532  
      u_account_balance/g12117                  -            NOR2XL    0.000   1.347    8.532  
      u_account_balance/g12117                  B v -> Y ^   NOR2XL    0.651   1.999    9.184  
      u_account_balance/g12032                  -            AOI22X1   0.000   1.999    9.184  
      u_account_balance/g12032                  A1 ^ -> Y v  AOI22X1   0.175   2.174    9.359  
      u_account_balance/g11995                  -            NAND2XL   0.000   2.174    9.359  
      u_account_balance/g11995                  B v -> Y ^   NAND2XL   0.112   2.286    9.471  
      u_account_balance/g11944                  -            AOI211X1  0.000   2.286    9.471  
      u_account_balance/g11944                  B0 ^ -> Y v  AOI211X1  0.067   2.353    9.537  
      u_account_balance/g11936                  -            NOR2XL    0.000   2.353    9.537  
      u_account_balance/g11936                  A v -> Y ^   NOR2XL    0.115   2.468    9.652  
      u_account_balance/g11934                  -            NOR2XL    0.000   2.468    9.652  
      u_account_balance/g11934                  A ^ -> Y v   NOR2XL    0.102   2.570    9.754  
      u_account_balance/g11932                  -            NAND2XL   0.000   2.570    9.754  
      u_account_balance/g11932                  B v -> Y ^   NAND2XL   0.115   2.685    9.869  
      u_account_balance/g11930                  -            NOR2XL    0.000   2.685    9.869  
      u_account_balance/g11930                  B ^ -> Y v   NOR2XL    0.096   2.781    9.966  
      u_account_balance/g11928                  -            NAND2XL   0.000   2.781    9.966  
      u_account_balance/g11928                  B v -> Y ^   NAND2XL   0.159   2.940    10.124  
      u_account_balance/g12145                  -            NOR4BBX1  0.000   2.940    10.124  
      u_account_balance/g12145                  D ^ -> Y v   NOR4BBX1  0.085   3.025    10.210  
      u_account_balance/g11921                  -            NAND3BX1  0.000   3.025    10.210  
      u_account_balance/g11921                  C v -> Y ^   NAND3BX1  0.091   3.116    10.301  
      u_account_balance/g11917                  -            NAND3X1   0.000   3.116    10.301  
      u_account_balance/g11917                  C ^ -> Y v   NAND3X1   0.158   3.274    10.459  
      u_account_balance/g11915                  -            INVX1     0.000   3.274    10.459  
      u_account_balance/g11915                  A v -> Y ^   INVX1     0.090   3.364    10.548  
      u_account_balance/g11912                  -            NAND2XL   0.000   3.364    10.548  
      u_account_balance/g11912                  B ^ -> Y v   NAND2XL   0.156   3.519    10.704  
      u_account_balance/g11909                  -            NOR2XL    0.000   3.519    10.704  
      u_account_balance/g11909                  B v -> Y ^   NOR2XL    0.247   3.766    10.951  
      u_account_balance/g11906                  -            INVX1     0.000   3.766    10.951  
      u_account_balance/g11906                  A ^ -> Y v   INVX1     0.087   3.853    11.038  
      u_account_balance/g11898                  -            NOR2X1    0.000   3.853    11.038  
      u_account_balance/g11898                  B v -> Y ^   NOR2X1    0.671   4.524    11.709  
      u_account_balance/balance_db_reg[14][12]  -            SDFFQX1   0.000   4.524    11.709  
      ------------------------------------------------------------------------------------------
     Clock Rise Edge                      0.000
     + Source Insertion Delay             0.010
     = Beginpoint Arrival Time            0.010
     Other End Path:
      -----------------------------------------------------------------------------------
      Instance                                  Arc    Cell     Retime  Arrival  Required  
                                                                Delay   Time     Time  
      -----------------------------------------------------------------------------------
      -                                         clk ^  -        -       0.010    -7.175  
      u_account_balance/balance_db_reg[14][12]  -      SDFFQX1  0.000   0.010    -7.175  
      -----------------------------------------------------------------------------------
Path 35: MET Setup Check with Pin u_account_balance/balance_db_reg[14][11]/CK 
Endpoint:   u_account_balance/balance_db_reg[14][11]/SE (^) checked with  leading edge of 'clk'
Beginpoint: u_vehicle_interface/id_to_check_reg[0]/Q    (v) triggered by  leading edge of 'clk'
Path Groups: {clk}
Retime Analysis { Data Path-Slew }
Other End Arrival Time          0.010
- Setup                         0.301
+ Phase Shift                  12.000
= Required Time                11.709
- Arrival Time                  4.524
= Slack Time                    7.185
= Slack Time(original)          7.104
     Clock Rise Edge                      0.000
     + Source Insertion Delay             0.010
     = Beginpoint Arrival Time            0.010
     Timing Path:
      ------------------------------------------------------------------------------------------
      Instance                                  Arc          Cell      Retime  Arrival  Required  
                                                                       Delay   Time     Time  
      ------------------------------------------------------------------------------------------
      -                                         clk ^        -         -       0.010    7.195  
      u_vehicle_interface/id_to_check_reg[0]    -            SDFFQX1   0.000   0.010    7.195  
      u_vehicle_interface/id_to_check_reg[0]    CK ^ -> Q v  SDFFQX1   0.567   0.577    7.762  
      u_account_balance/g12137                  -            NOR2XL    0.000   0.577    7.762  
      u_account_balance/g12137                  B v -> Y ^   NOR2XL    0.555   1.132    8.317  
      u_account_balance/g12131                  -            CLKINVX1  0.000   1.132    8.317  
      u_account_balance/g12131                  A ^ -> Y v   CLKINVX1  0.215   1.347    8.532  
      u_account_balance/g12117                  -            NOR2XL    0.000   1.347    8.532  
      u_account_balance/g12117                  B v -> Y ^   NOR2XL    0.651   1.999    9.184  
      u_account_balance/g12032                  -            AOI22X1   0.000   1.999    9.184  
      u_account_balance/g12032                  A1 ^ -> Y v  AOI22X1   0.175   2.174    9.359  
      u_account_balance/g11995                  -            NAND2XL   0.000   2.174    9.359  
      u_account_balance/g11995                  B v -> Y ^   NAND2XL   0.112   2.286    9.471  
      u_account_balance/g11944                  -            AOI211X1  0.000   2.286    9.471  
      u_account_balance/g11944                  B0 ^ -> Y v  AOI211X1  0.067   2.353    9.537  
      u_account_balance/g11936                  -            NOR2XL    0.000   2.353    9.537  
      u_account_balance/g11936                  A v -> Y ^   NOR2XL    0.115   2.468    9.652  
      u_account_balance/g11934                  -            NOR2XL    0.000   2.468    9.652  
      u_account_balance/g11934                  A ^ -> Y v   NOR2XL    0.102   2.570    9.754  
      u_account_balance/g11932                  -            NAND2XL   0.000   2.570    9.754  
      u_account_balance/g11932                  B v -> Y ^   NAND2XL   0.115   2.685    9.869  
      u_account_balance/g11930                  -            NOR2XL    0.000   2.685    9.869  
      u_account_balance/g11930                  B ^ -> Y v   NOR2XL    0.096   2.781    9.966  
      u_account_balance/g11928                  -            NAND2XL   0.000   2.781    9.966  
      u_account_balance/g11928                  B v -> Y ^   NAND2XL   0.159   2.940    10.124  
      u_account_balance/g12145                  -            NOR4BBX1  0.000   2.940    10.124  
      u_account_balance/g12145                  D ^ -> Y v   NOR4BBX1  0.085   3.025    10.210  
      u_account_balance/g11921                  -            NAND3BX1  0.000   3.025    10.210  
      u_account_balance/g11921                  C v -> Y ^   NAND3BX1  0.091   3.116    10.301  
      u_account_balance/g11917                  -            NAND3X1   0.000   3.116    10.301  
      u_account_balance/g11917                  C ^ -> Y v   NAND3X1   0.158   3.274    10.459  
      u_account_balance/g11915                  -            INVX1     0.000   3.274    10.459  
      u_account_balance/g11915                  A v -> Y ^   INVX1     0.090   3.364    10.548  
      u_account_balance/g11912                  -            NAND2XL   0.000   3.364    10.548  
      u_account_balance/g11912                  B ^ -> Y v   NAND2XL   0.156   3.519    10.704  
      u_account_balance/g11909                  -            NOR2XL    0.000   3.519    10.704  
      u_account_balance/g11909                  B v -> Y ^   NOR2XL    0.247   3.766    10.951  
      u_account_balance/g11906                  -            INVX1     0.000   3.766    10.951  
      u_account_balance/g11906                  A ^ -> Y v   INVX1     0.087   3.853    11.038  
      u_account_balance/g11898                  -            NOR2X1    0.000   3.853    11.038  
      u_account_balance/g11898                  B v -> Y ^   NOR2X1    0.671   4.524    11.709  
      u_account_balance/balance_db_reg[14][11]  -            SDFFQX1   0.000   4.524    11.709  
      ------------------------------------------------------------------------------------------
     Clock Rise Edge                      0.000
     + Source Insertion Delay             0.010
     = Beginpoint Arrival Time            0.010
     Other End Path:
      -----------------------------------------------------------------------------------
      Instance                                  Arc    Cell     Retime  Arrival  Required  
                                                                Delay   Time     Time  
      -----------------------------------------------------------------------------------
      -                                         clk ^  -        -       0.010    -7.175  
      u_account_balance/balance_db_reg[14][11]  -      SDFFQX1  0.000   0.010    -7.175  
      -----------------------------------------------------------------------------------
Path 36: MET Setup Check with Pin u_account_balance/balance_db_reg[14][10]/CK 
Endpoint:   u_account_balance/balance_db_reg[14][10]/SE (^) checked with  leading edge of 'clk'
Beginpoint: u_vehicle_interface/id_to_check_reg[0]/Q    (v) triggered by  leading edge of 'clk'
Path Groups: {clk}
Retime Analysis { Data Path-Slew }
Other End Arrival Time          0.010
- Setup                         0.301
+ Phase Shift                  12.000
= Required Time                11.709
- Arrival Time                  4.524
= Slack Time                    7.185
= Slack Time(original)          7.104
     Clock Rise Edge                      0.000
     + Source Insertion Delay             0.010
     = Beginpoint Arrival Time            0.010
     Timing Path:
      ------------------------------------------------------------------------------------------
      Instance                                  Arc          Cell      Retime  Arrival  Required  
                                                                       Delay   Time     Time  
      ------------------------------------------------------------------------------------------
      -                                         clk ^        -         -       0.010    7.195  
      u_vehicle_interface/id_to_check_reg[0]    -            SDFFQX1   0.000   0.010    7.195  
      u_vehicle_interface/id_to_check_reg[0]    CK ^ -> Q v  SDFFQX1   0.567   0.577    7.762  
      u_account_balance/g12137                  -            NOR2XL    0.000   0.577    7.762  
      u_account_balance/g12137                  B v -> Y ^   NOR2XL    0.555   1.132    8.317  
      u_account_balance/g12131                  -            CLKINVX1  0.000   1.132    8.317  
      u_account_balance/g12131                  A ^ -> Y v   CLKINVX1  0.215   1.347    8.532  
      u_account_balance/g12117                  -            NOR2XL    0.000   1.347    8.532  
      u_account_balance/g12117                  B v -> Y ^   NOR2XL    0.651   1.999    9.184  
      u_account_balance/g12032                  -            AOI22X1   0.000   1.999    9.184  
      u_account_balance/g12032                  A1 ^ -> Y v  AOI22X1   0.175   2.174    9.359  
      u_account_balance/g11995                  -            NAND2XL   0.000   2.174    9.359  
      u_account_balance/g11995                  B v -> Y ^   NAND2XL   0.112   2.286    9.471  
      u_account_balance/g11944                  -            AOI211X1  0.000   2.286    9.471  
      u_account_balance/g11944                  B0 ^ -> Y v  AOI211X1  0.067   2.353    9.537  
      u_account_balance/g11936                  -            NOR2XL    0.000   2.353    9.537  
      u_account_balance/g11936                  A v -> Y ^   NOR2XL    0.115   2.468    9.652  
      u_account_balance/g11934                  -            NOR2XL    0.000   2.468    9.652  
      u_account_balance/g11934                  A ^ -> Y v   NOR2XL    0.102   2.570    9.754  
      u_account_balance/g11932                  -            NAND2XL   0.000   2.570    9.754  
      u_account_balance/g11932                  B v -> Y ^   NAND2XL   0.115   2.685    9.869  
      u_account_balance/g11930                  -            NOR2XL    0.000   2.685    9.869  
      u_account_balance/g11930                  B ^ -> Y v   NOR2XL    0.096   2.781    9.966  
      u_account_balance/g11928                  -            NAND2XL   0.000   2.781    9.966  
      u_account_balance/g11928                  B v -> Y ^   NAND2XL   0.159   2.940    10.124  
      u_account_balance/g12145                  -            NOR4BBX1  0.000   2.940    10.124  
      u_account_balance/g12145                  D ^ -> Y v   NOR4BBX1  0.085   3.025    10.210  
      u_account_balance/g11921                  -            NAND3BX1  0.000   3.025    10.210  
      u_account_balance/g11921                  C v -> Y ^   NAND3BX1  0.091   3.116    10.301  
      u_account_balance/g11917                  -            NAND3X1   0.000   3.116    10.301  
      u_account_balance/g11917                  C ^ -> Y v   NAND3X1   0.158   3.274    10.459  
      u_account_balance/g11915                  -            INVX1     0.000   3.274    10.459  
      u_account_balance/g11915                  A v -> Y ^   INVX1     0.090   3.364    10.548  
      u_account_balance/g11912                  -            NAND2XL   0.000   3.364    10.548  
      u_account_balance/g11912                  B ^ -> Y v   NAND2XL   0.156   3.519    10.704  
      u_account_balance/g11909                  -            NOR2XL    0.000   3.519    10.704  
      u_account_balance/g11909                  B v -> Y ^   NOR2XL    0.247   3.766    10.951  
      u_account_balance/g11906                  -            INVX1     0.000   3.766    10.951  
      u_account_balance/g11906                  A ^ -> Y v   INVX1     0.087   3.853    11.038  
      u_account_balance/g11898                  -            NOR2X1    0.000   3.853    11.038  
      u_account_balance/g11898                  B v -> Y ^   NOR2X1    0.671   4.524    11.709  
      u_account_balance/balance_db_reg[14][10]  -            SDFFQX1   0.000   4.524    11.709  
      ------------------------------------------------------------------------------------------
     Clock Rise Edge                      0.000
     + Source Insertion Delay             0.010
     = Beginpoint Arrival Time            0.010
     Other End Path:
      -----------------------------------------------------------------------------------
      Instance                                  Arc    Cell     Retime  Arrival  Required  
                                                                Delay   Time     Time  
      -----------------------------------------------------------------------------------
      -                                         clk ^  -        -       0.010    -7.175  
      u_account_balance/balance_db_reg[14][10]  -      SDFFQX1  0.000   0.010    -7.175  
      -----------------------------------------------------------------------------------
Path 37: MET Setup Check with Pin u_account_balance/balance_db_reg[14][9]/CK 
Endpoint:   u_account_balance/balance_db_reg[14][9]/SE (^) checked with  leading edge of 'clk'
Beginpoint: u_vehicle_interface/id_to_check_reg[0]/Q   (v) triggered by  leading edge of 'clk'
Path Groups: {clk}
Retime Analysis { Data Path-Slew }
Other End Arrival Time          0.010
- Setup                         0.301
+ Phase Shift                  12.000
= Required Time                11.709
- Arrival Time                  4.524
= Slack Time                    7.185
= Slack Time(original)          7.104
     Clock Rise Edge                      0.000
     + Source Insertion Delay             0.010
     = Beginpoint Arrival Time            0.010
     Timing Path:
      -----------------------------------------------------------------------------------------
      Instance                                 Arc          Cell      Retime  Arrival  Required  
                                                                      Delay   Time     Time  
      -----------------------------------------------------------------------------------------
      -                                        clk ^        -         -       0.010    7.195  
      u_vehicle_interface/id_to_check_reg[0]   -            SDFFQX1   0.000   0.010    7.195  
      u_vehicle_interface/id_to_check_reg[0]   CK ^ -> Q v  SDFFQX1   0.567   0.577    7.762  
      u_account_balance/g12137                 -            NOR2XL    0.000   0.577    7.762  
      u_account_balance/g12137                 B v -> Y ^   NOR2XL    0.555   1.132    8.317  
      u_account_balance/g12131                 -            CLKINVX1  0.000   1.132    8.317  
      u_account_balance/g12131                 A ^ -> Y v   CLKINVX1  0.215   1.347    8.532  
      u_account_balance/g12117                 -            NOR2XL    0.000   1.347    8.532  
      u_account_balance/g12117                 B v -> Y ^   NOR2XL    0.651   1.999    9.184  
      u_account_balance/g12032                 -            AOI22X1   0.000   1.999    9.184  
      u_account_balance/g12032                 A1 ^ -> Y v  AOI22X1   0.175   2.174    9.359  
      u_account_balance/g11995                 -            NAND2XL   0.000   2.174    9.359  
      u_account_balance/g11995                 B v -> Y ^   NAND2XL   0.112   2.286    9.471  
      u_account_balance/g11944                 -            AOI211X1  0.000   2.286    9.471  
      u_account_balance/g11944                 B0 ^ -> Y v  AOI211X1  0.067   2.353    9.537  
      u_account_balance/g11936                 -            NOR2XL    0.000   2.353    9.537  
      u_account_balance/g11936                 A v -> Y ^   NOR2XL    0.115   2.468    9.652  
      u_account_balance/g11934                 -            NOR2XL    0.000   2.468    9.652  
      u_account_balance/g11934                 A ^ -> Y v   NOR2XL    0.102   2.570    9.754  
      u_account_balance/g11932                 -            NAND2XL   0.000   2.570    9.754  
      u_account_balance/g11932                 B v -> Y ^   NAND2XL   0.115   2.685    9.869  
      u_account_balance/g11930                 -            NOR2XL    0.000   2.685    9.869  
      u_account_balance/g11930                 B ^ -> Y v   NOR2XL    0.096   2.781    9.966  
      u_account_balance/g11928                 -            NAND2XL   0.000   2.781    9.966  
      u_account_balance/g11928                 B v -> Y ^   NAND2XL   0.159   2.940    10.124  
      u_account_balance/g12145                 -            NOR4BBX1  0.000   2.940    10.124  
      u_account_balance/g12145                 D ^ -> Y v   NOR4BBX1  0.085   3.025    10.210  
      u_account_balance/g11921                 -            NAND3BX1  0.000   3.025    10.210  
      u_account_balance/g11921                 C v -> Y ^   NAND3BX1  0.091   3.116    10.301  
      u_account_balance/g11917                 -            NAND3X1   0.000   3.116    10.301  
      u_account_balance/g11917                 C ^ -> Y v   NAND3X1   0.158   3.274    10.459  
      u_account_balance/g11915                 -            INVX1     0.000   3.274    10.459  
      u_account_balance/g11915                 A v -> Y ^   INVX1     0.090   3.364    10.548  
      u_account_balance/g11912                 -            NAND2XL   0.000   3.364    10.548  
      u_account_balance/g11912                 B ^ -> Y v   NAND2XL   0.156   3.519    10.704  
      u_account_balance/g11909                 -            NOR2XL    0.000   3.519    10.704  
      u_account_balance/g11909                 B v -> Y ^   NOR2XL    0.247   3.766    10.951  
      u_account_balance/g11906                 -            INVX1     0.000   3.766    10.951  
      u_account_balance/g11906                 A ^ -> Y v   INVX1     0.087   3.853    11.038  
      u_account_balance/g11898                 -            NOR2X1    0.000   3.853    11.038  
      u_account_balance/g11898                 B v -> Y ^   NOR2X1    0.671   4.524    11.709  
      u_account_balance/balance_db_reg[14][9]  -            SDFFQX1   0.000   4.524    11.709  
      -----------------------------------------------------------------------------------------
     Clock Rise Edge                      0.000
     + Source Insertion Delay             0.010
     = Beginpoint Arrival Time            0.010
     Other End Path:
      ----------------------------------------------------------------------------------
      Instance                                 Arc    Cell     Retime  Arrival  Required  
                                                               Delay   Time     Time  
      ----------------------------------------------------------------------------------
      -                                        clk ^  -        -       0.010    -7.175  
      u_account_balance/balance_db_reg[14][9]  -      SDFFQX1  0.000   0.010    -7.175  
      ----------------------------------------------------------------------------------
Path 38: MET Setup Check with Pin u_account_balance/balance_db_reg[14][8]/CK 
Endpoint:   u_account_balance/balance_db_reg[14][8]/SE (^) checked with  leading edge of 'clk'
Beginpoint: u_vehicle_interface/id_to_check_reg[0]/Q   (v) triggered by  leading edge of 'clk'
Path Groups: {clk}
Retime Analysis { Data Path-Slew }
Other End Arrival Time          0.010
- Setup                         0.301
+ Phase Shift                  12.000
= Required Time                11.709
- Arrival Time                  4.524
= Slack Time                    7.185
= Slack Time(original)          7.104
     Clock Rise Edge                      0.000
     + Source Insertion Delay             0.010
     = Beginpoint Arrival Time            0.010
     Timing Path:
      -----------------------------------------------------------------------------------------
      Instance                                 Arc          Cell      Retime  Arrival  Required  
                                                                      Delay   Time     Time  
      -----------------------------------------------------------------------------------------
      -                                        clk ^        -         -       0.010    7.195  
      u_vehicle_interface/id_to_check_reg[0]   -            SDFFQX1   0.000   0.010    7.195  
      u_vehicle_interface/id_to_check_reg[0]   CK ^ -> Q v  SDFFQX1   0.567   0.577    7.762  
      u_account_balance/g12137                 -            NOR2XL    0.000   0.577    7.762  
      u_account_balance/g12137                 B v -> Y ^   NOR2XL    0.555   1.132    8.317  
      u_account_balance/g12131                 -            CLKINVX1  0.000   1.132    8.317  
      u_account_balance/g12131                 A ^ -> Y v   CLKINVX1  0.215   1.347    8.532  
      u_account_balance/g12117                 -            NOR2XL    0.000   1.347    8.532  
      u_account_balance/g12117                 B v -> Y ^   NOR2XL    0.651   1.999    9.184  
      u_account_balance/g12032                 -            AOI22X1   0.000   1.999    9.184  
      u_account_balance/g12032                 A1 ^ -> Y v  AOI22X1   0.175   2.174    9.359  
      u_account_balance/g11995                 -            NAND2XL   0.000   2.174    9.359  
      u_account_balance/g11995                 B v -> Y ^   NAND2XL   0.112   2.286    9.471  
      u_account_balance/g11944                 -            AOI211X1  0.000   2.286    9.471  
      u_account_balance/g11944                 B0 ^ -> Y v  AOI211X1  0.067   2.353    9.537  
      u_account_balance/g11936                 -            NOR2XL    0.000   2.353    9.537  
      u_account_balance/g11936                 A v -> Y ^   NOR2XL    0.115   2.468    9.652  
      u_account_balance/g11934                 -            NOR2XL    0.000   2.468    9.652  
      u_account_balance/g11934                 A ^ -> Y v   NOR2XL    0.102   2.570    9.754  
      u_account_balance/g11932                 -            NAND2XL   0.000   2.570    9.754  
      u_account_balance/g11932                 B v -> Y ^   NAND2XL   0.115   2.685    9.869  
      u_account_balance/g11930                 -            NOR2XL    0.000   2.685    9.869  
      u_account_balance/g11930                 B ^ -> Y v   NOR2XL    0.096   2.781    9.966  
      u_account_balance/g11928                 -            NAND2XL   0.000   2.781    9.966  
      u_account_balance/g11928                 B v -> Y ^   NAND2XL   0.159   2.940    10.124  
      u_account_balance/g12145                 -            NOR4BBX1  0.000   2.940    10.124  
      u_account_balance/g12145                 D ^ -> Y v   NOR4BBX1  0.085   3.025    10.210  
      u_account_balance/g11921                 -            NAND3BX1  0.000   3.025    10.210  
      u_account_balance/g11921                 C v -> Y ^   NAND3BX1  0.091   3.116    10.301  
      u_account_balance/g11917                 -            NAND3X1   0.000   3.116    10.301  
      u_account_balance/g11917                 C ^ -> Y v   NAND3X1   0.158   3.274    10.459  
      u_account_balance/g11915                 -            INVX1     0.000   3.274    10.459  
      u_account_balance/g11915                 A v -> Y ^   INVX1     0.090   3.364    10.548  
      u_account_balance/g11912                 -            NAND2XL   0.000   3.364    10.548  
      u_account_balance/g11912                 B ^ -> Y v   NAND2XL   0.156   3.519    10.704  
      u_account_balance/g11909                 -            NOR2XL    0.000   3.519    10.704  
      u_account_balance/g11909                 B v -> Y ^   NOR2XL    0.247   3.766    10.951  
      u_account_balance/g11906                 -            INVX1     0.000   3.766    10.951  
      u_account_balance/g11906                 A ^ -> Y v   INVX1     0.087   3.853    11.038  
      u_account_balance/g11898                 -            NOR2X1    0.000   3.853    11.038  
      u_account_balance/g11898                 B v -> Y ^   NOR2X1    0.671   4.524    11.709  
      u_account_balance/balance_db_reg[14][8]  -            SDFFQX1   0.000   4.524    11.709  
      -----------------------------------------------------------------------------------------
     Clock Rise Edge                      0.000
     + Source Insertion Delay             0.010
     = Beginpoint Arrival Time            0.010
     Other End Path:
      ----------------------------------------------------------------------------------
      Instance                                 Arc    Cell     Retime  Arrival  Required  
                                                               Delay   Time     Time  
      ----------------------------------------------------------------------------------
      -                                        clk ^  -        -       0.010    -7.175  
      u_account_balance/balance_db_reg[14][8]  -      SDFFQX1  0.000   0.010    -7.175  
      ----------------------------------------------------------------------------------
Path 39: MET Setup Check with Pin u_account_balance/balance_db_reg[14][7]/CK 
Endpoint:   u_account_balance/balance_db_reg[14][7]/SE (^) checked with  leading edge of 'clk'
Beginpoint: u_vehicle_interface/id_to_check_reg[0]/Q   (v) triggered by  leading edge of 'clk'
Path Groups: {clk}
Retime Analysis { Data Path-Slew }
Other End Arrival Time          0.010
- Setup                         0.301
+ Phase Shift                  12.000
= Required Time                11.709
- Arrival Time                  4.524
= Slack Time                    7.185
= Slack Time(original)          7.104
     Clock Rise Edge                      0.000
     + Source Insertion Delay             0.010
     = Beginpoint Arrival Time            0.010
     Timing Path:
      -----------------------------------------------------------------------------------------
      Instance                                 Arc          Cell      Retime  Arrival  Required  
                                                                      Delay   Time     Time  
      -----------------------------------------------------------------------------------------
      -                                        clk ^        -         -       0.010    7.195  
      u_vehicle_interface/id_to_check_reg[0]   -            SDFFQX1   0.000   0.010    7.195  
      u_vehicle_interface/id_to_check_reg[0]   CK ^ -> Q v  SDFFQX1   0.567   0.577    7.762  
      u_account_balance/g12137                 -            NOR2XL    0.000   0.577    7.762  
      u_account_balance/g12137                 B v -> Y ^   NOR2XL    0.555   1.132    8.317  
      u_account_balance/g12131                 -            CLKINVX1  0.000   1.132    8.317  
      u_account_balance/g12131                 A ^ -> Y v   CLKINVX1  0.215   1.347    8.532  
      u_account_balance/g12117                 -            NOR2XL    0.000   1.347    8.532  
      u_account_balance/g12117                 B v -> Y ^   NOR2XL    0.651   1.999    9.184  
      u_account_balance/g12032                 -            AOI22X1   0.000   1.999    9.184  
      u_account_balance/g12032                 A1 ^ -> Y v  AOI22X1   0.175   2.174    9.359  
      u_account_balance/g11995                 -            NAND2XL   0.000   2.174    9.359  
      u_account_balance/g11995                 B v -> Y ^   NAND2XL   0.112   2.286    9.471  
      u_account_balance/g11944                 -            AOI211X1  0.000   2.286    9.471  
      u_account_balance/g11944                 B0 ^ -> Y v  AOI211X1  0.067   2.353    9.537  
      u_account_balance/g11936                 -            NOR2XL    0.000   2.353    9.537  
      u_account_balance/g11936                 A v -> Y ^   NOR2XL    0.115   2.468    9.652  
      u_account_balance/g11934                 -            NOR2XL    0.000   2.468    9.652  
      u_account_balance/g11934                 A ^ -> Y v   NOR2XL    0.102   2.570    9.754  
      u_account_balance/g11932                 -            NAND2XL   0.000   2.570    9.754  
      u_account_balance/g11932                 B v -> Y ^   NAND2XL   0.115   2.685    9.869  
      u_account_balance/g11930                 -            NOR2XL    0.000   2.685    9.869  
      u_account_balance/g11930                 B ^ -> Y v   NOR2XL    0.096   2.781    9.966  
      u_account_balance/g11928                 -            NAND2XL   0.000   2.781    9.966  
      u_account_balance/g11928                 B v -> Y ^   NAND2XL   0.159   2.940    10.124  
      u_account_balance/g12145                 -            NOR4BBX1  0.000   2.940    10.124  
      u_account_balance/g12145                 D ^ -> Y v   NOR4BBX1  0.085   3.025    10.210  
      u_account_balance/g11921                 -            NAND3BX1  0.000   3.025    10.210  
      u_account_balance/g11921                 C v -> Y ^   NAND3BX1  0.091   3.116    10.301  
      u_account_balance/g11917                 -            NAND3X1   0.000   3.116    10.301  
      u_account_balance/g11917                 C ^ -> Y v   NAND3X1   0.158   3.274    10.459  
      u_account_balance/g11915                 -            INVX1     0.000   3.274    10.459  
      u_account_balance/g11915                 A v -> Y ^   INVX1     0.090   3.364    10.548  
      u_account_balance/g11912                 -            NAND2XL   0.000   3.364    10.548  
      u_account_balance/g11912                 B ^ -> Y v   NAND2XL   0.156   3.519    10.704  
      u_account_balance/g11909                 -            NOR2XL    0.000   3.519    10.704  
      u_account_balance/g11909                 B v -> Y ^   NOR2XL    0.247   3.766    10.951  
      u_account_balance/g11906                 -            INVX1     0.000   3.766    10.951  
      u_account_balance/g11906                 A ^ -> Y v   INVX1     0.087   3.853    11.038  
      u_account_balance/g11898                 -            NOR2X1    0.000   3.853    11.038  
      u_account_balance/g11898                 B v -> Y ^   NOR2X1    0.671   4.524    11.709  
      u_account_balance/balance_db_reg[14][7]  -            SDFFQX1   0.000   4.524    11.709  
      -----------------------------------------------------------------------------------------
     Clock Rise Edge                      0.000
     + Source Insertion Delay             0.010
     = Beginpoint Arrival Time            0.010
     Other End Path:
      ----------------------------------------------------------------------------------
      Instance                                 Arc    Cell     Retime  Arrival  Required  
                                                               Delay   Time     Time  
      ----------------------------------------------------------------------------------
      -                                        clk ^  -        -       0.010    -7.175  
      u_account_balance/balance_db_reg[14][7]  -      SDFFQX1  0.000   0.010    -7.175  
      ----------------------------------------------------------------------------------
Path 40: MET Setup Check with Pin u_account_balance/balance_db_reg[14][6]/CK 
Endpoint:   u_account_balance/balance_db_reg[14][6]/SE (^) checked with  leading edge of 'clk'
Beginpoint: u_vehicle_interface/id_to_check_reg[0]/Q   (v) triggered by  leading edge of 'clk'
Path Groups: {clk}
Retime Analysis { Data Path-Slew }
Other End Arrival Time          0.010
- Setup                         0.301
+ Phase Shift                  12.000
= Required Time                11.709
- Arrival Time                  4.524
= Slack Time                    7.185
= Slack Time(original)          7.104
     Clock Rise Edge                      0.000
     + Source Insertion Delay             0.010
     = Beginpoint Arrival Time            0.010
     Timing Path:
      -----------------------------------------------------------------------------------------
      Instance                                 Arc          Cell      Retime  Arrival  Required  
                                                                      Delay   Time     Time  
      -----------------------------------------------------------------------------------------
      -                                        clk ^        -         -       0.010    7.195  
      u_vehicle_interface/id_to_check_reg[0]   -            SDFFQX1   0.000   0.010    7.195  
      u_vehicle_interface/id_to_check_reg[0]   CK ^ -> Q v  SDFFQX1   0.567   0.577    7.762  
      u_account_balance/g12137                 -            NOR2XL    0.000   0.577    7.762  
      u_account_balance/g12137                 B v -> Y ^   NOR2XL    0.555   1.132    8.317  
      u_account_balance/g12131                 -            CLKINVX1  0.000   1.132    8.317  
      u_account_balance/g12131                 A ^ -> Y v   CLKINVX1  0.215   1.347    8.532  
      u_account_balance/g12117                 -            NOR2XL    0.000   1.347    8.532  
      u_account_balance/g12117                 B v -> Y ^   NOR2XL    0.651   1.999    9.184  
      u_account_balance/g12032                 -            AOI22X1   0.000   1.999    9.184  
      u_account_balance/g12032                 A1 ^ -> Y v  AOI22X1   0.175   2.174    9.359  
      u_account_balance/g11995                 -            NAND2XL   0.000   2.174    9.359  
      u_account_balance/g11995                 B v -> Y ^   NAND2XL   0.112   2.286    9.471  
      u_account_balance/g11944                 -            AOI211X1  0.000   2.286    9.471  
      u_account_balance/g11944                 B0 ^ -> Y v  AOI211X1  0.067   2.353    9.537  
      u_account_balance/g11936                 -            NOR2XL    0.000   2.353    9.537  
      u_account_balance/g11936                 A v -> Y ^   NOR2XL    0.115   2.468    9.652  
      u_account_balance/g11934                 -            NOR2XL    0.000   2.468    9.652  
      u_account_balance/g11934                 A ^ -> Y v   NOR2XL    0.102   2.570    9.754  
      u_account_balance/g11932                 -            NAND2XL   0.000   2.570    9.754  
      u_account_balance/g11932                 B v -> Y ^   NAND2XL   0.115   2.685    9.869  
      u_account_balance/g11930                 -            NOR2XL    0.000   2.685    9.869  
      u_account_balance/g11930                 B ^ -> Y v   NOR2XL    0.096   2.781    9.966  
      u_account_balance/g11928                 -            NAND2XL   0.000   2.781    9.966  
      u_account_balance/g11928                 B v -> Y ^   NAND2XL   0.159   2.940    10.124  
      u_account_balance/g12145                 -            NOR4BBX1  0.000   2.940    10.124  
      u_account_balance/g12145                 D ^ -> Y v   NOR4BBX1  0.085   3.025    10.210  
      u_account_balance/g11921                 -            NAND3BX1  0.000   3.025    10.210  
      u_account_balance/g11921                 C v -> Y ^   NAND3BX1  0.091   3.116    10.301  
      u_account_balance/g11917                 -            NAND3X1   0.000   3.116    10.301  
      u_account_balance/g11917                 C ^ -> Y v   NAND3X1   0.158   3.274    10.459  
      u_account_balance/g11915                 -            INVX1     0.000   3.274    10.459  
      u_account_balance/g11915                 A v -> Y ^   INVX1     0.090   3.364    10.548  
      u_account_balance/g11912                 -            NAND2XL   0.000   3.364    10.548  
      u_account_balance/g11912                 B ^ -> Y v   NAND2XL   0.156   3.519    10.704  
      u_account_balance/g11909                 -            NOR2XL    0.000   3.519    10.704  
      u_account_balance/g11909                 B v -> Y ^   NOR2XL    0.247   3.766    10.951  
      u_account_balance/g11906                 -            INVX1     0.000   3.766    10.951  
      u_account_balance/g11906                 A ^ -> Y v   INVX1     0.087   3.853    11.038  
      u_account_balance/g11898                 -            NOR2X1    0.000   3.853    11.038  
      u_account_balance/g11898                 B v -> Y ^   NOR2X1    0.671   4.524    11.709  
      u_account_balance/balance_db_reg[14][6]  -            SDFFQX1   0.000   4.524    11.709  
      -----------------------------------------------------------------------------------------
     Clock Rise Edge                      0.000
     + Source Insertion Delay             0.010
     = Beginpoint Arrival Time            0.010
     Other End Path:
      ----------------------------------------------------------------------------------
      Instance                                 Arc    Cell     Retime  Arrival  Required  
                                                               Delay   Time     Time  
      ----------------------------------------------------------------------------------
      -                                        clk ^  -        -       0.010    -7.175  
      u_account_balance/balance_db_reg[14][6]  -      SDFFQX1  0.000   0.010    -7.175  
      ----------------------------------------------------------------------------------
Path 41: MET Setup Check with Pin u_account_balance/balance_db_reg[14][5]/CK 
Endpoint:   u_account_balance/balance_db_reg[14][5]/SE (^) checked with  leading edge of 'clk'
Beginpoint: u_vehicle_interface/id_to_check_reg[0]/Q   (v) triggered by  leading edge of 'clk'
Path Groups: {clk}
Retime Analysis { Data Path-Slew }
Other End Arrival Time          0.010
- Setup                         0.301
+ Phase Shift                  12.000
= Required Time                11.709
- Arrival Time                  4.524
= Slack Time                    7.185
= Slack Time(original)          7.104
     Clock Rise Edge                      0.000
     + Source Insertion Delay             0.010
     = Beginpoint Arrival Time            0.010
     Timing Path:
      -----------------------------------------------------------------------------------------
      Instance                                 Arc          Cell      Retime  Arrival  Required  
                                                                      Delay   Time     Time  
      -----------------------------------------------------------------------------------------
      -                                        clk ^        -         -       0.010    7.195  
      u_vehicle_interface/id_to_check_reg[0]   -            SDFFQX1   0.000   0.010    7.195  
      u_vehicle_interface/id_to_check_reg[0]   CK ^ -> Q v  SDFFQX1   0.567   0.577    7.762  
      u_account_balance/g12137                 -            NOR2XL    0.000   0.577    7.762  
      u_account_balance/g12137                 B v -> Y ^   NOR2XL    0.555   1.132    8.317  
      u_account_balance/g12131                 -            CLKINVX1  0.000   1.132    8.317  
      u_account_balance/g12131                 A ^ -> Y v   CLKINVX1  0.215   1.347    8.532  
      u_account_balance/g12117                 -            NOR2XL    0.000   1.347    8.532  
      u_account_balance/g12117                 B v -> Y ^   NOR2XL    0.651   1.999    9.184  
      u_account_balance/g12032                 -            AOI22X1   0.000   1.999    9.184  
      u_account_balance/g12032                 A1 ^ -> Y v  AOI22X1   0.175   2.174    9.359  
      u_account_balance/g11995                 -            NAND2XL   0.000   2.174    9.359  
      u_account_balance/g11995                 B v -> Y ^   NAND2XL   0.112   2.286    9.471  
      u_account_balance/g11944                 -            AOI211X1  0.000   2.286    9.471  
      u_account_balance/g11944                 B0 ^ -> Y v  AOI211X1  0.067   2.353    9.537  
      u_account_balance/g11936                 -            NOR2XL    0.000   2.353    9.537  
      u_account_balance/g11936                 A v -> Y ^   NOR2XL    0.115   2.468    9.652  
      u_account_balance/g11934                 -            NOR2XL    0.000   2.468    9.652  
      u_account_balance/g11934                 A ^ -> Y v   NOR2XL    0.102   2.570    9.754  
      u_account_balance/g11932                 -            NAND2XL   0.000   2.570    9.754  
      u_account_balance/g11932                 B v -> Y ^   NAND2XL   0.115   2.685    9.869  
      u_account_balance/g11930                 -            NOR2XL    0.000   2.685    9.869  
      u_account_balance/g11930                 B ^ -> Y v   NOR2XL    0.096   2.781    9.966  
      u_account_balance/g11928                 -            NAND2XL   0.000   2.781    9.966  
      u_account_balance/g11928                 B v -> Y ^   NAND2XL   0.159   2.940    10.124  
      u_account_balance/g12145                 -            NOR4BBX1  0.000   2.940    10.124  
      u_account_balance/g12145                 D ^ -> Y v   NOR4BBX1  0.085   3.025    10.210  
      u_account_balance/g11921                 -            NAND3BX1  0.000   3.025    10.210  
      u_account_balance/g11921                 C v -> Y ^   NAND3BX1  0.091   3.116    10.301  
      u_account_balance/g11917                 -            NAND3X1   0.000   3.116    10.301  
      u_account_balance/g11917                 C ^ -> Y v   NAND3X1   0.158   3.274    10.459  
      u_account_balance/g11915                 -            INVX1     0.000   3.274    10.459  
      u_account_balance/g11915                 A v -> Y ^   INVX1     0.090   3.364    10.548  
      u_account_balance/g11912                 -            NAND2XL   0.000   3.364    10.548  
      u_account_balance/g11912                 B ^ -> Y v   NAND2XL   0.156   3.519    10.704  
      u_account_balance/g11909                 -            NOR2XL    0.000   3.519    10.704  
      u_account_balance/g11909                 B v -> Y ^   NOR2XL    0.247   3.766    10.951  
      u_account_balance/g11906                 -            INVX1     0.000   3.766    10.951  
      u_account_balance/g11906                 A ^ -> Y v   INVX1     0.087   3.853    11.038  
      u_account_balance/g11898                 -            NOR2X1    0.000   3.853    11.038  
      u_account_balance/g11898                 B v -> Y ^   NOR2X1    0.671   4.524    11.709  
      u_account_balance/balance_db_reg[14][5]  -            SDFFQX1   0.000   4.524    11.709  
      -----------------------------------------------------------------------------------------
     Clock Rise Edge                      0.000
     + Source Insertion Delay             0.010
     = Beginpoint Arrival Time            0.010
     Other End Path:
      ----------------------------------------------------------------------------------
      Instance                                 Arc    Cell     Retime  Arrival  Required  
                                                               Delay   Time     Time  
      ----------------------------------------------------------------------------------
      -                                        clk ^  -        -       0.010    -7.175  
      u_account_balance/balance_db_reg[14][5]  -      SDFFQX1  0.000   0.010    -7.175  
      ----------------------------------------------------------------------------------
Path 42: MET Setup Check with Pin u_account_balance/balance_db_reg[14][4]/CK 
Endpoint:   u_account_balance/balance_db_reg[14][4]/SE (^) checked with  leading edge of 'clk'
Beginpoint: u_vehicle_interface/id_to_check_reg[0]/Q   (v) triggered by  leading edge of 'clk'
Path Groups: {clk}
Retime Analysis { Data Path-Slew }
Other End Arrival Time          0.010
- Setup                         0.301
+ Phase Shift                  12.000
= Required Time                11.709
- Arrival Time                  4.524
= Slack Time                    7.185
= Slack Time(original)          7.104
     Clock Rise Edge                      0.000
     + Source Insertion Delay             0.010
     = Beginpoint Arrival Time            0.010
     Timing Path:
      -----------------------------------------------------------------------------------------
      Instance                                 Arc          Cell      Retime  Arrival  Required  
                                                                      Delay   Time     Time  
      -----------------------------------------------------------------------------------------
      -                                        clk ^        -         -       0.010    7.195  
      u_vehicle_interface/id_to_check_reg[0]   -            SDFFQX1   0.000   0.010    7.195  
      u_vehicle_interface/id_to_check_reg[0]   CK ^ -> Q v  SDFFQX1   0.567   0.577    7.762  
      u_account_balance/g12137                 -            NOR2XL    0.000   0.577    7.762  
      u_account_balance/g12137                 B v -> Y ^   NOR2XL    0.555   1.132    8.317  
      u_account_balance/g12131                 -            CLKINVX1  0.000   1.132    8.317  
      u_account_balance/g12131                 A ^ -> Y v   CLKINVX1  0.215   1.347    8.532  
      u_account_balance/g12117                 -            NOR2XL    0.000   1.347    8.532  
      u_account_balance/g12117                 B v -> Y ^   NOR2XL    0.651   1.999    9.184  
      u_account_balance/g12032                 -            AOI22X1   0.000   1.999    9.184  
      u_account_balance/g12032                 A1 ^ -> Y v  AOI22X1   0.175   2.174    9.359  
      u_account_balance/g11995                 -            NAND2XL   0.000   2.174    9.359  
      u_account_balance/g11995                 B v -> Y ^   NAND2XL   0.112   2.286    9.471  
      u_account_balance/g11944                 -            AOI211X1  0.000   2.286    9.471  
      u_account_balance/g11944                 B0 ^ -> Y v  AOI211X1  0.067   2.353    9.537  
      u_account_balance/g11936                 -            NOR2XL    0.000   2.353    9.537  
      u_account_balance/g11936                 A v -> Y ^   NOR2XL    0.115   2.468    9.652  
      u_account_balance/g11934                 -            NOR2XL    0.000   2.468    9.652  
      u_account_balance/g11934                 A ^ -> Y v   NOR2XL    0.102   2.570    9.754  
      u_account_balance/g11932                 -            NAND2XL   0.000   2.570    9.754  
      u_account_balance/g11932                 B v -> Y ^   NAND2XL   0.115   2.685    9.869  
      u_account_balance/g11930                 -            NOR2XL    0.000   2.685    9.869  
      u_account_balance/g11930                 B ^ -> Y v   NOR2XL    0.096   2.781    9.966  
      u_account_balance/g11928                 -            NAND2XL   0.000   2.781    9.966  
      u_account_balance/g11928                 B v -> Y ^   NAND2XL   0.159   2.940    10.124  
      u_account_balance/g12145                 -            NOR4BBX1  0.000   2.940    10.124  
      u_account_balance/g12145                 D ^ -> Y v   NOR4BBX1  0.085   3.025    10.210  
      u_account_balance/g11921                 -            NAND3BX1  0.000   3.025    10.210  
      u_account_balance/g11921                 C v -> Y ^   NAND3BX1  0.091   3.116    10.301  
      u_account_balance/g11917                 -            NAND3X1   0.000   3.116    10.301  
      u_account_balance/g11917                 C ^ -> Y v   NAND3X1   0.158   3.274    10.459  
      u_account_balance/g11915                 -            INVX1     0.000   3.274    10.459  
      u_account_balance/g11915                 A v -> Y ^   INVX1     0.090   3.364    10.548  
      u_account_balance/g11912                 -            NAND2XL   0.000   3.364    10.548  
      u_account_balance/g11912                 B ^ -> Y v   NAND2XL   0.156   3.519    10.704  
      u_account_balance/g11909                 -            NOR2XL    0.000   3.519    10.704  
      u_account_balance/g11909                 B v -> Y ^   NOR2XL    0.247   3.766    10.951  
      u_account_balance/g11906                 -            INVX1     0.000   3.766    10.951  
      u_account_balance/g11906                 A ^ -> Y v   INVX1     0.087   3.853    11.038  
      u_account_balance/g11898                 -            NOR2X1    0.000   3.853    11.038  
      u_account_balance/g11898                 B v -> Y ^   NOR2X1    0.671   4.524    11.709  
      u_account_balance/balance_db_reg[14][4]  -            SDFFQX1   0.000   4.524    11.709  
      -----------------------------------------------------------------------------------------
     Clock Rise Edge                      0.000
     + Source Insertion Delay             0.010
     = Beginpoint Arrival Time            0.010
     Other End Path:
      ----------------------------------------------------------------------------------
      Instance                                 Arc    Cell     Retime  Arrival  Required  
                                                               Delay   Time     Time  
      ----------------------------------------------------------------------------------
      -                                        clk ^  -        -       0.010    -7.175  
      u_account_balance/balance_db_reg[14][4]  -      SDFFQX1  0.000   0.010    -7.175  
      ----------------------------------------------------------------------------------
Path 43: MET Setup Check with Pin u_account_balance/balance_db_reg[14][3]/CK 
Endpoint:   u_account_balance/balance_db_reg[14][3]/SE (^) checked with  leading edge of 'clk'
Beginpoint: u_vehicle_interface/id_to_check_reg[0]/Q   (v) triggered by  leading edge of 'clk'
Path Groups: {clk}
Retime Analysis { Data Path-Slew }
Other End Arrival Time          0.010
- Setup                         0.301
+ Phase Shift                  12.000
= Required Time                11.709
- Arrival Time                  4.524
= Slack Time                    7.185
= Slack Time(original)          7.104
     Clock Rise Edge                      0.000
     + Source Insertion Delay             0.010
     = Beginpoint Arrival Time            0.010
     Timing Path:
      -----------------------------------------------------------------------------------------
      Instance                                 Arc          Cell      Retime  Arrival  Required  
                                                                      Delay   Time     Time  
      -----------------------------------------------------------------------------------------
      -                                        clk ^        -         -       0.010    7.195  
      u_vehicle_interface/id_to_check_reg[0]   -            SDFFQX1   0.000   0.010    7.195  
      u_vehicle_interface/id_to_check_reg[0]   CK ^ -> Q v  SDFFQX1   0.567   0.577    7.762  
      u_account_balance/g12137                 -            NOR2XL    0.000   0.577    7.762  
      u_account_balance/g12137                 B v -> Y ^   NOR2XL    0.555   1.132    8.317  
      u_account_balance/g12131                 -            CLKINVX1  0.000   1.132    8.317  
      u_account_balance/g12131                 A ^ -> Y v   CLKINVX1  0.215   1.347    8.532  
      u_account_balance/g12117                 -            NOR2XL    0.000   1.347    8.532  
      u_account_balance/g12117                 B v -> Y ^   NOR2XL    0.651   1.999    9.184  
      u_account_balance/g12032                 -            AOI22X1   0.000   1.999    9.184  
      u_account_balance/g12032                 A1 ^ -> Y v  AOI22X1   0.175   2.174    9.359  
      u_account_balance/g11995                 -            NAND2XL   0.000   2.174    9.359  
      u_account_balance/g11995                 B v -> Y ^   NAND2XL   0.112   2.286    9.471  
      u_account_balance/g11944                 -            AOI211X1  0.000   2.286    9.471  
      u_account_balance/g11944                 B0 ^ -> Y v  AOI211X1  0.067   2.353    9.537  
      u_account_balance/g11936                 -            NOR2XL    0.000   2.353    9.537  
      u_account_balance/g11936                 A v -> Y ^   NOR2XL    0.115   2.468    9.652  
      u_account_balance/g11934                 -            NOR2XL    0.000   2.468    9.652  
      u_account_balance/g11934                 A ^ -> Y v   NOR2XL    0.102   2.570    9.754  
      u_account_balance/g11932                 -            NAND2XL   0.000   2.570    9.754  
      u_account_balance/g11932                 B v -> Y ^   NAND2XL   0.115   2.685    9.869  
      u_account_balance/g11930                 -            NOR2XL    0.000   2.685    9.869  
      u_account_balance/g11930                 B ^ -> Y v   NOR2XL    0.096   2.781    9.966  
      u_account_balance/g11928                 -            NAND2XL   0.000   2.781    9.966  
      u_account_balance/g11928                 B v -> Y ^   NAND2XL   0.159   2.940    10.124  
      u_account_balance/g12145                 -            NOR4BBX1  0.000   2.940    10.124  
      u_account_balance/g12145                 D ^ -> Y v   NOR4BBX1  0.085   3.025    10.210  
      u_account_balance/g11921                 -            NAND3BX1  0.000   3.025    10.210  
      u_account_balance/g11921                 C v -> Y ^   NAND3BX1  0.091   3.116    10.301  
      u_account_balance/g11917                 -            NAND3X1   0.000   3.116    10.301  
      u_account_balance/g11917                 C ^ -> Y v   NAND3X1   0.158   3.274    10.459  
      u_account_balance/g11915                 -            INVX1     0.000   3.274    10.459  
      u_account_balance/g11915                 A v -> Y ^   INVX1     0.090   3.364    10.548  
      u_account_balance/g11912                 -            NAND2XL   0.000   3.364    10.548  
      u_account_balance/g11912                 B ^ -> Y v   NAND2XL   0.156   3.519    10.704  
      u_account_balance/g11909                 -            NOR2XL    0.000   3.519    10.704  
      u_account_balance/g11909                 B v -> Y ^   NOR2XL    0.247   3.766    10.951  
      u_account_balance/g11906                 -            INVX1     0.000   3.766    10.951  
      u_account_balance/g11906                 A ^ -> Y v   INVX1     0.087   3.853    11.038  
      u_account_balance/g11898                 -            NOR2X1    0.000   3.853    11.038  
      u_account_balance/g11898                 B v -> Y ^   NOR2X1    0.671   4.524    11.709  
      u_account_balance/balance_db_reg[14][3]  -            SDFFQX1   0.000   4.524    11.709  
      -----------------------------------------------------------------------------------------
     Clock Rise Edge                      0.000
     + Source Insertion Delay             0.010
     = Beginpoint Arrival Time            0.010
     Other End Path:
      ----------------------------------------------------------------------------------
      Instance                                 Arc    Cell     Retime  Arrival  Required  
                                                               Delay   Time     Time  
      ----------------------------------------------------------------------------------
      -                                        clk ^  -        -       0.010    -7.175  
      u_account_balance/balance_db_reg[14][3]  -      SDFFQX1  0.000   0.010    -7.175  
      ----------------------------------------------------------------------------------
Path 44: MET Setup Check with Pin u_account_balance/balance_db_reg[14][2]/CK 
Endpoint:   u_account_balance/balance_db_reg[14][2]/SE (^) checked with  leading edge of 'clk'
Beginpoint: u_vehicle_interface/id_to_check_reg[0]/Q   (v) triggered by  leading edge of 'clk'
Path Groups: {clk}
Retime Analysis { Data Path-Slew }
Other End Arrival Time          0.010
- Setup                         0.301
+ Phase Shift                  12.000
= Required Time                11.709
- Arrival Time                  4.524
= Slack Time                    7.185
= Slack Time(original)          7.104
     Clock Rise Edge                      0.000
     + Source Insertion Delay             0.010
     = Beginpoint Arrival Time            0.010
     Timing Path:
      -----------------------------------------------------------------------------------------
      Instance                                 Arc          Cell      Retime  Arrival  Required  
                                                                      Delay   Time     Time  
      -----------------------------------------------------------------------------------------
      -                                        clk ^        -         -       0.010    7.195  
      u_vehicle_interface/id_to_check_reg[0]   -            SDFFQX1   0.000   0.010    7.195  
      u_vehicle_interface/id_to_check_reg[0]   CK ^ -> Q v  SDFFQX1   0.567   0.577    7.762  
      u_account_balance/g12137                 -            NOR2XL    0.000   0.577    7.762  
      u_account_balance/g12137                 B v -> Y ^   NOR2XL    0.555   1.132    8.317  
      u_account_balance/g12131                 -            CLKINVX1  0.000   1.132    8.317  
      u_account_balance/g12131                 A ^ -> Y v   CLKINVX1  0.215   1.347    8.532  
      u_account_balance/g12117                 -            NOR2XL    0.000   1.347    8.532  
      u_account_balance/g12117                 B v -> Y ^   NOR2XL    0.651   1.999    9.184  
      u_account_balance/g12032                 -            AOI22X1   0.000   1.999    9.184  
      u_account_balance/g12032                 A1 ^ -> Y v  AOI22X1   0.175   2.174    9.359  
      u_account_balance/g11995                 -            NAND2XL   0.000   2.174    9.359  
      u_account_balance/g11995                 B v -> Y ^   NAND2XL   0.112   2.286    9.471  
      u_account_balance/g11944                 -            AOI211X1  0.000   2.286    9.471  
      u_account_balance/g11944                 B0 ^ -> Y v  AOI211X1  0.067   2.353    9.537  
      u_account_balance/g11936                 -            NOR2XL    0.000   2.353    9.537  
      u_account_balance/g11936                 A v -> Y ^   NOR2XL    0.115   2.468    9.652  
      u_account_balance/g11934                 -            NOR2XL    0.000   2.468    9.652  
      u_account_balance/g11934                 A ^ -> Y v   NOR2XL    0.102   2.570    9.754  
      u_account_balance/g11932                 -            NAND2XL   0.000   2.570    9.754  
      u_account_balance/g11932                 B v -> Y ^   NAND2XL   0.115   2.685    9.869  
      u_account_balance/g11930                 -            NOR2XL    0.000   2.685    9.869  
      u_account_balance/g11930                 B ^ -> Y v   NOR2XL    0.096   2.781    9.966  
      u_account_balance/g11928                 -            NAND2XL   0.000   2.781    9.966  
      u_account_balance/g11928                 B v -> Y ^   NAND2XL   0.159   2.940    10.124  
      u_account_balance/g12145                 -            NOR4BBX1  0.000   2.940    10.124  
      u_account_balance/g12145                 D ^ -> Y v   NOR4BBX1  0.085   3.025    10.210  
      u_account_balance/g11921                 -            NAND3BX1  0.000   3.025    10.210  
      u_account_balance/g11921                 C v -> Y ^   NAND3BX1  0.091   3.116    10.301  
      u_account_balance/g11917                 -            NAND3X1   0.000   3.116    10.301  
      u_account_balance/g11917                 C ^ -> Y v   NAND3X1   0.158   3.274    10.459  
      u_account_balance/g11915                 -            INVX1     0.000   3.274    10.459  
      u_account_balance/g11915                 A v -> Y ^   INVX1     0.090   3.364    10.548  
      u_account_balance/g11912                 -            NAND2XL   0.000   3.364    10.548  
      u_account_balance/g11912                 B ^ -> Y v   NAND2XL   0.156   3.519    10.704  
      u_account_balance/g11909                 -            NOR2XL    0.000   3.519    10.704  
      u_account_balance/g11909                 B v -> Y ^   NOR2XL    0.247   3.766    10.951  
      u_account_balance/g11906                 -            INVX1     0.000   3.766    10.951  
      u_account_balance/g11906                 A ^ -> Y v   INVX1     0.087   3.853    11.038  
      u_account_balance/g11898                 -            NOR2X1    0.000   3.853    11.038  
      u_account_balance/g11898                 B v -> Y ^   NOR2X1    0.671   4.524    11.709  
      u_account_balance/balance_db_reg[14][2]  -            SDFFQX1   0.000   4.524    11.709  
      -----------------------------------------------------------------------------------------
     Clock Rise Edge                      0.000
     + Source Insertion Delay             0.010
     = Beginpoint Arrival Time            0.010
     Other End Path:
      ----------------------------------------------------------------------------------
      Instance                                 Arc    Cell     Retime  Arrival  Required  
                                                               Delay   Time     Time  
      ----------------------------------------------------------------------------------
      -                                        clk ^  -        -       0.010    -7.175  
      u_account_balance/balance_db_reg[14][2]  -      SDFFQX1  0.000   0.010    -7.175  
      ----------------------------------------------------------------------------------
Path 45: MET Setup Check with Pin u_account_balance/balance_db_reg[14][1]/CK 
Endpoint:   u_account_balance/balance_db_reg[14][1]/SE (^) checked with  leading edge of 'clk'
Beginpoint: u_vehicle_interface/id_to_check_reg[0]/Q   (v) triggered by  leading edge of 'clk'
Path Groups: {clk}
Retime Analysis { Data Path-Slew }
Other End Arrival Time          0.010
- Setup                         0.301
+ Phase Shift                  12.000
= Required Time                11.709
- Arrival Time                  4.524
= Slack Time                    7.185
= Slack Time(original)          7.104
     Clock Rise Edge                      0.000
     + Source Insertion Delay             0.010
     = Beginpoint Arrival Time            0.010
     Timing Path:
      -----------------------------------------------------------------------------------------
      Instance                                 Arc          Cell      Retime  Arrival  Required  
                                                                      Delay   Time     Time  
      -----------------------------------------------------------------------------------------
      -                                        clk ^        -         -       0.010    7.195  
      u_vehicle_interface/id_to_check_reg[0]   -            SDFFQX1   0.000   0.010    7.195  
      u_vehicle_interface/id_to_check_reg[0]   CK ^ -> Q v  SDFFQX1   0.567   0.577    7.762  
      u_account_balance/g12137                 -            NOR2XL    0.000   0.577    7.762  
      u_account_balance/g12137                 B v -> Y ^   NOR2XL    0.555   1.132    8.317  
      u_account_balance/g12131                 -            CLKINVX1  0.000   1.132    8.317  
      u_account_balance/g12131                 A ^ -> Y v   CLKINVX1  0.215   1.347    8.532  
      u_account_balance/g12117                 -            NOR2XL    0.000   1.347    8.532  
      u_account_balance/g12117                 B v -> Y ^   NOR2XL    0.651   1.999    9.184  
      u_account_balance/g12032                 -            AOI22X1   0.000   1.999    9.184  
      u_account_balance/g12032                 A1 ^ -> Y v  AOI22X1   0.175   2.174    9.359  
      u_account_balance/g11995                 -            NAND2XL   0.000   2.174    9.359  
      u_account_balance/g11995                 B v -> Y ^   NAND2XL   0.112   2.286    9.471  
      u_account_balance/g11944                 -            AOI211X1  0.000   2.286    9.471  
      u_account_balance/g11944                 B0 ^ -> Y v  AOI211X1  0.067   2.353    9.537  
      u_account_balance/g11936                 -            NOR2XL    0.000   2.353    9.537  
      u_account_balance/g11936                 A v -> Y ^   NOR2XL    0.115   2.468    9.652  
      u_account_balance/g11934                 -            NOR2XL    0.000   2.468    9.652  
      u_account_balance/g11934                 A ^ -> Y v   NOR2XL    0.102   2.570    9.754  
      u_account_balance/g11932                 -            NAND2XL   0.000   2.570    9.754  
      u_account_balance/g11932                 B v -> Y ^   NAND2XL   0.115   2.685    9.869  
      u_account_balance/g11930                 -            NOR2XL    0.000   2.685    9.869  
      u_account_balance/g11930                 B ^ -> Y v   NOR2XL    0.096   2.781    9.966  
      u_account_balance/g11928                 -            NAND2XL   0.000   2.781    9.966  
      u_account_balance/g11928                 B v -> Y ^   NAND2XL   0.159   2.940    10.124  
      u_account_balance/g12145                 -            NOR4BBX1  0.000   2.940    10.124  
      u_account_balance/g12145                 D ^ -> Y v   NOR4BBX1  0.085   3.025    10.210  
      u_account_balance/g11921                 -            NAND3BX1  0.000   3.025    10.210  
      u_account_balance/g11921                 C v -> Y ^   NAND3BX1  0.091   3.116    10.301  
      u_account_balance/g11917                 -            NAND3X1   0.000   3.116    10.301  
      u_account_balance/g11917                 C ^ -> Y v   NAND3X1   0.158   3.274    10.459  
      u_account_balance/g11915                 -            INVX1     0.000   3.274    10.459  
      u_account_balance/g11915                 A v -> Y ^   INVX1     0.090   3.364    10.548  
      u_account_balance/g11912                 -            NAND2XL   0.000   3.364    10.548  
      u_account_balance/g11912                 B ^ -> Y v   NAND2XL   0.156   3.519    10.704  
      u_account_balance/g11909                 -            NOR2XL    0.000   3.519    10.704  
      u_account_balance/g11909                 B v -> Y ^   NOR2XL    0.247   3.766    10.951  
      u_account_balance/g11906                 -            INVX1     0.000   3.766    10.951  
      u_account_balance/g11906                 A ^ -> Y v   INVX1     0.087   3.853    11.038  
      u_account_balance/g11898                 -            NOR2X1    0.000   3.853    11.038  
      u_account_balance/g11898                 B v -> Y ^   NOR2X1    0.671   4.524    11.709  
      u_account_balance/balance_db_reg[14][1]  -            SDFFQX1   0.000   4.524    11.709  
      -----------------------------------------------------------------------------------------
     Clock Rise Edge                      0.000
     + Source Insertion Delay             0.010
     = Beginpoint Arrival Time            0.010
     Other End Path:
      ----------------------------------------------------------------------------------
      Instance                                 Arc    Cell     Retime  Arrival  Required  
                                                               Delay   Time     Time  
      ----------------------------------------------------------------------------------
      -                                        clk ^  -        -       0.010    -7.175  
      u_account_balance/balance_db_reg[14][1]  -      SDFFQX1  0.000   0.010    -7.175  
      ----------------------------------------------------------------------------------
Path 46: MET Setup Check with Pin u_account_balance/balance_db_reg[10][15]/CK 
Endpoint:   u_account_balance/balance_db_reg[10][15]/SE (^) checked with  leading edge of 'clk'
Beginpoint: u_vehicle_interface/id_to_check_reg[0]/Q    (v) triggered by  leading edge of 'clk'
Path Groups: {clk}
Retime Analysis { Data Path-Slew }
Other End Arrival Time          0.010
- Setup                         0.301
+ Phase Shift                  12.000
= Required Time                11.709
- Arrival Time                  4.524
= Slack Time                    7.185
= Slack Time(original)          7.104
     Clock Rise Edge                      0.000
     + Source Insertion Delay             0.010
     = Beginpoint Arrival Time            0.010
     Timing Path:
      ------------------------------------------------------------------------------------------
      Instance                                  Arc          Cell      Retime  Arrival  Required  
                                                                       Delay   Time     Time  
      ------------------------------------------------------------------------------------------
      -                                         clk ^        -         -       0.010    7.195  
      u_vehicle_interface/id_to_check_reg[0]    -            SDFFQX1   0.000   0.010    7.195  
      u_vehicle_interface/id_to_check_reg[0]    CK ^ -> Q v  SDFFQX1   0.567   0.577    7.762  
      u_account_balance/g12137                  -            NOR2XL    0.000   0.577    7.762  
      u_account_balance/g12137                  B v -> Y ^   NOR2XL    0.555   1.132    8.317  
      u_account_balance/g12131                  -            CLKINVX1  0.000   1.132    8.317  
      u_account_balance/g12131                  A ^ -> Y v   CLKINVX1  0.215   1.347    8.532  
      u_account_balance/g12117                  -            NOR2XL    0.000   1.347    8.532  
      u_account_balance/g12117                  B v -> Y ^   NOR2XL    0.651   1.999    9.184  
      u_account_balance/g12032                  -            AOI22X1   0.000   1.999    9.184  
      u_account_balance/g12032                  A1 ^ -> Y v  AOI22X1   0.175   2.174    9.359  
      u_account_balance/g11995                  -            NAND2XL   0.000   2.174    9.359  
      u_account_balance/g11995                  B v -> Y ^   NAND2XL   0.112   2.286    9.471  
      u_account_balance/g11944                  -            AOI211X1  0.000   2.286    9.471  
      u_account_balance/g11944                  B0 ^ -> Y v  AOI211X1  0.067   2.353    9.537  
      u_account_balance/g11936                  -            NOR2XL    0.000   2.353    9.537  
      u_account_balance/g11936                  A v -> Y ^   NOR2XL    0.115   2.468    9.652  
      u_account_balance/g11934                  -            NOR2XL    0.000   2.468    9.652  
      u_account_balance/g11934                  A ^ -> Y v   NOR2XL    0.102   2.570    9.754  
      u_account_balance/g11932                  -            NAND2XL   0.000   2.570    9.754  
      u_account_balance/g11932                  B v -> Y ^   NAND2XL   0.115   2.685    9.870  
      u_account_balance/g11930                  -            NOR2XL    0.000   2.685    9.870  
      u_account_balance/g11930                  B ^ -> Y v   NOR2XL    0.096   2.781    9.966  
      u_account_balance/g11928                  -            NAND2XL   0.000   2.781    9.966  
      u_account_balance/g11928                  B v -> Y ^   NAND2XL   0.159   2.940    10.125  
      u_account_balance/g12145                  -            NOR4BBX1  0.000   2.940    10.125  
      u_account_balance/g12145                  D ^ -> Y v   NOR4BBX1  0.085   3.025    10.210  
      u_account_balance/g11921                  -            NAND3BX1  0.000   3.025    10.210  
      u_account_balance/g11921                  C v -> Y ^   NAND3BX1  0.091   3.116    10.301  
      u_account_balance/g11917                  -            NAND3X1   0.000   3.116    10.301  
      u_account_balance/g11917                  C ^ -> Y v   NAND3X1   0.158   3.274    10.459  
      u_account_balance/g11915                  -            INVX1     0.000   3.274    10.459  
      u_account_balance/g11915                  A v -> Y ^   INVX1     0.090   3.364    10.548  
      u_account_balance/g11912                  -            NAND2XL   0.000   3.364    10.548  
      u_account_balance/g11912                  B ^ -> Y v   NAND2XL   0.156   3.519    10.704  
      u_account_balance/g11909                  -            NOR2XL    0.000   3.519    10.704  
      u_account_balance/g11909                  B v -> Y ^   NOR2XL    0.247   3.766    10.951  
      u_account_balance/g11906                  -            INVX1     0.000   3.766    10.951  
      u_account_balance/g11906                  A ^ -> Y v   INVX1     0.087   3.853    11.038  
      u_account_balance/g11899                  -            NOR2X1    0.000   3.853    11.038  
      u_account_balance/g11899                  B v -> Y ^   NOR2X1    0.671   4.524    11.709  
      u_account_balance/balance_db_reg[10][15]  -            SDFFQX1   0.000   4.524    11.709  
      ------------------------------------------------------------------------------------------
     Clock Rise Edge                      0.000
     + Source Insertion Delay             0.010
     = Beginpoint Arrival Time            0.010
     Other End Path:
      -----------------------------------------------------------------------------------
      Instance                                  Arc    Cell     Retime  Arrival  Required  
                                                                Delay   Time     Time  
      -----------------------------------------------------------------------------------
      -                                         clk ^  -        -       0.010    -7.175  
      u_account_balance/balance_db_reg[10][15]  -      SDFFQX1  0.000   0.010    -7.175  
      -----------------------------------------------------------------------------------
Path 47: MET Setup Check with Pin u_account_balance/balance_db_reg[10][14]/CK 
Endpoint:   u_account_balance/balance_db_reg[10][14]/SE (^) checked with  leading edge of 'clk'
Beginpoint: u_vehicle_interface/id_to_check_reg[0]/Q    (v) triggered by  leading edge of 'clk'
Path Groups: {clk}
Retime Analysis { Data Path-Slew }
Other End Arrival Time          0.010
- Setup                         0.301
+ Phase Shift                  12.000
= Required Time                11.709
- Arrival Time                  4.524
= Slack Time                    7.185
= Slack Time(original)          7.104
     Clock Rise Edge                      0.000
     + Source Insertion Delay             0.010
     = Beginpoint Arrival Time            0.010
     Timing Path:
      ------------------------------------------------------------------------------------------
      Instance                                  Arc          Cell      Retime  Arrival  Required  
                                                                       Delay   Time     Time  
      ------------------------------------------------------------------------------------------
      -                                         clk ^        -         -       0.010    7.195  
      u_vehicle_interface/id_to_check_reg[0]    -            SDFFQX1   0.000   0.010    7.195  
      u_vehicle_interface/id_to_check_reg[0]    CK ^ -> Q v  SDFFQX1   0.567   0.577    7.762  
      u_account_balance/g12137                  -            NOR2XL    0.000   0.577    7.762  
      u_account_balance/g12137                  B v -> Y ^   NOR2XL    0.555   1.132    8.317  
      u_account_balance/g12131                  -            CLKINVX1  0.000   1.132    8.317  
      u_account_balance/g12131                  A ^ -> Y v   CLKINVX1  0.215   1.347    8.532  
      u_account_balance/g12117                  -            NOR2XL    0.000   1.347    8.532  
      u_account_balance/g12117                  B v -> Y ^   NOR2XL    0.651   1.999    9.184  
      u_account_balance/g12032                  -            AOI22X1   0.000   1.999    9.184  
      u_account_balance/g12032                  A1 ^ -> Y v  AOI22X1   0.175   2.174    9.359  
      u_account_balance/g11995                  -            NAND2XL   0.000   2.174    9.359  
      u_account_balance/g11995                  B v -> Y ^   NAND2XL   0.112   2.286    9.471  
      u_account_balance/g11944                  -            AOI211X1  0.000   2.286    9.471  
      u_account_balance/g11944                  B0 ^ -> Y v  AOI211X1  0.067   2.353    9.537  
      u_account_balance/g11936                  -            NOR2XL    0.000   2.353    9.537  
      u_account_balance/g11936                  A v -> Y ^   NOR2XL    0.115   2.468    9.652  
      u_account_balance/g11934                  -            NOR2XL    0.000   2.468    9.652  
      u_account_balance/g11934                  A ^ -> Y v   NOR2XL    0.102   2.570    9.754  
      u_account_balance/g11932                  -            NAND2XL   0.000   2.570    9.754  
      u_account_balance/g11932                  B v -> Y ^   NAND2XL   0.115   2.685    9.870  
      u_account_balance/g11930                  -            NOR2XL    0.000   2.685    9.870  
      u_account_balance/g11930                  B ^ -> Y v   NOR2XL    0.096   2.781    9.966  
      u_account_balance/g11928                  -            NAND2XL   0.000   2.781    9.966  
      u_account_balance/g11928                  B v -> Y ^   NAND2XL   0.159   2.940    10.125  
      u_account_balance/g12145                  -            NOR4BBX1  0.000   2.940    10.125  
      u_account_balance/g12145                  D ^ -> Y v   NOR4BBX1  0.085   3.025    10.210  
      u_account_balance/g11921                  -            NAND3BX1  0.000   3.025    10.210  
      u_account_balance/g11921                  C v -> Y ^   NAND3BX1  0.091   3.116    10.301  
      u_account_balance/g11917                  -            NAND3X1   0.000   3.116    10.301  
      u_account_balance/g11917                  C ^ -> Y v   NAND3X1   0.158   3.274    10.459  
      u_account_balance/g11915                  -            INVX1     0.000   3.274    10.459  
      u_account_balance/g11915                  A v -> Y ^   INVX1     0.090   3.364    10.548  
      u_account_balance/g11912                  -            NAND2XL   0.000   3.364    10.548  
      u_account_balance/g11912                  B ^ -> Y v   NAND2XL   0.156   3.519    10.704  
      u_account_balance/g11909                  -            NOR2XL    0.000   3.519    10.704  
      u_account_balance/g11909                  B v -> Y ^   NOR2XL    0.247   3.766    10.951  
      u_account_balance/g11906                  -            INVX1     0.000   3.766    10.951  
      u_account_balance/g11906                  A ^ -> Y v   INVX1     0.087   3.853    11.038  
      u_account_balance/g11899                  -            NOR2X1    0.000   3.853    11.038  
      u_account_balance/g11899                  B v -> Y ^   NOR2X1    0.671   4.524    11.709  
      u_account_balance/balance_db_reg[10][14]  -            SDFFQX1   0.000   4.524    11.709  
      ------------------------------------------------------------------------------------------
     Clock Rise Edge                      0.000
     + Source Insertion Delay             0.010
     = Beginpoint Arrival Time            0.010
     Other End Path:
      -----------------------------------------------------------------------------------
      Instance                                  Arc    Cell     Retime  Arrival  Required  
                                                                Delay   Time     Time  
      -----------------------------------------------------------------------------------
      -                                         clk ^  -        -       0.010    -7.175  
      u_account_balance/balance_db_reg[10][14]  -      SDFFQX1  0.000   0.010    -7.175  
      -----------------------------------------------------------------------------------
Path 48: MET Setup Check with Pin u_account_balance/balance_db_reg[10][13]/CK 
Endpoint:   u_account_balance/balance_db_reg[10][13]/SE (^) checked with  leading edge of 'clk'
Beginpoint: u_vehicle_interface/id_to_check_reg[0]/Q    (v) triggered by  leading edge of 'clk'
Path Groups: {clk}
Retime Analysis { Data Path-Slew }
Other End Arrival Time          0.010
- Setup                         0.301
+ Phase Shift                  12.000
= Required Time                11.709
- Arrival Time                  4.524
= Slack Time                    7.185
= Slack Time(original)          7.104
     Clock Rise Edge                      0.000
     + Source Insertion Delay             0.010
     = Beginpoint Arrival Time            0.010
     Timing Path:
      ------------------------------------------------------------------------------------------
      Instance                                  Arc          Cell      Retime  Arrival  Required  
                                                                       Delay   Time     Time  
      ------------------------------------------------------------------------------------------
      -                                         clk ^        -         -       0.010    7.195  
      u_vehicle_interface/id_to_check_reg[0]    -            SDFFQX1   0.000   0.010    7.195  
      u_vehicle_interface/id_to_check_reg[0]    CK ^ -> Q v  SDFFQX1   0.567   0.577    7.762  
      u_account_balance/g12137                  -            NOR2XL    0.000   0.577    7.762  
      u_account_balance/g12137                  B v -> Y ^   NOR2XL    0.555   1.132    8.317  
      u_account_balance/g12131                  -            CLKINVX1  0.000   1.132    8.317  
      u_account_balance/g12131                  A ^ -> Y v   CLKINVX1  0.215   1.347    8.532  
      u_account_balance/g12117                  -            NOR2XL    0.000   1.347    8.532  
      u_account_balance/g12117                  B v -> Y ^   NOR2XL    0.651   1.999    9.184  
      u_account_balance/g12032                  -            AOI22X1   0.000   1.999    9.184  
      u_account_balance/g12032                  A1 ^ -> Y v  AOI22X1   0.175   2.174    9.359  
      u_account_balance/g11995                  -            NAND2XL   0.000   2.174    9.359  
      u_account_balance/g11995                  B v -> Y ^   NAND2XL   0.112   2.286    9.471  
      u_account_balance/g11944                  -            AOI211X1  0.000   2.286    9.471  
      u_account_balance/g11944                  B0 ^ -> Y v  AOI211X1  0.067   2.353    9.537  
      u_account_balance/g11936                  -            NOR2XL    0.000   2.353    9.537  
      u_account_balance/g11936                  A v -> Y ^   NOR2XL    0.115   2.468    9.652  
      u_account_balance/g11934                  -            NOR2XL    0.000   2.468    9.652  
      u_account_balance/g11934                  A ^ -> Y v   NOR2XL    0.102   2.570    9.754  
      u_account_balance/g11932                  -            NAND2XL   0.000   2.570    9.754  
      u_account_balance/g11932                  B v -> Y ^   NAND2XL   0.115   2.685    9.870  
      u_account_balance/g11930                  -            NOR2XL    0.000   2.685    9.870  
      u_account_balance/g11930                  B ^ -> Y v   NOR2XL    0.096   2.781    9.966  
      u_account_balance/g11928                  -            NAND2XL   0.000   2.781    9.966  
      u_account_balance/g11928                  B v -> Y ^   NAND2XL   0.159   2.940    10.125  
      u_account_balance/g12145                  -            NOR4BBX1  0.000   2.940    10.125  
      u_account_balance/g12145                  D ^ -> Y v   NOR4BBX1  0.085   3.025    10.210  
      u_account_balance/g11921                  -            NAND3BX1  0.000   3.025    10.210  
      u_account_balance/g11921                  C v -> Y ^   NAND3BX1  0.091   3.116    10.301  
      u_account_balance/g11917                  -            NAND3X1   0.000   3.116    10.301  
      u_account_balance/g11917                  C ^ -> Y v   NAND3X1   0.158   3.274    10.459  
      u_account_balance/g11915                  -            INVX1     0.000   3.274    10.459  
      u_account_balance/g11915                  A v -> Y ^   INVX1     0.090   3.364    10.548  
      u_account_balance/g11912                  -            NAND2XL   0.000   3.364    10.548  
      u_account_balance/g11912                  B ^ -> Y v   NAND2XL   0.156   3.519    10.704  
      u_account_balance/g11909                  -            NOR2XL    0.000   3.519    10.704  
      u_account_balance/g11909                  B v -> Y ^   NOR2XL    0.247   3.766    10.951  
      u_account_balance/g11906                  -            INVX1     0.000   3.766    10.951  
      u_account_balance/g11906                  A ^ -> Y v   INVX1     0.087   3.853    11.038  
      u_account_balance/g11899                  -            NOR2X1    0.000   3.853    11.038  
      u_account_balance/g11899                  B v -> Y ^   NOR2X1    0.671   4.524    11.709  
      u_account_balance/balance_db_reg[10][13]  -            SDFFQX1   0.000   4.524    11.709  
      ------------------------------------------------------------------------------------------
     Clock Rise Edge                      0.000
     + Source Insertion Delay             0.010
     = Beginpoint Arrival Time            0.010
     Other End Path:
      -----------------------------------------------------------------------------------
      Instance                                  Arc    Cell     Retime  Arrival  Required  
                                                                Delay   Time     Time  
      -----------------------------------------------------------------------------------
      -                                         clk ^  -        -       0.010    -7.175  
      u_account_balance/balance_db_reg[10][13]  -      SDFFQX1  0.000   0.010    -7.175  
      -----------------------------------------------------------------------------------
Path 49: MET Setup Check with Pin u_account_balance/balance_db_reg[10][12]/CK 
Endpoint:   u_account_balance/balance_db_reg[10][12]/SE (^) checked with  leading edge of 'clk'
Beginpoint: u_vehicle_interface/id_to_check_reg[0]/Q    (v) triggered by  leading edge of 'clk'
Path Groups: {clk}
Retime Analysis { Data Path-Slew }
Other End Arrival Time          0.010
- Setup                         0.301
+ Phase Shift                  12.000
= Required Time                11.709
- Arrival Time                  4.524
= Slack Time                    7.185
= Slack Time(original)          7.104
     Clock Rise Edge                      0.000
     + Source Insertion Delay             0.010
     = Beginpoint Arrival Time            0.010
     Timing Path:
      ------------------------------------------------------------------------------------------
      Instance                                  Arc          Cell      Retime  Arrival  Required  
                                                                       Delay   Time     Time  
      ------------------------------------------------------------------------------------------
      -                                         clk ^        -         -       0.010    7.195  
      u_vehicle_interface/id_to_check_reg[0]    -            SDFFQX1   0.000   0.010    7.195  
      u_vehicle_interface/id_to_check_reg[0]    CK ^ -> Q v  SDFFQX1   0.567   0.577    7.762  
      u_account_balance/g12137                  -            NOR2XL    0.000   0.577    7.762  
      u_account_balance/g12137                  B v -> Y ^   NOR2XL    0.555   1.132    8.317  
      u_account_balance/g12131                  -            CLKINVX1  0.000   1.132    8.317  
      u_account_balance/g12131                  A ^ -> Y v   CLKINVX1  0.215   1.347    8.532  
      u_account_balance/g12117                  -            NOR2XL    0.000   1.347    8.532  
      u_account_balance/g12117                  B v -> Y ^   NOR2XL    0.651   1.999    9.184  
      u_account_balance/g12032                  -            AOI22X1   0.000   1.999    9.184  
      u_account_balance/g12032                  A1 ^ -> Y v  AOI22X1   0.175   2.174    9.359  
      u_account_balance/g11995                  -            NAND2XL   0.000   2.174    9.359  
      u_account_balance/g11995                  B v -> Y ^   NAND2XL   0.112   2.286    9.471  
      u_account_balance/g11944                  -            AOI211X1  0.000   2.286    9.471  
      u_account_balance/g11944                  B0 ^ -> Y v  AOI211X1  0.067   2.353    9.537  
      u_account_balance/g11936                  -            NOR2XL    0.000   2.353    9.537  
      u_account_balance/g11936                  A v -> Y ^   NOR2XL    0.115   2.468    9.652  
      u_account_balance/g11934                  -            NOR2XL    0.000   2.468    9.652  
      u_account_balance/g11934                  A ^ -> Y v   NOR2XL    0.102   2.570    9.754  
      u_account_balance/g11932                  -            NAND2XL   0.000   2.570    9.754  
      u_account_balance/g11932                  B v -> Y ^   NAND2XL   0.115   2.685    9.870  
      u_account_balance/g11930                  -            NOR2XL    0.000   2.685    9.870  
      u_account_balance/g11930                  B ^ -> Y v   NOR2XL    0.096   2.781    9.966  
      u_account_balance/g11928                  -            NAND2XL   0.000   2.781    9.966  
      u_account_balance/g11928                  B v -> Y ^   NAND2XL   0.159   2.940    10.125  
      u_account_balance/g12145                  -            NOR4BBX1  0.000   2.940    10.125  
      u_account_balance/g12145                  D ^ -> Y v   NOR4BBX1  0.085   3.025    10.210  
      u_account_balance/g11921                  -            NAND3BX1  0.000   3.025    10.210  
      u_account_balance/g11921                  C v -> Y ^   NAND3BX1  0.091   3.116    10.301  
      u_account_balance/g11917                  -            NAND3X1   0.000   3.116    10.301  
      u_account_balance/g11917                  C ^ -> Y v   NAND3X1   0.158   3.274    10.459  
      u_account_balance/g11915                  -            INVX1     0.000   3.274    10.459  
      u_account_balance/g11915                  A v -> Y ^   INVX1     0.090   3.364    10.548  
      u_account_balance/g11912                  -            NAND2XL   0.000   3.364    10.548  
      u_account_balance/g11912                  B ^ -> Y v   NAND2XL   0.156   3.519    10.704  
      u_account_balance/g11909                  -            NOR2XL    0.000   3.519    10.704  
      u_account_balance/g11909                  B v -> Y ^   NOR2XL    0.247   3.766    10.951  
      u_account_balance/g11906                  -            INVX1     0.000   3.766    10.951  
      u_account_balance/g11906                  A ^ -> Y v   INVX1     0.087   3.853    11.038  
      u_account_balance/g11899                  -            NOR2X1    0.000   3.853    11.038  
      u_account_balance/g11899                  B v -> Y ^   NOR2X1    0.671   4.524    11.709  
      u_account_balance/balance_db_reg[10][12]  -            SDFFQX1   0.000   4.524    11.709  
      ------------------------------------------------------------------------------------------
     Clock Rise Edge                      0.000
     + Source Insertion Delay             0.010
     = Beginpoint Arrival Time            0.010
     Other End Path:
      -----------------------------------------------------------------------------------
      Instance                                  Arc    Cell     Retime  Arrival  Required  
                                                                Delay   Time     Time  
      -----------------------------------------------------------------------------------
      -                                         clk ^  -        -       0.010    -7.175  
      u_account_balance/balance_db_reg[10][12]  -      SDFFQX1  0.000   0.010    -7.175  
      -----------------------------------------------------------------------------------
Path 50: MET Setup Check with Pin u_account_balance/balance_db_reg[10][11]/CK 
Endpoint:   u_account_balance/balance_db_reg[10][11]/SE (^) checked with  leading edge of 'clk'
Beginpoint: u_vehicle_interface/id_to_check_reg[0]/Q    (v) triggered by  leading edge of 'clk'
Path Groups: {clk}
Retime Analysis { Data Path-Slew }
Other End Arrival Time          0.010
- Setup                         0.301
+ Phase Shift                  12.000
= Required Time                11.709
- Arrival Time                  4.524
= Slack Time                    7.185
= Slack Time(original)          7.104
     Clock Rise Edge                      0.000
     + Source Insertion Delay             0.010
     = Beginpoint Arrival Time            0.010
     Timing Path:
      ------------------------------------------------------------------------------------------
      Instance                                  Arc          Cell      Retime  Arrival  Required  
                                                                       Delay   Time     Time  
      ------------------------------------------------------------------------------------------
      -                                         clk ^        -         -       0.010    7.195  
      u_vehicle_interface/id_to_check_reg[0]    -            SDFFQX1   0.000   0.010    7.195  
      u_vehicle_interface/id_to_check_reg[0]    CK ^ -> Q v  SDFFQX1   0.567   0.577    7.762  
      u_account_balance/g12137                  -            NOR2XL    0.000   0.577    7.762  
      u_account_balance/g12137                  B v -> Y ^   NOR2XL    0.555   1.132    8.317  
      u_account_balance/g12131                  -            CLKINVX1  0.000   1.132    8.317  
      u_account_balance/g12131                  A ^ -> Y v   CLKINVX1  0.215   1.347    8.532  
      u_account_balance/g12117                  -            NOR2XL    0.000   1.347    8.532  
      u_account_balance/g12117                  B v -> Y ^   NOR2XL    0.651   1.999    9.184  
      u_account_balance/g12032                  -            AOI22X1   0.000   1.999    9.184  
      u_account_balance/g12032                  A1 ^ -> Y v  AOI22X1   0.175   2.174    9.359  
      u_account_balance/g11995                  -            NAND2XL   0.000   2.174    9.359  
      u_account_balance/g11995                  B v -> Y ^   NAND2XL   0.112   2.286    9.471  
      u_account_balance/g11944                  -            AOI211X1  0.000   2.286    9.471  
      u_account_balance/g11944                  B0 ^ -> Y v  AOI211X1  0.067   2.353    9.537  
      u_account_balance/g11936                  -            NOR2XL    0.000   2.353    9.537  
      u_account_balance/g11936                  A v -> Y ^   NOR2XL    0.115   2.468    9.652  
      u_account_balance/g11934                  -            NOR2XL    0.000   2.468    9.652  
      u_account_balance/g11934                  A ^ -> Y v   NOR2XL    0.102   2.570    9.754  
      u_account_balance/g11932                  -            NAND2XL   0.000   2.570    9.754  
      u_account_balance/g11932                  B v -> Y ^   NAND2XL   0.115   2.685    9.870  
      u_account_balance/g11930                  -            NOR2XL    0.000   2.685    9.870  
      u_account_balance/g11930                  B ^ -> Y v   NOR2XL    0.096   2.781    9.966  
      u_account_balance/g11928                  -            NAND2XL   0.000   2.781    9.966  
      u_account_balance/g11928                  B v -> Y ^   NAND2XL   0.159   2.940    10.125  
      u_account_balance/g12145                  -            NOR4BBX1  0.000   2.940    10.125  
      u_account_balance/g12145                  D ^ -> Y v   NOR4BBX1  0.085   3.025    10.210  
      u_account_balance/g11921                  -            NAND3BX1  0.000   3.025    10.210  
      u_account_balance/g11921                  C v -> Y ^   NAND3BX1  0.091   3.116    10.301  
      u_account_balance/g11917                  -            NAND3X1   0.000   3.116    10.301  
      u_account_balance/g11917                  C ^ -> Y v   NAND3X1   0.158   3.274    10.459  
      u_account_balance/g11915                  -            INVX1     0.000   3.274    10.459  
      u_account_balance/g11915                  A v -> Y ^   INVX1     0.090   3.364    10.548  
      u_account_balance/g11912                  -            NAND2XL   0.000   3.364    10.548  
      u_account_balance/g11912                  B ^ -> Y v   NAND2XL   0.156   3.519    10.704  
      u_account_balance/g11909                  -            NOR2XL    0.000   3.519    10.704  
      u_account_balance/g11909                  B v -> Y ^   NOR2XL    0.247   3.766    10.951  
      u_account_balance/g11906                  -            INVX1     0.000   3.766    10.951  
      u_account_balance/g11906                  A ^ -> Y v   INVX1     0.087   3.853    11.038  
      u_account_balance/g11899                  -            NOR2X1    0.000   3.853    11.038  
      u_account_balance/g11899                  B v -> Y ^   NOR2X1    0.671   4.524    11.709  
      u_account_balance/balance_db_reg[10][11]  -            SDFFQX1   0.000   4.524    11.709  
      ------------------------------------------------------------------------------------------
     Clock Rise Edge                      0.000
     + Source Insertion Delay             0.010
     = Beginpoint Arrival Time            0.010
     Other End Path:
      -----------------------------------------------------------------------------------
      Instance                                  Arc    Cell     Retime  Arrival  Required  
                                                                Delay   Time     Time  
      -----------------------------------------------------------------------------------
      -                                         clk ^  -        -       0.010    -7.175  
      u_account_balance/balance_db_reg[10][11]  -      SDFFQX1  0.000   0.010    -7.175  
      -----------------------------------------------------------------------------------

