###############################################################
#  Generated by:      Cadence Innovus 20.10-p004_1
#  OS:                Linux x86_64(Host ID edatools-server2.iiitd.edu.in)
#  Generated on:      Mon Nov 17 02:19:55 2025
#  Design:            toll_gate
#  Command:           report_timing -retime path_slew_propagation -max_path 50 -nworst 50 -path_type full_clock > $report_dir/pba.rpt
###############################################################
Path 1: MET Setup Check with Pin u_account_balance/balance_db_reg[2][11]/CK 
Endpoint:   u_account_balance/balance_db_reg[2][11]/D (^) checked with  leading 
edge of 'clk'
Beginpoint: u_vehicle_interface/id_to_check_reg[3]/Q  (^) triggered by  leading 
edge of 'clk'
Path Groups: {clk}
Analysis View: view1
Retime Analysis { Data Path-Slew }
Other End Arrival Time          0.010
- Setup                         0.299
+ Phase Shift                   5.200
- Uncertainty                   0.010
= Required Time                 4.901
- Arrival Time                  2.974
= Slack Time                    1.927
= Slack Time(original)          1.904
     Clock Rise Edge                      0.000
     + Source Insertion Delay             0.010
     = Beginpoint Arrival Time            0.010
     Timing Path:
     +-------------------------------------------------------------------------------------------------+ 
     |                Instance                 |     Arc     |   Cell    | Retime | Arrival | Required | 
     |                                         |             |           |  Delay |  Time   |   Time   | 
     |-----------------------------------------+-------------+-----------+--------+---------+----------| 
     |                                         | clk ^       |           |        |   0.010 |    1.937 | 
     | u_vehicle_interface/id_to_check_reg[3]  |             | SDFFQX1   |  0.000 |   0.010 |    1.937 | 
     | u_vehicle_interface/id_to_check_reg[3]  | CK ^ -> Q ^ | SDFFQX1   |  0.300 |   0.310 |    2.237 | 
     | g222                                    |             | BUFX6     |  0.000 |   0.310 |    2.237 | 
     | g222                                    | A ^ -> Y ^  | BUFX6     |  0.176 |   0.487 |    2.413 | 
     | u_account_balance/g13463                |             | INVX8     |  0.000 |   0.487 |    2.413 | 
     | u_account_balance/g13463                | A ^ -> Y v  | INVX8     |  0.065 |   0.551 |    2.478 | 
     | u_account_balance/g13456                |             | CLKAND2X3 |  0.000 |   0.551 |    2.478 | 
     | u_account_balance/g13456                | B v -> Y v  | CLKAND2X3 |  0.148 |   0.699 |    2.626 | 
     | u_account_balance/g13449                |             | CLKINVX2  |  0.000 |   0.699 |    2.626 | 
     | u_account_balance/g13449                | A v -> Y ^  | CLKINVX2  |  0.063 |   0.763 |    2.689 | 
     | u_account_balance/g13398                |             | NOR2BXL   |  0.000 |   0.763 |    2.689 | 
     | u_account_balance/g13398                | B ^ -> Y v  | NOR2BXL   |  0.053 |   0.816 |    2.743 | 
     | u_account_balance/g13286                |             | AOI221X1  |  0.000 |   0.816 |    2.743 | 
     | u_account_balance/g13286                | C0 v -> Y ^ | AOI221X1  |  0.109 |   0.925 |    2.852 | 
     | u_account_balance/g13252                |             | NOR2XL    |  0.000 |   0.925 |    2.852 | 
     | u_account_balance/g13252                | B ^ -> Y v  | NOR2XL    |  0.055 |   0.980 |    2.907 | 
     | u_account_balance/g13237                |             | NOR2XL    |  0.000 |   0.980 |    2.907 | 
     | u_account_balance/g13237                | B v -> Y ^  | NOR2XL    |  0.078 |   1.058 |    2.985 | 
     | u_account_balance/g13223                |             | NAND2XL   |  0.000 |   1.058 |    2.985 | 
     | u_account_balance/g13223                | B ^ -> Y v  | NAND2XL   |  0.089 |   1.147 |    3.073 | 
     | u_account_balance/g13210                |             | NOR2X1    |  0.000 |   1.147 |    3.073 | 
     | u_account_balance/g13210                | B v -> Y ^  | NOR2X1    |  0.112 |   1.259 |    3.185 | 
     | u_account_balance/g13194                |             | OAI21X1   |  0.000 |   1.259 |    3.185 | 
     | u_account_balance/g13194                | B0 ^ -> Y v | OAI21X1   |  0.128 |   1.387 |    3.314 | 
     | u_account_balance/g13192                |             | NOR2X1    |  0.000 |   1.387 |    3.314 | 
     | u_account_balance/g13192                | B v -> Y ^  | NOR2X1    |  0.163 |   1.550 |    3.477 | 
     | u_account_balance/g13187                |             | NAND2X1   |  0.000 |   1.550 |    3.477 | 
     | u_account_balance/g13187                | B ^ -> Y v  | NAND2X1   |  0.137 |   1.687 |    3.614 | 
     | u_account_balance/g13184                |             | OR4X1     |  0.000 |   1.687 |    3.614 | 
     | u_account_balance/g13184                | D v -> Y v  | OR4X1     |  0.296 |   1.984 |    3.911 | 
     | u_account_balance/g13179                |             | OR2X1     |  0.000 |   1.984 |    3.911 | 
     | u_account_balance/g13179                | B v -> Y v  | OR2X1     |  0.195 |   2.179 |    4.106 | 
     | u_account_balance/g13170                |             | NAND2X1   |  0.000 |   2.179 |    4.106 | 
     | u_account_balance/g13170                | B v -> Y ^  | NAND2X1   |  0.080 |   2.260 |    4.186 | 
     | u_account_balance/g4361                 |             | OR2X1     |  0.000 |   2.260 |    4.186 | 
     | u_account_balance/g4361                 | B ^ -> Y ^  | OR2X1     |  0.128 |   2.387 |    4.314 | 
     | u_account_balance/g4357                 |             | NAND2XL   |  0.000 |   2.387 |    4.314 | 
     | u_account_balance/g4357                 | B ^ -> Y v  | NAND2XL   |  0.115 |   2.503 |    4.429 | 
     | u_account_balance/g4343                 |             | NAND2XL   |  0.000 |   2.503 |    4.429 | 
     | u_account_balance/g4343                 | A v -> Y ^  | NAND2XL   |  0.270 |   2.773 |    4.700 | 
     | u_account_balance/g4307                 |             | AO22XL    |  0.000 |   2.773 |    4.700 | 
     | u_account_balance/g4307                 | A0 ^ -> Y ^ | AO22XL    |  0.201 |   2.974 |    4.901 | 
     | u_account_balance/balance_db_reg[2][11] |             | SDFFQX1   |  0.000 |   2.974 |    4.901 | 
     +-------------------------------------------------------------------------------------------------+ 
     Clock Rise Edge                      0.000
     + Source Insertion Delay             0.010
     = Beginpoint Arrival Time            0.010
     Other End Path:
     +-----------------------------------------------------------------------------------------+ 
     |                Instance                 |  Arc  |  Cell   | Retime | Arrival | Required | 
     |                                         |       |         |  Delay |  Time   |   Time   | 
     |-----------------------------------------+-------+---------+--------+---------+----------| 
     |                                         | clk ^ |         |        |   0.010 |   -1.917 | 
     | u_account_balance/balance_db_reg[2][11] |       | SDFFQX1 |  0.000 |   0.010 |   -1.917 | 
     +-----------------------------------------------------------------------------------------+ 
Path 2: MET Setup Check with Pin u_account_balance/balance_db_reg[2][9]/CK 
Endpoint:   u_account_balance/balance_db_reg[2][9]/D (^) checked with  leading 
edge of 'clk'
Beginpoint: u_vehicle_interface/id_to_check_reg[3]/Q (^) triggered by  leading 
edge of 'clk'
Path Groups: {clk}
Analysis View: view1
Retime Analysis { Data Path-Slew }
Other End Arrival Time          0.010
- Setup                         0.299
+ Phase Shift                   5.200
- Uncertainty                   0.010
= Required Time                 4.901
- Arrival Time                  2.974
= Slack Time                    1.927
= Slack Time(original)          1.904
     Clock Rise Edge                      0.000
     + Source Insertion Delay             0.010
     = Beginpoint Arrival Time            0.010
     Timing Path:
     +------------------------------------------------------------------------------------------------+ 
     |                Instance                |     Arc     |   Cell    | Retime | Arrival | Required | 
     |                                        |             |           |  Delay |  Time   |   Time   | 
     |----------------------------------------+-------------+-----------+--------+---------+----------| 
     |                                        | clk ^       |           |        |   0.010 |    1.937 | 
     | u_vehicle_interface/id_to_check_reg[3] |             | SDFFQX1   |  0.000 |   0.010 |    1.937 | 
     | u_vehicle_interface/id_to_check_reg[3] | CK ^ -> Q ^ | SDFFQX1   |  0.300 |   0.310 |    2.237 | 
     | g222                                   |             | BUFX6     |  0.000 |   0.310 |    2.237 | 
     | g222                                   | A ^ -> Y ^  | BUFX6     |  0.176 |   0.487 |    2.413 | 
     | u_account_balance/g13463               |             | INVX8     |  0.000 |   0.487 |    2.413 | 
     | u_account_balance/g13463               | A ^ -> Y v  | INVX8     |  0.065 |   0.551 |    2.478 | 
     | u_account_balance/g13456               |             | CLKAND2X3 |  0.000 |   0.551 |    2.478 | 
     | u_account_balance/g13456               | B v -> Y v  | CLKAND2X3 |  0.148 |   0.699 |    2.626 | 
     | u_account_balance/g13449               |             | CLKINVX2  |  0.000 |   0.699 |    2.626 | 
     | u_account_balance/g13449               | A v -> Y ^  | CLKINVX2  |  0.063 |   0.763 |    2.689 | 
     | u_account_balance/g13398               |             | NOR2BXL   |  0.000 |   0.763 |    2.689 | 
     | u_account_balance/g13398               | B ^ -> Y v  | NOR2BXL   |  0.053 |   0.816 |    2.743 | 
     | u_account_balance/g13286               |             | AOI221X1  |  0.000 |   0.816 |    2.743 | 
     | u_account_balance/g13286               | C0 v -> Y ^ | AOI221X1  |  0.109 |   0.925 |    2.852 | 
     | u_account_balance/g13252               |             | NOR2XL    |  0.000 |   0.925 |    2.852 | 
     | u_account_balance/g13252               | B ^ -> Y v  | NOR2XL    |  0.055 |   0.980 |    2.907 | 
     | u_account_balance/g13237               |             | NOR2XL    |  0.000 |   0.980 |    2.907 | 
     | u_account_balance/g13237               | B v -> Y ^  | NOR2XL    |  0.078 |   1.058 |    2.985 | 
     | u_account_balance/g13223               |             | NAND2XL   |  0.000 |   1.058 |    2.985 | 
     | u_account_balance/g13223               | B ^ -> Y v  | NAND2XL   |  0.089 |   1.147 |    3.073 | 
     | u_account_balance/g13210               |             | NOR2X1    |  0.000 |   1.147 |    3.073 | 
     | u_account_balance/g13210               | B v -> Y ^  | NOR2X1    |  0.112 |   1.259 |    3.185 | 
     | u_account_balance/g13194               |             | OAI21X1   |  0.000 |   1.259 |    3.185 | 
     | u_account_balance/g13194               | B0 ^ -> Y v | OAI21X1   |  0.128 |   1.387 |    3.314 | 
     | u_account_balance/g13192               |             | NOR2X1    |  0.000 |   1.387 |    3.314 | 
     | u_account_balance/g13192               | B v -> Y ^  | NOR2X1    |  0.163 |   1.550 |    3.477 | 
     | u_account_balance/g13187               |             | NAND2X1   |  0.000 |   1.550 |    3.477 | 
     | u_account_balance/g13187               | B ^ -> Y v  | NAND2X1   |  0.137 |   1.687 |    3.614 | 
     | u_account_balance/g13184               |             | OR4X1     |  0.000 |   1.687 |    3.614 | 
     | u_account_balance/g13184               | D v -> Y v  | OR4X1     |  0.296 |   1.984 |    3.911 | 
     | u_account_balance/g13179               |             | OR2X1     |  0.000 |   1.984 |    3.911 | 
     | u_account_balance/g13179               | B v -> Y v  | OR2X1     |  0.195 |   2.179 |    4.106 | 
     | u_account_balance/g13170               |             | NAND2X1   |  0.000 |   2.179 |    4.106 | 
     | u_account_balance/g13170               | B v -> Y ^  | NAND2X1   |  0.080 |   2.260 |    4.186 | 
     | u_account_balance/g4361                |             | OR2X1     |  0.000 |   2.260 |    4.186 | 
     | u_account_balance/g4361                | B ^ -> Y ^  | OR2X1     |  0.128 |   2.387 |    4.314 | 
     | u_account_balance/g4357                |             | NAND2XL   |  0.000 |   2.387 |    4.314 | 
     | u_account_balance/g4357                | B ^ -> Y v  | NAND2XL   |  0.115 |   2.503 |    4.429 | 
     | u_account_balance/g4343                |             | NAND2XL   |  0.000 |   2.503 |    4.429 | 
     | u_account_balance/g4343                | A v -> Y ^  | NAND2XL   |  0.270 |   2.773 |    4.700 | 
     | u_account_balance/g4306                |             | AO22XL    |  0.000 |   2.773 |    4.700 | 
     | u_account_balance/g4306                | A0 ^ -> Y ^ | AO22XL    |  0.201 |   2.974 |    4.901 | 
     | u_account_balance/balance_db_reg[2][9] |             | SDFFQX1   |  0.000 |   2.974 |    4.901 | 
     +------------------------------------------------------------------------------------------------+ 
     Clock Rise Edge                      0.000
     + Source Insertion Delay             0.010
     = Beginpoint Arrival Time            0.010
     Other End Path:
     +----------------------------------------------------------------------------------------+ 
     |                Instance                |  Arc  |  Cell   | Retime | Arrival | Required | 
     |                                        |       |         |  Delay |  Time   |   Time   | 
     |----------------------------------------+-------+---------+--------+---------+----------| 
     |                                        | clk ^ |         |        |   0.010 |   -1.917 | 
     | u_account_balance/balance_db_reg[2][9] |       | SDFFQX1 |  0.000 |   0.010 |   -1.917 | 
     +----------------------------------------------------------------------------------------+ 
Path 3: MET Setup Check with Pin u_account_balance/balance_db_reg[2][7]/CK 
Endpoint:   u_account_balance/balance_db_reg[2][7]/D (^) checked with  leading 
edge of 'clk'
Beginpoint: u_vehicle_interface/id_to_check_reg[3]/Q (^) triggered by  leading 
edge of 'clk'
Path Groups: {clk}
Analysis View: view1
Retime Analysis { Data Path-Slew }
Other End Arrival Time          0.010
- Setup                         0.299
+ Phase Shift                   5.200
- Uncertainty                   0.010
= Required Time                 4.901
- Arrival Time                  2.974
= Slack Time                    1.927
= Slack Time(original)          1.904
     Clock Rise Edge                      0.000
     + Source Insertion Delay             0.010
     = Beginpoint Arrival Time            0.010
     Timing Path:
     +------------------------------------------------------------------------------------------------+ 
     |                Instance                |     Arc     |   Cell    | Retime | Arrival | Required | 
     |                                        |             |           |  Delay |  Time   |   Time   | 
     |----------------------------------------+-------------+-----------+--------+---------+----------| 
     |                                        | clk ^       |           |        |   0.010 |    1.937 | 
     | u_vehicle_interface/id_to_check_reg[3] |             | SDFFQX1   |  0.000 |   0.010 |    1.937 | 
     | u_vehicle_interface/id_to_check_reg[3] | CK ^ -> Q ^ | SDFFQX1   |  0.300 |   0.310 |    2.237 | 
     | g222                                   |             | BUFX6     |  0.000 |   0.310 |    2.237 | 
     | g222                                   | A ^ -> Y ^  | BUFX6     |  0.176 |   0.487 |    2.413 | 
     | u_account_balance/g13463               |             | INVX8     |  0.000 |   0.487 |    2.413 | 
     | u_account_balance/g13463               | A ^ -> Y v  | INVX8     |  0.065 |   0.551 |    2.478 | 
     | u_account_balance/g13456               |             | CLKAND2X3 |  0.000 |   0.551 |    2.478 | 
     | u_account_balance/g13456               | B v -> Y v  | CLKAND2X3 |  0.148 |   0.699 |    2.626 | 
     | u_account_balance/g13449               |             | CLKINVX2  |  0.000 |   0.699 |    2.626 | 
     | u_account_balance/g13449               | A v -> Y ^  | CLKINVX2  |  0.063 |   0.763 |    2.689 | 
     | u_account_balance/g13398               |             | NOR2BXL   |  0.000 |   0.763 |    2.689 | 
     | u_account_balance/g13398               | B ^ -> Y v  | NOR2BXL   |  0.053 |   0.816 |    2.743 | 
     | u_account_balance/g13286               |             | AOI221X1  |  0.000 |   0.816 |    2.743 | 
     | u_account_balance/g13286               | C0 v -> Y ^ | AOI221X1  |  0.109 |   0.925 |    2.852 | 
     | u_account_balance/g13252               |             | NOR2XL    |  0.000 |   0.925 |    2.852 | 
     | u_account_balance/g13252               | B ^ -> Y v  | NOR2XL    |  0.055 |   0.980 |    2.907 | 
     | u_account_balance/g13237               |             | NOR2XL    |  0.000 |   0.980 |    2.907 | 
     | u_account_balance/g13237               | B v -> Y ^  | NOR2XL    |  0.078 |   1.058 |    2.985 | 
     | u_account_balance/g13223               |             | NAND2XL   |  0.000 |   1.058 |    2.985 | 
     | u_account_balance/g13223               | B ^ -> Y v  | NAND2XL   |  0.089 |   1.147 |    3.073 | 
     | u_account_balance/g13210               |             | NOR2X1    |  0.000 |   1.147 |    3.073 | 
     | u_account_balance/g13210               | B v -> Y ^  | NOR2X1    |  0.112 |   1.259 |    3.185 | 
     | u_account_balance/g13194               |             | OAI21X1   |  0.000 |   1.259 |    3.185 | 
     | u_account_balance/g13194               | B0 ^ -> Y v | OAI21X1   |  0.128 |   1.387 |    3.314 | 
     | u_account_balance/g13192               |             | NOR2X1    |  0.000 |   1.387 |    3.314 | 
     | u_account_balance/g13192               | B v -> Y ^  | NOR2X1    |  0.163 |   1.550 |    3.477 | 
     | u_account_balance/g13187               |             | NAND2X1   |  0.000 |   1.550 |    3.477 | 
     | u_account_balance/g13187               | B ^ -> Y v  | NAND2X1   |  0.137 |   1.687 |    3.614 | 
     | u_account_balance/g13184               |             | OR4X1     |  0.000 |   1.687 |    3.614 | 
     | u_account_balance/g13184               | D v -> Y v  | OR4X1     |  0.296 |   1.984 |    3.911 | 
     | u_account_balance/g13179               |             | OR2X1     |  0.000 |   1.984 |    3.911 | 
     | u_account_balance/g13179               | B v -> Y v  | OR2X1     |  0.195 |   2.179 |    4.106 | 
     | u_account_balance/g13170               |             | NAND2X1   |  0.000 |   2.179 |    4.106 | 
     | u_account_balance/g13170               | B v -> Y ^  | NAND2X1   |  0.080 |   2.260 |    4.186 | 
     | u_account_balance/g4361                |             | OR2X1     |  0.000 |   2.260 |    4.186 | 
     | u_account_balance/g4361                | B ^ -> Y ^  | OR2X1     |  0.128 |   2.387 |    4.314 | 
     | u_account_balance/g4357                |             | NAND2XL   |  0.000 |   2.387 |    4.314 | 
     | u_account_balance/g4357                | B ^ -> Y v  | NAND2XL   |  0.115 |   2.503 |    4.429 | 
     | u_account_balance/g4343                |             | NAND2XL   |  0.000 |   2.503 |    4.429 | 
     | u_account_balance/g4343                | A v -> Y ^  | NAND2XL   |  0.270 |   2.773 |    4.700 | 
     | u_account_balance/g4304                |             | AO22XL    |  0.000 |   2.773 |    4.700 | 
     | u_account_balance/g4304                | A0 ^ -> Y ^ | AO22XL    |  0.201 |   2.974 |    4.901 | 
     | u_account_balance/balance_db_reg[2][7] |             | SDFFQX1   |  0.000 |   2.974 |    4.901 | 
     +------------------------------------------------------------------------------------------------+ 
     Clock Rise Edge                      0.000
     + Source Insertion Delay             0.010
     = Beginpoint Arrival Time            0.010
     Other End Path:
     +----------------------------------------------------------------------------------------+ 
     |                Instance                |  Arc  |  Cell   | Retime | Arrival | Required | 
     |                                        |       |         |  Delay |  Time   |   Time   | 
     |----------------------------------------+-------+---------+--------+---------+----------| 
     |                                        | clk ^ |         |        |   0.010 |   -1.917 | 
     | u_account_balance/balance_db_reg[2][7] |       | SDFFQX1 |  0.000 |   0.010 |   -1.917 | 
     +----------------------------------------------------------------------------------------+ 
Path 4: MET Setup Check with Pin u_account_balance/balance_db_reg[2][11]/CK 
Endpoint:   u_account_balance/balance_db_reg[2][11]/D (^) checked with  leading 
edge of 'clk'
Beginpoint: u_vehicle_interface/id_to_check_reg[3]/Q  (^) triggered by  leading 
edge of 'clk'
Path Groups: {clk}
Analysis View: view1
Retime Analysis { Data Path-Slew }
Other End Arrival Time          0.010
- Setup                         0.299
+ Phase Shift                   5.200
- Uncertainty                   0.010
= Required Time                 4.901
- Arrival Time                  2.910
= Slack Time                    1.990
= Slack Time(original)          1.905
     Clock Rise Edge                      0.000
     + Source Insertion Delay             0.010
     = Beginpoint Arrival Time            0.010
     Timing Path:
     +-------------------------------------------------------------------------------------------------+ 
     |                Instance                 |     Arc     |   Cell    | Retime | Arrival | Required | 
     |                                         |             |           |  Delay |  Time   |   Time   | 
     |-----------------------------------------+-------------+-----------+--------+---------+----------| 
     |                                         | clk ^       |           |        |   0.010 |    2.000 | 
     | u_vehicle_interface/id_to_check_reg[3]  |             | SDFFQX1   |  0.000 |   0.010 |    2.000 | 
     | u_vehicle_interface/id_to_check_reg[3]  | CK ^ -> Q ^ | SDFFQX1   |  0.300 |   0.310 |    2.300 | 
     | g222                                    |             | BUFX6     |  0.000 |   0.310 |    2.300 | 
     | g222                                    | A ^ -> Y ^  | BUFX6     |  0.176 |   0.487 |    2.477 | 
     | u_account_balance/g13463                |             | INVX8     |  0.000 |   0.487 |    2.477 | 
     | u_account_balance/g13463                | A ^ -> Y v  | INVX8     |  0.065 |   0.551 |    2.541 | 
     | u_account_balance/g13456                |             | CLKAND2X3 |  0.000 |   0.551 |    2.541 | 
     | u_account_balance/g13456                | B v -> Y v  | CLKAND2X3 |  0.148 |   0.699 |    2.689 | 
     | u_account_balance/g13449                |             | CLKINVX2  |  0.000 |   0.699 |    2.689 | 
     | u_account_balance/g13449                | A v -> Y ^  | CLKINVX2  |  0.063 |   0.763 |    2.753 | 
     | u_account_balance/g13398                |             | NOR2BXL   |  0.000 |   0.763 |    2.753 | 
     | u_account_balance/g13398                | B ^ -> Y v  | NOR2BXL   |  0.053 |   0.816 |    2.806 | 
     | u_account_balance/g13286                |             | AOI221X1  |  0.000 |   0.816 |    2.806 | 
     | u_account_balance/g13286                | C0 v -> Y ^ | AOI221X1  |  0.062 |   0.878 |    2.868 | 
     | u_account_balance/g13252                |             | NOR2XL    |  0.000 |   0.878 |    2.868 | 
     | u_account_balance/g13252                | B ^ -> Y v  | NOR2XL    |  0.045 |   0.923 |    2.913 | 
     | u_account_balance/g13237                |             | NOR2XL    |  0.000 |   0.923 |    2.913 | 
     | u_account_balance/g13237                | B v -> Y ^  | NOR2XL    |  0.072 |   0.995 |    2.985 | 
     | u_account_balance/g13223                |             | NAND2XL   |  0.000 |   0.995 |    2.985 | 
     | u_account_balance/g13223                | B ^ -> Y v  | NAND2XL   |  0.088 |   1.083 |    3.074 | 
     | u_account_balance/g13210                |             | NOR2X1    |  0.000 |   1.083 |    3.074 | 
     | u_account_balance/g13210                | B v -> Y ^  | NOR2X1    |  0.112 |   1.195 |    3.185 | 
     | u_account_balance/g13194                |             | OAI21X1   |  0.000 |   1.195 |    3.185 | 
     | u_account_balance/g13194                | B0 ^ -> Y v | OAI21X1   |  0.128 |   1.324 |    3.314 | 
     | u_account_balance/g13192                |             | NOR2X1    |  0.000 |   1.324 |    3.314 | 
     | u_account_balance/g13192                | B v -> Y ^  | NOR2X1    |  0.163 |   1.487 |    3.477 | 
     | u_account_balance/g13187                |             | NAND2X1   |  0.000 |   1.487 |    3.477 | 
     | u_account_balance/g13187                | B ^ -> Y v  | NAND2X1   |  0.137 |   1.624 |    3.614 | 
     | u_account_balance/g13184                |             | OR4X1     |  0.000 |   1.624 |    3.614 | 
     | u_account_balance/g13184                | D v -> Y v  | OR4X1     |  0.296 |   1.921 |    3.911 | 
     | u_account_balance/g13179                |             | OR2X1     |  0.000 |   1.921 |    3.911 | 
     | u_account_balance/g13179                | B v -> Y v  | OR2X1     |  0.195 |   2.116 |    4.106 | 
     | u_account_balance/g13170                |             | NAND2X1   |  0.000 |   2.116 |    4.106 | 
     | u_account_balance/g13170                | B v -> Y ^  | NAND2X1   |  0.080 |   2.196 |    4.186 | 
     | u_account_balance/g4361                 |             | OR2X1     |  0.000 |   2.196 |    4.186 | 
     | u_account_balance/g4361                 | B ^ -> Y ^  | OR2X1     |  0.128 |   2.324 |    4.314 | 
     | u_account_balance/g4357                 |             | NAND2XL   |  0.000 |   2.324 |    4.314 | 
     | u_account_balance/g4357                 | B ^ -> Y v  | NAND2XL   |  0.115 |   2.439 |    4.429 | 
     | u_account_balance/g4343                 |             | NAND2XL   |  0.000 |   2.439 |    4.429 | 
     | u_account_balance/g4343                 | A v -> Y ^  | NAND2XL   |  0.270 |   2.709 |    4.700 | 
     | u_account_balance/g4307                 |             | AO22XL    |  0.000 |   2.709 |    4.700 | 
     | u_account_balance/g4307                 | A0 ^ -> Y ^ | AO22XL    |  0.201 |   2.910 |    4.901 | 
     | u_account_balance/balance_db_reg[2][11] |             | SDFFQX1   |  0.000 |   2.910 |    4.901 | 
     +-------------------------------------------------------------------------------------------------+ 
     Clock Rise Edge                      0.000
     + Source Insertion Delay             0.010
     = Beginpoint Arrival Time            0.010
     Other End Path:
     +-----------------------------------------------------------------------------------------+ 
     |                Instance                 |  Arc  |  Cell   | Retime | Arrival | Required | 
     |                                         |       |         |  Delay |  Time   |   Time   | 
     |-----------------------------------------+-------+---------+--------+---------+----------| 
     |                                         | clk ^ |         |        |   0.010 |   -1.980 | 
     | u_account_balance/balance_db_reg[2][11] |       | SDFFQX1 |  0.000 |   0.010 |   -1.980 | 
     +-----------------------------------------------------------------------------------------+ 
Path 5: MET Setup Check with Pin u_account_balance/balance_db_reg[2][11]/CK 
Endpoint:   u_account_balance/balance_db_reg[2][11]/D (^) checked with  leading 
edge of 'clk'
Beginpoint: u_vehicle_interface/id_to_check_reg[3]/Q  (^) triggered by  leading 
edge of 'clk'
Path Groups: {clk}
Analysis View: view1
Retime Analysis { Data Path-Slew }
Other End Arrival Time          0.010
- Setup                         0.299
+ Phase Shift                   5.200
- Uncertainty                   0.010
= Required Time                 4.901
- Arrival Time                  2.932
= Slack Time                    1.969
= Slack Time(original)          1.905
     Clock Rise Edge                      0.000
     + Source Insertion Delay             0.010
     = Beginpoint Arrival Time            0.010
     Timing Path:
     +-------------------------------------------------------------------------------------------------+ 
     |                Instance                 |     Arc     |   Cell    | Retime | Arrival | Required | 
     |                                         |             |           |  Delay |  Time   |   Time   | 
     |-----------------------------------------+-------------+-----------+--------+---------+----------| 
     |                                         | clk ^       |           |        |   0.010 |    1.979 | 
     | u_vehicle_interface/id_to_check_reg[3]  |             | SDFFQX1   |  0.000 |   0.010 |    1.979 | 
     | u_vehicle_interface/id_to_check_reg[3]  | CK ^ -> Q ^ | SDFFQX1   |  0.300 |   0.310 |    2.279 | 
     | g222                                    |             | BUFX6     |  0.000 |   0.310 |    2.279 | 
     | g222                                    | A ^ -> Y ^  | BUFX6     |  0.176 |   0.487 |    2.455 | 
     | u_account_balance/g13463                |             | INVX8     |  0.000 |   0.487 |    2.455 | 
     | u_account_balance/g13463                | A ^ -> Y v  | INVX8     |  0.065 |   0.551 |    2.520 | 
     | u_account_balance/g13456                |             | CLKAND2X3 |  0.000 |   0.551 |    2.520 | 
     | u_account_balance/g13456                | B v -> Y v  | CLKAND2X3 |  0.148 |   0.699 |    2.668 | 
     | u_account_balance/g13449                |             | CLKINVX2  |  0.000 |   0.699 |    2.668 | 
     | u_account_balance/g13449                | A v -> Y ^  | CLKINVX2  |  0.063 |   0.763 |    2.732 | 
     | u_account_balance/g13398                |             | NOR2BXL   |  0.000 |   0.763 |    2.732 | 
     | u_account_balance/g13398                | B ^ -> Y v  | NOR2BXL   |  0.053 |   0.816 |    2.785 | 
     | u_account_balance/g13286                |             | AOI221X1  |  0.000 |   0.816 |    2.785 | 
     | u_account_balance/g13286                | C0 v -> Y ^ | AOI221X1  |  0.109 |   0.925 |    2.894 | 
     | u_account_balance/g13252                |             | NOR2XL    |  0.000 |   0.925 |    2.894 | 
     | u_account_balance/g13252                | B ^ -> Y v  | NOR2XL    |  0.055 |   0.980 |    2.949 | 
     | u_account_balance/g13237                |             | NOR2XL    |  0.000 |   0.980 |    2.949 | 
     | u_account_balance/g13237                | B v -> Y ^  | NOR2XL    |  0.078 |   1.058 |    3.027 | 
     | u_account_balance/g13223                |             | NAND2XL   |  0.000 |   1.058 |    3.027 | 
     | u_account_balance/g13223                | B ^ -> Y v  | NAND2XL   |  0.089 |   1.147 |    3.116 | 
     | u_account_balance/g13210                |             | NOR2X1    |  0.000 |   1.147 |    3.116 | 
     | u_account_balance/g13210                | B v -> Y ^  | NOR2X1    |  0.112 |   1.259 |    3.227 | 
     | u_account_balance/g13194                |             | OAI21X1   |  0.000 |   1.259 |    3.227 | 
     | u_account_balance/g13194                | B0 ^ -> Y v | OAI21X1   |  0.098 |   1.356 |    3.325 | 
     | u_account_balance/g13192                |             | NOR2X1    |  0.000 |   1.356 |    3.325 | 
     | u_account_balance/g13192                | B v -> Y ^  | NOR2X1    |  0.153 |   1.509 |    3.478 | 
     | u_account_balance/g13187                |             | NAND2X1   |  0.000 |   1.509 |    3.478 | 
     | u_account_balance/g13187                | B ^ -> Y v  | NAND2X1   |  0.137 |   1.645 |    3.614 | 
     | u_account_balance/g13184                |             | OR4X1     |  0.000 |   1.645 |    3.614 | 
     | u_account_balance/g13184                | D v -> Y v  | OR4X1     |  0.296 |   1.942 |    3.911 | 
     | u_account_balance/g13179                |             | OR2X1     |  0.000 |   1.942 |    3.911 | 
     | u_account_balance/g13179                | B v -> Y v  | OR2X1     |  0.195 |   2.137 |    4.106 | 
     | u_account_balance/g13170                |             | NAND2X1   |  0.000 |   2.137 |    4.106 | 
     | u_account_balance/g13170                | B v -> Y ^  | NAND2X1   |  0.080 |   2.217 |    4.186 | 
     | u_account_balance/g4361                 |             | OR2X1     |  0.000 |   2.217 |    4.186 | 
     | u_account_balance/g4361                 | B ^ -> Y ^  | OR2X1     |  0.128 |   2.345 |    4.314 | 
     | u_account_balance/g4357                 |             | NAND2XL   |  0.000 |   2.345 |    4.314 | 
     | u_account_balance/g4357                 | B ^ -> Y v  | NAND2XL   |  0.115 |   2.460 |    4.429 | 
     | u_account_balance/g4343                 |             | NAND2XL   |  0.000 |   2.460 |    4.429 | 
     | u_account_balance/g4343                 | A v -> Y ^  | NAND2XL   |  0.270 |   2.731 |    4.700 | 
     | u_account_balance/g4307                 |             | AO22XL    |  0.000 |   2.731 |    4.700 | 
     | u_account_balance/g4307                 | A0 ^ -> Y ^ | AO22XL    |  0.201 |   2.932 |    4.901 | 
     | u_account_balance/balance_db_reg[2][11] |             | SDFFQX1   |  0.000 |   2.932 |    4.901 | 
     +-------------------------------------------------------------------------------------------------+ 
     Clock Rise Edge                      0.000
     + Source Insertion Delay             0.010
     = Beginpoint Arrival Time            0.010
     Other End Path:
     +-----------------------------------------------------------------------------------------+ 
     |                Instance                 |  Arc  |  Cell   | Retime | Arrival | Required | 
     |                                         |       |         |  Delay |  Time   |   Time   | 
     |-----------------------------------------+-------+---------+--------+---------+----------| 
     |                                         | clk ^ |         |        |   0.010 |   -1.959 | 
     | u_account_balance/balance_db_reg[2][11] |       | SDFFQX1 |  0.000 |   0.010 |   -1.959 | 
     +-----------------------------------------------------------------------------------------+ 
Path 6: MET Setup Check with Pin u_account_balance/balance_db_reg[2][11]/CK 
Endpoint:   u_account_balance/balance_db_reg[2][11]/D (^) checked with  leading 
edge of 'clk'
Beginpoint: u_vehicle_interface/id_to_check_reg[3]/Q  (^) triggered by  leading 
edge of 'clk'
Path Groups: {clk}
Analysis View: view1
Retime Analysis { Data Path-Slew }
Other End Arrival Time          0.010
- Setup                         0.294
+ Phase Shift                   5.200
- Uncertainty                   0.010
= Required Time                 4.906
- Arrival Time                  2.962
= Slack Time                    1.944
= Slack Time(original)          1.905
     Clock Rise Edge                      0.000
     + Source Insertion Delay             0.010
     = Beginpoint Arrival Time            0.010
     Timing Path:
     +-------------------------------------------------------------------------------------------------+ 
     |                Instance                 |     Arc     |   Cell    | Retime | Arrival | Required | 
     |                                         |             |           |  Delay |  Time   |   Time   | 
     |-----------------------------------------+-------------+-----------+--------+---------+----------| 
     |                                         | clk ^       |           |        |   0.010 |    1.954 | 
     | u_vehicle_interface/id_to_check_reg[3]  |             | SDFFQX1   |  0.000 |   0.010 |    1.954 | 
     | u_vehicle_interface/id_to_check_reg[3]  | CK ^ -> Q ^ | SDFFQX1   |  0.300 |   0.310 |    2.254 | 
     | g222                                    |             | BUFX6     |  0.000 |   0.310 |    2.254 | 
     | g222                                    | A ^ -> Y ^  | BUFX6     |  0.176 |   0.487 |    2.431 | 
     | u_account_balance/g13463                |             | INVX8     |  0.000 |   0.487 |    2.431 | 
     | u_account_balance/g13463                | A ^ -> Y v  | INVX8     |  0.065 |   0.551 |    2.495 | 
     | u_account_balance/g13456                |             | CLKAND2X3 |  0.000 |   0.551 |    2.495 | 
     | u_account_balance/g13456                | B v -> Y v  | CLKAND2X3 |  0.148 |   0.699 |    2.643 | 
     | u_account_balance/g13449                |             | CLKINVX2  |  0.000 |   0.699 |    2.643 | 
     | u_account_balance/g13449                | A v -> Y ^  | CLKINVX2  |  0.063 |   0.763 |    2.707 | 
     | u_account_balance/g13398                |             | NOR2BXL   |  0.000 |   0.763 |    2.707 | 
     | u_account_balance/g13398                | B ^ -> Y v  | NOR2BXL   |  0.053 |   0.816 |    2.760 | 
     | u_account_balance/g13286                |             | AOI221X1  |  0.000 |   0.816 |    2.760 | 
     | u_account_balance/g13286                | C0 v -> Y ^ | AOI221X1  |  0.109 |   0.925 |    2.869 | 
     | u_account_balance/g13252                |             | NOR2XL    |  0.000 |   0.925 |    2.869 | 
     | u_account_balance/g13252                | B ^ -> Y v  | NOR2XL    |  0.055 |   0.980 |    2.924 | 
     | u_account_balance/g13237                |             | NOR2XL    |  0.000 |   0.980 |    2.924 | 
     | u_account_balance/g13237                | B v -> Y ^  | NOR2XL    |  0.078 |   1.058 |    3.002 | 
     | u_account_balance/g13223                |             | NAND2XL   |  0.000 |   1.058 |    3.002 | 
     | u_account_balance/g13223                | B ^ -> Y v  | NAND2XL   |  0.089 |   1.147 |    3.091 | 
     | u_account_balance/g13210                |             | NOR2X1    |  0.000 |   1.147 |    3.091 | 
     | u_account_balance/g13210                | B v -> Y ^  | NOR2X1    |  0.112 |   1.259 |    3.203 | 
     | u_account_balance/g13194                |             | OAI21X1   |  0.000 |   1.259 |    3.203 | 
     | u_account_balance/g13194                | B0 ^ -> Y v | OAI21X1   |  0.128 |   1.387 |    3.331 | 
     | u_account_balance/g13192                |             | NOR2X1    |  0.000 |   1.387 |    3.331 | 
     | u_account_balance/g13192                | B v -> Y ^  | NOR2X1    |  0.163 |   1.550 |    3.494 | 
     | u_account_balance/g13187                |             | NAND2X1   |  0.000 |   1.550 |    3.494 | 
     | u_account_balance/g13187                | B ^ -> Y v  | NAND2X1   |  0.137 |   1.687 |    3.631 | 
     | u_account_balance/g13184                |             | OR4X1     |  0.000 |   1.687 |    3.631 | 
     | u_account_balance/g13184                | D v -> Y v  | OR4X1     |  0.296 |   1.984 |    3.928 | 
     | u_account_balance/g13179                |             | OR2X1     |  0.000 |   1.984 |    3.928 | 
     | u_account_balance/g13179                | B v -> Y v  | OR2X1     |  0.195 |   2.179 |    4.123 | 
     | u_account_balance/g13170                |             | NAND2X1   |  0.000 |   2.179 |    4.123 | 
     | u_account_balance/g13170                | B v -> Y ^  | NAND2X1   |  0.080 |   2.260 |    4.204 | 
     | u_account_balance/g4361                 |             | OR2X1     |  0.000 |   2.260 |    4.204 | 
     | u_account_balance/g4361                 | B ^ -> Y ^  | OR2X1     |  0.128 |   2.387 |    4.332 | 
     | u_account_balance/g4357                 |             | NAND2XL   |  0.000 |   2.387 |    4.332 | 
     | u_account_balance/g4357                 | B ^ -> Y v  | NAND2XL   |  0.115 |   2.503 |    4.447 | 
     | u_account_balance/g4343                 |             | NAND2XL   |  0.000 |   2.503 |    4.447 | 
     | u_account_balance/g4343                 | A v -> Y ^  | NAND2XL   |  0.270 |   2.773 |    4.717 | 
     | u_account_balance/g4307                 |             | AO22XL    |  0.000 |   2.773 |    4.717 | 
     | u_account_balance/g4307                 | A0 ^ -> Y ^ | AO22XL    |  0.190 |   2.962 |    4.906 | 
     | u_account_balance/balance_db_reg[2][11] |             | SDFFQX1   |  0.000 |   2.962 |    4.906 | 
     +-------------------------------------------------------------------------------------------------+ 
     Clock Rise Edge                      0.000
     + Source Insertion Delay             0.010
     = Beginpoint Arrival Time            0.010
     Other End Path:
     +-----------------------------------------------------------------------------------------+ 
     |                Instance                 |  Arc  |  Cell   | Retime | Arrival | Required | 
     |                                         |       |         |  Delay |  Time   |   Time   | 
     |-----------------------------------------+-------+---------+--------+---------+----------| 
     |                                         | clk ^ |         |        |   0.010 |   -1.934 | 
     | u_account_balance/balance_db_reg[2][11] |       | SDFFQX1 |  0.000 |   0.010 |   -1.934 | 
     +-----------------------------------------------------------------------------------------+ 
Path 7: MET Setup Check with Pin u_account_balance/balance_db_reg[2][9]/CK 
Endpoint:   u_account_balance/balance_db_reg[2][9]/D (^) checked with  leading 
edge of 'clk'
Beginpoint: u_vehicle_interface/id_to_check_reg[3]/Q (^) triggered by  leading 
edge of 'clk'
Path Groups: {clk}
Analysis View: view1
Retime Analysis { Data Path-Slew }
Other End Arrival Time          0.010
- Setup                         0.299
+ Phase Shift                   5.200
- Uncertainty                   0.010
= Required Time                 4.901
- Arrival Time                  2.910
= Slack Time                    1.990
= Slack Time(original)          1.905
     Clock Rise Edge                      0.000
     + Source Insertion Delay             0.010
     = Beginpoint Arrival Time            0.010
     Timing Path:
     +------------------------------------------------------------------------------------------------+ 
     |                Instance                |     Arc     |   Cell    | Retime | Arrival | Required | 
     |                                        |             |           |  Delay |  Time   |   Time   | 
     |----------------------------------------+-------------+-----------+--------+---------+----------| 
     |                                        | clk ^       |           |        |   0.010 |    2.000 | 
     | u_vehicle_interface/id_to_check_reg[3] |             | SDFFQX1   |  0.000 |   0.010 |    2.000 | 
     | u_vehicle_interface/id_to_check_reg[3] | CK ^ -> Q ^ | SDFFQX1   |  0.300 |   0.310 |    2.300 | 
     | g222                                   |             | BUFX6     |  0.000 |   0.310 |    2.300 | 
     | g222                                   | A ^ -> Y ^  | BUFX6     |  0.176 |   0.487 |    2.477 | 
     | u_account_balance/g13463               |             | INVX8     |  0.000 |   0.487 |    2.477 | 
     | u_account_balance/g13463               | A ^ -> Y v  | INVX8     |  0.065 |   0.551 |    2.541 | 
     | u_account_balance/g13456               |             | CLKAND2X3 |  0.000 |   0.551 |    2.541 | 
     | u_account_balance/g13456               | B v -> Y v  | CLKAND2X3 |  0.148 |   0.699 |    2.689 | 
     | u_account_balance/g13449               |             | CLKINVX2  |  0.000 |   0.699 |    2.689 | 
     | u_account_balance/g13449               | A v -> Y ^  | CLKINVX2  |  0.063 |   0.763 |    2.753 | 
     | u_account_balance/g13398               |             | NOR2BXL   |  0.000 |   0.763 |    2.753 | 
     | u_account_balance/g13398               | B ^ -> Y v  | NOR2BXL   |  0.053 |   0.816 |    2.806 | 
     | u_account_balance/g13286               |             | AOI221X1  |  0.000 |   0.816 |    2.806 | 
     | u_account_balance/g13286               | C0 v -> Y ^ | AOI221X1  |  0.062 |   0.878 |    2.868 | 
     | u_account_balance/g13252               |             | NOR2XL    |  0.000 |   0.878 |    2.868 | 
     | u_account_balance/g13252               | B ^ -> Y v  | NOR2XL    |  0.045 |   0.923 |    2.913 | 
     | u_account_balance/g13237               |             | NOR2XL    |  0.000 |   0.923 |    2.913 | 
     | u_account_balance/g13237               | B v -> Y ^  | NOR2XL    |  0.072 |   0.995 |    2.985 | 
     | u_account_balance/g13223               |             | NAND2XL   |  0.000 |   0.995 |    2.985 | 
     | u_account_balance/g13223               | B ^ -> Y v  | NAND2XL   |  0.088 |   1.083 |    3.074 | 
     | u_account_balance/g13210               |             | NOR2X1    |  0.000 |   1.083 |    3.074 | 
     | u_account_balance/g13210               | B v -> Y ^  | NOR2X1    |  0.112 |   1.195 |    3.185 | 
     | u_account_balance/g13194               |             | OAI21X1   |  0.000 |   1.195 |    3.185 | 
     | u_account_balance/g13194               | B0 ^ -> Y v | OAI21X1   |  0.128 |   1.324 |    3.314 | 
     | u_account_balance/g13192               |             | NOR2X1    |  0.000 |   1.324 |    3.314 | 
     | u_account_balance/g13192               | B v -> Y ^  | NOR2X1    |  0.163 |   1.487 |    3.477 | 
     | u_account_balance/g13187               |             | NAND2X1   |  0.000 |   1.487 |    3.477 | 
     | u_account_balance/g13187               | B ^ -> Y v  | NAND2X1   |  0.137 |   1.624 |    3.614 | 
     | u_account_balance/g13184               |             | OR4X1     |  0.000 |   1.624 |    3.614 | 
     | u_account_balance/g13184               | D v -> Y v  | OR4X1     |  0.296 |   1.921 |    3.911 | 
     | u_account_balance/g13179               |             | OR2X1     |  0.000 |   1.921 |    3.911 | 
     | u_account_balance/g13179               | B v -> Y v  | OR2X1     |  0.195 |   2.116 |    4.106 | 
     | u_account_balance/g13170               |             | NAND2X1   |  0.000 |   2.116 |    4.106 | 
     | u_account_balance/g13170               | B v -> Y ^  | NAND2X1   |  0.080 |   2.196 |    4.186 | 
     | u_account_balance/g4361                |             | OR2X1     |  0.000 |   2.196 |    4.186 | 
     | u_account_balance/g4361                | B ^ -> Y ^  | OR2X1     |  0.128 |   2.324 |    4.314 | 
     | u_account_balance/g4357                |             | NAND2XL   |  0.000 |   2.324 |    4.314 | 
     | u_account_balance/g4357                | B ^ -> Y v  | NAND2XL   |  0.115 |   2.439 |    4.429 | 
     | u_account_balance/g4343                |             | NAND2XL   |  0.000 |   2.439 |    4.429 | 
     | u_account_balance/g4343                | A v -> Y ^  | NAND2XL   |  0.270 |   2.709 |    4.700 | 
     | u_account_balance/g4306                |             | AO22XL    |  0.000 |   2.709 |    4.700 | 
     | u_account_balance/g4306                | A0 ^ -> Y ^ | AO22XL    |  0.201 |   2.910 |    4.901 | 
     | u_account_balance/balance_db_reg[2][9] |             | SDFFQX1   |  0.000 |   2.910 |    4.901 | 
     +------------------------------------------------------------------------------------------------+ 
     Clock Rise Edge                      0.000
     + Source Insertion Delay             0.010
     = Beginpoint Arrival Time            0.010
     Other End Path:
     +----------------------------------------------------------------------------------------+ 
     |                Instance                |  Arc  |  Cell   | Retime | Arrival | Required | 
     |                                        |       |         |  Delay |  Time   |   Time   | 
     |----------------------------------------+-------+---------+--------+---------+----------| 
     |                                        | clk ^ |         |        |   0.010 |   -1.980 | 
     | u_account_balance/balance_db_reg[2][9] |       | SDFFQX1 |  0.000 |   0.010 |   -1.980 | 
     +----------------------------------------------------------------------------------------+ 
Path 8: MET Setup Check with Pin u_account_balance/balance_db_reg[2][9]/CK 
Endpoint:   u_account_balance/balance_db_reg[2][9]/D (^) checked with  leading 
edge of 'clk'
Beginpoint: u_vehicle_interface/id_to_check_reg[3]/Q (^) triggered by  leading 
edge of 'clk'
Path Groups: {clk}
Analysis View: view1
Retime Analysis { Data Path-Slew }
Other End Arrival Time          0.010
- Setup                         0.299
+ Phase Shift                   5.200
- Uncertainty                   0.010
= Required Time                 4.901
- Arrival Time                  2.932
= Slack Time                    1.969
= Slack Time(original)          1.905
     Clock Rise Edge                      0.000
     + Source Insertion Delay             0.010
     = Beginpoint Arrival Time            0.010
     Timing Path:
     +------------------------------------------------------------------------------------------------+ 
     |                Instance                |     Arc     |   Cell    | Retime | Arrival | Required | 
     |                                        |             |           |  Delay |  Time   |   Time   | 
     |----------------------------------------+-------------+-----------+--------+---------+----------| 
     |                                        | clk ^       |           |        |   0.010 |    1.979 | 
     | u_vehicle_interface/id_to_check_reg[3] |             | SDFFQX1   |  0.000 |   0.010 |    1.979 | 
     | u_vehicle_interface/id_to_check_reg[3] | CK ^ -> Q ^ | SDFFQX1   |  0.300 |   0.310 |    2.279 | 
     | g222                                   |             | BUFX6     |  0.000 |   0.310 |    2.279 | 
     | g222                                   | A ^ -> Y ^  | BUFX6     |  0.176 |   0.487 |    2.455 | 
     | u_account_balance/g13463               |             | INVX8     |  0.000 |   0.487 |    2.455 | 
     | u_account_balance/g13463               | A ^ -> Y v  | INVX8     |  0.065 |   0.551 |    2.520 | 
     | u_account_balance/g13456               |             | CLKAND2X3 |  0.000 |   0.551 |    2.520 | 
     | u_account_balance/g13456               | B v -> Y v  | CLKAND2X3 |  0.148 |   0.699 |    2.668 | 
     | u_account_balance/g13449               |             | CLKINVX2  |  0.000 |   0.699 |    2.668 | 
     | u_account_balance/g13449               | A v -> Y ^  | CLKINVX2  |  0.063 |   0.763 |    2.732 | 
     | u_account_balance/g13398               |             | NOR2BXL   |  0.000 |   0.763 |    2.732 | 
     | u_account_balance/g13398               | B ^ -> Y v  | NOR2BXL   |  0.053 |   0.816 |    2.785 | 
     | u_account_balance/g13286               |             | AOI221X1  |  0.000 |   0.816 |    2.785 | 
     | u_account_balance/g13286               | C0 v -> Y ^ | AOI221X1  |  0.109 |   0.925 |    2.894 | 
     | u_account_balance/g13252               |             | NOR2XL    |  0.000 |   0.925 |    2.894 | 
     | u_account_balance/g13252               | B ^ -> Y v  | NOR2XL    |  0.055 |   0.980 |    2.949 | 
     | u_account_balance/g13237               |             | NOR2XL    |  0.000 |   0.980 |    2.949 | 
     | u_account_balance/g13237               | B v -> Y ^  | NOR2XL    |  0.078 |   1.058 |    3.027 | 
     | u_account_balance/g13223               |             | NAND2XL   |  0.000 |   1.058 |    3.027 | 
     | u_account_balance/g13223               | B ^ -> Y v  | NAND2XL   |  0.089 |   1.147 |    3.116 | 
     | u_account_balance/g13210               |             | NOR2X1    |  0.000 |   1.147 |    3.116 | 
     | u_account_balance/g13210               | B v -> Y ^  | NOR2X1    |  0.112 |   1.259 |    3.227 | 
     | u_account_balance/g13194               |             | OAI21X1   |  0.000 |   1.259 |    3.227 | 
     | u_account_balance/g13194               | B0 ^ -> Y v | OAI21X1   |  0.098 |   1.356 |    3.325 | 
     | u_account_balance/g13192               |             | NOR2X1    |  0.000 |   1.356 |    3.325 | 
     | u_account_balance/g13192               | B v -> Y ^  | NOR2X1    |  0.153 |   1.509 |    3.478 | 
     | u_account_balance/g13187               |             | NAND2X1   |  0.000 |   1.509 |    3.478 | 
     | u_account_balance/g13187               | B ^ -> Y v  | NAND2X1   |  0.137 |   1.645 |    3.614 | 
     | u_account_balance/g13184               |             | OR4X1     |  0.000 |   1.645 |    3.614 | 
     | u_account_balance/g13184               | D v -> Y v  | OR4X1     |  0.296 |   1.942 |    3.911 | 
     | u_account_balance/g13179               |             | OR2X1     |  0.000 |   1.942 |    3.911 | 
     | u_account_balance/g13179               | B v -> Y v  | OR2X1     |  0.195 |   2.137 |    4.106 | 
     | u_account_balance/g13170               |             | NAND2X1   |  0.000 |   2.137 |    4.106 | 
     | u_account_balance/g13170               | B v -> Y ^  | NAND2X1   |  0.080 |   2.217 |    4.186 | 
     | u_account_balance/g4361                |             | OR2X1     |  0.000 |   2.217 |    4.186 | 
     | u_account_balance/g4361                | B ^ -> Y ^  | OR2X1     |  0.128 |   2.345 |    4.314 | 
     | u_account_balance/g4357                |             | NAND2XL   |  0.000 |   2.345 |    4.314 | 
     | u_account_balance/g4357                | B ^ -> Y v  | NAND2XL   |  0.115 |   2.460 |    4.429 | 
     | u_account_balance/g4343                |             | NAND2XL   |  0.000 |   2.460 |    4.429 | 
     | u_account_balance/g4343                | A v -> Y ^  | NAND2XL   |  0.270 |   2.731 |    4.700 | 
     | u_account_balance/g4306                |             | AO22XL    |  0.000 |   2.731 |    4.700 | 
     | u_account_balance/g4306                | A0 ^ -> Y ^ | AO22XL    |  0.201 |   2.932 |    4.901 | 
     | u_account_balance/balance_db_reg[2][9] |             | SDFFQX1   |  0.000 |   2.932 |    4.901 | 
     +------------------------------------------------------------------------------------------------+ 
     Clock Rise Edge                      0.000
     + Source Insertion Delay             0.010
     = Beginpoint Arrival Time            0.010
     Other End Path:
     +----------------------------------------------------------------------------------------+ 
     |                Instance                |  Arc  |  Cell   | Retime | Arrival | Required | 
     |                                        |       |         |  Delay |  Time   |   Time   | 
     |----------------------------------------+-------+---------+--------+---------+----------| 
     |                                        | clk ^ |         |        |   0.010 |   -1.959 | 
     | u_account_balance/balance_db_reg[2][9] |       | SDFFQX1 |  0.000 |   0.010 |   -1.959 | 
     +----------------------------------------------------------------------------------------+ 
Path 9: MET Setup Check with Pin u_account_balance/balance_db_reg[2][9]/CK 
Endpoint:   u_account_balance/balance_db_reg[2][9]/D (^) checked with  leading 
edge of 'clk'
Beginpoint: u_vehicle_interface/id_to_check_reg[3]/Q (^) triggered by  leading 
edge of 'clk'
Path Groups: {clk}
Analysis View: view1
Retime Analysis { Data Path-Slew }
Other End Arrival Time          0.010
- Setup                         0.294
+ Phase Shift                   5.200
- Uncertainty                   0.010
= Required Time                 4.906
- Arrival Time                  2.962
= Slack Time                    1.944
= Slack Time(original)          1.905
     Clock Rise Edge                      0.000
     + Source Insertion Delay             0.010
     = Beginpoint Arrival Time            0.010
     Timing Path:
     +------------------------------------------------------------------------------------------------+ 
     |                Instance                |     Arc     |   Cell    | Retime | Arrival | Required | 
     |                                        |             |           |  Delay |  Time   |   Time   | 
     |----------------------------------------+-------------+-----------+--------+---------+----------| 
     |                                        | clk ^       |           |        |   0.010 |    1.954 | 
     | u_vehicle_interface/id_to_check_reg[3] |             | SDFFQX1   |  0.000 |   0.010 |    1.954 | 
     | u_vehicle_interface/id_to_check_reg[3] | CK ^ -> Q ^ | SDFFQX1   |  0.300 |   0.310 |    2.254 | 
     | g222                                   |             | BUFX6     |  0.000 |   0.310 |    2.254 | 
     | g222                                   | A ^ -> Y ^  | BUFX6     |  0.176 |   0.487 |    2.431 | 
     | u_account_balance/g13463               |             | INVX8     |  0.000 |   0.487 |    2.431 | 
     | u_account_balance/g13463               | A ^ -> Y v  | INVX8     |  0.065 |   0.551 |    2.495 | 
     | u_account_balance/g13456               |             | CLKAND2X3 |  0.000 |   0.551 |    2.495 | 
     | u_account_balance/g13456               | B v -> Y v  | CLKAND2X3 |  0.148 |   0.699 |    2.643 | 
     | u_account_balance/g13449               |             | CLKINVX2  |  0.000 |   0.699 |    2.643 | 
     | u_account_balance/g13449               | A v -> Y ^  | CLKINVX2  |  0.063 |   0.763 |    2.707 | 
     | u_account_balance/g13398               |             | NOR2BXL   |  0.000 |   0.763 |    2.707 | 
     | u_account_balance/g13398               | B ^ -> Y v  | NOR2BXL   |  0.053 |   0.816 |    2.760 | 
     | u_account_balance/g13286               |             | AOI221X1  |  0.000 |   0.816 |    2.760 | 
     | u_account_balance/g13286               | C0 v -> Y ^ | AOI221X1  |  0.109 |   0.925 |    2.869 | 
     | u_account_balance/g13252               |             | NOR2XL    |  0.000 |   0.925 |    2.869 | 
     | u_account_balance/g13252               | B ^ -> Y v  | NOR2XL    |  0.055 |   0.980 |    2.924 | 
     | u_account_balance/g13237               |             | NOR2XL    |  0.000 |   0.980 |    2.924 | 
     | u_account_balance/g13237               | B v -> Y ^  | NOR2XL    |  0.078 |   1.058 |    3.002 | 
     | u_account_balance/g13223               |             | NAND2XL   |  0.000 |   1.058 |    3.002 | 
     | u_account_balance/g13223               | B ^ -> Y v  | NAND2XL   |  0.089 |   1.147 |    3.091 | 
     | u_account_balance/g13210               |             | NOR2X1    |  0.000 |   1.147 |    3.091 | 
     | u_account_balance/g13210               | B v -> Y ^  | NOR2X1    |  0.112 |   1.259 |    3.203 | 
     | u_account_balance/g13194               |             | OAI21X1   |  0.000 |   1.259 |    3.203 | 
     | u_account_balance/g13194               | B0 ^ -> Y v | OAI21X1   |  0.128 |   1.387 |    3.331 | 
     | u_account_balance/g13192               |             | NOR2X1    |  0.000 |   1.387 |    3.331 | 
     | u_account_balance/g13192               | B v -> Y ^  | NOR2X1    |  0.163 |   1.550 |    3.494 | 
     | u_account_balance/g13187               |             | NAND2X1   |  0.000 |   1.550 |    3.494 | 
     | u_account_balance/g13187               | B ^ -> Y v  | NAND2X1   |  0.137 |   1.687 |    3.631 | 
     | u_account_balance/g13184               |             | OR4X1     |  0.000 |   1.687 |    3.631 | 
     | u_account_balance/g13184               | D v -> Y v  | OR4X1     |  0.296 |   1.984 |    3.928 | 
     | u_account_balance/g13179               |             | OR2X1     |  0.000 |   1.984 |    3.928 | 
     | u_account_balance/g13179               | B v -> Y v  | OR2X1     |  0.195 |   2.179 |    4.123 | 
     | u_account_balance/g13170               |             | NAND2X1   |  0.000 |   2.179 |    4.123 | 
     | u_account_balance/g13170               | B v -> Y ^  | NAND2X1   |  0.080 |   2.260 |    4.204 | 
     | u_account_balance/g4361                |             | OR2X1     |  0.000 |   2.260 |    4.204 | 
     | u_account_balance/g4361                | B ^ -> Y ^  | OR2X1     |  0.128 |   2.387 |    4.332 | 
     | u_account_balance/g4357                |             | NAND2XL   |  0.000 |   2.387 |    4.332 | 
     | u_account_balance/g4357                | B ^ -> Y v  | NAND2XL   |  0.115 |   2.503 |    4.447 | 
     | u_account_balance/g4343                |             | NAND2XL   |  0.000 |   2.503 |    4.447 | 
     | u_account_balance/g4343                | A v -> Y ^  | NAND2XL   |  0.270 |   2.773 |    4.717 | 
     | u_account_balance/g4306                |             | AO22XL    |  0.000 |   2.773 |    4.717 | 
     | u_account_balance/g4306                | A0 ^ -> Y ^ | AO22XL    |  0.190 |   2.962 |    4.906 | 
     | u_account_balance/balance_db_reg[2][9] |             | SDFFQX1   |  0.000 |   2.962 |    4.906 | 
     +------------------------------------------------------------------------------------------------+ 
     Clock Rise Edge                      0.000
     + Source Insertion Delay             0.010
     = Beginpoint Arrival Time            0.010
     Other End Path:
     +----------------------------------------------------------------------------------------+ 
     |                Instance                |  Arc  |  Cell   | Retime | Arrival | Required | 
     |                                        |       |         |  Delay |  Time   |   Time   | 
     |----------------------------------------+-------+---------+--------+---------+----------| 
     |                                        | clk ^ |         |        |   0.010 |   -1.934 | 
     | u_account_balance/balance_db_reg[2][9] |       | SDFFQX1 |  0.000 |   0.010 |   -1.934 | 
     +----------------------------------------------------------------------------------------+ 
Path 10: MET Setup Check with Pin u_account_balance/balance_db_reg[2][7]/CK 
Endpoint:   u_account_balance/balance_db_reg[2][7]/D (^) checked with  leading 
edge of 'clk'
Beginpoint: u_vehicle_interface/id_to_check_reg[3]/Q (^) triggered by  leading 
edge of 'clk'
Path Groups: {clk}
Analysis View: view1
Retime Analysis { Data Path-Slew }
Other End Arrival Time          0.010
- Setup                         0.299
+ Phase Shift                   5.200
- Uncertainty                   0.010
= Required Time                 4.901
- Arrival Time                  2.910
= Slack Time                    1.990
= Slack Time(original)          1.905
     Clock Rise Edge                      0.000
     + Source Insertion Delay             0.010
     = Beginpoint Arrival Time            0.010
     Timing Path:
     +------------------------------------------------------------------------------------------------+ 
     |                Instance                |     Arc     |   Cell    | Retime | Arrival | Required | 
     |                                        |             |           |  Delay |  Time   |   Time   | 
     |----------------------------------------+-------------+-----------+--------+---------+----------| 
     |                                        | clk ^       |           |        |   0.010 |    2.000 | 
     | u_vehicle_interface/id_to_check_reg[3] |             | SDFFQX1   |  0.000 |   0.010 |    2.000 | 
     | u_vehicle_interface/id_to_check_reg[3] | CK ^ -> Q ^ | SDFFQX1   |  0.300 |   0.310 |    2.300 | 
     | g222                                   |             | BUFX6     |  0.000 |   0.310 |    2.300 | 
     | g222                                   | A ^ -> Y ^  | BUFX6     |  0.176 |   0.487 |    2.477 | 
     | u_account_balance/g13463               |             | INVX8     |  0.000 |   0.487 |    2.477 | 
     | u_account_balance/g13463               | A ^ -> Y v  | INVX8     |  0.065 |   0.551 |    2.541 | 
     | u_account_balance/g13456               |             | CLKAND2X3 |  0.000 |   0.551 |    2.541 | 
     | u_account_balance/g13456               | B v -> Y v  | CLKAND2X3 |  0.148 |   0.699 |    2.689 | 
     | u_account_balance/g13449               |             | CLKINVX2  |  0.000 |   0.699 |    2.689 | 
     | u_account_balance/g13449               | A v -> Y ^  | CLKINVX2  |  0.063 |   0.763 |    2.753 | 
     | u_account_balance/g13398               |             | NOR2BXL   |  0.000 |   0.763 |    2.753 | 
     | u_account_balance/g13398               | B ^ -> Y v  | NOR2BXL   |  0.053 |   0.816 |    2.806 | 
     | u_account_balance/g13286               |             | AOI221X1  |  0.000 |   0.816 |    2.806 | 
     | u_account_balance/g13286               | C0 v -> Y ^ | AOI221X1  |  0.062 |   0.878 |    2.868 | 
     | u_account_balance/g13252               |             | NOR2XL    |  0.000 |   0.878 |    2.868 | 
     | u_account_balance/g13252               | B ^ -> Y v  | NOR2XL    |  0.045 |   0.923 |    2.913 | 
     | u_account_balance/g13237               |             | NOR2XL    |  0.000 |   0.923 |    2.913 | 
     | u_account_balance/g13237               | B v -> Y ^  | NOR2XL    |  0.072 |   0.995 |    2.985 | 
     | u_account_balance/g13223               |             | NAND2XL   |  0.000 |   0.995 |    2.985 | 
     | u_account_balance/g13223               | B ^ -> Y v  | NAND2XL   |  0.088 |   1.083 |    3.074 | 
     | u_account_balance/g13210               |             | NOR2X1    |  0.000 |   1.083 |    3.074 | 
     | u_account_balance/g13210               | B v -> Y ^  | NOR2X1    |  0.112 |   1.195 |    3.185 | 
     | u_account_balance/g13194               |             | OAI21X1   |  0.000 |   1.195 |    3.185 | 
     | u_account_balance/g13194               | B0 ^ -> Y v | OAI21X1   |  0.128 |   1.324 |    3.314 | 
     | u_account_balance/g13192               |             | NOR2X1    |  0.000 |   1.324 |    3.314 | 
     | u_account_balance/g13192               | B v -> Y ^  | NOR2X1    |  0.163 |   1.487 |    3.477 | 
     | u_account_balance/g13187               |             | NAND2X1   |  0.000 |   1.487 |    3.477 | 
     | u_account_balance/g13187               | B ^ -> Y v  | NAND2X1   |  0.137 |   1.624 |    3.614 | 
     | u_account_balance/g13184               |             | OR4X1     |  0.000 |   1.624 |    3.614 | 
     | u_account_balance/g13184               | D v -> Y v  | OR4X1     |  0.296 |   1.921 |    3.911 | 
     | u_account_balance/g13179               |             | OR2X1     |  0.000 |   1.921 |    3.911 | 
     | u_account_balance/g13179               | B v -> Y v  | OR2X1     |  0.195 |   2.116 |    4.106 | 
     | u_account_balance/g13170               |             | NAND2X1   |  0.000 |   2.116 |    4.106 | 
     | u_account_balance/g13170               | B v -> Y ^  | NAND2X1   |  0.080 |   2.196 |    4.186 | 
     | u_account_balance/g4361                |             | OR2X1     |  0.000 |   2.196 |    4.186 | 
     | u_account_balance/g4361                | B ^ -> Y ^  | OR2X1     |  0.128 |   2.324 |    4.314 | 
     | u_account_balance/g4357                |             | NAND2XL   |  0.000 |   2.324 |    4.314 | 
     | u_account_balance/g4357                | B ^ -> Y v  | NAND2XL   |  0.115 |   2.439 |    4.429 | 
     | u_account_balance/g4343                |             | NAND2XL   |  0.000 |   2.439 |    4.429 | 
     | u_account_balance/g4343                | A v -> Y ^  | NAND2XL   |  0.270 |   2.709 |    4.700 | 
     | u_account_balance/g4304                |             | AO22XL    |  0.000 |   2.709 |    4.700 | 
     | u_account_balance/g4304                | A0 ^ -> Y ^ | AO22XL    |  0.201 |   2.910 |    4.901 | 
     | u_account_balance/balance_db_reg[2][7] |             | SDFFQX1   |  0.000 |   2.910 |    4.901 | 
     +------------------------------------------------------------------------------------------------+ 
     Clock Rise Edge                      0.000
     + Source Insertion Delay             0.010
     = Beginpoint Arrival Time            0.010
     Other End Path:
     +----------------------------------------------------------------------------------------+ 
     |                Instance                |  Arc  |  Cell   | Retime | Arrival | Required | 
     |                                        |       |         |  Delay |  Time   |   Time   | 
     |----------------------------------------+-------+---------+--------+---------+----------| 
     |                                        | clk ^ |         |        |   0.010 |   -1.980 | 
     | u_account_balance/balance_db_reg[2][7] |       | SDFFQX1 |  0.000 |   0.010 |   -1.980 | 
     +----------------------------------------------------------------------------------------+ 
Path 11: MET Setup Check with Pin u_account_balance/balance_db_reg[2][7]/CK 
Endpoint:   u_account_balance/balance_db_reg[2][7]/D (^) checked with  leading 
edge of 'clk'
Beginpoint: u_vehicle_interface/id_to_check_reg[3]/Q (^) triggered by  leading 
edge of 'clk'
Path Groups: {clk}
Analysis View: view1
Retime Analysis { Data Path-Slew }
Other End Arrival Time          0.010
- Setup                         0.299
+ Phase Shift                   5.200
- Uncertainty                   0.010
= Required Time                 4.901
- Arrival Time                  2.932
= Slack Time                    1.969
= Slack Time(original)          1.905
     Clock Rise Edge                      0.000
     + Source Insertion Delay             0.010
     = Beginpoint Arrival Time            0.010
     Timing Path:
     +------------------------------------------------------------------------------------------------+ 
     |                Instance                |     Arc     |   Cell    | Retime | Arrival | Required | 
     |                                        |             |           |  Delay |  Time   |   Time   | 
     |----------------------------------------+-------------+-----------+--------+---------+----------| 
     |                                        | clk ^       |           |        |   0.010 |    1.979 | 
     | u_vehicle_interface/id_to_check_reg[3] |             | SDFFQX1   |  0.000 |   0.010 |    1.979 | 
     | u_vehicle_interface/id_to_check_reg[3] | CK ^ -> Q ^ | SDFFQX1   |  0.300 |   0.310 |    2.279 | 
     | g222                                   |             | BUFX6     |  0.000 |   0.310 |    2.279 | 
     | g222                                   | A ^ -> Y ^  | BUFX6     |  0.176 |   0.487 |    2.455 | 
     | u_account_balance/g13463               |             | INVX8     |  0.000 |   0.487 |    2.455 | 
     | u_account_balance/g13463               | A ^ -> Y v  | INVX8     |  0.065 |   0.551 |    2.520 | 
     | u_account_balance/g13456               |             | CLKAND2X3 |  0.000 |   0.551 |    2.520 | 
     | u_account_balance/g13456               | B v -> Y v  | CLKAND2X3 |  0.148 |   0.699 |    2.668 | 
     | u_account_balance/g13449               |             | CLKINVX2  |  0.000 |   0.699 |    2.668 | 
     | u_account_balance/g13449               | A v -> Y ^  | CLKINVX2  |  0.063 |   0.763 |    2.732 | 
     | u_account_balance/g13398               |             | NOR2BXL   |  0.000 |   0.763 |    2.732 | 
     | u_account_balance/g13398               | B ^ -> Y v  | NOR2BXL   |  0.053 |   0.816 |    2.785 | 
     | u_account_balance/g13286               |             | AOI221X1  |  0.000 |   0.816 |    2.785 | 
     | u_account_balance/g13286               | C0 v -> Y ^ | AOI221X1  |  0.109 |   0.925 |    2.894 | 
     | u_account_balance/g13252               |             | NOR2XL    |  0.000 |   0.925 |    2.894 | 
     | u_account_balance/g13252               | B ^ -> Y v  | NOR2XL    |  0.055 |   0.980 |    2.949 | 
     | u_account_balance/g13237               |             | NOR2XL    |  0.000 |   0.980 |    2.949 | 
     | u_account_balance/g13237               | B v -> Y ^  | NOR2XL    |  0.078 |   1.058 |    3.027 | 
     | u_account_balance/g13223               |             | NAND2XL   |  0.000 |   1.058 |    3.027 | 
     | u_account_balance/g13223               | B ^ -> Y v  | NAND2XL   |  0.089 |   1.147 |    3.116 | 
     | u_account_balance/g13210               |             | NOR2X1    |  0.000 |   1.147 |    3.116 | 
     | u_account_balance/g13210               | B v -> Y ^  | NOR2X1    |  0.112 |   1.259 |    3.227 | 
     | u_account_balance/g13194               |             | OAI21X1   |  0.000 |   1.259 |    3.227 | 
     | u_account_balance/g13194               | B0 ^ -> Y v | OAI21X1   |  0.098 |   1.356 |    3.325 | 
     | u_account_balance/g13192               |             | NOR2X1    |  0.000 |   1.356 |    3.325 | 
     | u_account_balance/g13192               | B v -> Y ^  | NOR2X1    |  0.153 |   1.509 |    3.478 | 
     | u_account_balance/g13187               |             | NAND2X1   |  0.000 |   1.509 |    3.478 | 
     | u_account_balance/g13187               | B ^ -> Y v  | NAND2X1   |  0.137 |   1.645 |    3.614 | 
     | u_account_balance/g13184               |             | OR4X1     |  0.000 |   1.645 |    3.614 | 
     | u_account_balance/g13184               | D v -> Y v  | OR4X1     |  0.296 |   1.942 |    3.911 | 
     | u_account_balance/g13179               |             | OR2X1     |  0.000 |   1.942 |    3.911 | 
     | u_account_balance/g13179               | B v -> Y v  | OR2X1     |  0.195 |   2.137 |    4.106 | 
     | u_account_balance/g13170               |             | NAND2X1   |  0.000 |   2.137 |    4.106 | 
     | u_account_balance/g13170               | B v -> Y ^  | NAND2X1   |  0.080 |   2.217 |    4.186 | 
     | u_account_balance/g4361                |             | OR2X1     |  0.000 |   2.217 |    4.186 | 
     | u_account_balance/g4361                | B ^ -> Y ^  | OR2X1     |  0.128 |   2.345 |    4.314 | 
     | u_account_balance/g4357                |             | NAND2XL   |  0.000 |   2.345 |    4.314 | 
     | u_account_balance/g4357                | B ^ -> Y v  | NAND2XL   |  0.115 |   2.460 |    4.429 | 
     | u_account_balance/g4343                |             | NAND2XL   |  0.000 |   2.460 |    4.429 | 
     | u_account_balance/g4343                | A v -> Y ^  | NAND2XL   |  0.270 |   2.731 |    4.700 | 
     | u_account_balance/g4304                |             | AO22XL    |  0.000 |   2.731 |    4.700 | 
     | u_account_balance/g4304                | A0 ^ -> Y ^ | AO22XL    |  0.201 |   2.932 |    4.901 | 
     | u_account_balance/balance_db_reg[2][7] |             | SDFFQX1   |  0.000 |   2.932 |    4.901 | 
     +------------------------------------------------------------------------------------------------+ 
     Clock Rise Edge                      0.000
     + Source Insertion Delay             0.010
     = Beginpoint Arrival Time            0.010
     Other End Path:
     +----------------------------------------------------------------------------------------+ 
     |                Instance                |  Arc  |  Cell   | Retime | Arrival | Required | 
     |                                        |       |         |  Delay |  Time   |   Time   | 
     |----------------------------------------+-------+---------+--------+---------+----------| 
     |                                        | clk ^ |         |        |   0.010 |   -1.959 | 
     | u_account_balance/balance_db_reg[2][7] |       | SDFFQX1 |  0.000 |   0.010 |   -1.959 | 
     +----------------------------------------------------------------------------------------+ 
Path 12: MET Setup Check with Pin u_account_balance/balance_db_reg[2][7]/CK 
Endpoint:   u_account_balance/balance_db_reg[2][7]/D (^) checked with  leading 
edge of 'clk'
Beginpoint: u_vehicle_interface/id_to_check_reg[3]/Q (^) triggered by  leading 
edge of 'clk'
Path Groups: {clk}
Analysis View: view1
Retime Analysis { Data Path-Slew }
Other End Arrival Time          0.010
- Setup                         0.294
+ Phase Shift                   5.200
- Uncertainty                   0.010
= Required Time                 4.906
- Arrival Time                  2.962
= Slack Time                    1.944
= Slack Time(original)          1.905
     Clock Rise Edge                      0.000
     + Source Insertion Delay             0.010
     = Beginpoint Arrival Time            0.010
     Timing Path:
     +------------------------------------------------------------------------------------------------+ 
     |                Instance                |     Arc     |   Cell    | Retime | Arrival | Required | 
     |                                        |             |           |  Delay |  Time   |   Time   | 
     |----------------------------------------+-------------+-----------+--------+---------+----------| 
     |                                        | clk ^       |           |        |   0.010 |    1.954 | 
     | u_vehicle_interface/id_to_check_reg[3] |             | SDFFQX1   |  0.000 |   0.010 |    1.954 | 
     | u_vehicle_interface/id_to_check_reg[3] | CK ^ -> Q ^ | SDFFQX1   |  0.300 |   0.310 |    2.254 | 
     | g222                                   |             | BUFX6     |  0.000 |   0.310 |    2.254 | 
     | g222                                   | A ^ -> Y ^  | BUFX6     |  0.176 |   0.487 |    2.431 | 
     | u_account_balance/g13463               |             | INVX8     |  0.000 |   0.487 |    2.431 | 
     | u_account_balance/g13463               | A ^ -> Y v  | INVX8     |  0.065 |   0.551 |    2.495 | 
     | u_account_balance/g13456               |             | CLKAND2X3 |  0.000 |   0.551 |    2.495 | 
     | u_account_balance/g13456               | B v -> Y v  | CLKAND2X3 |  0.148 |   0.699 |    2.643 | 
     | u_account_balance/g13449               |             | CLKINVX2  |  0.000 |   0.699 |    2.643 | 
     | u_account_balance/g13449               | A v -> Y ^  | CLKINVX2  |  0.063 |   0.763 |    2.707 | 
     | u_account_balance/g13398               |             | NOR2BXL   |  0.000 |   0.763 |    2.707 | 
     | u_account_balance/g13398               | B ^ -> Y v  | NOR2BXL   |  0.053 |   0.816 |    2.760 | 
     | u_account_balance/g13286               |             | AOI221X1  |  0.000 |   0.816 |    2.760 | 
     | u_account_balance/g13286               | C0 v -> Y ^ | AOI221X1  |  0.109 |   0.925 |    2.869 | 
     | u_account_balance/g13252               |             | NOR2XL    |  0.000 |   0.925 |    2.869 | 
     | u_account_balance/g13252               | B ^ -> Y v  | NOR2XL    |  0.055 |   0.980 |    2.924 | 
     | u_account_balance/g13237               |             | NOR2XL    |  0.000 |   0.980 |    2.924 | 
     | u_account_balance/g13237               | B v -> Y ^  | NOR2XL    |  0.078 |   1.058 |    3.002 | 
     | u_account_balance/g13223               |             | NAND2XL   |  0.000 |   1.058 |    3.002 | 
     | u_account_balance/g13223               | B ^ -> Y v  | NAND2XL   |  0.089 |   1.147 |    3.091 | 
     | u_account_balance/g13210               |             | NOR2X1    |  0.000 |   1.147 |    3.091 | 
     | u_account_balance/g13210               | B v -> Y ^  | NOR2X1    |  0.112 |   1.259 |    3.203 | 
     | u_account_balance/g13194               |             | OAI21X1   |  0.000 |   1.259 |    3.203 | 
     | u_account_balance/g13194               | B0 ^ -> Y v | OAI21X1   |  0.128 |   1.387 |    3.331 | 
     | u_account_balance/g13192               |             | NOR2X1    |  0.000 |   1.387 |    3.331 | 
     | u_account_balance/g13192               | B v -> Y ^  | NOR2X1    |  0.163 |   1.550 |    3.494 | 
     | u_account_balance/g13187               |             | NAND2X1   |  0.000 |   1.550 |    3.494 | 
     | u_account_balance/g13187               | B ^ -> Y v  | NAND2X1   |  0.137 |   1.687 |    3.631 | 
     | u_account_balance/g13184               |             | OR4X1     |  0.000 |   1.687 |    3.631 | 
     | u_account_balance/g13184               | D v -> Y v  | OR4X1     |  0.296 |   1.984 |    3.928 | 
     | u_account_balance/g13179               |             | OR2X1     |  0.000 |   1.984 |    3.928 | 
     | u_account_balance/g13179               | B v -> Y v  | OR2X1     |  0.195 |   2.179 |    4.123 | 
     | u_account_balance/g13170               |             | NAND2X1   |  0.000 |   2.179 |    4.123 | 
     | u_account_balance/g13170               | B v -> Y ^  | NAND2X1   |  0.080 |   2.260 |    4.204 | 
     | u_account_balance/g4361                |             | OR2X1     |  0.000 |   2.260 |    4.204 | 
     | u_account_balance/g4361                | B ^ -> Y ^  | OR2X1     |  0.128 |   2.387 |    4.332 | 
     | u_account_balance/g4357                |             | NAND2XL   |  0.000 |   2.387 |    4.332 | 
     | u_account_balance/g4357                | B ^ -> Y v  | NAND2XL   |  0.115 |   2.503 |    4.447 | 
     | u_account_balance/g4343                |             | NAND2XL   |  0.000 |   2.503 |    4.447 | 
     | u_account_balance/g4343                | A v -> Y ^  | NAND2XL   |  0.270 |   2.773 |    4.717 | 
     | u_account_balance/g4304                |             | AO22XL    |  0.000 |   2.773 |    4.717 | 
     | u_account_balance/g4304                | A0 ^ -> Y ^ | AO22XL    |  0.190 |   2.962 |    4.906 | 
     | u_account_balance/balance_db_reg[2][7] |             | SDFFQX1   |  0.000 |   2.962 |    4.906 | 
     +------------------------------------------------------------------------------------------------+ 
     Clock Rise Edge                      0.000
     + Source Insertion Delay             0.010
     = Beginpoint Arrival Time            0.010
     Other End Path:
     +----------------------------------------------------------------------------------------+ 
     |                Instance                |  Arc  |  Cell   | Retime | Arrival | Required | 
     |                                        |       |         |  Delay |  Time   |   Time   | 
     |----------------------------------------+-------+---------+--------+---------+----------| 
     |                                        | clk ^ |         |        |   0.010 |   -1.934 | 
     | u_account_balance/balance_db_reg[2][7] |       | SDFFQX1 |  0.000 |   0.010 |   -1.934 | 
     +----------------------------------------------------------------------------------------+ 
Path 13: MET Setup Check with Pin u_account_balance/balance_db_reg[2][11]/CK 
Endpoint:   u_account_balance/balance_db_reg[2][11]/D (^) checked with  leading 
edge of 'clk'
Beginpoint: u_vehicle_interface/id_to_check_reg[3]/Q  (^) triggered by  leading 
edge of 'clk'
Path Groups: {clk}
Analysis View: view1
Retime Analysis { Data Path-Slew }
Other End Arrival Time          0.010
- Setup                         0.299
+ Phase Shift                   5.200
- Uncertainty                   0.010
= Required Time                 4.901
- Arrival Time                  2.868
= Slack Time                    2.032
= Slack Time(original)          1.905
     Clock Rise Edge                      0.000
     + Source Insertion Delay             0.010
     = Beginpoint Arrival Time            0.010
     Timing Path:
     +-------------------------------------------------------------------------------------------------+ 
     |                Instance                 |     Arc     |   Cell    | Retime | Arrival | Required | 
     |                                         |             |           |  Delay |  Time   |   Time   | 
     |-----------------------------------------+-------------+-----------+--------+---------+----------| 
     |                                         | clk ^       |           |        |   0.010 |    2.042 | 
     | u_vehicle_interface/id_to_check_reg[3]  |             | SDFFQX1   |  0.000 |   0.010 |    2.042 | 
     | u_vehicle_interface/id_to_check_reg[3]  | CK ^ -> Q ^ | SDFFQX1   |  0.300 |   0.310 |    2.342 | 
     | g222                                    |             | BUFX6     |  0.000 |   0.310 |    2.342 | 
     | g222                                    | A ^ -> Y ^  | BUFX6     |  0.176 |   0.487 |    2.519 | 
     | u_account_balance/g13463                |             | INVX8     |  0.000 |   0.487 |    2.519 | 
     | u_account_balance/g13463                | A ^ -> Y v  | INVX8     |  0.065 |   0.551 |    2.583 | 
     | u_account_balance/g13456                |             | CLKAND2X3 |  0.000 |   0.551 |    2.583 | 
     | u_account_balance/g13456                | B v -> Y v  | CLKAND2X3 |  0.148 |   0.699 |    2.731 | 
     | u_account_balance/g13449                |             | CLKINVX2  |  0.000 |   0.699 |    2.731 | 
     | u_account_balance/g13449                | A v -> Y ^  | CLKINVX2  |  0.063 |   0.763 |    2.795 | 
     | u_account_balance/g13398                |             | NOR2BXL   |  0.000 |   0.763 |    2.795 | 
     | u_account_balance/g13398                | B ^ -> Y v  | NOR2BXL   |  0.053 |   0.816 |    2.848 | 
     | u_account_balance/g13286                |             | AOI221X1  |  0.000 |   0.816 |    2.848 | 
     | u_account_balance/g13286                | C0 v -> Y ^ | AOI221X1  |  0.062 |   0.878 |    2.910 | 
     | u_account_balance/g13252                |             | NOR2XL    |  0.000 |   0.878 |    2.910 | 
     | u_account_balance/g13252                | B ^ -> Y v  | NOR2XL    |  0.045 |   0.923 |    2.955 | 
     | u_account_balance/g13237                |             | NOR2XL    |  0.000 |   0.923 |    2.955 | 
     | u_account_balance/g13237                | B v -> Y ^  | NOR2XL    |  0.072 |   0.995 |    3.027 | 
     | u_account_balance/g13223                |             | NAND2XL   |  0.000 |   0.995 |    3.027 | 
     | u_account_balance/g13223                | B ^ -> Y v  | NAND2XL   |  0.088 |   1.083 |    3.116 | 
     | u_account_balance/g13210                |             | NOR2X1    |  0.000 |   1.083 |    3.116 | 
     | u_account_balance/g13210                | B v -> Y ^  | NOR2X1    |  0.112 |   1.195 |    3.227 | 
     | u_account_balance/g13194                |             | OAI21X1   |  0.000 |   1.195 |    3.227 | 
     | u_account_balance/g13194                | B0 ^ -> Y v | OAI21X1   |  0.098 |   1.293 |    3.325 | 
     | u_account_balance/g13192                |             | NOR2X1    |  0.000 |   1.293 |    3.325 | 
     | u_account_balance/g13192                | B v -> Y ^  | NOR2X1    |  0.153 |   1.446 |    3.478 | 
     | u_account_balance/g13187                |             | NAND2X1   |  0.000 |   1.446 |    3.478 | 
     | u_account_balance/g13187                | B ^ -> Y v  | NAND2X1   |  0.137 |   1.582 |    3.614 | 
     | u_account_balance/g13184                |             | OR4X1     |  0.000 |   1.582 |    3.614 | 
     | u_account_balance/g13184                | D v -> Y v  | OR4X1     |  0.296 |   1.879 |    3.911 | 
     | u_account_balance/g13179                |             | OR2X1     |  0.000 |   1.879 |    3.911 | 
     | u_account_balance/g13179                | B v -> Y v  | OR2X1     |  0.195 |   2.074 |    4.106 | 
     | u_account_balance/g13170                |             | NAND2X1   |  0.000 |   2.074 |    4.106 | 
     | u_account_balance/g13170                | B v -> Y ^  | NAND2X1   |  0.080 |   2.154 |    4.186 | 
     | u_account_balance/g4361                 |             | OR2X1     |  0.000 |   2.154 |    4.186 | 
     | u_account_balance/g4361                 | B ^ -> Y ^  | OR2X1     |  0.128 |   2.282 |    4.314 | 
     | u_account_balance/g4357                 |             | NAND2XL   |  0.000 |   2.282 |    4.314 | 
     | u_account_balance/g4357                 | B ^ -> Y v  | NAND2XL   |  0.115 |   2.397 |    4.429 | 
     | u_account_balance/g4343                 |             | NAND2XL   |  0.000 |   2.397 |    4.429 | 
     | u_account_balance/g4343                 | A v -> Y ^  | NAND2XL   |  0.270 |   2.667 |    4.700 | 
     | u_account_balance/g4307                 |             | AO22XL    |  0.000 |   2.667 |    4.700 | 
     | u_account_balance/g4307                 | A0 ^ -> Y ^ | AO22XL    |  0.201 |   2.868 |    4.901 | 
     | u_account_balance/balance_db_reg[2][11] |             | SDFFQX1   |  0.000 |   2.868 |    4.901 | 
     +-------------------------------------------------------------------------------------------------+ 
     Clock Rise Edge                      0.000
     + Source Insertion Delay             0.010
     = Beginpoint Arrival Time            0.010
     Other End Path:
     +-----------------------------------------------------------------------------------------+ 
     |                Instance                 |  Arc  |  Cell   | Retime | Arrival | Required | 
     |                                         |       |         |  Delay |  Time   |   Time   | 
     |-----------------------------------------+-------+---------+--------+---------+----------| 
     |                                         | clk ^ |         |        |   0.010 |   -2.022 | 
     | u_account_balance/balance_db_reg[2][11] |       | SDFFQX1 |  0.000 |   0.010 |   -2.022 | 
     +-----------------------------------------------------------------------------------------+ 
Path 14: MET Setup Check with Pin u_account_balance/balance_db_reg[2][9]/CK 
Endpoint:   u_account_balance/balance_db_reg[2][9]/D (^) checked with  leading 
edge of 'clk'
Beginpoint: u_vehicle_interface/id_to_check_reg[3]/Q (^) triggered by  leading 
edge of 'clk'
Path Groups: {clk}
Analysis View: view1
Retime Analysis { Data Path-Slew }
Other End Arrival Time          0.010
- Setup                         0.299
+ Phase Shift                   5.200
- Uncertainty                   0.010
= Required Time                 4.901
- Arrival Time                  2.868
= Slack Time                    2.032
= Slack Time(original)          1.905
     Clock Rise Edge                      0.000
     + Source Insertion Delay             0.010
     = Beginpoint Arrival Time            0.010
     Timing Path:
     +------------------------------------------------------------------------------------------------+ 
     |                Instance                |     Arc     |   Cell    | Retime | Arrival | Required | 
     |                                        |             |           |  Delay |  Time   |   Time   | 
     |----------------------------------------+-------------+-----------+--------+---------+----------| 
     |                                        | clk ^       |           |        |   0.010 |    2.042 | 
     | u_vehicle_interface/id_to_check_reg[3] |             | SDFFQX1   |  0.000 |   0.010 |    2.042 | 
     | u_vehicle_interface/id_to_check_reg[3] | CK ^ -> Q ^ | SDFFQX1   |  0.300 |   0.310 |    2.342 | 
     | g222                                   |             | BUFX6     |  0.000 |   0.310 |    2.342 | 
     | g222                                   | A ^ -> Y ^  | BUFX6     |  0.176 |   0.487 |    2.519 | 
     | u_account_balance/g13463               |             | INVX8     |  0.000 |   0.487 |    2.519 | 
     | u_account_balance/g13463               | A ^ -> Y v  | INVX8     |  0.065 |   0.551 |    2.583 | 
     | u_account_balance/g13456               |             | CLKAND2X3 |  0.000 |   0.551 |    2.583 | 
     | u_account_balance/g13456               | B v -> Y v  | CLKAND2X3 |  0.148 |   0.699 |    2.731 | 
     | u_account_balance/g13449               |             | CLKINVX2  |  0.000 |   0.699 |    2.731 | 
     | u_account_balance/g13449               | A v -> Y ^  | CLKINVX2  |  0.063 |   0.763 |    2.795 | 
     | u_account_balance/g13398               |             | NOR2BXL   |  0.000 |   0.763 |    2.795 | 
     | u_account_balance/g13398               | B ^ -> Y v  | NOR2BXL   |  0.053 |   0.816 |    2.848 | 
     | u_account_balance/g13286               |             | AOI221X1  |  0.000 |   0.816 |    2.848 | 
     | u_account_balance/g13286               | C0 v -> Y ^ | AOI221X1  |  0.062 |   0.878 |    2.910 | 
     | u_account_balance/g13252               |             | NOR2XL    |  0.000 |   0.878 |    2.910 | 
     | u_account_balance/g13252               | B ^ -> Y v  | NOR2XL    |  0.045 |   0.923 |    2.955 | 
     | u_account_balance/g13237               |             | NOR2XL    |  0.000 |   0.923 |    2.955 | 
     | u_account_balance/g13237               | B v -> Y ^  | NOR2XL    |  0.072 |   0.995 |    3.027 | 
     | u_account_balance/g13223               |             | NAND2XL   |  0.000 |   0.995 |    3.027 | 
     | u_account_balance/g13223               | B ^ -> Y v  | NAND2XL   |  0.088 |   1.083 |    3.116 | 
     | u_account_balance/g13210               |             | NOR2X1    |  0.000 |   1.083 |    3.116 | 
     | u_account_balance/g13210               | B v -> Y ^  | NOR2X1    |  0.112 |   1.195 |    3.227 | 
     | u_account_balance/g13194               |             | OAI21X1   |  0.000 |   1.195 |    3.227 | 
     | u_account_balance/g13194               | B0 ^ -> Y v | OAI21X1   |  0.098 |   1.293 |    3.325 | 
     | u_account_balance/g13192               |             | NOR2X1    |  0.000 |   1.293 |    3.325 | 
     | u_account_balance/g13192               | B v -> Y ^  | NOR2X1    |  0.153 |   1.446 |    3.478 | 
     | u_account_balance/g13187               |             | NAND2X1   |  0.000 |   1.446 |    3.478 | 
     | u_account_balance/g13187               | B ^ -> Y v  | NAND2X1   |  0.137 |   1.582 |    3.614 | 
     | u_account_balance/g13184               |             | OR4X1     |  0.000 |   1.582 |    3.614 | 
     | u_account_balance/g13184               | D v -> Y v  | OR4X1     |  0.296 |   1.879 |    3.911 | 
     | u_account_balance/g13179               |             | OR2X1     |  0.000 |   1.879 |    3.911 | 
     | u_account_balance/g13179               | B v -> Y v  | OR2X1     |  0.195 |   2.074 |    4.106 | 
     | u_account_balance/g13170               |             | NAND2X1   |  0.000 |   2.074 |    4.106 | 
     | u_account_balance/g13170               | B v -> Y ^  | NAND2X1   |  0.080 |   2.154 |    4.186 | 
     | u_account_balance/g4361                |             | OR2X1     |  0.000 |   2.154 |    4.186 | 
     | u_account_balance/g4361                | B ^ -> Y ^  | OR2X1     |  0.128 |   2.282 |    4.314 | 
     | u_account_balance/g4357                |             | NAND2XL   |  0.000 |   2.282 |    4.314 | 
     | u_account_balance/g4357                | B ^ -> Y v  | NAND2XL   |  0.115 |   2.397 |    4.429 | 
     | u_account_balance/g4343                |             | NAND2XL   |  0.000 |   2.397 |    4.429 | 
     | u_account_balance/g4343                | A v -> Y ^  | NAND2XL   |  0.270 |   2.667 |    4.700 | 
     | u_account_balance/g4306                |             | AO22XL    |  0.000 |   2.667 |    4.700 | 
     | u_account_balance/g4306                | A0 ^ -> Y ^ | AO22XL    |  0.201 |   2.868 |    4.901 | 
     | u_account_balance/balance_db_reg[2][9] |             | SDFFQX1   |  0.000 |   2.868 |    4.901 | 
     +------------------------------------------------------------------------------------------------+ 
     Clock Rise Edge                      0.000
     + Source Insertion Delay             0.010
     = Beginpoint Arrival Time            0.010
     Other End Path:
     +----------------------------------------------------------------------------------------+ 
     |                Instance                |  Arc  |  Cell   | Retime | Arrival | Required | 
     |                                        |       |         |  Delay |  Time   |   Time   | 
     |----------------------------------------+-------+---------+--------+---------+----------| 
     |                                        | clk ^ |         |        |   0.010 |   -2.022 | 
     | u_account_balance/balance_db_reg[2][9] |       | SDFFQX1 |  0.000 |   0.010 |   -2.022 | 
     +----------------------------------------------------------------------------------------+ 
Path 15: MET Setup Check with Pin u_account_balance/balance_db_reg[2][7]/CK 
Endpoint:   u_account_balance/balance_db_reg[2][7]/D (^) checked with  leading 
edge of 'clk'
Beginpoint: u_vehicle_interface/id_to_check_reg[3]/Q (^) triggered by  leading 
edge of 'clk'
Path Groups: {clk}
Analysis View: view1
Retime Analysis { Data Path-Slew }
Other End Arrival Time          0.010
- Setup                         0.299
+ Phase Shift                   5.200
- Uncertainty                   0.010
= Required Time                 4.901
- Arrival Time                  2.868
= Slack Time                    2.032
= Slack Time(original)          1.905
     Clock Rise Edge                      0.000
     + Source Insertion Delay             0.010
     = Beginpoint Arrival Time            0.010
     Timing Path:
     +------------------------------------------------------------------------------------------------+ 
     |                Instance                |     Arc     |   Cell    | Retime | Arrival | Required | 
     |                                        |             |           |  Delay |  Time   |   Time   | 
     |----------------------------------------+-------------+-----------+--------+---------+----------| 
     |                                        | clk ^       |           |        |   0.010 |    2.042 | 
     | u_vehicle_interface/id_to_check_reg[3] |             | SDFFQX1   |  0.000 |   0.010 |    2.042 | 
     | u_vehicle_interface/id_to_check_reg[3] | CK ^ -> Q ^ | SDFFQX1   |  0.300 |   0.310 |    2.342 | 
     | g222                                   |             | BUFX6     |  0.000 |   0.310 |    2.342 | 
     | g222                                   | A ^ -> Y ^  | BUFX6     |  0.176 |   0.487 |    2.519 | 
     | u_account_balance/g13463               |             | INVX8     |  0.000 |   0.487 |    2.519 | 
     | u_account_balance/g13463               | A ^ -> Y v  | INVX8     |  0.065 |   0.551 |    2.583 | 
     | u_account_balance/g13456               |             | CLKAND2X3 |  0.000 |   0.551 |    2.583 | 
     | u_account_balance/g13456               | B v -> Y v  | CLKAND2X3 |  0.148 |   0.699 |    2.731 | 
     | u_account_balance/g13449               |             | CLKINVX2  |  0.000 |   0.699 |    2.731 | 
     | u_account_balance/g13449               | A v -> Y ^  | CLKINVX2  |  0.063 |   0.763 |    2.795 | 
     | u_account_balance/g13398               |             | NOR2BXL   |  0.000 |   0.763 |    2.795 | 
     | u_account_balance/g13398               | B ^ -> Y v  | NOR2BXL   |  0.053 |   0.816 |    2.848 | 
     | u_account_balance/g13286               |             | AOI221X1  |  0.000 |   0.816 |    2.848 | 
     | u_account_balance/g13286               | C0 v -> Y ^ | AOI221X1  |  0.062 |   0.878 |    2.910 | 
     | u_account_balance/g13252               |             | NOR2XL    |  0.000 |   0.878 |    2.910 | 
     | u_account_balance/g13252               | B ^ -> Y v  | NOR2XL    |  0.045 |   0.923 |    2.955 | 
     | u_account_balance/g13237               |             | NOR2XL    |  0.000 |   0.923 |    2.955 | 
     | u_account_balance/g13237               | B v -> Y ^  | NOR2XL    |  0.072 |   0.995 |    3.027 | 
     | u_account_balance/g13223               |             | NAND2XL   |  0.000 |   0.995 |    3.027 | 
     | u_account_balance/g13223               | B ^ -> Y v  | NAND2XL   |  0.088 |   1.083 |    3.116 | 
     | u_account_balance/g13210               |             | NOR2X1    |  0.000 |   1.083 |    3.116 | 
     | u_account_balance/g13210               | B v -> Y ^  | NOR2X1    |  0.112 |   1.195 |    3.227 | 
     | u_account_balance/g13194               |             | OAI21X1   |  0.000 |   1.195 |    3.227 | 
     | u_account_balance/g13194               | B0 ^ -> Y v | OAI21X1   |  0.098 |   1.293 |    3.325 | 
     | u_account_balance/g13192               |             | NOR2X1    |  0.000 |   1.293 |    3.325 | 
     | u_account_balance/g13192               | B v -> Y ^  | NOR2X1    |  0.153 |   1.446 |    3.478 | 
     | u_account_balance/g13187               |             | NAND2X1   |  0.000 |   1.446 |    3.478 | 
     | u_account_balance/g13187               | B ^ -> Y v  | NAND2X1   |  0.137 |   1.582 |    3.614 | 
     | u_account_balance/g13184               |             | OR4X1     |  0.000 |   1.582 |    3.614 | 
     | u_account_balance/g13184               | D v -> Y v  | OR4X1     |  0.296 |   1.879 |    3.911 | 
     | u_account_balance/g13179               |             | OR2X1     |  0.000 |   1.879 |    3.911 | 
     | u_account_balance/g13179               | B v -> Y v  | OR2X1     |  0.195 |   2.074 |    4.106 | 
     | u_account_balance/g13170               |             | NAND2X1   |  0.000 |   2.074 |    4.106 | 
     | u_account_balance/g13170               | B v -> Y ^  | NAND2X1   |  0.080 |   2.154 |    4.186 | 
     | u_account_balance/g4361                |             | OR2X1     |  0.000 |   2.154 |    4.186 | 
     | u_account_balance/g4361                | B ^ -> Y ^  | OR2X1     |  0.128 |   2.282 |    4.314 | 
     | u_account_balance/g4357                |             | NAND2XL   |  0.000 |   2.282 |    4.314 | 
     | u_account_balance/g4357                | B ^ -> Y v  | NAND2XL   |  0.115 |   2.397 |    4.429 | 
     | u_account_balance/g4343                |             | NAND2XL   |  0.000 |   2.397 |    4.429 | 
     | u_account_balance/g4343                | A v -> Y ^  | NAND2XL   |  0.270 |   2.667 |    4.700 | 
     | u_account_balance/g4304                |             | AO22XL    |  0.000 |   2.667 |    4.700 | 
     | u_account_balance/g4304                | A0 ^ -> Y ^ | AO22XL    |  0.201 |   2.868 |    4.901 | 
     | u_account_balance/balance_db_reg[2][7] |             | SDFFQX1   |  0.000 |   2.868 |    4.901 | 
     +------------------------------------------------------------------------------------------------+ 
     Clock Rise Edge                      0.000
     + Source Insertion Delay             0.010
     = Beginpoint Arrival Time            0.010
     Other End Path:
     +----------------------------------------------------------------------------------------+ 
     |                Instance                |  Arc  |  Cell   | Retime | Arrival | Required | 
     |                                        |       |         |  Delay |  Time   |   Time   | 
     |----------------------------------------+-------+---------+--------+---------+----------| 
     |                                        | clk ^ |         |        |   0.010 |   -2.022 | 
     | u_account_balance/balance_db_reg[2][7] |       | SDFFQX1 |  0.000 |   0.010 |   -2.022 | 
     +----------------------------------------------------------------------------------------+ 
Path 16: MET Setup Check with Pin u_account_balance/balance_db_reg[2][11]/CK 
Endpoint:   u_account_balance/balance_db_reg[2][11]/D (^) checked with  leading 
edge of 'clk'
Beginpoint: u_vehicle_interface/id_to_check_reg[3]/Q  (^) triggered by  leading 
edge of 'clk'
Path Groups: {clk}
Analysis View: view1
Retime Analysis { Data Path-Slew }
Other End Arrival Time          0.010
- Setup                         0.294
+ Phase Shift                   5.200
- Uncertainty                   0.010
= Required Time                 4.906
- Arrival Time                  2.899
= Slack Time                    2.007
= Slack Time(original)          1.905
     Clock Rise Edge                      0.000
     + Source Insertion Delay             0.010
     = Beginpoint Arrival Time            0.010
     Timing Path:
     +-------------------------------------------------------------------------------------------------+ 
     |                Instance                 |     Arc     |   Cell    | Retime | Arrival | Required | 
     |                                         |             |           |  Delay |  Time   |   Time   | 
     |-----------------------------------------+-------------+-----------+--------+---------+----------| 
     |                                         | clk ^       |           |        |   0.010 |    2.017 | 
     | u_vehicle_interface/id_to_check_reg[3]  |             | SDFFQX1   |  0.000 |   0.010 |    2.017 | 
     | u_vehicle_interface/id_to_check_reg[3]  | CK ^ -> Q ^ | SDFFQX1   |  0.300 |   0.310 |    2.318 | 
     | g222                                    |             | BUFX6     |  0.000 |   0.310 |    2.318 | 
     | g222                                    | A ^ -> Y ^  | BUFX6     |  0.176 |   0.487 |    2.494 | 
     | u_account_balance/g13463                |             | INVX8     |  0.000 |   0.487 |    2.494 | 
     | u_account_balance/g13463                | A ^ -> Y v  | INVX8     |  0.065 |   0.551 |    2.559 | 
     | u_account_balance/g13456                |             | CLKAND2X3 |  0.000 |   0.551 |    2.559 | 
     | u_account_balance/g13456                | B v -> Y v  | CLKAND2X3 |  0.148 |   0.699 |    2.707 | 
     | u_account_balance/g13449                |             | CLKINVX2  |  0.000 |   0.699 |    2.707 | 
     | u_account_balance/g13449                | A v -> Y ^  | CLKINVX2  |  0.063 |   0.763 |    2.770 | 
     | u_account_balance/g13398                |             | NOR2BXL   |  0.000 |   0.763 |    2.770 | 
     | u_account_balance/g13398                | B ^ -> Y v  | NOR2BXL   |  0.053 |   0.816 |    2.823 | 
     | u_account_balance/g13286                |             | AOI221X1  |  0.000 |   0.816 |    2.823 | 
     | u_account_balance/g13286                | C0 v -> Y ^ | AOI221X1  |  0.062 |   0.878 |    2.885 | 
     | u_account_balance/g13252                |             | NOR2XL    |  0.000 |   0.878 |    2.885 | 
     | u_account_balance/g13252                | B ^ -> Y v  | NOR2XL    |  0.045 |   0.923 |    2.930 | 
     | u_account_balance/g13237                |             | NOR2XL    |  0.000 |   0.923 |    2.930 | 
     | u_account_balance/g13237                | B v -> Y ^  | NOR2XL    |  0.072 |   0.995 |    3.003 | 
     | u_account_balance/g13223                |             | NAND2XL   |  0.000 |   0.995 |    3.003 | 
     | u_account_balance/g13223                | B ^ -> Y v  | NAND2XL   |  0.088 |   1.083 |    3.091 | 
     | u_account_balance/g13210                |             | NOR2X1    |  0.000 |   1.083 |    3.091 | 
     | u_account_balance/g13210                | B v -> Y ^  | NOR2X1    |  0.112 |   1.195 |    3.203 | 
     | u_account_balance/g13194                |             | OAI21X1   |  0.000 |   1.195 |    3.203 | 
     | u_account_balance/g13194                | B0 ^ -> Y v | OAI21X1   |  0.128 |   1.324 |    3.331 | 
     | u_account_balance/g13192                |             | NOR2X1    |  0.000 |   1.324 |    3.331 | 
     | u_account_balance/g13192                | B v -> Y ^  | NOR2X1    |  0.163 |   1.487 |    3.494 | 
     | u_account_balance/g13187                |             | NAND2X1   |  0.000 |   1.487 |    3.494 | 
     | u_account_balance/g13187                | B ^ -> Y v  | NAND2X1   |  0.137 |   1.624 |    3.631 | 
     | u_account_balance/g13184                |             | OR4X1     |  0.000 |   1.624 |    3.631 | 
     | u_account_balance/g13184                | D v -> Y v  | OR4X1     |  0.296 |   1.921 |    3.928 | 
     | u_account_balance/g13179                |             | OR2X1     |  0.000 |   1.921 |    3.928 | 
     | u_account_balance/g13179                | B v -> Y v  | OR2X1     |  0.195 |   2.116 |    4.123 | 
     | u_account_balance/g13170                |             | NAND2X1   |  0.000 |   2.116 |    4.123 | 
     | u_account_balance/g13170                | B v -> Y ^  | NAND2X1   |  0.080 |   2.196 |    4.204 | 
     | u_account_balance/g4361                 |             | OR2X1     |  0.000 |   2.196 |    4.204 | 
     | u_account_balance/g4361                 | B ^ -> Y ^  | OR2X1     |  0.128 |   2.324 |    4.332 | 
     | u_account_balance/g4357                 |             | NAND2XL   |  0.000 |   2.324 |    4.332 | 
     | u_account_balance/g4357                 | B ^ -> Y v  | NAND2XL   |  0.115 |   2.439 |    4.447 | 
     | u_account_balance/g4343                 |             | NAND2XL   |  0.000 |   2.439 |    4.447 | 
     | u_account_balance/g4343                 | A v -> Y ^  | NAND2XL   |  0.270 |   2.709 |    4.717 | 
     | u_account_balance/g4307                 |             | AO22XL    |  0.000 |   2.709 |    4.717 | 
     | u_account_balance/g4307                 | A0 ^ -> Y ^ | AO22XL    |  0.190 |   2.899 |    4.906 | 
     | u_account_balance/balance_db_reg[2][11] |             | SDFFQX1   |  0.000 |   2.899 |    4.906 | 
     +-------------------------------------------------------------------------------------------------+ 
     Clock Rise Edge                      0.000
     + Source Insertion Delay             0.010
     = Beginpoint Arrival Time            0.010
     Other End Path:
     +-----------------------------------------------------------------------------------------+ 
     |                Instance                 |  Arc  |  Cell   | Retime | Arrival | Required | 
     |                                         |       |         |  Delay |  Time   |   Time   | 
     |-----------------------------------------+-------+---------+--------+---------+----------| 
     |                                         | clk ^ |         |        |   0.010 |   -1.997 | 
     | u_account_balance/balance_db_reg[2][11] |       | SDFFQX1 |  0.000 |   0.010 |   -1.997 | 
     +-----------------------------------------------------------------------------------------+ 
Path 17: MET Setup Check with Pin u_account_balance/balance_db_reg[2][11]/CK 
Endpoint:   u_account_balance/balance_db_reg[2][11]/D (^) checked with  leading 
edge of 'clk'
Beginpoint: u_vehicle_interface/id_to_check_reg[3]/Q  (^) triggered by  leading 
edge of 'clk'
Path Groups: {clk}
Analysis View: view1
Retime Analysis { Data Path-Slew }
Other End Arrival Time          0.010
- Setup                         0.294
+ Phase Shift                   5.200
- Uncertainty                   0.010
= Required Time                 4.906
- Arrival Time                  2.920
= Slack Time                    1.986
= Slack Time(original)          1.905
     Clock Rise Edge                      0.000
     + Source Insertion Delay             0.010
     = Beginpoint Arrival Time            0.010
     Timing Path:
     +-------------------------------------------------------------------------------------------------+ 
     |                Instance                 |     Arc     |   Cell    | Retime | Arrival | Required | 
     |                                         |             |           |  Delay |  Time   |   Time   | 
     |-----------------------------------------+-------------+-----------+--------+---------+----------| 
     |                                         | clk ^       |           |        |   0.010 |    1.996 | 
     | u_vehicle_interface/id_to_check_reg[3]  |             | SDFFQX1   |  0.000 |   0.010 |    1.996 | 
     | u_vehicle_interface/id_to_check_reg[3]  | CK ^ -> Q ^ | SDFFQX1   |  0.300 |   0.310 |    2.296 | 
     | g222                                    |             | BUFX6     |  0.000 |   0.310 |    2.296 | 
     | g222                                    | A ^ -> Y ^  | BUFX6     |  0.176 |   0.487 |    2.473 | 
     | u_account_balance/g13463                |             | INVX8     |  0.000 |   0.487 |    2.473 | 
     | u_account_balance/g13463                | A ^ -> Y v  | INVX8     |  0.065 |   0.551 |    2.537 | 
     | u_account_balance/g13456                |             | CLKAND2X3 |  0.000 |   0.551 |    2.537 | 
     | u_account_balance/g13456                | B v -> Y v  | CLKAND2X3 |  0.148 |   0.699 |    2.685 | 
     | u_account_balance/g13449                |             | CLKINVX2  |  0.000 |   0.699 |    2.685 | 
     | u_account_balance/g13449                | A v -> Y ^  | CLKINVX2  |  0.063 |   0.763 |    2.749 | 
     | u_account_balance/g13398                |             | NOR2BXL   |  0.000 |   0.763 |    2.749 | 
     | u_account_balance/g13398                | B ^ -> Y v  | NOR2BXL   |  0.053 |   0.816 |    2.802 | 
     | u_account_balance/g13286                |             | AOI221X1  |  0.000 |   0.816 |    2.802 | 
     | u_account_balance/g13286                | C0 v -> Y ^ | AOI221X1  |  0.109 |   0.925 |    2.911 | 
     | u_account_balance/g13252                |             | NOR2XL    |  0.000 |   0.925 |    2.911 | 
     | u_account_balance/g13252                | B ^ -> Y v  | NOR2XL    |  0.055 |   0.980 |    2.966 | 
     | u_account_balance/g13237                |             | NOR2XL    |  0.000 |   0.980 |    2.966 | 
     | u_account_balance/g13237                | B v -> Y ^  | NOR2XL    |  0.078 |   1.058 |    3.044 | 
     | u_account_balance/g13223                |             | NAND2XL   |  0.000 |   1.058 |    3.044 | 
     | u_account_balance/g13223                | B ^ -> Y v  | NAND2XL   |  0.089 |   1.147 |    3.133 | 
     | u_account_balance/g13210                |             | NOR2X1    |  0.000 |   1.147 |    3.133 | 
     | u_account_balance/g13210                | B v -> Y ^  | NOR2X1    |  0.112 |   1.259 |    3.245 | 
     | u_account_balance/g13194                |             | OAI21X1   |  0.000 |   1.259 |    3.245 | 
     | u_account_balance/g13194                | B0 ^ -> Y v | OAI21X1   |  0.098 |   1.356 |    3.342 | 
     | u_account_balance/g13192                |             | NOR2X1    |  0.000 |   1.356 |    3.342 | 
     | u_account_balance/g13192                | B v -> Y ^  | NOR2X1    |  0.153 |   1.509 |    3.495 | 
     | u_account_balance/g13187                |             | NAND2X1   |  0.000 |   1.509 |    3.495 | 
     | u_account_balance/g13187                | B ^ -> Y v  | NAND2X1   |  0.137 |   1.645 |    3.632 | 
     | u_account_balance/g13184                |             | OR4X1     |  0.000 |   1.645 |    3.632 | 
     | u_account_balance/g13184                | D v -> Y v  | OR4X1     |  0.296 |   1.942 |    3.928 | 
     | u_account_balance/g13179                |             | OR2X1     |  0.000 |   1.942 |    3.928 | 
     | u_account_balance/g13179                | B v -> Y v  | OR2X1     |  0.195 |   2.137 |    4.123 | 
     | u_account_balance/g13170                |             | NAND2X1   |  0.000 |   2.137 |    4.123 | 
     | u_account_balance/g13170                | B v -> Y ^  | NAND2X1   |  0.080 |   2.217 |    4.204 | 
     | u_account_balance/g4361                 |             | OR2X1     |  0.000 |   2.217 |    4.204 | 
     | u_account_balance/g4361                 | B ^ -> Y ^  | OR2X1     |  0.128 |   2.345 |    4.332 | 
     | u_account_balance/g4357                 |             | NAND2XL   |  0.000 |   2.345 |    4.332 | 
     | u_account_balance/g4357                 | B ^ -> Y v  | NAND2XL   |  0.115 |   2.460 |    4.447 | 
     | u_account_balance/g4343                 |             | NAND2XL   |  0.000 |   2.460 |    4.447 | 
     | u_account_balance/g4343                 | A v -> Y ^  | NAND2XL   |  0.270 |   2.731 |    4.717 | 
     | u_account_balance/g4307                 |             | AO22XL    |  0.000 |   2.731 |    4.717 | 
     | u_account_balance/g4307                 | A0 ^ -> Y ^ | AO22XL    |  0.190 |   2.920 |    4.906 | 
     | u_account_balance/balance_db_reg[2][11] |             | SDFFQX1   |  0.000 |   2.920 |    4.906 | 
     +-------------------------------------------------------------------------------------------------+ 
     Clock Rise Edge                      0.000
     + Source Insertion Delay             0.010
     = Beginpoint Arrival Time            0.010
     Other End Path:
     +-----------------------------------------------------------------------------------------+ 
     |                Instance                 |  Arc  |  Cell   | Retime | Arrival | Required | 
     |                                         |       |         |  Delay |  Time   |   Time   | 
     |-----------------------------------------+-------+---------+--------+---------+----------| 
     |                                         | clk ^ |         |        |   0.010 |   -1.976 | 
     | u_account_balance/balance_db_reg[2][11] |       | SDFFQX1 |  0.000 |   0.010 |   -1.976 | 
     +-----------------------------------------------------------------------------------------+ 
Path 18: MET Setup Check with Pin u_account_balance/balance_db_reg[2][9]/CK 
Endpoint:   u_account_balance/balance_db_reg[2][9]/D (^) checked with  leading 
edge of 'clk'
Beginpoint: u_vehicle_interface/id_to_check_reg[3]/Q (^) triggered by  leading 
edge of 'clk'
Path Groups: {clk}
Analysis View: view1
Retime Analysis { Data Path-Slew }
Other End Arrival Time          0.010
- Setup                         0.294
+ Phase Shift                   5.200
- Uncertainty                   0.010
= Required Time                 4.906
- Arrival Time                  2.899
= Slack Time                    2.007
= Slack Time(original)          1.905
     Clock Rise Edge                      0.000
     + Source Insertion Delay             0.010
     = Beginpoint Arrival Time            0.010
     Timing Path:
     +------------------------------------------------------------------------------------------------+ 
     |                Instance                |     Arc     |   Cell    | Retime | Arrival | Required | 
     |                                        |             |           |  Delay |  Time   |   Time   | 
     |----------------------------------------+-------------+-----------+--------+---------+----------| 
     |                                        | clk ^       |           |        |   0.010 |    2.017 | 
     | u_vehicle_interface/id_to_check_reg[3] |             | SDFFQX1   |  0.000 |   0.010 |    2.017 | 
     | u_vehicle_interface/id_to_check_reg[3] | CK ^ -> Q ^ | SDFFQX1   |  0.300 |   0.310 |    2.318 | 
     | g222                                   |             | BUFX6     |  0.000 |   0.310 |    2.318 | 
     | g222                                   | A ^ -> Y ^  | BUFX6     |  0.176 |   0.487 |    2.494 | 
     | u_account_balance/g13463               |             | INVX8     |  0.000 |   0.487 |    2.494 | 
     | u_account_balance/g13463               | A ^ -> Y v  | INVX8     |  0.065 |   0.551 |    2.559 | 
     | u_account_balance/g13456               |             | CLKAND2X3 |  0.000 |   0.551 |    2.559 | 
     | u_account_balance/g13456               | B v -> Y v  | CLKAND2X3 |  0.148 |   0.699 |    2.707 | 
     | u_account_balance/g13449               |             | CLKINVX2  |  0.000 |   0.699 |    2.707 | 
     | u_account_balance/g13449               | A v -> Y ^  | CLKINVX2  |  0.063 |   0.763 |    2.770 | 
     | u_account_balance/g13398               |             | NOR2BXL   |  0.000 |   0.763 |    2.770 | 
     | u_account_balance/g13398               | B ^ -> Y v  | NOR2BXL   |  0.053 |   0.816 |    2.823 | 
     | u_account_balance/g13286               |             | AOI221X1  |  0.000 |   0.816 |    2.823 | 
     | u_account_balance/g13286               | C0 v -> Y ^ | AOI221X1  |  0.062 |   0.878 |    2.885 | 
     | u_account_balance/g13252               |             | NOR2XL    |  0.000 |   0.878 |    2.885 | 
     | u_account_balance/g13252               | B ^ -> Y v  | NOR2XL    |  0.045 |   0.923 |    2.930 | 
     | u_account_balance/g13237               |             | NOR2XL    |  0.000 |   0.923 |    2.930 | 
     | u_account_balance/g13237               | B v -> Y ^  | NOR2XL    |  0.072 |   0.995 |    3.003 | 
     | u_account_balance/g13223               |             | NAND2XL   |  0.000 |   0.995 |    3.003 | 
     | u_account_balance/g13223               | B ^ -> Y v  | NAND2XL   |  0.088 |   1.083 |    3.091 | 
     | u_account_balance/g13210               |             | NOR2X1    |  0.000 |   1.083 |    3.091 | 
     | u_account_balance/g13210               | B v -> Y ^  | NOR2X1    |  0.112 |   1.195 |    3.203 | 
     | u_account_balance/g13194               |             | OAI21X1   |  0.000 |   1.195 |    3.203 | 
     | u_account_balance/g13194               | B0 ^ -> Y v | OAI21X1   |  0.128 |   1.324 |    3.331 | 
     | u_account_balance/g13192               |             | NOR2X1    |  0.000 |   1.324 |    3.331 | 
     | u_account_balance/g13192               | B v -> Y ^  | NOR2X1    |  0.163 |   1.487 |    3.494 | 
     | u_account_balance/g13187               |             | NAND2X1   |  0.000 |   1.487 |    3.494 | 
     | u_account_balance/g13187               | B ^ -> Y v  | NAND2X1   |  0.137 |   1.624 |    3.631 | 
     | u_account_balance/g13184               |             | OR4X1     |  0.000 |   1.624 |    3.631 | 
     | u_account_balance/g13184               | D v -> Y v  | OR4X1     |  0.296 |   1.921 |    3.928 | 
     | u_account_balance/g13179               |             | OR2X1     |  0.000 |   1.921 |    3.928 | 
     | u_account_balance/g13179               | B v -> Y v  | OR2X1     |  0.195 |   2.116 |    4.123 | 
     | u_account_balance/g13170               |             | NAND2X1   |  0.000 |   2.116 |    4.123 | 
     | u_account_balance/g13170               | B v -> Y ^  | NAND2X1   |  0.080 |   2.196 |    4.204 | 
     | u_account_balance/g4361                |             | OR2X1     |  0.000 |   2.196 |    4.204 | 
     | u_account_balance/g4361                | B ^ -> Y ^  | OR2X1     |  0.128 |   2.324 |    4.332 | 
     | u_account_balance/g4357                |             | NAND2XL   |  0.000 |   2.324 |    4.332 | 
     | u_account_balance/g4357                | B ^ -> Y v  | NAND2XL   |  0.115 |   2.439 |    4.447 | 
     | u_account_balance/g4343                |             | NAND2XL   |  0.000 |   2.439 |    4.447 | 
     | u_account_balance/g4343                | A v -> Y ^  | NAND2XL   |  0.270 |   2.709 |    4.717 | 
     | u_account_balance/g4306                |             | AO22XL    |  0.000 |   2.709 |    4.717 | 
     | u_account_balance/g4306                | A0 ^ -> Y ^ | AO22XL    |  0.190 |   2.899 |    4.906 | 
     | u_account_balance/balance_db_reg[2][9] |             | SDFFQX1   |  0.000 |   2.899 |    4.906 | 
     +------------------------------------------------------------------------------------------------+ 
     Clock Rise Edge                      0.000
     + Source Insertion Delay             0.010
     = Beginpoint Arrival Time            0.010
     Other End Path:
     +----------------------------------------------------------------------------------------+ 
     |                Instance                |  Arc  |  Cell   | Retime | Arrival | Required | 
     |                                        |       |         |  Delay |  Time   |   Time   | 
     |----------------------------------------+-------+---------+--------+---------+----------| 
     |                                        | clk ^ |         |        |   0.010 |   -1.997 | 
     | u_account_balance/balance_db_reg[2][9] |       | SDFFQX1 |  0.000 |   0.010 |   -1.997 | 
     +----------------------------------------------------------------------------------------+ 
Path 19: MET Setup Check with Pin u_account_balance/balance_db_reg[2][9]/CK 
Endpoint:   u_account_balance/balance_db_reg[2][9]/D (^) checked with  leading 
edge of 'clk'
Beginpoint: u_vehicle_interface/id_to_check_reg[3]/Q (^) triggered by  leading 
edge of 'clk'
Path Groups: {clk}
Analysis View: view1
Retime Analysis { Data Path-Slew }
Other End Arrival Time          0.010
- Setup                         0.294
+ Phase Shift                   5.200
- Uncertainty                   0.010
= Required Time                 4.906
- Arrival Time                  2.920
= Slack Time                    1.986
= Slack Time(original)          1.905
     Clock Rise Edge                      0.000
     + Source Insertion Delay             0.010
     = Beginpoint Arrival Time            0.010
     Timing Path:
     +------------------------------------------------------------------------------------------------+ 
     |                Instance                |     Arc     |   Cell    | Retime | Arrival | Required | 
     |                                        |             |           |  Delay |  Time   |   Time   | 
     |----------------------------------------+-------------+-----------+--------+---------+----------| 
     |                                        | clk ^       |           |        |   0.010 |    1.996 | 
     | u_vehicle_interface/id_to_check_reg[3] |             | SDFFQX1   |  0.000 |   0.010 |    1.996 | 
     | u_vehicle_interface/id_to_check_reg[3] | CK ^ -> Q ^ | SDFFQX1   |  0.300 |   0.310 |    2.296 | 
     | g222                                   |             | BUFX6     |  0.000 |   0.310 |    2.296 | 
     | g222                                   | A ^ -> Y ^  | BUFX6     |  0.176 |   0.487 |    2.473 | 
     | u_account_balance/g13463               |             | INVX8     |  0.000 |   0.487 |    2.473 | 
     | u_account_balance/g13463               | A ^ -> Y v  | INVX8     |  0.065 |   0.551 |    2.537 | 
     | u_account_balance/g13456               |             | CLKAND2X3 |  0.000 |   0.551 |    2.537 | 
     | u_account_balance/g13456               | B v -> Y v  | CLKAND2X3 |  0.148 |   0.699 |    2.685 | 
     | u_account_balance/g13449               |             | CLKINVX2  |  0.000 |   0.699 |    2.685 | 
     | u_account_balance/g13449               | A v -> Y ^  | CLKINVX2  |  0.063 |   0.763 |    2.749 | 
     | u_account_balance/g13398               |             | NOR2BXL   |  0.000 |   0.763 |    2.749 | 
     | u_account_balance/g13398               | B ^ -> Y v  | NOR2BXL   |  0.053 |   0.816 |    2.802 | 
     | u_account_balance/g13286               |             | AOI221X1  |  0.000 |   0.816 |    2.802 | 
     | u_account_balance/g13286               | C0 v -> Y ^ | AOI221X1  |  0.109 |   0.925 |    2.911 | 
     | u_account_balance/g13252               |             | NOR2XL    |  0.000 |   0.925 |    2.911 | 
     | u_account_balance/g13252               | B ^ -> Y v  | NOR2XL    |  0.055 |   0.980 |    2.966 | 
     | u_account_balance/g13237               |             | NOR2XL    |  0.000 |   0.980 |    2.966 | 
     | u_account_balance/g13237               | B v -> Y ^  | NOR2XL    |  0.078 |   1.058 |    3.044 | 
     | u_account_balance/g13223               |             | NAND2XL   |  0.000 |   1.058 |    3.044 | 
     | u_account_balance/g13223               | B ^ -> Y v  | NAND2XL   |  0.089 |   1.147 |    3.133 | 
     | u_account_balance/g13210               |             | NOR2X1    |  0.000 |   1.147 |    3.133 | 
     | u_account_balance/g13210               | B v -> Y ^  | NOR2X1    |  0.112 |   1.259 |    3.245 | 
     | u_account_balance/g13194               |             | OAI21X1   |  0.000 |   1.259 |    3.245 | 
     | u_account_balance/g13194               | B0 ^ -> Y v | OAI21X1   |  0.098 |   1.356 |    3.342 | 
     | u_account_balance/g13192               |             | NOR2X1    |  0.000 |   1.356 |    3.342 | 
     | u_account_balance/g13192               | B v -> Y ^  | NOR2X1    |  0.153 |   1.509 |    3.495 | 
     | u_account_balance/g13187               |             | NAND2X1   |  0.000 |   1.509 |    3.495 | 
     | u_account_balance/g13187               | B ^ -> Y v  | NAND2X1   |  0.137 |   1.645 |    3.632 | 
     | u_account_balance/g13184               |             | OR4X1     |  0.000 |   1.645 |    3.632 | 
     | u_account_balance/g13184               | D v -> Y v  | OR4X1     |  0.296 |   1.942 |    3.928 | 
     | u_account_balance/g13179               |             | OR2X1     |  0.000 |   1.942 |    3.928 | 
     | u_account_balance/g13179               | B v -> Y v  | OR2X1     |  0.195 |   2.137 |    4.123 | 
     | u_account_balance/g13170               |             | NAND2X1   |  0.000 |   2.137 |    4.123 | 
     | u_account_balance/g13170               | B v -> Y ^  | NAND2X1   |  0.080 |   2.217 |    4.204 | 
     | u_account_balance/g4361                |             | OR2X1     |  0.000 |   2.217 |    4.204 | 
     | u_account_balance/g4361                | B ^ -> Y ^  | OR2X1     |  0.128 |   2.345 |    4.332 | 
     | u_account_balance/g4357                |             | NAND2XL   |  0.000 |   2.345 |    4.332 | 
     | u_account_balance/g4357                | B ^ -> Y v  | NAND2XL   |  0.115 |   2.460 |    4.447 | 
     | u_account_balance/g4343                |             | NAND2XL   |  0.000 |   2.460 |    4.447 | 
     | u_account_balance/g4343                | A v -> Y ^  | NAND2XL   |  0.270 |   2.731 |    4.717 | 
     | u_account_balance/g4306                |             | AO22XL    |  0.000 |   2.731 |    4.717 | 
     | u_account_balance/g4306                | A0 ^ -> Y ^ | AO22XL    |  0.190 |   2.920 |    4.906 | 
     | u_account_balance/balance_db_reg[2][9] |             | SDFFQX1   |  0.000 |   2.920 |    4.906 | 
     +------------------------------------------------------------------------------------------------+ 
     Clock Rise Edge                      0.000
     + Source Insertion Delay             0.010
     = Beginpoint Arrival Time            0.010
     Other End Path:
     +----------------------------------------------------------------------------------------+ 
     |                Instance                |  Arc  |  Cell   | Retime | Arrival | Required | 
     |                                        |       |         |  Delay |  Time   |   Time   | 
     |----------------------------------------+-------+---------+--------+---------+----------| 
     |                                        | clk ^ |         |        |   0.010 |   -1.976 | 
     | u_account_balance/balance_db_reg[2][9] |       | SDFFQX1 |  0.000 |   0.010 |   -1.976 | 
     +----------------------------------------------------------------------------------------+ 
Path 20: MET Setup Check with Pin u_account_balance/balance_db_reg[2][7]/CK 
Endpoint:   u_account_balance/balance_db_reg[2][7]/D (^) checked with  leading 
edge of 'clk'
Beginpoint: u_vehicle_interface/id_to_check_reg[3]/Q (^) triggered by  leading 
edge of 'clk'
Path Groups: {clk}
Analysis View: view1
Retime Analysis { Data Path-Slew }
Other End Arrival Time          0.010
- Setup                         0.294
+ Phase Shift                   5.200
- Uncertainty                   0.010
= Required Time                 4.906
- Arrival Time                  2.899
= Slack Time                    2.007
= Slack Time(original)          1.905
     Clock Rise Edge                      0.000
     + Source Insertion Delay             0.010
     = Beginpoint Arrival Time            0.010
     Timing Path:
     +------------------------------------------------------------------------------------------------+ 
     |                Instance                |     Arc     |   Cell    | Retime | Arrival | Required | 
     |                                        |             |           |  Delay |  Time   |   Time   | 
     |----------------------------------------+-------------+-----------+--------+---------+----------| 
     |                                        | clk ^       |           |        |   0.010 |    2.017 | 
     | u_vehicle_interface/id_to_check_reg[3] |             | SDFFQX1   |  0.000 |   0.010 |    2.017 | 
     | u_vehicle_interface/id_to_check_reg[3] | CK ^ -> Q ^ | SDFFQX1   |  0.300 |   0.310 |    2.318 | 
     | g222                                   |             | BUFX6     |  0.000 |   0.310 |    2.318 | 
     | g222                                   | A ^ -> Y ^  | BUFX6     |  0.176 |   0.487 |    2.494 | 
     | u_account_balance/g13463               |             | INVX8     |  0.000 |   0.487 |    2.494 | 
     | u_account_balance/g13463               | A ^ -> Y v  | INVX8     |  0.065 |   0.551 |    2.559 | 
     | u_account_balance/g13456               |             | CLKAND2X3 |  0.000 |   0.551 |    2.559 | 
     | u_account_balance/g13456               | B v -> Y v  | CLKAND2X3 |  0.148 |   0.699 |    2.707 | 
     | u_account_balance/g13449               |             | CLKINVX2  |  0.000 |   0.699 |    2.707 | 
     | u_account_balance/g13449               | A v -> Y ^  | CLKINVX2  |  0.063 |   0.763 |    2.770 | 
     | u_account_balance/g13398               |             | NOR2BXL   |  0.000 |   0.763 |    2.770 | 
     | u_account_balance/g13398               | B ^ -> Y v  | NOR2BXL   |  0.053 |   0.816 |    2.823 | 
     | u_account_balance/g13286               |             | AOI221X1  |  0.000 |   0.816 |    2.823 | 
     | u_account_balance/g13286               | C0 v -> Y ^ | AOI221X1  |  0.062 |   0.878 |    2.885 | 
     | u_account_balance/g13252               |             | NOR2XL    |  0.000 |   0.878 |    2.885 | 
     | u_account_balance/g13252               | B ^ -> Y v  | NOR2XL    |  0.045 |   0.923 |    2.930 | 
     | u_account_balance/g13237               |             | NOR2XL    |  0.000 |   0.923 |    2.930 | 
     | u_account_balance/g13237               | B v -> Y ^  | NOR2XL    |  0.072 |   0.995 |    3.003 | 
     | u_account_balance/g13223               |             | NAND2XL   |  0.000 |   0.995 |    3.003 | 
     | u_account_balance/g13223               | B ^ -> Y v  | NAND2XL   |  0.088 |   1.083 |    3.091 | 
     | u_account_balance/g13210               |             | NOR2X1    |  0.000 |   1.083 |    3.091 | 
     | u_account_balance/g13210               | B v -> Y ^  | NOR2X1    |  0.112 |   1.195 |    3.203 | 
     | u_account_balance/g13194               |             | OAI21X1   |  0.000 |   1.195 |    3.203 | 
     | u_account_balance/g13194               | B0 ^ -> Y v | OAI21X1   |  0.128 |   1.324 |    3.331 | 
     | u_account_balance/g13192               |             | NOR2X1    |  0.000 |   1.324 |    3.331 | 
     | u_account_balance/g13192               | B v -> Y ^  | NOR2X1    |  0.163 |   1.487 |    3.494 | 
     | u_account_balance/g13187               |             | NAND2X1   |  0.000 |   1.487 |    3.494 | 
     | u_account_balance/g13187               | B ^ -> Y v  | NAND2X1   |  0.137 |   1.624 |    3.631 | 
     | u_account_balance/g13184               |             | OR4X1     |  0.000 |   1.624 |    3.631 | 
     | u_account_balance/g13184               | D v -> Y v  | OR4X1     |  0.296 |   1.921 |    3.928 | 
     | u_account_balance/g13179               |             | OR2X1     |  0.000 |   1.921 |    3.928 | 
     | u_account_balance/g13179               | B v -> Y v  | OR2X1     |  0.195 |   2.116 |    4.123 | 
     | u_account_balance/g13170               |             | NAND2X1   |  0.000 |   2.116 |    4.123 | 
     | u_account_balance/g13170               | B v -> Y ^  | NAND2X1   |  0.080 |   2.196 |    4.204 | 
     | u_account_balance/g4361                |             | OR2X1     |  0.000 |   2.196 |    4.204 | 
     | u_account_balance/g4361                | B ^ -> Y ^  | OR2X1     |  0.128 |   2.324 |    4.332 | 
     | u_account_balance/g4357                |             | NAND2XL   |  0.000 |   2.324 |    4.332 | 
     | u_account_balance/g4357                | B ^ -> Y v  | NAND2XL   |  0.115 |   2.439 |    4.447 | 
     | u_account_balance/g4343                |             | NAND2XL   |  0.000 |   2.439 |    4.447 | 
     | u_account_balance/g4343                | A v -> Y ^  | NAND2XL   |  0.270 |   2.709 |    4.717 | 
     | u_account_balance/g4304                |             | AO22XL    |  0.000 |   2.709 |    4.717 | 
     | u_account_balance/g4304                | A0 ^ -> Y ^ | AO22XL    |  0.190 |   2.899 |    4.906 | 
     | u_account_balance/balance_db_reg[2][7] |             | SDFFQX1   |  0.000 |   2.899 |    4.906 | 
     +------------------------------------------------------------------------------------------------+ 
     Clock Rise Edge                      0.000
     + Source Insertion Delay             0.010
     = Beginpoint Arrival Time            0.010
     Other End Path:
     +----------------------------------------------------------------------------------------+ 
     |                Instance                |  Arc  |  Cell   | Retime | Arrival | Required | 
     |                                        |       |         |  Delay |  Time   |   Time   | 
     |----------------------------------------+-------+---------+--------+---------+----------| 
     |                                        | clk ^ |         |        |   0.010 |   -1.997 | 
     | u_account_balance/balance_db_reg[2][7] |       | SDFFQX1 |  0.000 |   0.010 |   -1.997 | 
     +----------------------------------------------------------------------------------------+ 
Path 21: MET Setup Check with Pin u_account_balance/balance_db_reg[2][7]/CK 
Endpoint:   u_account_balance/balance_db_reg[2][7]/D (^) checked with  leading 
edge of 'clk'
Beginpoint: u_vehicle_interface/id_to_check_reg[3]/Q (^) triggered by  leading 
edge of 'clk'
Path Groups: {clk}
Analysis View: view1
Retime Analysis { Data Path-Slew }
Other End Arrival Time          0.010
- Setup                         0.294
+ Phase Shift                   5.200
- Uncertainty                   0.010
= Required Time                 4.906
- Arrival Time                  2.920
= Slack Time                    1.986
= Slack Time(original)          1.905
     Clock Rise Edge                      0.000
     + Source Insertion Delay             0.010
     = Beginpoint Arrival Time            0.010
     Timing Path:
     +------------------------------------------------------------------------------------------------+ 
     |                Instance                |     Arc     |   Cell    | Retime | Arrival | Required | 
     |                                        |             |           |  Delay |  Time   |   Time   | 
     |----------------------------------------+-------------+-----------+--------+---------+----------| 
     |                                        | clk ^       |           |        |   0.010 |    1.996 | 
     | u_vehicle_interface/id_to_check_reg[3] |             | SDFFQX1   |  0.000 |   0.010 |    1.996 | 
     | u_vehicle_interface/id_to_check_reg[3] | CK ^ -> Q ^ | SDFFQX1   |  0.300 |   0.310 |    2.296 | 
     | g222                                   |             | BUFX6     |  0.000 |   0.310 |    2.296 | 
     | g222                                   | A ^ -> Y ^  | BUFX6     |  0.176 |   0.487 |    2.473 | 
     | u_account_balance/g13463               |             | INVX8     |  0.000 |   0.487 |    2.473 | 
     | u_account_balance/g13463               | A ^ -> Y v  | INVX8     |  0.065 |   0.551 |    2.537 | 
     | u_account_balance/g13456               |             | CLKAND2X3 |  0.000 |   0.551 |    2.537 | 
     | u_account_balance/g13456               | B v -> Y v  | CLKAND2X3 |  0.148 |   0.699 |    2.685 | 
     | u_account_balance/g13449               |             | CLKINVX2  |  0.000 |   0.699 |    2.685 | 
     | u_account_balance/g13449               | A v -> Y ^  | CLKINVX2  |  0.063 |   0.763 |    2.749 | 
     | u_account_balance/g13398               |             | NOR2BXL   |  0.000 |   0.763 |    2.749 | 
     | u_account_balance/g13398               | B ^ -> Y v  | NOR2BXL   |  0.053 |   0.816 |    2.802 | 
     | u_account_balance/g13286               |             | AOI221X1  |  0.000 |   0.816 |    2.802 | 
     | u_account_balance/g13286               | C0 v -> Y ^ | AOI221X1  |  0.109 |   0.925 |    2.911 | 
     | u_account_balance/g13252               |             | NOR2XL    |  0.000 |   0.925 |    2.911 | 
     | u_account_balance/g13252               | B ^ -> Y v  | NOR2XL    |  0.055 |   0.980 |    2.966 | 
     | u_account_balance/g13237               |             | NOR2XL    |  0.000 |   0.980 |    2.966 | 
     | u_account_balance/g13237               | B v -> Y ^  | NOR2XL    |  0.078 |   1.058 |    3.044 | 
     | u_account_balance/g13223               |             | NAND2XL   |  0.000 |   1.058 |    3.044 | 
     | u_account_balance/g13223               | B ^ -> Y v  | NAND2XL   |  0.089 |   1.147 |    3.133 | 
     | u_account_balance/g13210               |             | NOR2X1    |  0.000 |   1.147 |    3.133 | 
     | u_account_balance/g13210               | B v -> Y ^  | NOR2X1    |  0.112 |   1.259 |    3.245 | 
     | u_account_balance/g13194               |             | OAI21X1   |  0.000 |   1.259 |    3.245 | 
     | u_account_balance/g13194               | B0 ^ -> Y v | OAI21X1   |  0.098 |   1.356 |    3.342 | 
     | u_account_balance/g13192               |             | NOR2X1    |  0.000 |   1.356 |    3.342 | 
     | u_account_balance/g13192               | B v -> Y ^  | NOR2X1    |  0.153 |   1.509 |    3.495 | 
     | u_account_balance/g13187               |             | NAND2X1   |  0.000 |   1.509 |    3.495 | 
     | u_account_balance/g13187               | B ^ -> Y v  | NAND2X1   |  0.137 |   1.645 |    3.632 | 
     | u_account_balance/g13184               |             | OR4X1     |  0.000 |   1.645 |    3.632 | 
     | u_account_balance/g13184               | D v -> Y v  | OR4X1     |  0.296 |   1.942 |    3.928 | 
     | u_account_balance/g13179               |             | OR2X1     |  0.000 |   1.942 |    3.928 | 
     | u_account_balance/g13179               | B v -> Y v  | OR2X1     |  0.195 |   2.137 |    4.123 | 
     | u_account_balance/g13170               |             | NAND2X1   |  0.000 |   2.137 |    4.123 | 
     | u_account_balance/g13170               | B v -> Y ^  | NAND2X1   |  0.080 |   2.217 |    4.204 | 
     | u_account_balance/g4361                |             | OR2X1     |  0.000 |   2.217 |    4.204 | 
     | u_account_balance/g4361                | B ^ -> Y ^  | OR2X1     |  0.128 |   2.345 |    4.332 | 
     | u_account_balance/g4357                |             | NAND2XL   |  0.000 |   2.345 |    4.332 | 
     | u_account_balance/g4357                | B ^ -> Y v  | NAND2XL   |  0.115 |   2.460 |    4.447 | 
     | u_account_balance/g4343                |             | NAND2XL   |  0.000 |   2.460 |    4.447 | 
     | u_account_balance/g4343                | A v -> Y ^  | NAND2XL   |  0.270 |   2.731 |    4.717 | 
     | u_account_balance/g4304                |             | AO22XL    |  0.000 |   2.731 |    4.717 | 
     | u_account_balance/g4304                | A0 ^ -> Y ^ | AO22XL    |  0.190 |   2.920 |    4.906 | 
     | u_account_balance/balance_db_reg[2][7] |             | SDFFQX1   |  0.000 |   2.920 |    4.906 | 
     +------------------------------------------------------------------------------------------------+ 
     Clock Rise Edge                      0.000
     + Source Insertion Delay             0.010
     = Beginpoint Arrival Time            0.010
     Other End Path:
     +----------------------------------------------------------------------------------------+ 
     |                Instance                |  Arc  |  Cell   | Retime | Arrival | Required | 
     |                                        |       |         |  Delay |  Time   |   Time   | 
     |----------------------------------------+-------+---------+--------+---------+----------| 
     |                                        | clk ^ |         |        |   0.010 |   -1.976 | 
     | u_account_balance/balance_db_reg[2][7] |       | SDFFQX1 |  0.000 |   0.010 |   -1.976 | 
     +----------------------------------------------------------------------------------------+ 
Path 22: MET Setup Check with Pin u_account_balance/balance_db_reg[2][11]/CK 
Endpoint:   u_account_balance/balance_db_reg[2][11]/D (^) checked with  leading 
edge of 'clk'
Beginpoint: u_vehicle_interface/id_to_check_reg[3]/Q  (^) triggered by  leading 
edge of 'clk'
Path Groups: {clk}
Analysis View: view1
Retime Analysis { Data Path-Slew }
Other End Arrival Time          0.010
- Setup                         0.294
+ Phase Shift                   5.200
- Uncertainty                   0.010
= Required Time                 4.906
- Arrival Time                  2.857
= Slack Time                    2.049
= Slack Time(original)          1.905
     Clock Rise Edge                      0.000
     + Source Insertion Delay             0.010
     = Beginpoint Arrival Time            0.010
     Timing Path:
     +-------------------------------------------------------------------------------------------------+ 
     |                Instance                 |     Arc     |   Cell    | Retime | Arrival | Required | 
     |                                         |             |           |  Delay |  Time   |   Time   | 
     |-----------------------------------------+-------------+-----------+--------+---------+----------| 
     |                                         | clk ^       |           |        |   0.010 |    2.059 | 
     | u_vehicle_interface/id_to_check_reg[3]  |             | SDFFQX1   |  0.000 |   0.010 |    2.059 | 
     | u_vehicle_interface/id_to_check_reg[3]  | CK ^ -> Q ^ | SDFFQX1   |  0.300 |   0.310 |    2.360 | 
     | g222                                    |             | BUFX6     |  0.000 |   0.310 |    2.360 | 
     | g222                                    | A ^ -> Y ^  | BUFX6     |  0.176 |   0.487 |    2.536 | 
     | u_account_balance/g13463                |             | INVX8     |  0.000 |   0.487 |    2.536 | 
     | u_account_balance/g13463                | A ^ -> Y v  | INVX8     |  0.065 |   0.551 |    2.601 | 
     | u_account_balance/g13456                |             | CLKAND2X3 |  0.000 |   0.551 |    2.601 | 
     | u_account_balance/g13456                | B v -> Y v  | CLKAND2X3 |  0.148 |   0.699 |    2.749 | 
     | u_account_balance/g13449                |             | CLKINVX2  |  0.000 |   0.699 |    2.749 | 
     | u_account_balance/g13449                | A v -> Y ^  | CLKINVX2  |  0.063 |   0.763 |    2.812 | 
     | u_account_balance/g13398                |             | NOR2BXL   |  0.000 |   0.763 |    2.812 | 
     | u_account_balance/g13398                | B ^ -> Y v  | NOR2BXL   |  0.053 |   0.816 |    2.865 | 
     | u_account_balance/g13286                |             | AOI221X1  |  0.000 |   0.816 |    2.865 | 
     | u_account_balance/g13286                | C0 v -> Y ^ | AOI221X1  |  0.062 |   0.878 |    2.927 | 
     | u_account_balance/g13252                |             | NOR2XL    |  0.000 |   0.878 |    2.927 | 
     | u_account_balance/g13252                | B ^ -> Y v  | NOR2XL    |  0.045 |   0.923 |    2.972 | 
     | u_account_balance/g13237                |             | NOR2XL    |  0.000 |   0.923 |    2.972 | 
     | u_account_balance/g13237                | B v -> Y ^  | NOR2XL    |  0.072 |   0.995 |    3.044 | 
     | u_account_balance/g13223                |             | NAND2XL   |  0.000 |   0.995 |    3.044 | 
     | u_account_balance/g13223                | B ^ -> Y v  | NAND2XL   |  0.088 |   1.083 |    3.133 | 
     | u_account_balance/g13210                |             | NOR2X1    |  0.000 |   1.083 |    3.133 | 
     | u_account_balance/g13210                | B v -> Y ^  | NOR2X1    |  0.112 |   1.195 |    3.245 | 
     | u_account_balance/g13194                |             | OAI21X1   |  0.000 |   1.195 |    3.245 | 
     | u_account_balance/g13194                | B0 ^ -> Y v | OAI21X1   |  0.098 |   1.293 |    3.342 | 
     | u_account_balance/g13192                |             | NOR2X1    |  0.000 |   1.293 |    3.342 | 
     | u_account_balance/g13192                | B v -> Y ^  | NOR2X1    |  0.153 |   1.446 |    3.495 | 
     | u_account_balance/g13187                |             | NAND2X1   |  0.000 |   1.446 |    3.495 | 
     | u_account_balance/g13187                | B ^ -> Y v  | NAND2X1   |  0.137 |   1.582 |    3.632 | 
     | u_account_balance/g13184                |             | OR4X1     |  0.000 |   1.582 |    3.632 | 
     | u_account_balance/g13184                | D v -> Y v  | OR4X1     |  0.296 |   1.879 |    3.928 | 
     | u_account_balance/g13179                |             | OR2X1     |  0.000 |   1.879 |    3.928 | 
     | u_account_balance/g13179                | B v -> Y v  | OR2X1     |  0.195 |   2.074 |    4.123 | 
     | u_account_balance/g13170                |             | NAND2X1   |  0.000 |   2.074 |    4.123 | 
     | u_account_balance/g13170                | B v -> Y ^  | NAND2X1   |  0.080 |   2.154 |    4.204 | 
     | u_account_balance/g4361                 |             | OR2X1     |  0.000 |   2.154 |    4.204 | 
     | u_account_balance/g4361                 | B ^ -> Y ^  | OR2X1     |  0.128 |   2.282 |    4.331 | 
     | u_account_balance/g4357                 |             | NAND2XL   |  0.000 |   2.282 |    4.331 | 
     | u_account_balance/g4357                 | B ^ -> Y v  | NAND2XL   |  0.115 |   2.397 |    4.447 | 
     | u_account_balance/g4343                 |             | NAND2XL   |  0.000 |   2.397 |    4.447 | 
     | u_account_balance/g4343                 | A v -> Y ^  | NAND2XL   |  0.270 |   2.668 |    4.717 | 
     | u_account_balance/g4307                 |             | AO22XL    |  0.000 |   2.668 |    4.717 | 
     | u_account_balance/g4307                 | A0 ^ -> Y ^ | AO22XL    |  0.190 |   2.857 |    4.906 | 
     | u_account_balance/balance_db_reg[2][11] |             | SDFFQX1   |  0.000 |   2.857 |    4.906 | 
     +-------------------------------------------------------------------------------------------------+ 
     Clock Rise Edge                      0.000
     + Source Insertion Delay             0.010
     = Beginpoint Arrival Time            0.010
     Other End Path:
     +-----------------------------------------------------------------------------------------+ 
     |                Instance                 |  Arc  |  Cell   | Retime | Arrival | Required | 
     |                                         |       |         |  Delay |  Time   |   Time   | 
     |-----------------------------------------+-------+---------+--------+---------+----------| 
     |                                         | clk ^ |         |        |   0.010 |   -2.039 | 
     | u_account_balance/balance_db_reg[2][11] |       | SDFFQX1 |  0.000 |   0.010 |   -2.039 | 
     +-----------------------------------------------------------------------------------------+ 
Path 23: MET Setup Check with Pin u_account_balance/balance_db_reg[2][9]/CK 
Endpoint:   u_account_balance/balance_db_reg[2][9]/D (^) checked with  leading 
edge of 'clk'
Beginpoint: u_vehicle_interface/id_to_check_reg[3]/Q (^) triggered by  leading 
edge of 'clk'
Path Groups: {clk}
Analysis View: view1
Retime Analysis { Data Path-Slew }
Other End Arrival Time          0.010
- Setup                         0.294
+ Phase Shift                   5.200
- Uncertainty                   0.010
= Required Time                 4.906
- Arrival Time                  2.857
= Slack Time                    2.049
= Slack Time(original)          1.905
     Clock Rise Edge                      0.000
     + Source Insertion Delay             0.010
     = Beginpoint Arrival Time            0.010
     Timing Path:
     +------------------------------------------------------------------------------------------------+ 
     |                Instance                |     Arc     |   Cell    | Retime | Arrival | Required | 
     |                                        |             |           |  Delay |  Time   |   Time   | 
     |----------------------------------------+-------------+-----------+--------+---------+----------| 
     |                                        | clk ^       |           |        |   0.010 |    2.059 | 
     | u_vehicle_interface/id_to_check_reg[3] |             | SDFFQX1   |  0.000 |   0.010 |    2.059 | 
     | u_vehicle_interface/id_to_check_reg[3] | CK ^ -> Q ^ | SDFFQX1   |  0.300 |   0.310 |    2.360 | 
     | g222                                   |             | BUFX6     |  0.000 |   0.310 |    2.360 | 
     | g222                                   | A ^ -> Y ^  | BUFX6     |  0.176 |   0.487 |    2.536 | 
     | u_account_balance/g13463               |             | INVX8     |  0.000 |   0.487 |    2.536 | 
     | u_account_balance/g13463               | A ^ -> Y v  | INVX8     |  0.065 |   0.551 |    2.601 | 
     | u_account_balance/g13456               |             | CLKAND2X3 |  0.000 |   0.551 |    2.601 | 
     | u_account_balance/g13456               | B v -> Y v  | CLKAND2X3 |  0.148 |   0.699 |    2.749 | 
     | u_account_balance/g13449               |             | CLKINVX2  |  0.000 |   0.699 |    2.749 | 
     | u_account_balance/g13449               | A v -> Y ^  | CLKINVX2  |  0.063 |   0.763 |    2.812 | 
     | u_account_balance/g13398               |             | NOR2BXL   |  0.000 |   0.763 |    2.812 | 
     | u_account_balance/g13398               | B ^ -> Y v  | NOR2BXL   |  0.053 |   0.816 |    2.865 | 
     | u_account_balance/g13286               |             | AOI221X1  |  0.000 |   0.816 |    2.865 | 
     | u_account_balance/g13286               | C0 v -> Y ^ | AOI221X1  |  0.062 |   0.878 |    2.927 | 
     | u_account_balance/g13252               |             | NOR2XL    |  0.000 |   0.878 |    2.927 | 
     | u_account_balance/g13252               | B ^ -> Y v  | NOR2XL    |  0.045 |   0.923 |    2.972 | 
     | u_account_balance/g13237               |             | NOR2XL    |  0.000 |   0.923 |    2.972 | 
     | u_account_balance/g13237               | B v -> Y ^  | NOR2XL    |  0.072 |   0.995 |    3.044 | 
     | u_account_balance/g13223               |             | NAND2XL   |  0.000 |   0.995 |    3.044 | 
     | u_account_balance/g13223               | B ^ -> Y v  | NAND2XL   |  0.088 |   1.083 |    3.133 | 
     | u_account_balance/g13210               |             | NOR2X1    |  0.000 |   1.083 |    3.133 | 
     | u_account_balance/g13210               | B v -> Y ^  | NOR2X1    |  0.112 |   1.195 |    3.245 | 
     | u_account_balance/g13194               |             | OAI21X1   |  0.000 |   1.195 |    3.245 | 
     | u_account_balance/g13194               | B0 ^ -> Y v | OAI21X1   |  0.098 |   1.293 |    3.342 | 
     | u_account_balance/g13192               |             | NOR2X1    |  0.000 |   1.293 |    3.342 | 
     | u_account_balance/g13192               | B v -> Y ^  | NOR2X1    |  0.153 |   1.446 |    3.495 | 
     | u_account_balance/g13187               |             | NAND2X1   |  0.000 |   1.446 |    3.495 | 
     | u_account_balance/g13187               | B ^ -> Y v  | NAND2X1   |  0.137 |   1.582 |    3.632 | 
     | u_account_balance/g13184               |             | OR4X1     |  0.000 |   1.582 |    3.632 | 
     | u_account_balance/g13184               | D v -> Y v  | OR4X1     |  0.296 |   1.879 |    3.928 | 
     | u_account_balance/g13179               |             | OR2X1     |  0.000 |   1.879 |    3.928 | 
     | u_account_balance/g13179               | B v -> Y v  | OR2X1     |  0.195 |   2.074 |    4.123 | 
     | u_account_balance/g13170               |             | NAND2X1   |  0.000 |   2.074 |    4.123 | 
     | u_account_balance/g13170               | B v -> Y ^  | NAND2X1   |  0.080 |   2.154 |    4.204 | 
     | u_account_balance/g4361                |             | OR2X1     |  0.000 |   2.154 |    4.204 | 
     | u_account_balance/g4361                | B ^ -> Y ^  | OR2X1     |  0.128 |   2.282 |    4.331 | 
     | u_account_balance/g4357                |             | NAND2XL   |  0.000 |   2.282 |    4.331 | 
     | u_account_balance/g4357                | B ^ -> Y v  | NAND2XL   |  0.115 |   2.397 |    4.447 | 
     | u_account_balance/g4343                |             | NAND2XL   |  0.000 |   2.397 |    4.447 | 
     | u_account_balance/g4343                | A v -> Y ^  | NAND2XL   |  0.270 |   2.668 |    4.717 | 
     | u_account_balance/g4306                |             | AO22XL    |  0.000 |   2.668 |    4.717 | 
     | u_account_balance/g4306                | A0 ^ -> Y ^ | AO22XL    |  0.190 |   2.857 |    4.906 | 
     | u_account_balance/balance_db_reg[2][9] |             | SDFFQX1   |  0.000 |   2.857 |    4.906 | 
     +------------------------------------------------------------------------------------------------+ 
     Clock Rise Edge                      0.000
     + Source Insertion Delay             0.010
     = Beginpoint Arrival Time            0.010
     Other End Path:
     +----------------------------------------------------------------------------------------+ 
     |                Instance                |  Arc  |  Cell   | Retime | Arrival | Required | 
     |                                        |       |         |  Delay |  Time   |   Time   | 
     |----------------------------------------+-------+---------+--------+---------+----------| 
     |                                        | clk ^ |         |        |   0.010 |   -2.039 | 
     | u_account_balance/balance_db_reg[2][9] |       | SDFFQX1 |  0.000 |   0.010 |   -2.039 | 
     +----------------------------------------------------------------------------------------+ 
Path 24: MET Setup Check with Pin u_account_balance/balance_db_reg[2][7]/CK 
Endpoint:   u_account_balance/balance_db_reg[2][7]/D (^) checked with  leading 
edge of 'clk'
Beginpoint: u_vehicle_interface/id_to_check_reg[3]/Q (^) triggered by  leading 
edge of 'clk'
Path Groups: {clk}
Analysis View: view1
Retime Analysis { Data Path-Slew }
Other End Arrival Time          0.010
- Setup                         0.294
+ Phase Shift                   5.200
- Uncertainty                   0.010
= Required Time                 4.906
- Arrival Time                  2.857
= Slack Time                    2.049
= Slack Time(original)          1.905
     Clock Rise Edge                      0.000
     + Source Insertion Delay             0.010
     = Beginpoint Arrival Time            0.010
     Timing Path:
     +------------------------------------------------------------------------------------------------+ 
     |                Instance                |     Arc     |   Cell    | Retime | Arrival | Required | 
     |                                        |             |           |  Delay |  Time   |   Time   | 
     |----------------------------------------+-------------+-----------+--------+---------+----------| 
     |                                        | clk ^       |           |        |   0.010 |    2.059 | 
     | u_vehicle_interface/id_to_check_reg[3] |             | SDFFQX1   |  0.000 |   0.010 |    2.059 | 
     | u_vehicle_interface/id_to_check_reg[3] | CK ^ -> Q ^ | SDFFQX1   |  0.300 |   0.310 |    2.360 | 
     | g222                                   |             | BUFX6     |  0.000 |   0.310 |    2.360 | 
     | g222                                   | A ^ -> Y ^  | BUFX6     |  0.176 |   0.487 |    2.536 | 
     | u_account_balance/g13463               |             | INVX8     |  0.000 |   0.487 |    2.536 | 
     | u_account_balance/g13463               | A ^ -> Y v  | INVX8     |  0.065 |   0.551 |    2.601 | 
     | u_account_balance/g13456               |             | CLKAND2X3 |  0.000 |   0.551 |    2.601 | 
     | u_account_balance/g13456               | B v -> Y v  | CLKAND2X3 |  0.148 |   0.699 |    2.749 | 
     | u_account_balance/g13449               |             | CLKINVX2  |  0.000 |   0.699 |    2.749 | 
     | u_account_balance/g13449               | A v -> Y ^  | CLKINVX2  |  0.063 |   0.763 |    2.812 | 
     | u_account_balance/g13398               |             | NOR2BXL   |  0.000 |   0.763 |    2.812 | 
     | u_account_balance/g13398               | B ^ -> Y v  | NOR2BXL   |  0.053 |   0.816 |    2.865 | 
     | u_account_balance/g13286               |             | AOI221X1  |  0.000 |   0.816 |    2.865 | 
     | u_account_balance/g13286               | C0 v -> Y ^ | AOI221X1  |  0.062 |   0.878 |    2.927 | 
     | u_account_balance/g13252               |             | NOR2XL    |  0.000 |   0.878 |    2.927 | 
     | u_account_balance/g13252               | B ^ -> Y v  | NOR2XL    |  0.045 |   0.923 |    2.972 | 
     | u_account_balance/g13237               |             | NOR2XL    |  0.000 |   0.923 |    2.972 | 
     | u_account_balance/g13237               | B v -> Y ^  | NOR2XL    |  0.072 |   0.995 |    3.044 | 
     | u_account_balance/g13223               |             | NAND2XL   |  0.000 |   0.995 |    3.044 | 
     | u_account_balance/g13223               | B ^ -> Y v  | NAND2XL   |  0.088 |   1.083 |    3.133 | 
     | u_account_balance/g13210               |             | NOR2X1    |  0.000 |   1.083 |    3.133 | 
     | u_account_balance/g13210               | B v -> Y ^  | NOR2X1    |  0.112 |   1.195 |    3.245 | 
     | u_account_balance/g13194               |             | OAI21X1   |  0.000 |   1.195 |    3.245 | 
     | u_account_balance/g13194               | B0 ^ -> Y v | OAI21X1   |  0.098 |   1.293 |    3.342 | 
     | u_account_balance/g13192               |             | NOR2X1    |  0.000 |   1.293 |    3.342 | 
     | u_account_balance/g13192               | B v -> Y ^  | NOR2X1    |  0.153 |   1.446 |    3.495 | 
     | u_account_balance/g13187               |             | NAND2X1   |  0.000 |   1.446 |    3.495 | 
     | u_account_balance/g13187               | B ^ -> Y v  | NAND2X1   |  0.137 |   1.582 |    3.632 | 
     | u_account_balance/g13184               |             | OR4X1     |  0.000 |   1.582 |    3.632 | 
     | u_account_balance/g13184               | D v -> Y v  | OR4X1     |  0.296 |   1.879 |    3.928 | 
     | u_account_balance/g13179               |             | OR2X1     |  0.000 |   1.879 |    3.928 | 
     | u_account_balance/g13179               | B v -> Y v  | OR2X1     |  0.195 |   2.074 |    4.123 | 
     | u_account_balance/g13170               |             | NAND2X1   |  0.000 |   2.074 |    4.123 | 
     | u_account_balance/g13170               | B v -> Y ^  | NAND2X1   |  0.080 |   2.154 |    4.204 | 
     | u_account_balance/g4361                |             | OR2X1     |  0.000 |   2.154 |    4.204 | 
     | u_account_balance/g4361                | B ^ -> Y ^  | OR2X1     |  0.128 |   2.282 |    4.331 | 
     | u_account_balance/g4357                |             | NAND2XL   |  0.000 |   2.282 |    4.331 | 
     | u_account_balance/g4357                | B ^ -> Y v  | NAND2XL   |  0.115 |   2.397 |    4.447 | 
     | u_account_balance/g4343                |             | NAND2XL   |  0.000 |   2.397 |    4.447 | 
     | u_account_balance/g4343                | A v -> Y ^  | NAND2XL   |  0.270 |   2.668 |    4.717 | 
     | u_account_balance/g4304                |             | AO22XL    |  0.000 |   2.668 |    4.717 | 
     | u_account_balance/g4304                | A0 ^ -> Y ^ | AO22XL    |  0.190 |   2.857 |    4.906 | 
     | u_account_balance/balance_db_reg[2][7] |             | SDFFQX1   |  0.000 |   2.857 |    4.906 | 
     +------------------------------------------------------------------------------------------------+ 
     Clock Rise Edge                      0.000
     + Source Insertion Delay             0.010
     = Beginpoint Arrival Time            0.010
     Other End Path:
     +----------------------------------------------------------------------------------------+ 
     |                Instance                |  Arc  |  Cell   | Retime | Arrival | Required | 
     |                                        |       |         |  Delay |  Time   |   Time   | 
     |----------------------------------------+-------+---------+--------+---------+----------| 
     |                                        | clk ^ |         |        |   0.010 |   -2.039 | 
     | u_account_balance/balance_db_reg[2][7] |       | SDFFQX1 |  0.000 |   0.010 |   -2.039 | 
     +----------------------------------------------------------------------------------------+ 
Path 25: MET Setup Check with Pin u_account_balance/balance_db_reg[2][11]/CK 
Endpoint:   u_account_balance/balance_db_reg[2][11]/D (^) checked with  leading 
edge of 'clk'
Beginpoint: u_vehicle_interface/id_to_check_reg[3]/Q  (v) triggered by  leading 
edge of 'clk'
Path Groups: {clk}
Analysis View: view1
Retime Analysis { Data Path-Slew }
Other End Arrival Time          0.010
- Setup                         0.299
+ Phase Shift                   5.200
- Uncertainty                   0.010
= Required Time                 4.901
- Arrival Time                  2.956
= Slack Time                    1.945
= Slack Time(original)          1.908
     Clock Rise Edge                      0.000
     + Source Insertion Delay             0.010
     = Beginpoint Arrival Time            0.010
     Timing Path:
     +-------------------------------------------------------------------------------------------------+ 
     |                Instance                 |     Arc     |   Cell    | Retime | Arrival | Required | 
     |                                         |             |           |  Delay |  Time   |   Time   | 
     |-----------------------------------------+-------------+-----------+--------+---------+----------| 
     |                                         | clk ^       |           |        |   0.010 |    1.955 | 
     | u_vehicle_interface/id_to_check_reg[3]  |             | SDFFQX1   |  0.000 |   0.010 |    1.955 | 
     | u_vehicle_interface/id_to_check_reg[3]  | CK ^ -> Q v | SDFFQX1   |  0.343 |   0.352 |    2.297 | 
     | g222                                    |             | BUFX6     |  0.000 |   0.352 |    2.297 | 
     | g222                                    | A v -> Y v  | BUFX6     |  0.172 |   0.524 |    2.469 | 
     | u_account_balance/g13463                |             | INVX8     |  0.000 |   0.524 |    2.469 | 
     | u_account_balance/g13463                | A v -> Y ^  | INVX8     |  0.075 |   0.599 |    2.544 | 
     | u_account_balance/g13456                |             | CLKAND2X3 |  0.000 |   0.599 |    2.544 | 
     | u_account_balance/g13456                | B ^ -> Y ^  | CLKAND2X3 |  0.140 |   0.739 |    2.684 | 
     | u_account_balance/g13449                |             | CLKINVX2  |  0.000 |   0.739 |    2.684 | 
     | u_account_balance/g13449                | A ^ -> Y v  | CLKINVX2  |  0.055 |   0.794 |    2.739 | 
     | u_account_balance/g13376                |             | OAI21X1   |  0.000 |   0.794 |    2.739 | 
     | u_account_balance/g13376                | A1 v -> Y ^ | OAI21X1   |  0.086 |   0.880 |    2.825 | 
     | u_account_balance/g13256                |             | NOR3X1    |  0.000 |   0.880 |    2.825 | 
     | u_account_balance/g13256                | C ^ -> Y v  | NOR3X1    |  0.067 |   0.947 |    2.892 | 
     | u_account_balance/g13221                |             | NOR2X2    |  0.000 |   0.947 |    2.892 | 
     | u_account_balance/g13221                | A v -> Y ^  | NOR2X2    |  0.080 |   1.028 |    2.973 | 
     | u_account_balance/g13474                |             | OAI2BB1X2 |  0.000 |   1.028 |    2.973 | 
     | u_account_balance/g13474                | B0 ^ -> Y v | OAI2BB1X2 |  0.111 |   1.139 |    3.084 | 
     | u_account_balance/g13202                |             | NOR2X2    |  0.000 |   1.139 |    3.084 | 
     | u_account_balance/g13202                | B v -> Y ^  | NOR2X2    |  0.113 |   1.252 |    3.197 | 
     | u_account_balance/g13194                |             | OAI21X1   |  0.000 |   1.252 |    3.197 | 
     | u_account_balance/g13194                | A1 ^ -> Y v | OAI21X1   |  0.122 |   1.374 |    3.319 | 
     | u_account_balance/g13192                |             | NOR2X1    |  0.000 |   1.374 |    3.319 | 
     | u_account_balance/g13192                | B v -> Y ^  | NOR2X1    |  0.159 |   1.533 |    3.478 | 
     | u_account_balance/g13187                |             | NAND2X1   |  0.000 |   1.533 |    3.478 | 
     | u_account_balance/g13187                | B ^ -> Y v  | NAND2X1   |  0.137 |   1.669 |    3.614 | 
     | u_account_balance/g13184                |             | OR4X1     |  0.000 |   1.669 |    3.614 | 
     | u_account_balance/g13184                | D v -> Y v  | OR4X1     |  0.296 |   1.966 |    3.911 | 
     | u_account_balance/g13179                |             | OR2X1     |  0.000 |   1.966 |    3.911 | 
     | u_account_balance/g13179                | B v -> Y v  | OR2X1     |  0.195 |   2.161 |    4.106 | 
     | u_account_balance/g13170                |             | NAND2X1   |  0.000 |   2.161 |    4.106 | 
     | u_account_balance/g13170                | B v -> Y ^  | NAND2X1   |  0.080 |   2.241 |    4.186 | 
     | u_account_balance/g4361                 |             | OR2X1     |  0.000 |   2.241 |    4.186 | 
     | u_account_balance/g4361                 | B ^ -> Y ^  | OR2X1     |  0.128 |   2.369 |    4.314 | 
     | u_account_balance/g4357                 |             | NAND2XL   |  0.000 |   2.369 |    4.314 | 
     | u_account_balance/g4357                 | B ^ -> Y v  | NAND2XL   |  0.115 |   2.484 |    4.429 | 
     | u_account_balance/g4343                 |             | NAND2XL   |  0.000 |   2.484 |    4.429 | 
     | u_account_balance/g4343                 | A v -> Y ^  | NAND2XL   |  0.270 |   2.755 |    4.700 | 
     | u_account_balance/g4307                 |             | AO22XL    |  0.000 |   2.755 |    4.700 | 
     | u_account_balance/g4307                 | A0 ^ -> Y ^ | AO22XL    |  0.201 |   2.956 |    4.901 | 
     | u_account_balance/balance_db_reg[2][11] |             | SDFFQX1   |  0.000 |   2.956 |    4.901 | 
     +-------------------------------------------------------------------------------------------------+ 
     Clock Rise Edge                      0.000
     + Source Insertion Delay             0.010
     = Beginpoint Arrival Time            0.010
     Other End Path:
     +-----------------------------------------------------------------------------------------+ 
     |                Instance                 |  Arc  |  Cell   | Retime | Arrival | Required | 
     |                                         |       |         |  Delay |  Time   |   Time   | 
     |-----------------------------------------+-------+---------+--------+---------+----------| 
     |                                         | clk ^ |         |        |   0.010 |   -1.935 | 
     | u_account_balance/balance_db_reg[2][11] |       | SDFFQX1 |  0.000 |   0.010 |   -1.935 | 
     +-----------------------------------------------------------------------------------------+ 
Path 26: MET Setup Check with Pin u_account_balance/balance_db_reg[2][9]/CK 
Endpoint:   u_account_balance/balance_db_reg[2][9]/D (^) checked with  leading 
edge of 'clk'
Beginpoint: u_vehicle_interface/id_to_check_reg[3]/Q (v) triggered by  leading 
edge of 'clk'
Path Groups: {clk}
Analysis View: view1
Retime Analysis { Data Path-Slew }
Other End Arrival Time          0.010
- Setup                         0.299
+ Phase Shift                   5.200
- Uncertainty                   0.010
= Required Time                 4.901
- Arrival Time                  2.956
= Slack Time                    1.945
= Slack Time(original)          1.908
     Clock Rise Edge                      0.000
     + Source Insertion Delay             0.010
     = Beginpoint Arrival Time            0.010
     Timing Path:
     +------------------------------------------------------------------------------------------------+ 
     |                Instance                |     Arc     |   Cell    | Retime | Arrival | Required | 
     |                                        |             |           |  Delay |  Time   |   Time   | 
     |----------------------------------------+-------------+-----------+--------+---------+----------| 
     |                                        | clk ^       |           |        |   0.010 |    1.955 | 
     | u_vehicle_interface/id_to_check_reg[3] |             | SDFFQX1   |  0.000 |   0.010 |    1.955 | 
     | u_vehicle_interface/id_to_check_reg[3] | CK ^ -> Q v | SDFFQX1   |  0.343 |   0.352 |    2.297 | 
     | g222                                   |             | BUFX6     |  0.000 |   0.352 |    2.297 | 
     | g222                                   | A v -> Y v  | BUFX6     |  0.172 |   0.524 |    2.469 | 
     | u_account_balance/g13463               |             | INVX8     |  0.000 |   0.524 |    2.469 | 
     | u_account_balance/g13463               | A v -> Y ^  | INVX8     |  0.075 |   0.599 |    2.544 | 
     | u_account_balance/g13456               |             | CLKAND2X3 |  0.000 |   0.599 |    2.544 | 
     | u_account_balance/g13456               | B ^ -> Y ^  | CLKAND2X3 |  0.140 |   0.739 |    2.684 | 
     | u_account_balance/g13449               |             | CLKINVX2  |  0.000 |   0.739 |    2.684 | 
     | u_account_balance/g13449               | A ^ -> Y v  | CLKINVX2  |  0.055 |   0.794 |    2.739 | 
     | u_account_balance/g13376               |             | OAI21X1   |  0.000 |   0.794 |    2.739 | 
     | u_account_balance/g13376               | A1 v -> Y ^ | OAI21X1   |  0.086 |   0.880 |    2.825 | 
     | u_account_balance/g13256               |             | NOR3X1    |  0.000 |   0.880 |    2.825 | 
     | u_account_balance/g13256               | C ^ -> Y v  | NOR3X1    |  0.067 |   0.947 |    2.892 | 
     | u_account_balance/g13221               |             | NOR2X2    |  0.000 |   0.947 |    2.892 | 
     | u_account_balance/g13221               | A v -> Y ^  | NOR2X2    |  0.080 |   1.028 |    2.973 | 
     | u_account_balance/g13474               |             | OAI2BB1X2 |  0.000 |   1.028 |    2.973 | 
     | u_account_balance/g13474               | B0 ^ -> Y v | OAI2BB1X2 |  0.111 |   1.139 |    3.084 | 
     | u_account_balance/g13202               |             | NOR2X2    |  0.000 |   1.139 |    3.084 | 
     | u_account_balance/g13202               | B v -> Y ^  | NOR2X2    |  0.113 |   1.252 |    3.197 | 
     | u_account_balance/g13194               |             | OAI21X1   |  0.000 |   1.252 |    3.197 | 
     | u_account_balance/g13194               | A1 ^ -> Y v | OAI21X1   |  0.122 |   1.374 |    3.319 | 
     | u_account_balance/g13192               |             | NOR2X1    |  0.000 |   1.374 |    3.319 | 
     | u_account_balance/g13192               | B v -> Y ^  | NOR2X1    |  0.159 |   1.533 |    3.478 | 
     | u_account_balance/g13187               |             | NAND2X1   |  0.000 |   1.533 |    3.478 | 
     | u_account_balance/g13187               | B ^ -> Y v  | NAND2X1   |  0.137 |   1.669 |    3.614 | 
     | u_account_balance/g13184               |             | OR4X1     |  0.000 |   1.669 |    3.614 | 
     | u_account_balance/g13184               | D v -> Y v  | OR4X1     |  0.296 |   1.966 |    3.911 | 
     | u_account_balance/g13179               |             | OR2X1     |  0.000 |   1.966 |    3.911 | 
     | u_account_balance/g13179               | B v -> Y v  | OR2X1     |  0.195 |   2.161 |    4.106 | 
     | u_account_balance/g13170               |             | NAND2X1   |  0.000 |   2.161 |    4.106 | 
     | u_account_balance/g13170               | B v -> Y ^  | NAND2X1   |  0.080 |   2.241 |    4.186 | 
     | u_account_balance/g4361                |             | OR2X1     |  0.000 |   2.241 |    4.186 | 
     | u_account_balance/g4361                | B ^ -> Y ^  | OR2X1     |  0.128 |   2.369 |    4.314 | 
     | u_account_balance/g4357                |             | NAND2XL   |  0.000 |   2.369 |    4.314 | 
     | u_account_balance/g4357                | B ^ -> Y v  | NAND2XL   |  0.115 |   2.484 |    4.429 | 
     | u_account_balance/g4343                |             | NAND2XL   |  0.000 |   2.484 |    4.429 | 
     | u_account_balance/g4343                | A v -> Y ^  | NAND2XL   |  0.270 |   2.755 |    4.700 | 
     | u_account_balance/g4306                |             | AO22XL    |  0.000 |   2.755 |    4.700 | 
     | u_account_balance/g4306                | A0 ^ -> Y ^ | AO22XL    |  0.201 |   2.956 |    4.901 | 
     | u_account_balance/balance_db_reg[2][9] |             | SDFFQX1   |  0.000 |   2.956 |    4.901 | 
     +------------------------------------------------------------------------------------------------+ 
     Clock Rise Edge                      0.000
     + Source Insertion Delay             0.010
     = Beginpoint Arrival Time            0.010
     Other End Path:
     +----------------------------------------------------------------------------------------+ 
     |                Instance                |  Arc  |  Cell   | Retime | Arrival | Required | 
     |                                        |       |         |  Delay |  Time   |   Time   | 
     |----------------------------------------+-------+---------+--------+---------+----------| 
     |                                        | clk ^ |         |        |   0.010 |   -1.935 | 
     | u_account_balance/balance_db_reg[2][9] |       | SDFFQX1 |  0.000 |   0.010 |   -1.935 | 
     +----------------------------------------------------------------------------------------+ 
Path 27: MET Setup Check with Pin u_account_balance/balance_db_reg[2][7]/CK 
Endpoint:   u_account_balance/balance_db_reg[2][7]/D (^) checked with  leading 
edge of 'clk'
Beginpoint: u_vehicle_interface/id_to_check_reg[3]/Q (v) triggered by  leading 
edge of 'clk'
Path Groups: {clk}
Analysis View: view1
Retime Analysis { Data Path-Slew }
Other End Arrival Time          0.010
- Setup                         0.299
+ Phase Shift                   5.200
- Uncertainty                   0.010
= Required Time                 4.901
- Arrival Time                  2.956
= Slack Time                    1.945
= Slack Time(original)          1.908
     Clock Rise Edge                      0.000
     + Source Insertion Delay             0.010
     = Beginpoint Arrival Time            0.010
     Timing Path:
     +------------------------------------------------------------------------------------------------+ 
     |                Instance                |     Arc     |   Cell    | Retime | Arrival | Required | 
     |                                        |             |           |  Delay |  Time   |   Time   | 
     |----------------------------------------+-------------+-----------+--------+---------+----------| 
     |                                        | clk ^       |           |        |   0.010 |    1.955 | 
     | u_vehicle_interface/id_to_check_reg[3] |             | SDFFQX1   |  0.000 |   0.010 |    1.955 | 
     | u_vehicle_interface/id_to_check_reg[3] | CK ^ -> Q v | SDFFQX1   |  0.343 |   0.352 |    2.297 | 
     | g222                                   |             | BUFX6     |  0.000 |   0.352 |    2.297 | 
     | g222                                   | A v -> Y v  | BUFX6     |  0.172 |   0.524 |    2.469 | 
     | u_account_balance/g13463               |             | INVX8     |  0.000 |   0.524 |    2.469 | 
     | u_account_balance/g13463               | A v -> Y ^  | INVX8     |  0.075 |   0.599 |    2.544 | 
     | u_account_balance/g13456               |             | CLKAND2X3 |  0.000 |   0.599 |    2.544 | 
     | u_account_balance/g13456               | B ^ -> Y ^  | CLKAND2X3 |  0.140 |   0.739 |    2.684 | 
     | u_account_balance/g13449               |             | CLKINVX2  |  0.000 |   0.739 |    2.684 | 
     | u_account_balance/g13449               | A ^ -> Y v  | CLKINVX2  |  0.055 |   0.794 |    2.739 | 
     | u_account_balance/g13376               |             | OAI21X1   |  0.000 |   0.794 |    2.739 | 
     | u_account_balance/g13376               | A1 v -> Y ^ | OAI21X1   |  0.086 |   0.880 |    2.825 | 
     | u_account_balance/g13256               |             | NOR3X1    |  0.000 |   0.880 |    2.825 | 
     | u_account_balance/g13256               | C ^ -> Y v  | NOR3X1    |  0.067 |   0.947 |    2.892 | 
     | u_account_balance/g13221               |             | NOR2X2    |  0.000 |   0.947 |    2.892 | 
     | u_account_balance/g13221               | A v -> Y ^  | NOR2X2    |  0.080 |   1.028 |    2.973 | 
     | u_account_balance/g13474               |             | OAI2BB1X2 |  0.000 |   1.028 |    2.973 | 
     | u_account_balance/g13474               | B0 ^ -> Y v | OAI2BB1X2 |  0.111 |   1.139 |    3.084 | 
     | u_account_balance/g13202               |             | NOR2X2    |  0.000 |   1.139 |    3.084 | 
     | u_account_balance/g13202               | B v -> Y ^  | NOR2X2    |  0.113 |   1.252 |    3.197 | 
     | u_account_balance/g13194               |             | OAI21X1   |  0.000 |   1.252 |    3.197 | 
     | u_account_balance/g13194               | A1 ^ -> Y v | OAI21X1   |  0.122 |   1.374 |    3.319 | 
     | u_account_balance/g13192               |             | NOR2X1    |  0.000 |   1.374 |    3.319 | 
     | u_account_balance/g13192               | B v -> Y ^  | NOR2X1    |  0.159 |   1.533 |    3.478 | 
     | u_account_balance/g13187               |             | NAND2X1   |  0.000 |   1.533 |    3.478 | 
     | u_account_balance/g13187               | B ^ -> Y v  | NAND2X1   |  0.137 |   1.669 |    3.614 | 
     | u_account_balance/g13184               |             | OR4X1     |  0.000 |   1.669 |    3.614 | 
     | u_account_balance/g13184               | D v -> Y v  | OR4X1     |  0.296 |   1.966 |    3.911 | 
     | u_account_balance/g13179               |             | OR2X1     |  0.000 |   1.966 |    3.911 | 
     | u_account_balance/g13179               | B v -> Y v  | OR2X1     |  0.195 |   2.161 |    4.106 | 
     | u_account_balance/g13170               |             | NAND2X1   |  0.000 |   2.161 |    4.106 | 
     | u_account_balance/g13170               | B v -> Y ^  | NAND2X1   |  0.080 |   2.241 |    4.186 | 
     | u_account_balance/g4361                |             | OR2X1     |  0.000 |   2.241 |    4.186 | 
     | u_account_balance/g4361                | B ^ -> Y ^  | OR2X1     |  0.128 |   2.369 |    4.314 | 
     | u_account_balance/g4357                |             | NAND2XL   |  0.000 |   2.369 |    4.314 | 
     | u_account_balance/g4357                | B ^ -> Y v  | NAND2XL   |  0.115 |   2.484 |    4.429 | 
     | u_account_balance/g4343                |             | NAND2XL   |  0.000 |   2.484 |    4.429 | 
     | u_account_balance/g4343                | A v -> Y ^  | NAND2XL   |  0.270 |   2.755 |    4.700 | 
     | u_account_balance/g4304                |             | AO22XL    |  0.000 |   2.755 |    4.700 | 
     | u_account_balance/g4304                | A0 ^ -> Y ^ | AO22XL    |  0.201 |   2.956 |    4.901 | 
     | u_account_balance/balance_db_reg[2][7] |             | SDFFQX1   |  0.000 |   2.956 |    4.901 | 
     +------------------------------------------------------------------------------------------------+ 
     Clock Rise Edge                      0.000
     + Source Insertion Delay             0.010
     = Beginpoint Arrival Time            0.010
     Other End Path:
     +----------------------------------------------------------------------------------------+ 
     |                Instance                |  Arc  |  Cell   | Retime | Arrival | Required | 
     |                                        |       |         |  Delay |  Time   |   Time   | 
     |----------------------------------------+-------+---------+--------+---------+----------| 
     |                                        | clk ^ |         |        |   0.010 |   -1.935 | 
     | u_account_balance/balance_db_reg[2][7] |       | SDFFQX1 |  0.000 |   0.010 |   -1.935 | 
     +----------------------------------------------------------------------------------------+ 
Path 28: MET Setup Check with Pin u_account_balance/balance_db_reg[2][11]/CK 
Endpoint:   u_account_balance/balance_db_reg[2][11]/D (^) checked with  leading 
edge of 'clk'
Beginpoint: u_vehicle_interface/id_to_check_reg[3]/Q  (v) triggered by  leading 
edge of 'clk'
Path Groups: {clk}
Analysis View: view1
Retime Analysis { Data Path-Slew }
Other End Arrival Time          0.010
- Setup                         0.294
+ Phase Shift                   5.200
- Uncertainty                   0.010
= Required Time                 4.906
- Arrival Time                  2.944
= Slack Time                    1.962
= Slack Time(original)          1.908
     Clock Rise Edge                      0.000
     + Source Insertion Delay             0.010
     = Beginpoint Arrival Time            0.010
     Timing Path:
     +-------------------------------------------------------------------------------------------------+ 
     |                Instance                 |     Arc     |   Cell    | Retime | Arrival | Required | 
     |                                         |             |           |  Delay |  Time   |   Time   | 
     |-----------------------------------------+-------------+-----------+--------+---------+----------| 
     |                                         | clk ^       |           |        |   0.010 |    1.972 | 
     | u_vehicle_interface/id_to_check_reg[3]  |             | SDFFQX1   |  0.000 |   0.010 |    1.972 | 
     | u_vehicle_interface/id_to_check_reg[3]  | CK ^ -> Q v | SDFFQX1   |  0.343 |   0.352 |    2.315 | 
     | g222                                    |             | BUFX6     |  0.000 |   0.352 |    2.315 | 
     | g222                                    | A v -> Y v  | BUFX6     |  0.172 |   0.524 |    2.487 | 
     | u_account_balance/g13463                |             | INVX8     |  0.000 |   0.524 |    2.487 | 
     | u_account_balance/g13463                | A v -> Y ^  | INVX8     |  0.075 |   0.599 |    2.561 | 
     | u_account_balance/g13456                |             | CLKAND2X3 |  0.000 |   0.599 |    2.561 | 
     | u_account_balance/g13456                | B ^ -> Y ^  | CLKAND2X3 |  0.140 |   0.739 |    2.701 | 
     | u_account_balance/g13449                |             | CLKINVX2  |  0.000 |   0.739 |    2.701 | 
     | u_account_balance/g13449                | A ^ -> Y v  | CLKINVX2  |  0.055 |   0.794 |    2.757 | 
     | u_account_balance/g13376                |             | OAI21X1   |  0.000 |   0.794 |    2.757 | 
     | u_account_balance/g13376                | A1 v -> Y ^ | OAI21X1   |  0.086 |   0.880 |    2.843 | 
     | u_account_balance/g13256                |             | NOR3X1    |  0.000 |   0.880 |    2.843 | 
     | u_account_balance/g13256                | C ^ -> Y v  | NOR3X1    |  0.067 |   0.947 |    2.909 | 
     | u_account_balance/g13221                |             | NOR2X2    |  0.000 |   0.947 |    2.909 | 
     | u_account_balance/g13221                | A v -> Y ^  | NOR2X2    |  0.080 |   1.028 |    2.990 | 
     | u_account_balance/g13474                |             | OAI2BB1X2 |  0.000 |   1.028 |    2.990 | 
     | u_account_balance/g13474                | B0 ^ -> Y v | OAI2BB1X2 |  0.111 |   1.139 |    3.101 | 
     | u_account_balance/g13202                |             | NOR2X2    |  0.000 |   1.139 |    3.101 | 
     | u_account_balance/g13202                | B v -> Y ^  | NOR2X2    |  0.113 |   1.252 |    3.214 | 
     | u_account_balance/g13194                |             | OAI21X1   |  0.000 |   1.252 |    3.214 | 
     | u_account_balance/g13194                | A1 ^ -> Y v | OAI21X1   |  0.122 |   1.374 |    3.336 | 
     | u_account_balance/g13192                |             | NOR2X1    |  0.000 |   1.374 |    3.336 | 
     | u_account_balance/g13192                | B v -> Y ^  | NOR2X1    |  0.159 |   1.533 |    3.495 | 
     | u_account_balance/g13187                |             | NAND2X1   |  0.000 |   1.533 |    3.495 | 
     | u_account_balance/g13187                | B ^ -> Y v  | NAND2X1   |  0.137 |   1.669 |    3.631 | 
     | u_account_balance/g13184                |             | OR4X1     |  0.000 |   1.669 |    3.631 | 
     | u_account_balance/g13184                | D v -> Y v  | OR4X1     |  0.296 |   1.966 |    3.928 | 
     | u_account_balance/g13179                |             | OR2X1     |  0.000 |   1.966 |    3.928 | 
     | u_account_balance/g13179                | B v -> Y v  | OR2X1     |  0.195 |   2.161 |    4.123 | 
     | u_account_balance/g13170                |             | NAND2X1   |  0.000 |   2.161 |    4.123 | 
     | u_account_balance/g13170                | B v -> Y ^  | NAND2X1   |  0.080 |   2.241 |    4.204 | 
     | u_account_balance/g4361                 |             | OR2X1     |  0.000 |   2.241 |    4.204 | 
     | u_account_balance/g4361                 | B ^ -> Y ^  | OR2X1     |  0.128 |   2.369 |    4.331 | 
     | u_account_balance/g4357                 |             | NAND2XL   |  0.000 |   2.369 |    4.331 | 
     | u_account_balance/g4357                 | B ^ -> Y v  | NAND2XL   |  0.115 |   2.484 |    4.447 | 
     | u_account_balance/g4343                 |             | NAND2XL   |  0.000 |   2.484 |    4.447 | 
     | u_account_balance/g4343                 | A v -> Y ^  | NAND2XL   |  0.270 |   2.755 |    4.717 | 
     | u_account_balance/g4307                 |             | AO22XL    |  0.000 |   2.755 |    4.717 | 
     | u_account_balance/g4307                 | A0 ^ -> Y ^ | AO22XL    |  0.190 |   2.944 |    4.906 | 
     | u_account_balance/balance_db_reg[2][11] |             | SDFFQX1   |  0.000 |   2.944 |    4.906 | 
     +-------------------------------------------------------------------------------------------------+ 
     Clock Rise Edge                      0.000
     + Source Insertion Delay             0.010
     = Beginpoint Arrival Time            0.010
     Other End Path:
     +-----------------------------------------------------------------------------------------+ 
     |                Instance                 |  Arc  |  Cell   | Retime | Arrival | Required | 
     |                                         |       |         |  Delay |  Time   |   Time   | 
     |-----------------------------------------+-------+---------+--------+---------+----------| 
     |                                         | clk ^ |         |        |   0.010 |   -1.952 | 
     | u_account_balance/balance_db_reg[2][11] |       | SDFFQX1 |  0.000 |   0.010 |   -1.952 | 
     +-----------------------------------------------------------------------------------------+ 
Path 29: MET Setup Check with Pin u_account_balance/balance_db_reg[2][9]/CK 
Endpoint:   u_account_balance/balance_db_reg[2][9]/D (^) checked with  leading 
edge of 'clk'
Beginpoint: u_vehicle_interface/id_to_check_reg[3]/Q (v) triggered by  leading 
edge of 'clk'
Path Groups: {clk}
Analysis View: view1
Retime Analysis { Data Path-Slew }
Other End Arrival Time          0.010
- Setup                         0.294
+ Phase Shift                   5.200
- Uncertainty                   0.010
= Required Time                 4.906
- Arrival Time                  2.944
= Slack Time                    1.962
= Slack Time(original)          1.908
     Clock Rise Edge                      0.000
     + Source Insertion Delay             0.010
     = Beginpoint Arrival Time            0.010
     Timing Path:
     +------------------------------------------------------------------------------------------------+ 
     |                Instance                |     Arc     |   Cell    | Retime | Arrival | Required | 
     |                                        |             |           |  Delay |  Time   |   Time   | 
     |----------------------------------------+-------------+-----------+--------+---------+----------| 
     |                                        | clk ^       |           |        |   0.010 |    1.972 | 
     | u_vehicle_interface/id_to_check_reg[3] |             | SDFFQX1   |  0.000 |   0.010 |    1.972 | 
     | u_vehicle_interface/id_to_check_reg[3] | CK ^ -> Q v | SDFFQX1   |  0.343 |   0.352 |    2.315 | 
     | g222                                   |             | BUFX6     |  0.000 |   0.352 |    2.315 | 
     | g222                                   | A v -> Y v  | BUFX6     |  0.172 |   0.524 |    2.487 | 
     | u_account_balance/g13463               |             | INVX8     |  0.000 |   0.524 |    2.487 | 
     | u_account_balance/g13463               | A v -> Y ^  | INVX8     |  0.075 |   0.599 |    2.561 | 
     | u_account_balance/g13456               |             | CLKAND2X3 |  0.000 |   0.599 |    2.561 | 
     | u_account_balance/g13456               | B ^ -> Y ^  | CLKAND2X3 |  0.140 |   0.739 |    2.701 | 
     | u_account_balance/g13449               |             | CLKINVX2  |  0.000 |   0.739 |    2.701 | 
     | u_account_balance/g13449               | A ^ -> Y v  | CLKINVX2  |  0.055 |   0.794 |    2.757 | 
     | u_account_balance/g13376               |             | OAI21X1   |  0.000 |   0.794 |    2.757 | 
     | u_account_balance/g13376               | A1 v -> Y ^ | OAI21X1   |  0.086 |   0.880 |    2.843 | 
     | u_account_balance/g13256               |             | NOR3X1    |  0.000 |   0.880 |    2.843 | 
     | u_account_balance/g13256               | C ^ -> Y v  | NOR3X1    |  0.067 |   0.947 |    2.909 | 
     | u_account_balance/g13221               |             | NOR2X2    |  0.000 |   0.947 |    2.909 | 
     | u_account_balance/g13221               | A v -> Y ^  | NOR2X2    |  0.080 |   1.028 |    2.990 | 
     | u_account_balance/g13474               |             | OAI2BB1X2 |  0.000 |   1.028 |    2.990 | 
     | u_account_balance/g13474               | B0 ^ -> Y v | OAI2BB1X2 |  0.111 |   1.139 |    3.101 | 
     | u_account_balance/g13202               |             | NOR2X2    |  0.000 |   1.139 |    3.101 | 
     | u_account_balance/g13202               | B v -> Y ^  | NOR2X2    |  0.113 |   1.252 |    3.214 | 
     | u_account_balance/g13194               |             | OAI21X1   |  0.000 |   1.252 |    3.214 | 
     | u_account_balance/g13194               | A1 ^ -> Y v | OAI21X1   |  0.122 |   1.374 |    3.336 | 
     | u_account_balance/g13192               |             | NOR2X1    |  0.000 |   1.374 |    3.336 | 
     | u_account_balance/g13192               | B v -> Y ^  | NOR2X1    |  0.159 |   1.533 |    3.495 | 
     | u_account_balance/g13187               |             | NAND2X1   |  0.000 |   1.533 |    3.495 | 
     | u_account_balance/g13187               | B ^ -> Y v  | NAND2X1   |  0.137 |   1.669 |    3.631 | 
     | u_account_balance/g13184               |             | OR4X1     |  0.000 |   1.669 |    3.631 | 
     | u_account_balance/g13184               | D v -> Y v  | OR4X1     |  0.296 |   1.966 |    3.928 | 
     | u_account_balance/g13179               |             | OR2X1     |  0.000 |   1.966 |    3.928 | 
     | u_account_balance/g13179               | B v -> Y v  | OR2X1     |  0.195 |   2.161 |    4.123 | 
     | u_account_balance/g13170               |             | NAND2X1   |  0.000 |   2.161 |    4.123 | 
     | u_account_balance/g13170               | B v -> Y ^  | NAND2X1   |  0.080 |   2.241 |    4.204 | 
     | u_account_balance/g4361                |             | OR2X1     |  0.000 |   2.241 |    4.204 | 
     | u_account_balance/g4361                | B ^ -> Y ^  | OR2X1     |  0.128 |   2.369 |    4.331 | 
     | u_account_balance/g4357                |             | NAND2XL   |  0.000 |   2.369 |    4.331 | 
     | u_account_balance/g4357                | B ^ -> Y v  | NAND2XL   |  0.115 |   2.484 |    4.447 | 
     | u_account_balance/g4343                |             | NAND2XL   |  0.000 |   2.484 |    4.447 | 
     | u_account_balance/g4343                | A v -> Y ^  | NAND2XL   |  0.270 |   2.755 |    4.717 | 
     | u_account_balance/g4306                |             | AO22XL    |  0.000 |   2.755 |    4.717 | 
     | u_account_balance/g4306                | A0 ^ -> Y ^ | AO22XL    |  0.190 |   2.944 |    4.906 | 
     | u_account_balance/balance_db_reg[2][9] |             | SDFFQX1   |  0.000 |   2.944 |    4.906 | 
     +------------------------------------------------------------------------------------------------+ 
     Clock Rise Edge                      0.000
     + Source Insertion Delay             0.010
     = Beginpoint Arrival Time            0.010
     Other End Path:
     +----------------------------------------------------------------------------------------+ 
     |                Instance                |  Arc  |  Cell   | Retime | Arrival | Required | 
     |                                        |       |         |  Delay |  Time   |   Time   | 
     |----------------------------------------+-------+---------+--------+---------+----------| 
     |                                        | clk ^ |         |        |   0.010 |   -1.952 | 
     | u_account_balance/balance_db_reg[2][9] |       | SDFFQX1 |  0.000 |   0.010 |   -1.952 | 
     +----------------------------------------------------------------------------------------+ 
Path 30: MET Setup Check with Pin u_account_balance/balance_db_reg[2][7]/CK 
Endpoint:   u_account_balance/balance_db_reg[2][7]/D (^) checked with  leading 
edge of 'clk'
Beginpoint: u_vehicle_interface/id_to_check_reg[3]/Q (v) triggered by  leading 
edge of 'clk'
Path Groups: {clk}
Analysis View: view1
Retime Analysis { Data Path-Slew }
Other End Arrival Time          0.010
- Setup                         0.294
+ Phase Shift                   5.200
- Uncertainty                   0.010
= Required Time                 4.906
- Arrival Time                  2.944
= Slack Time                    1.962
= Slack Time(original)          1.908
     Clock Rise Edge                      0.000
     + Source Insertion Delay             0.010
     = Beginpoint Arrival Time            0.010
     Timing Path:
     +------------------------------------------------------------------------------------------------+ 
     |                Instance                |     Arc     |   Cell    | Retime | Arrival | Required | 
     |                                        |             |           |  Delay |  Time   |   Time   | 
     |----------------------------------------+-------------+-----------+--------+---------+----------| 
     |                                        | clk ^       |           |        |   0.010 |    1.972 | 
     | u_vehicle_interface/id_to_check_reg[3] |             | SDFFQX1   |  0.000 |   0.010 |    1.972 | 
     | u_vehicle_interface/id_to_check_reg[3] | CK ^ -> Q v | SDFFQX1   |  0.343 |   0.352 |    2.315 | 
     | g222                                   |             | BUFX6     |  0.000 |   0.352 |    2.315 | 
     | g222                                   | A v -> Y v  | BUFX6     |  0.172 |   0.524 |    2.487 | 
     | u_account_balance/g13463               |             | INVX8     |  0.000 |   0.524 |    2.487 | 
     | u_account_balance/g13463               | A v -> Y ^  | INVX8     |  0.075 |   0.599 |    2.561 | 
     | u_account_balance/g13456               |             | CLKAND2X3 |  0.000 |   0.599 |    2.561 | 
     | u_account_balance/g13456               | B ^ -> Y ^  | CLKAND2X3 |  0.140 |   0.739 |    2.701 | 
     | u_account_balance/g13449               |             | CLKINVX2  |  0.000 |   0.739 |    2.701 | 
     | u_account_balance/g13449               | A ^ -> Y v  | CLKINVX2  |  0.055 |   0.794 |    2.757 | 
     | u_account_balance/g13376               |             | OAI21X1   |  0.000 |   0.794 |    2.757 | 
     | u_account_balance/g13376               | A1 v -> Y ^ | OAI21X1   |  0.086 |   0.880 |    2.843 | 
     | u_account_balance/g13256               |             | NOR3X1    |  0.000 |   0.880 |    2.843 | 
     | u_account_balance/g13256               | C ^ -> Y v  | NOR3X1    |  0.067 |   0.947 |    2.909 | 
     | u_account_balance/g13221               |             | NOR2X2    |  0.000 |   0.947 |    2.909 | 
     | u_account_balance/g13221               | A v -> Y ^  | NOR2X2    |  0.080 |   1.028 |    2.990 | 
     | u_account_balance/g13474               |             | OAI2BB1X2 |  0.000 |   1.028 |    2.990 | 
     | u_account_balance/g13474               | B0 ^ -> Y v | OAI2BB1X2 |  0.111 |   1.139 |    3.101 | 
     | u_account_balance/g13202               |             | NOR2X2    |  0.000 |   1.139 |    3.101 | 
     | u_account_balance/g13202               | B v -> Y ^  | NOR2X2    |  0.113 |   1.252 |    3.214 | 
     | u_account_balance/g13194               |             | OAI21X1   |  0.000 |   1.252 |    3.214 | 
     | u_account_balance/g13194               | A1 ^ -> Y v | OAI21X1   |  0.122 |   1.374 |    3.336 | 
     | u_account_balance/g13192               |             | NOR2X1    |  0.000 |   1.374 |    3.336 | 
     | u_account_balance/g13192               | B v -> Y ^  | NOR2X1    |  0.159 |   1.533 |    3.495 | 
     | u_account_balance/g13187               |             | NAND2X1   |  0.000 |   1.533 |    3.495 | 
     | u_account_balance/g13187               | B ^ -> Y v  | NAND2X1   |  0.137 |   1.669 |    3.631 | 
     | u_account_balance/g13184               |             | OR4X1     |  0.000 |   1.669 |    3.631 | 
     | u_account_balance/g13184               | D v -> Y v  | OR4X1     |  0.296 |   1.966 |    3.928 | 
     | u_account_balance/g13179               |             | OR2X1     |  0.000 |   1.966 |    3.928 | 
     | u_account_balance/g13179               | B v -> Y v  | OR2X1     |  0.195 |   2.161 |    4.123 | 
     | u_account_balance/g13170               |             | NAND2X1   |  0.000 |   2.161 |    4.123 | 
     | u_account_balance/g13170               | B v -> Y ^  | NAND2X1   |  0.080 |   2.241 |    4.204 | 
     | u_account_balance/g4361                |             | OR2X1     |  0.000 |   2.241 |    4.204 | 
     | u_account_balance/g4361                | B ^ -> Y ^  | OR2X1     |  0.128 |   2.369 |    4.331 | 
     | u_account_balance/g4357                |             | NAND2XL   |  0.000 |   2.369 |    4.331 | 
     | u_account_balance/g4357                | B ^ -> Y v  | NAND2XL   |  0.115 |   2.484 |    4.447 | 
     | u_account_balance/g4343                |             | NAND2XL   |  0.000 |   2.484 |    4.447 | 
     | u_account_balance/g4343                | A v -> Y ^  | NAND2XL   |  0.270 |   2.755 |    4.717 | 
     | u_account_balance/g4304                |             | AO22XL    |  0.000 |   2.755 |    4.717 | 
     | u_account_balance/g4304                | A0 ^ -> Y ^ | AO22XL    |  0.190 |   2.944 |    4.906 | 
     | u_account_balance/balance_db_reg[2][7] |             | SDFFQX1   |  0.000 |   2.944 |    4.906 | 
     +------------------------------------------------------------------------------------------------+ 
     Clock Rise Edge                      0.000
     + Source Insertion Delay             0.010
     = Beginpoint Arrival Time            0.010
     Other End Path:
     +----------------------------------------------------------------------------------------+ 
     |                Instance                |  Arc  |  Cell   | Retime | Arrival | Required | 
     |                                        |       |         |  Delay |  Time   |   Time   | 
     |----------------------------------------+-------+---------+--------+---------+----------| 
     |                                        | clk ^ |         |        |   0.010 |   -1.952 | 
     | u_account_balance/balance_db_reg[2][7] |       | SDFFQX1 |  0.000 |   0.010 |   -1.952 | 
     +----------------------------------------------------------------------------------------+ 
Path 31: MET Setup Check with Pin u_account_balance/balance_db_reg[2][11]/CK 
Endpoint:   u_account_balance/balance_db_reg[2][11]/D (^) checked with  leading 
edge of 'clk'
Beginpoint: u_vehicle_interface/id_to_check_reg[3]/Q  (^) triggered by  leading 
edge of 'clk'
Path Groups: {clk}
Analysis View: view1
Retime Analysis { Data Path-Slew }
Other End Arrival Time          0.010
- Setup                         0.299
+ Phase Shift                   5.200
- Uncertainty                   0.010
= Required Time                 4.901
- Arrival Time                  2.969
= Slack Time                    1.931
= Slack Time(original)          1.909
     Clock Rise Edge                      0.000
     + Source Insertion Delay             0.010
     = Beginpoint Arrival Time            0.010
     Timing Path:
     +-------------------------------------------------------------------------------------------------+ 
     |                Instance                 |     Arc     |   Cell    | Retime | Arrival | Required | 
     |                                         |             |           |  Delay |  Time   |   Time   | 
     |-----------------------------------------+-------------+-----------+--------+---------+----------| 
     |                                         | clk ^       |           |        |   0.010 |    1.941 | 
     | u_vehicle_interface/id_to_check_reg[3]  |             | SDFFQX1   |  0.000 |   0.010 |    1.941 | 
     | u_vehicle_interface/id_to_check_reg[3]  | CK ^ -> Q ^ | SDFFQX1   |  0.300 |   0.310 |    2.241 | 
     | g222                                    |             | BUFX6     |  0.000 |   0.310 |    2.241 | 
     | g222                                    | A ^ -> Y ^  | BUFX6     |  0.176 |   0.487 |    2.418 | 
     | u_account_balance/g13463                |             | INVX8     |  0.000 |   0.487 |    2.418 | 
     | u_account_balance/g13463                | A ^ -> Y v  | INVX8     |  0.065 |   0.551 |    2.482 | 
     | u_account_balance/g13455                |             | CLKAND2X2 |  0.000 |   0.551 |    2.482 | 
     | u_account_balance/g13455                | B v -> Y v  | CLKAND2X2 |  0.191 |   0.742 |    2.673 | 
     | u_account_balance/g13473                |             | NOR2BX2   |  0.000 |   0.742 |    2.673 | 
     | u_account_balance/g13473                | AN v -> Y v | NOR2BX2   |  0.213 |   0.955 |    2.886 | 
     | u_account_balance/g13478                |             | AO22XL    |  0.000 |   0.955 |    2.886 | 
     | u_account_balance/g13478                | A1 v -> Y v | AO22XL    |  0.171 |   1.127 |    3.058 | 
     | u_account_balance/g13254                |             | NOR2XL    |  0.000 |   1.127 |    3.058 | 
     | u_account_balance/g13254                | B v -> Y ^  | NOR2XL    |  0.075 |   1.202 |    3.133 | 
     | u_account_balance/g13228                |             | NAND2XL   |  0.000 |   1.202 |    3.133 | 
     | u_account_balance/g13228                | B ^ -> Y v  | NAND2XL   |  0.088 |   1.290 |    3.221 | 
     | u_account_balance/g13205                |             | NOR3X1    |  0.000 |   1.290 |    3.221 | 
     | u_account_balance/g13205                | C v -> Y ^  | NOR3X1    |  0.135 |   1.426 |    3.357 | 
     | u_account_balance/g13199                |             | AND2XL    |  0.000 |   1.426 |    3.357 | 
     | u_account_balance/g13199                | B ^ -> Y ^  | AND2XL    |  0.150 |   1.576 |    3.507 | 
     | u_account_balance/g13187                |             | NAND2X1   |  0.000 |   1.576 |    3.507 | 
     | u_account_balance/g13187                | A ^ -> Y v  | NAND2X1   |  0.112 |   1.688 |    3.619 | 
     | u_account_balance/g13184                |             | OR4X1     |  0.000 |   1.688 |    3.619 | 
     | u_account_balance/g13184                | D v -> Y v  | OR4X1     |  0.292 |   1.979 |    3.911 | 
     | u_account_balance/g13179                |             | OR2X1     |  0.000 |   1.979 |    3.911 | 
     | u_account_balance/g13179                | B v -> Y v  | OR2X1     |  0.195 |   2.175 |    4.106 | 
     | u_account_balance/g13170                |             | NAND2X1   |  0.000 |   2.175 |    4.106 | 
     | u_account_balance/g13170                | B v -> Y ^  | NAND2X1   |  0.080 |   2.255 |    4.186 | 
     | u_account_balance/g4361                 |             | OR2X1     |  0.000 |   2.255 |    4.186 | 
     | u_account_balance/g4361                 | B ^ -> Y ^  | OR2X1     |  0.128 |   2.383 |    4.314 | 
     | u_account_balance/g4357                 |             | NAND2XL   |  0.000 |   2.383 |    4.314 | 
     | u_account_balance/g4357                 | B ^ -> Y v  | NAND2XL   |  0.115 |   2.498 |    4.429 | 
     | u_account_balance/g4343                 |             | NAND2XL   |  0.000 |   2.498 |    4.429 | 
     | u_account_balance/g4343                 | A v -> Y ^  | NAND2XL   |  0.270 |   2.768 |    4.700 | 
     | u_account_balance/g4307                 |             | AO22XL    |  0.000 |   2.768 |    4.700 | 
     | u_account_balance/g4307                 | A0 ^ -> Y ^ | AO22XL    |  0.201 |   2.969 |    4.901 | 
     | u_account_balance/balance_db_reg[2][11] |             | SDFFQX1   |  0.000 |   2.969 |    4.901 | 
     +-------------------------------------------------------------------------------------------------+ 
     Clock Rise Edge                      0.000
     + Source Insertion Delay             0.010
     = Beginpoint Arrival Time            0.010
     Other End Path:
     +-----------------------------------------------------------------------------------------+ 
     |                Instance                 |  Arc  |  Cell   | Retime | Arrival | Required | 
     |                                         |       |         |  Delay |  Time   |   Time   | 
     |-----------------------------------------+-------+---------+--------+---------+----------| 
     |                                         | clk ^ |         |        |   0.010 |   -1.921 | 
     | u_account_balance/balance_db_reg[2][11] |       | SDFFQX1 |  0.000 |   0.010 |   -1.921 | 
     +-----------------------------------------------------------------------------------------+ 
Path 32: MET Setup Check with Pin u_account_balance/balance_db_reg[2][9]/CK 
Endpoint:   u_account_balance/balance_db_reg[2][9]/D (^) checked with  leading 
edge of 'clk'
Beginpoint: u_vehicle_interface/id_to_check_reg[3]/Q (^) triggered by  leading 
edge of 'clk'
Path Groups: {clk}
Analysis View: view1
Retime Analysis { Data Path-Slew }
Other End Arrival Time          0.010
- Setup                         0.299
+ Phase Shift                   5.200
- Uncertainty                   0.010
= Required Time                 4.901
- Arrival Time                  2.969
= Slack Time                    1.931
= Slack Time(original)          1.909
     Clock Rise Edge                      0.000
     + Source Insertion Delay             0.010
     = Beginpoint Arrival Time            0.010
     Timing Path:
     +------------------------------------------------------------------------------------------------+ 
     |                Instance                |     Arc     |   Cell    | Retime | Arrival | Required | 
     |                                        |             |           |  Delay |  Time   |   Time   | 
     |----------------------------------------+-------------+-----------+--------+---------+----------| 
     |                                        | clk ^       |           |        |   0.010 |    1.941 | 
     | u_vehicle_interface/id_to_check_reg[3] |             | SDFFQX1   |  0.000 |   0.010 |    1.941 | 
     | u_vehicle_interface/id_to_check_reg[3] | CK ^ -> Q ^ | SDFFQX1   |  0.300 |   0.310 |    2.241 | 
     | g222                                   |             | BUFX6     |  0.000 |   0.310 |    2.241 | 
     | g222                                   | A ^ -> Y ^  | BUFX6     |  0.176 |   0.487 |    2.418 | 
     | u_account_balance/g13463               |             | INVX8     |  0.000 |   0.487 |    2.418 | 
     | u_account_balance/g13463               | A ^ -> Y v  | INVX8     |  0.065 |   0.551 |    2.482 | 
     | u_account_balance/g13455               |             | CLKAND2X2 |  0.000 |   0.551 |    2.482 | 
     | u_account_balance/g13455               | B v -> Y v  | CLKAND2X2 |  0.191 |   0.742 |    2.673 | 
     | u_account_balance/g13473               |             | NOR2BX2   |  0.000 |   0.742 |    2.673 | 
     | u_account_balance/g13473               | AN v -> Y v | NOR2BX2   |  0.213 |   0.955 |    2.886 | 
     | u_account_balance/g13478               |             | AO22XL    |  0.000 |   0.955 |    2.886 | 
     | u_account_balance/g13478               | A1 v -> Y v | AO22XL    |  0.171 |   1.127 |    3.058 | 
     | u_account_balance/g13254               |             | NOR2XL    |  0.000 |   1.127 |    3.058 | 
     | u_account_balance/g13254               | B v -> Y ^  | NOR2XL    |  0.075 |   1.202 |    3.133 | 
     | u_account_balance/g13228               |             | NAND2XL   |  0.000 |   1.202 |    3.133 | 
     | u_account_balance/g13228               | B ^ -> Y v  | NAND2XL   |  0.088 |   1.290 |    3.221 | 
     | u_account_balance/g13205               |             | NOR3X1    |  0.000 |   1.290 |    3.221 | 
     | u_account_balance/g13205               | C v -> Y ^  | NOR3X1    |  0.135 |   1.426 |    3.357 | 
     | u_account_balance/g13199               |             | AND2XL    |  0.000 |   1.426 |    3.357 | 
     | u_account_balance/g13199               | B ^ -> Y ^  | AND2XL    |  0.150 |   1.576 |    3.507 | 
     | u_account_balance/g13187               |             | NAND2X1   |  0.000 |   1.576 |    3.507 | 
     | u_account_balance/g13187               | A ^ -> Y v  | NAND2X1   |  0.112 |   1.688 |    3.619 | 
     | u_account_balance/g13184               |             | OR4X1     |  0.000 |   1.688 |    3.619 | 
     | u_account_balance/g13184               | D v -> Y v  | OR4X1     |  0.292 |   1.979 |    3.911 | 
     | u_account_balance/g13179               |             | OR2X1     |  0.000 |   1.979 |    3.911 | 
     | u_account_balance/g13179               | B v -> Y v  | OR2X1     |  0.195 |   2.175 |    4.106 | 
     | u_account_balance/g13170               |             | NAND2X1   |  0.000 |   2.175 |    4.106 | 
     | u_account_balance/g13170               | B v -> Y ^  | NAND2X1   |  0.080 |   2.255 |    4.186 | 
     | u_account_balance/g4361                |             | OR2X1     |  0.000 |   2.255 |    4.186 | 
     | u_account_balance/g4361                | B ^ -> Y ^  | OR2X1     |  0.128 |   2.383 |    4.314 | 
     | u_account_balance/g4357                |             | NAND2XL   |  0.000 |   2.383 |    4.314 | 
     | u_account_balance/g4357                | B ^ -> Y v  | NAND2XL   |  0.115 |   2.498 |    4.429 | 
     | u_account_balance/g4343                |             | NAND2XL   |  0.000 |   2.498 |    4.429 | 
     | u_account_balance/g4343                | A v -> Y ^  | NAND2XL   |  0.270 |   2.768 |    4.700 | 
     | u_account_balance/g4306                |             | AO22XL    |  0.000 |   2.768 |    4.700 | 
     | u_account_balance/g4306                | A0 ^ -> Y ^ | AO22XL    |  0.201 |   2.969 |    4.901 | 
     | u_account_balance/balance_db_reg[2][9] |             | SDFFQX1   |  0.000 |   2.969 |    4.901 | 
     +------------------------------------------------------------------------------------------------+ 
     Clock Rise Edge                      0.000
     + Source Insertion Delay             0.010
     = Beginpoint Arrival Time            0.010
     Other End Path:
     +----------------------------------------------------------------------------------------+ 
     |                Instance                |  Arc  |  Cell   | Retime | Arrival | Required | 
     |                                        |       |         |  Delay |  Time   |   Time   | 
     |----------------------------------------+-------+---------+--------+---------+----------| 
     |                                        | clk ^ |         |        |   0.010 |   -1.921 | 
     | u_account_balance/balance_db_reg[2][9] |       | SDFFQX1 |  0.000 |   0.010 |   -1.921 | 
     +----------------------------------------------------------------------------------------+ 
Path 33: MET Setup Check with Pin u_account_balance/balance_db_reg[2][7]/CK 
Endpoint:   u_account_balance/balance_db_reg[2][7]/D (^) checked with  leading 
edge of 'clk'
Beginpoint: u_vehicle_interface/id_to_check_reg[3]/Q (^) triggered by  leading 
edge of 'clk'
Path Groups: {clk}
Analysis View: view1
Retime Analysis { Data Path-Slew }
Other End Arrival Time          0.010
- Setup                         0.299
+ Phase Shift                   5.200
- Uncertainty                   0.010
= Required Time                 4.901
- Arrival Time                  2.969
= Slack Time                    1.931
= Slack Time(original)          1.909
     Clock Rise Edge                      0.000
     + Source Insertion Delay             0.010
     = Beginpoint Arrival Time            0.010
     Timing Path:
     +------------------------------------------------------------------------------------------------+ 
     |                Instance                |     Arc     |   Cell    | Retime | Arrival | Required | 
     |                                        |             |           |  Delay |  Time   |   Time   | 
     |----------------------------------------+-------------+-----------+--------+---------+----------| 
     |                                        | clk ^       |           |        |   0.010 |    1.941 | 
     | u_vehicle_interface/id_to_check_reg[3] |             | SDFFQX1   |  0.000 |   0.010 |    1.941 | 
     | u_vehicle_interface/id_to_check_reg[3] | CK ^ -> Q ^ | SDFFQX1   |  0.300 |   0.310 |    2.241 | 
     | g222                                   |             | BUFX6     |  0.000 |   0.310 |    2.241 | 
     | g222                                   | A ^ -> Y ^  | BUFX6     |  0.176 |   0.487 |    2.418 | 
     | u_account_balance/g13463               |             | INVX8     |  0.000 |   0.487 |    2.418 | 
     | u_account_balance/g13463               | A ^ -> Y v  | INVX8     |  0.065 |   0.551 |    2.482 | 
     | u_account_balance/g13455               |             | CLKAND2X2 |  0.000 |   0.551 |    2.482 | 
     | u_account_balance/g13455               | B v -> Y v  | CLKAND2X2 |  0.191 |   0.742 |    2.673 | 
     | u_account_balance/g13473               |             | NOR2BX2   |  0.000 |   0.742 |    2.673 | 
     | u_account_balance/g13473               | AN v -> Y v | NOR2BX2   |  0.213 |   0.955 |    2.886 | 
     | u_account_balance/g13478               |             | AO22XL    |  0.000 |   0.955 |    2.886 | 
     | u_account_balance/g13478               | A1 v -> Y v | AO22XL    |  0.171 |   1.127 |    3.058 | 
     | u_account_balance/g13254               |             | NOR2XL    |  0.000 |   1.127 |    3.058 | 
     | u_account_balance/g13254               | B v -> Y ^  | NOR2XL    |  0.075 |   1.202 |    3.133 | 
     | u_account_balance/g13228               |             | NAND2XL   |  0.000 |   1.202 |    3.133 | 
     | u_account_balance/g13228               | B ^ -> Y v  | NAND2XL   |  0.088 |   1.290 |    3.221 | 
     | u_account_balance/g13205               |             | NOR3X1    |  0.000 |   1.290 |    3.221 | 
     | u_account_balance/g13205               | C v -> Y ^  | NOR3X1    |  0.135 |   1.426 |    3.357 | 
     | u_account_balance/g13199               |             | AND2XL    |  0.000 |   1.426 |    3.357 | 
     | u_account_balance/g13199               | B ^ -> Y ^  | AND2XL    |  0.150 |   1.576 |    3.507 | 
     | u_account_balance/g13187               |             | NAND2X1   |  0.000 |   1.576 |    3.507 | 
     | u_account_balance/g13187               | A ^ -> Y v  | NAND2X1   |  0.112 |   1.688 |    3.619 | 
     | u_account_balance/g13184               |             | OR4X1     |  0.000 |   1.688 |    3.619 | 
     | u_account_balance/g13184               | D v -> Y v  | OR4X1     |  0.292 |   1.979 |    3.911 | 
     | u_account_balance/g13179               |             | OR2X1     |  0.000 |   1.979 |    3.911 | 
     | u_account_balance/g13179               | B v -> Y v  | OR2X1     |  0.195 |   2.175 |    4.106 | 
     | u_account_balance/g13170               |             | NAND2X1   |  0.000 |   2.175 |    4.106 | 
     | u_account_balance/g13170               | B v -> Y ^  | NAND2X1   |  0.080 |   2.255 |    4.186 | 
     | u_account_balance/g4361                |             | OR2X1     |  0.000 |   2.255 |    4.186 | 
     | u_account_balance/g4361                | B ^ -> Y ^  | OR2X1     |  0.128 |   2.383 |    4.314 | 
     | u_account_balance/g4357                |             | NAND2XL   |  0.000 |   2.383 |    4.314 | 
     | u_account_balance/g4357                | B ^ -> Y v  | NAND2XL   |  0.115 |   2.498 |    4.429 | 
     | u_account_balance/g4343                |             | NAND2XL   |  0.000 |   2.498 |    4.429 | 
     | u_account_balance/g4343                | A v -> Y ^  | NAND2XL   |  0.270 |   2.768 |    4.700 | 
     | u_account_balance/g4304                |             | AO22XL    |  0.000 |   2.768 |    4.700 | 
     | u_account_balance/g4304                | A0 ^ -> Y ^ | AO22XL    |  0.201 |   2.969 |    4.901 | 
     | u_account_balance/balance_db_reg[2][7] |             | SDFFQX1   |  0.000 |   2.969 |    4.901 | 
     +------------------------------------------------------------------------------------------------+ 
     Clock Rise Edge                      0.000
     + Source Insertion Delay             0.010
     = Beginpoint Arrival Time            0.010
     Other End Path:
     +----------------------------------------------------------------------------------------+ 
     |                Instance                |  Arc  |  Cell   | Retime | Arrival | Required | 
     |                                        |       |         |  Delay |  Time   |   Time   | 
     |----------------------------------------+-------+---------+--------+---------+----------| 
     |                                        | clk ^ |         |        |   0.010 |   -1.921 | 
     | u_account_balance/balance_db_reg[2][7] |       | SDFFQX1 |  0.000 |   0.010 |   -1.921 | 
     +----------------------------------------------------------------------------------------+ 
Path 34: MET Setup Check with Pin u_account_balance/balance_db_reg[2][11]/CK 
Endpoint:   u_account_balance/balance_db_reg[2][11]/D (^) checked with  leading 
edge of 'clk'
Beginpoint: u_vehicle_interface/id_to_check_reg[3]/Q  (^) triggered by  leading 
edge of 'clk'
Path Groups: {clk}
Analysis View: view1
Retime Analysis { Data Path-Slew }
Other End Arrival Time          0.010
- Setup                         0.299
+ Phase Shift                   5.200
- Uncertainty                   0.010
= Required Time                 4.901
- Arrival Time                  2.945
= Slack Time                    1.955
= Slack Time(original)          1.909
     Clock Rise Edge                      0.000
     + Source Insertion Delay             0.010
     = Beginpoint Arrival Time            0.010
     Timing Path:
     +-------------------------------------------------------------------------------------------------+ 
     |                Instance                 |     Arc     |   Cell    | Retime | Arrival | Required | 
     |                                         |             |           |  Delay |  Time   |   Time   | 
     |-----------------------------------------+-------------+-----------+--------+---------+----------| 
     |                                         | clk ^       |           |        |   0.010 |    1.965 | 
     | u_vehicle_interface/id_to_check_reg[3]  |             | SDFFQX1   |  0.000 |   0.010 |    1.965 | 
     | u_vehicle_interface/id_to_check_reg[3]  | CK ^ -> Q ^ | SDFFQX1   |  0.300 |   0.310 |    2.265 | 
     | g222                                    |             | BUFX6     |  0.000 |   0.310 |    2.265 | 
     | g222                                    | A ^ -> Y ^  | BUFX6     |  0.176 |   0.487 |    2.442 | 
     | u_account_balance/g13463                |             | INVX8     |  0.000 |   0.487 |    2.442 | 
     | u_account_balance/g13463                | A ^ -> Y v  | INVX8     |  0.065 |   0.551 |    2.506 | 
     | u_account_balance/g13455                |             | CLKAND2X2 |  0.000 |   0.551 |    2.506 | 
     | u_account_balance/g13455                | B v -> Y v  | CLKAND2X2 |  0.191 |   0.742 |    2.697 | 
     | u_account_balance/g13473                |             | NOR2BX2   |  0.000 |   0.742 |    2.697 | 
     | u_account_balance/g13473                | AN v -> Y v | NOR2BX2   |  0.213 |   0.955 |    2.910 | 
     | u_account_balance/g13478                |             | AO22XL    |  0.000 |   0.955 |    2.910 | 
     | u_account_balance/g13478                | A1 v -> Y v | AO22XL    |  0.149 |   1.104 |    3.059 | 
     | u_account_balance/g13254                |             | NOR2XL    |  0.000 |   1.104 |    3.059 | 
     | u_account_balance/g13254                | B v -> Y ^  | NOR2XL    |  0.074 |   1.178 |    3.133 | 
     | u_account_balance/g13228                |             | NAND2XL   |  0.000 |   1.178 |    3.133 | 
     | u_account_balance/g13228                | B ^ -> Y v  | NAND2XL   |  0.088 |   1.266 |    3.221 | 
     | u_account_balance/g13205                |             | NOR3X1    |  0.000 |   1.266 |    3.221 | 
     | u_account_balance/g13205                | C v -> Y ^  | NOR3X1    |  0.135 |   1.402 |    3.357 | 
     | u_account_balance/g13199                |             | AND2XL    |  0.000 |   1.402 |    3.357 | 
     | u_account_balance/g13199                | B ^ -> Y ^  | AND2XL    |  0.150 |   1.552 |    3.507 | 
     | u_account_balance/g13187                |             | NAND2X1   |  0.000 |   1.552 |    3.507 | 
     | u_account_balance/g13187                | A ^ -> Y v  | NAND2X1   |  0.112 |   1.664 |    3.619 | 
     | u_account_balance/g13184                |             | OR4X1     |  0.000 |   1.664 |    3.619 | 
     | u_account_balance/g13184                | D v -> Y v  | OR4X1     |  0.292 |   1.955 |    3.911 | 
     | u_account_balance/g13179                |             | OR2X1     |  0.000 |   1.955 |    3.911 | 
     | u_account_balance/g13179                | B v -> Y v  | OR2X1     |  0.195 |   2.151 |    4.106 | 
     | u_account_balance/g13170                |             | NAND2X1   |  0.000 |   2.151 |    4.106 | 
     | u_account_balance/g13170                | B v -> Y ^  | NAND2X1   |  0.080 |   2.231 |    4.186 | 
     | u_account_balance/g4361                 |             | OR2X1     |  0.000 |   2.231 |    4.186 | 
     | u_account_balance/g4361                 | B ^ -> Y ^  | OR2X1     |  0.128 |   2.359 |    4.314 | 
     | u_account_balance/g4357                 |             | NAND2XL   |  0.000 |   2.359 |    4.314 | 
     | u_account_balance/g4357                 | B ^ -> Y v  | NAND2XL   |  0.115 |   2.474 |    4.429 | 
     | u_account_balance/g4343                 |             | NAND2XL   |  0.000 |   2.474 |    4.429 | 
     | u_account_balance/g4343                 | A v -> Y ^  | NAND2XL   |  0.270 |   2.744 |    4.700 | 
     | u_account_balance/g4307                 |             | AO22XL    |  0.000 |   2.744 |    4.700 | 
     | u_account_balance/g4307                 | A0 ^ -> Y ^ | AO22XL    |  0.201 |   2.945 |    4.901 | 
     | u_account_balance/balance_db_reg[2][11] |             | SDFFQX1   |  0.000 |   2.945 |    4.901 | 
     +-------------------------------------------------------------------------------------------------+ 
     Clock Rise Edge                      0.000
     + Source Insertion Delay             0.010
     = Beginpoint Arrival Time            0.010
     Other End Path:
     +-----------------------------------------------------------------------------------------+ 
     |                Instance                 |  Arc  |  Cell   | Retime | Arrival | Required | 
     |                                         |       |         |  Delay |  Time   |   Time   | 
     |-----------------------------------------+-------+---------+--------+---------+----------| 
     |                                         | clk ^ |         |        |   0.010 |   -1.945 | 
     | u_account_balance/balance_db_reg[2][11] |       | SDFFQX1 |  0.000 |   0.010 |   -1.945 | 
     +-----------------------------------------------------------------------------------------+ 
Path 35: MET Setup Check with Pin u_account_balance/balance_db_reg[2][9]/CK 
Endpoint:   u_account_balance/balance_db_reg[2][9]/D (^) checked with  leading 
edge of 'clk'
Beginpoint: u_vehicle_interface/id_to_check_reg[3]/Q (^) triggered by  leading 
edge of 'clk'
Path Groups: {clk}
Analysis View: view1
Retime Analysis { Data Path-Slew }
Other End Arrival Time          0.010
- Setup                         0.299
+ Phase Shift                   5.200
- Uncertainty                   0.010
= Required Time                 4.901
- Arrival Time                  2.945
= Slack Time                    1.955
= Slack Time(original)          1.909
     Clock Rise Edge                      0.000
     + Source Insertion Delay             0.010
     = Beginpoint Arrival Time            0.010
     Timing Path:
     +------------------------------------------------------------------------------------------------+ 
     |                Instance                |     Arc     |   Cell    | Retime | Arrival | Required | 
     |                                        |             |           |  Delay |  Time   |   Time   | 
     |----------------------------------------+-------------+-----------+--------+---------+----------| 
     |                                        | clk ^       |           |        |   0.010 |    1.965 | 
     | u_vehicle_interface/id_to_check_reg[3] |             | SDFFQX1   |  0.000 |   0.010 |    1.965 | 
     | u_vehicle_interface/id_to_check_reg[3] | CK ^ -> Q ^ | SDFFQX1   |  0.300 |   0.310 |    2.265 | 
     | g222                                   |             | BUFX6     |  0.000 |   0.310 |    2.265 | 
     | g222                                   | A ^ -> Y ^  | BUFX6     |  0.176 |   0.487 |    2.442 | 
     | u_account_balance/g13463               |             | INVX8     |  0.000 |   0.487 |    2.442 | 
     | u_account_balance/g13463               | A ^ -> Y v  | INVX8     |  0.065 |   0.551 |    2.506 | 
     | u_account_balance/g13455               |             | CLKAND2X2 |  0.000 |   0.551 |    2.506 | 
     | u_account_balance/g13455               | B v -> Y v  | CLKAND2X2 |  0.191 |   0.742 |    2.697 | 
     | u_account_balance/g13473               |             | NOR2BX2   |  0.000 |   0.742 |    2.697 | 
     | u_account_balance/g13473               | AN v -> Y v | NOR2BX2   |  0.213 |   0.955 |    2.910 | 
     | u_account_balance/g13478               |             | AO22XL    |  0.000 |   0.955 |    2.910 | 
     | u_account_balance/g13478               | A1 v -> Y v | AO22XL    |  0.149 |   1.104 |    3.059 | 
     | u_account_balance/g13254               |             | NOR2XL    |  0.000 |   1.104 |    3.059 | 
     | u_account_balance/g13254               | B v -> Y ^  | NOR2XL    |  0.074 |   1.178 |    3.133 | 
     | u_account_balance/g13228               |             | NAND2XL   |  0.000 |   1.178 |    3.133 | 
     | u_account_balance/g13228               | B ^ -> Y v  | NAND2XL   |  0.088 |   1.266 |    3.221 | 
     | u_account_balance/g13205               |             | NOR3X1    |  0.000 |   1.266 |    3.221 | 
     | u_account_balance/g13205               | C v -> Y ^  | NOR3X1    |  0.135 |   1.402 |    3.357 | 
     | u_account_balance/g13199               |             | AND2XL    |  0.000 |   1.402 |    3.357 | 
     | u_account_balance/g13199               | B ^ -> Y ^  | AND2XL    |  0.150 |   1.552 |    3.507 | 
     | u_account_balance/g13187               |             | NAND2X1   |  0.000 |   1.552 |    3.507 | 
     | u_account_balance/g13187               | A ^ -> Y v  | NAND2X1   |  0.112 |   1.664 |    3.619 | 
     | u_account_balance/g13184               |             | OR4X1     |  0.000 |   1.664 |    3.619 | 
     | u_account_balance/g13184               | D v -> Y v  | OR4X1     |  0.292 |   1.955 |    3.911 | 
     | u_account_balance/g13179               |             | OR2X1     |  0.000 |   1.955 |    3.911 | 
     | u_account_balance/g13179               | B v -> Y v  | OR2X1     |  0.195 |   2.151 |    4.106 | 
     | u_account_balance/g13170               |             | NAND2X1   |  0.000 |   2.151 |    4.106 | 
     | u_account_balance/g13170               | B v -> Y ^  | NAND2X1   |  0.080 |   2.231 |    4.186 | 
     | u_account_balance/g4361                |             | OR2X1     |  0.000 |   2.231 |    4.186 | 
     | u_account_balance/g4361                | B ^ -> Y ^  | OR2X1     |  0.128 |   2.359 |    4.314 | 
     | u_account_balance/g4357                |             | NAND2XL   |  0.000 |   2.359 |    4.314 | 
     | u_account_balance/g4357                | B ^ -> Y v  | NAND2XL   |  0.115 |   2.474 |    4.429 | 
     | u_account_balance/g4343                |             | NAND2XL   |  0.000 |   2.474 |    4.429 | 
     | u_account_balance/g4343                | A v -> Y ^  | NAND2XL   |  0.270 |   2.744 |    4.700 | 
     | u_account_balance/g4306                |             | AO22XL    |  0.000 |   2.744 |    4.700 | 
     | u_account_balance/g4306                | A0 ^ -> Y ^ | AO22XL    |  0.201 |   2.945 |    4.901 | 
     | u_account_balance/balance_db_reg[2][9] |             | SDFFQX1   |  0.000 |   2.945 |    4.901 | 
     +------------------------------------------------------------------------------------------------+ 
     Clock Rise Edge                      0.000
     + Source Insertion Delay             0.010
     = Beginpoint Arrival Time            0.010
     Other End Path:
     +----------------------------------------------------------------------------------------+ 
     |                Instance                |  Arc  |  Cell   | Retime | Arrival | Required | 
     |                                        |       |         |  Delay |  Time   |   Time   | 
     |----------------------------------------+-------+---------+--------+---------+----------| 
     |                                        | clk ^ |         |        |   0.010 |   -1.945 | 
     | u_account_balance/balance_db_reg[2][9] |       | SDFFQX1 |  0.000 |   0.010 |   -1.945 | 
     +----------------------------------------------------------------------------------------+ 
Path 36: MET Setup Check with Pin u_account_balance/balance_db_reg[2][7]/CK 
Endpoint:   u_account_balance/balance_db_reg[2][7]/D (^) checked with  leading 
edge of 'clk'
Beginpoint: u_vehicle_interface/id_to_check_reg[3]/Q (^) triggered by  leading 
edge of 'clk'
Path Groups: {clk}
Analysis View: view1
Retime Analysis { Data Path-Slew }
Other End Arrival Time          0.010
- Setup                         0.299
+ Phase Shift                   5.200
- Uncertainty                   0.010
= Required Time                 4.901
- Arrival Time                  2.945
= Slack Time                    1.955
= Slack Time(original)          1.909
     Clock Rise Edge                      0.000
     + Source Insertion Delay             0.010
     = Beginpoint Arrival Time            0.010
     Timing Path:
     +------------------------------------------------------------------------------------------------+ 
     |                Instance                |     Arc     |   Cell    | Retime | Arrival | Required | 
     |                                        |             |           |  Delay |  Time   |   Time   | 
     |----------------------------------------+-------------+-----------+--------+---------+----------| 
     |                                        | clk ^       |           |        |   0.010 |    1.965 | 
     | u_vehicle_interface/id_to_check_reg[3] |             | SDFFQX1   |  0.000 |   0.010 |    1.965 | 
     | u_vehicle_interface/id_to_check_reg[3] | CK ^ -> Q ^ | SDFFQX1   |  0.300 |   0.310 |    2.265 | 
     | g222                                   |             | BUFX6     |  0.000 |   0.310 |    2.265 | 
     | g222                                   | A ^ -> Y ^  | BUFX6     |  0.176 |   0.487 |    2.442 | 
     | u_account_balance/g13463               |             | INVX8     |  0.000 |   0.487 |    2.442 | 
     | u_account_balance/g13463               | A ^ -> Y v  | INVX8     |  0.065 |   0.551 |    2.506 | 
     | u_account_balance/g13455               |             | CLKAND2X2 |  0.000 |   0.551 |    2.506 | 
     | u_account_balance/g13455               | B v -> Y v  | CLKAND2X2 |  0.191 |   0.742 |    2.697 | 
     | u_account_balance/g13473               |             | NOR2BX2   |  0.000 |   0.742 |    2.697 | 
     | u_account_balance/g13473               | AN v -> Y v | NOR2BX2   |  0.213 |   0.955 |    2.910 | 
     | u_account_balance/g13478               |             | AO22XL    |  0.000 |   0.955 |    2.910 | 
     | u_account_balance/g13478               | A1 v -> Y v | AO22XL    |  0.149 |   1.104 |    3.059 | 
     | u_account_balance/g13254               |             | NOR2XL    |  0.000 |   1.104 |    3.059 | 
     | u_account_balance/g13254               | B v -> Y ^  | NOR2XL    |  0.074 |   1.178 |    3.133 | 
     | u_account_balance/g13228               |             | NAND2XL   |  0.000 |   1.178 |    3.133 | 
     | u_account_balance/g13228               | B ^ -> Y v  | NAND2XL   |  0.088 |   1.266 |    3.221 | 
     | u_account_balance/g13205               |             | NOR3X1    |  0.000 |   1.266 |    3.221 | 
     | u_account_balance/g13205               | C v -> Y ^  | NOR3X1    |  0.135 |   1.402 |    3.357 | 
     | u_account_balance/g13199               |             | AND2XL    |  0.000 |   1.402 |    3.357 | 
     | u_account_balance/g13199               | B ^ -> Y ^  | AND2XL    |  0.150 |   1.552 |    3.507 | 
     | u_account_balance/g13187               |             | NAND2X1   |  0.000 |   1.552 |    3.507 | 
     | u_account_balance/g13187               | A ^ -> Y v  | NAND2X1   |  0.112 |   1.664 |    3.619 | 
     | u_account_balance/g13184               |             | OR4X1     |  0.000 |   1.664 |    3.619 | 
     | u_account_balance/g13184               | D v -> Y v  | OR4X1     |  0.292 |   1.955 |    3.911 | 
     | u_account_balance/g13179               |             | OR2X1     |  0.000 |   1.955 |    3.911 | 
     | u_account_balance/g13179               | B v -> Y v  | OR2X1     |  0.195 |   2.151 |    4.106 | 
     | u_account_balance/g13170               |             | NAND2X1   |  0.000 |   2.151 |    4.106 | 
     | u_account_balance/g13170               | B v -> Y ^  | NAND2X1   |  0.080 |   2.231 |    4.186 | 
     | u_account_balance/g4361                |             | OR2X1     |  0.000 |   2.231 |    4.186 | 
     | u_account_balance/g4361                | B ^ -> Y ^  | OR2X1     |  0.128 |   2.359 |    4.314 | 
     | u_account_balance/g4357                |             | NAND2XL   |  0.000 |   2.359 |    4.314 | 
     | u_account_balance/g4357                | B ^ -> Y v  | NAND2XL   |  0.115 |   2.474 |    4.429 | 
     | u_account_balance/g4343                |             | NAND2XL   |  0.000 |   2.474 |    4.429 | 
     | u_account_balance/g4343                | A v -> Y ^  | NAND2XL   |  0.270 |   2.744 |    4.700 | 
     | u_account_balance/g4304                |             | AO22XL    |  0.000 |   2.744 |    4.700 | 
     | u_account_balance/g4304                | A0 ^ -> Y ^ | AO22XL    |  0.201 |   2.945 |    4.901 | 
     | u_account_balance/balance_db_reg[2][7] |             | SDFFQX1   |  0.000 |   2.945 |    4.901 | 
     +------------------------------------------------------------------------------------------------+ 
     Clock Rise Edge                      0.000
     + Source Insertion Delay             0.010
     = Beginpoint Arrival Time            0.010
     Other End Path:
     +----------------------------------------------------------------------------------------+ 
     |                Instance                |  Arc  |  Cell   | Retime | Arrival | Required | 
     |                                        |       |         |  Delay |  Time   |   Time   | 
     |----------------------------------------+-------+---------+--------+---------+----------| 
     |                                        | clk ^ |         |        |   0.010 |   -1.945 | 
     | u_account_balance/balance_db_reg[2][7] |       | SDFFQX1 |  0.000 |   0.010 |   -1.945 | 
     +----------------------------------------------------------------------------------------+ 
Path 37: MET Setup Check with Pin u_account_balance/balance_db_reg[2][11]/CK 
Endpoint:   u_account_balance/balance_db_reg[2][11]/D (^) checked with  leading 
edge of 'clk'
Beginpoint: u_vehicle_interface/id_to_check_reg[3]/Q  (^) triggered by  leading 
edge of 'clk'
Path Groups: {clk}
Analysis View: view1
Retime Analysis { Data Path-Slew }
Other End Arrival Time          0.010
- Setup                         0.294
+ Phase Shift                   5.200
- Uncertainty                   0.010
= Required Time                 4.906
- Arrival Time                  2.958
= Slack Time                    1.948
= Slack Time(original)          1.909
     Clock Rise Edge                      0.000
     + Source Insertion Delay             0.010
     = Beginpoint Arrival Time            0.010
     Timing Path:
     +-------------------------------------------------------------------------------------------------+ 
     |                Instance                 |     Arc     |   Cell    | Retime | Arrival | Required | 
     |                                         |             |           |  Delay |  Time   |   Time   | 
     |-----------------------------------------+-------------+-----------+--------+---------+----------| 
     |                                         | clk ^       |           |        |   0.010 |    1.958 | 
     | u_vehicle_interface/id_to_check_reg[3]  |             | SDFFQX1   |  0.000 |   0.010 |    1.958 | 
     | u_vehicle_interface/id_to_check_reg[3]  | CK ^ -> Q ^ | SDFFQX1   |  0.300 |   0.310 |    2.259 | 
     | g222                                    |             | BUFX6     |  0.000 |   0.310 |    2.259 | 
     | g222                                    | A ^ -> Y ^  | BUFX6     |  0.176 |   0.487 |    2.435 | 
     | u_account_balance/g13463                |             | INVX8     |  0.000 |   0.487 |    2.435 | 
     | u_account_balance/g13463                | A ^ -> Y v  | INVX8     |  0.065 |   0.551 |    2.500 | 
     | u_account_balance/g13455                |             | CLKAND2X2 |  0.000 |   0.551 |    2.500 | 
     | u_account_balance/g13455                | B v -> Y v  | CLKAND2X2 |  0.191 |   0.742 |    2.691 | 
     | u_account_balance/g13473                |             | NOR2BX2   |  0.000 |   0.742 |    2.691 | 
     | u_account_balance/g13473                | AN v -> Y v | NOR2BX2   |  0.213 |   0.955 |    2.904 | 
     | u_account_balance/g13478                |             | AO22XL    |  0.000 |   0.955 |    2.904 | 
     | u_account_balance/g13478                | A1 v -> Y v | AO22XL    |  0.171 |   1.127 |    3.075 | 
     | u_account_balance/g13254                |             | NOR2XL    |  0.000 |   1.127 |    3.075 | 
     | u_account_balance/g13254                | B v -> Y ^  | NOR2XL    |  0.075 |   1.202 |    3.150 | 
     | u_account_balance/g13228                |             | NAND2XL   |  0.000 |   1.202 |    3.150 | 
     | u_account_balance/g13228                | B ^ -> Y v  | NAND2XL   |  0.088 |   1.290 |    3.239 | 
     | u_account_balance/g13205                |             | NOR3X1    |  0.000 |   1.290 |    3.239 | 
     | u_account_balance/g13205                | C v -> Y ^  | NOR3X1    |  0.135 |   1.426 |    3.374 | 
     | u_account_balance/g13199                |             | AND2XL    |  0.000 |   1.426 |    3.374 | 
     | u_account_balance/g13199                | B ^ -> Y ^  | AND2XL    |  0.150 |   1.576 |    3.524 | 
     | u_account_balance/g13187                |             | NAND2X1   |  0.000 |   1.576 |    3.524 | 
     | u_account_balance/g13187                | A ^ -> Y v  | NAND2X1   |  0.112 |   1.688 |    3.636 | 
     | u_account_balance/g13184                |             | OR4X1     |  0.000 |   1.688 |    3.636 | 
     | u_account_balance/g13184                | D v -> Y v  | OR4X1     |  0.292 |   1.979 |    3.928 | 
     | u_account_balance/g13179                |             | OR2X1     |  0.000 |   1.979 |    3.928 | 
     | u_account_balance/g13179                | B v -> Y v  | OR2X1     |  0.195 |   2.175 |    4.123 | 
     | u_account_balance/g13170                |             | NAND2X1   |  0.000 |   2.175 |    4.123 | 
     | u_account_balance/g13170                | B v -> Y ^  | NAND2X1   |  0.080 |   2.255 |    4.204 | 
     | u_account_balance/g4361                 |             | OR2X1     |  0.000 |   2.255 |    4.204 | 
     | u_account_balance/g4361                 | B ^ -> Y ^  | OR2X1     |  0.128 |   2.383 |    4.332 | 
     | u_account_balance/g4357                 |             | NAND2XL   |  0.000 |   2.383 |    4.332 | 
     | u_account_balance/g4357                 | B ^ -> Y v  | NAND2XL   |  0.115 |   2.498 |    4.447 | 
     | u_account_balance/g4343                 |             | NAND2XL   |  0.000 |   2.498 |    4.447 | 
     | u_account_balance/g4343                 | A v -> Y ^  | NAND2XL   |  0.270 |   2.768 |    4.717 | 
     | u_account_balance/g4307                 |             | AO22XL    |  0.000 |   2.768 |    4.717 | 
     | u_account_balance/g4307                 | A0 ^ -> Y ^ | AO22XL    |  0.190 |   2.958 |    4.906 | 
     | u_account_balance/balance_db_reg[2][11] |             | SDFFQX1   |  0.000 |   2.958 |    4.906 | 
     +-------------------------------------------------------------------------------------------------+ 
     Clock Rise Edge                      0.000
     + Source Insertion Delay             0.010
     = Beginpoint Arrival Time            0.010
     Other End Path:
     +-----------------------------------------------------------------------------------------+ 
     |                Instance                 |  Arc  |  Cell   | Retime | Arrival | Required | 
     |                                         |       |         |  Delay |  Time   |   Time   | 
     |-----------------------------------------+-------+---------+--------+---------+----------| 
     |                                         | clk ^ |         |        |   0.010 |   -1.938 | 
     | u_account_balance/balance_db_reg[2][11] |       | SDFFQX1 |  0.000 |   0.010 |   -1.938 | 
     +-----------------------------------------------------------------------------------------+ 
Path 38: MET Setup Check with Pin u_account_balance/balance_db_reg[2][9]/CK 
Endpoint:   u_account_balance/balance_db_reg[2][9]/D (^) checked with  leading 
edge of 'clk'
Beginpoint: u_vehicle_interface/id_to_check_reg[3]/Q (^) triggered by  leading 
edge of 'clk'
Path Groups: {clk}
Analysis View: view1
Retime Analysis { Data Path-Slew }
Other End Arrival Time          0.010
- Setup                         0.294
+ Phase Shift                   5.200
- Uncertainty                   0.010
= Required Time                 4.906
- Arrival Time                  2.958
= Slack Time                    1.948
= Slack Time(original)          1.909
     Clock Rise Edge                      0.000
     + Source Insertion Delay             0.010
     = Beginpoint Arrival Time            0.010
     Timing Path:
     +------------------------------------------------------------------------------------------------+ 
     |                Instance                |     Arc     |   Cell    | Retime | Arrival | Required | 
     |                                        |             |           |  Delay |  Time   |   Time   | 
     |----------------------------------------+-------------+-----------+--------+---------+----------| 
     |                                        | clk ^       |           |        |   0.010 |    1.958 | 
     | u_vehicle_interface/id_to_check_reg[3] |             | SDFFQX1   |  0.000 |   0.010 |    1.958 | 
     | u_vehicle_interface/id_to_check_reg[3] | CK ^ -> Q ^ | SDFFQX1   |  0.300 |   0.310 |    2.259 | 
     | g222                                   |             | BUFX6     |  0.000 |   0.310 |    2.259 | 
     | g222                                   | A ^ -> Y ^  | BUFX6     |  0.176 |   0.487 |    2.435 | 
     | u_account_balance/g13463               |             | INVX8     |  0.000 |   0.487 |    2.435 | 
     | u_account_balance/g13463               | A ^ -> Y v  | INVX8     |  0.065 |   0.551 |    2.500 | 
     | u_account_balance/g13455               |             | CLKAND2X2 |  0.000 |   0.551 |    2.500 | 
     | u_account_balance/g13455               | B v -> Y v  | CLKAND2X2 |  0.191 |   0.742 |    2.691 | 
     | u_account_balance/g13473               |             | NOR2BX2   |  0.000 |   0.742 |    2.691 | 
     | u_account_balance/g13473               | AN v -> Y v | NOR2BX2   |  0.213 |   0.955 |    2.904 | 
     | u_account_balance/g13478               |             | AO22XL    |  0.000 |   0.955 |    2.904 | 
     | u_account_balance/g13478               | A1 v -> Y v | AO22XL    |  0.171 |   1.127 |    3.075 | 
     | u_account_balance/g13254               |             | NOR2XL    |  0.000 |   1.127 |    3.075 | 
     | u_account_balance/g13254               | B v -> Y ^  | NOR2XL    |  0.075 |   1.202 |    3.150 | 
     | u_account_balance/g13228               |             | NAND2XL   |  0.000 |   1.202 |    3.150 | 
     | u_account_balance/g13228               | B ^ -> Y v  | NAND2XL   |  0.088 |   1.290 |    3.239 | 
     | u_account_balance/g13205               |             | NOR3X1    |  0.000 |   1.290 |    3.239 | 
     | u_account_balance/g13205               | C v -> Y ^  | NOR3X1    |  0.135 |   1.426 |    3.374 | 
     | u_account_balance/g13199               |             | AND2XL    |  0.000 |   1.426 |    3.374 | 
     | u_account_balance/g13199               | B ^ -> Y ^  | AND2XL    |  0.150 |   1.576 |    3.524 | 
     | u_account_balance/g13187               |             | NAND2X1   |  0.000 |   1.576 |    3.524 | 
     | u_account_balance/g13187               | A ^ -> Y v  | NAND2X1   |  0.112 |   1.688 |    3.636 | 
     | u_account_balance/g13184               |             | OR4X1     |  0.000 |   1.688 |    3.636 | 
     | u_account_balance/g13184               | D v -> Y v  | OR4X1     |  0.292 |   1.979 |    3.928 | 
     | u_account_balance/g13179               |             | OR2X1     |  0.000 |   1.979 |    3.928 | 
     | u_account_balance/g13179               | B v -> Y v  | OR2X1     |  0.195 |   2.175 |    4.123 | 
     | u_account_balance/g13170               |             | NAND2X1   |  0.000 |   2.175 |    4.123 | 
     | u_account_balance/g13170               | B v -> Y ^  | NAND2X1   |  0.080 |   2.255 |    4.204 | 
     | u_account_balance/g4361                |             | OR2X1     |  0.000 |   2.255 |    4.204 | 
     | u_account_balance/g4361                | B ^ -> Y ^  | OR2X1     |  0.128 |   2.383 |    4.332 | 
     | u_account_balance/g4357                |             | NAND2XL   |  0.000 |   2.383 |    4.332 | 
     | u_account_balance/g4357                | B ^ -> Y v  | NAND2XL   |  0.115 |   2.498 |    4.447 | 
     | u_account_balance/g4343                |             | NAND2XL   |  0.000 |   2.498 |    4.447 | 
     | u_account_balance/g4343                | A v -> Y ^  | NAND2XL   |  0.270 |   2.768 |    4.717 | 
     | u_account_balance/g4306                |             | AO22XL    |  0.000 |   2.768 |    4.717 | 
     | u_account_balance/g4306                | A0 ^ -> Y ^ | AO22XL    |  0.190 |   2.958 |    4.906 | 
     | u_account_balance/balance_db_reg[2][9] |             | SDFFQX1   |  0.000 |   2.958 |    4.906 | 
     +------------------------------------------------------------------------------------------------+ 
     Clock Rise Edge                      0.000
     + Source Insertion Delay             0.010
     = Beginpoint Arrival Time            0.010
     Other End Path:
     +----------------------------------------------------------------------------------------+ 
     |                Instance                |  Arc  |  Cell   | Retime | Arrival | Required | 
     |                                        |       |         |  Delay |  Time   |   Time   | 
     |----------------------------------------+-------+---------+--------+---------+----------| 
     |                                        | clk ^ |         |        |   0.010 |   -1.938 | 
     | u_account_balance/balance_db_reg[2][9] |       | SDFFQX1 |  0.000 |   0.010 |   -1.938 | 
     +----------------------------------------------------------------------------------------+ 
Path 39: MET Setup Check with Pin u_account_balance/balance_db_reg[2][7]/CK 
Endpoint:   u_account_balance/balance_db_reg[2][7]/D (^) checked with  leading 
edge of 'clk'
Beginpoint: u_vehicle_interface/id_to_check_reg[3]/Q (^) triggered by  leading 
edge of 'clk'
Path Groups: {clk}
Analysis View: view1
Retime Analysis { Data Path-Slew }
Other End Arrival Time          0.010
- Setup                         0.294
+ Phase Shift                   5.200
- Uncertainty                   0.010
= Required Time                 4.906
- Arrival Time                  2.958
= Slack Time                    1.948
= Slack Time(original)          1.909
     Clock Rise Edge                      0.000
     + Source Insertion Delay             0.010
     = Beginpoint Arrival Time            0.010
     Timing Path:
     +------------------------------------------------------------------------------------------------+ 
     |                Instance                |     Arc     |   Cell    | Retime | Arrival | Required | 
     |                                        |             |           |  Delay |  Time   |   Time   | 
     |----------------------------------------+-------------+-----------+--------+---------+----------| 
     |                                        | clk ^       |           |        |   0.010 |    1.958 | 
     | u_vehicle_interface/id_to_check_reg[3] |             | SDFFQX1   |  0.000 |   0.010 |    1.958 | 
     | u_vehicle_interface/id_to_check_reg[3] | CK ^ -> Q ^ | SDFFQX1   |  0.300 |   0.310 |    2.259 | 
     | g222                                   |             | BUFX6     |  0.000 |   0.310 |    2.259 | 
     | g222                                   | A ^ -> Y ^  | BUFX6     |  0.176 |   0.487 |    2.435 | 
     | u_account_balance/g13463               |             | INVX8     |  0.000 |   0.487 |    2.435 | 
     | u_account_balance/g13463               | A ^ -> Y v  | INVX8     |  0.065 |   0.551 |    2.500 | 
     | u_account_balance/g13455               |             | CLKAND2X2 |  0.000 |   0.551 |    2.500 | 
     | u_account_balance/g13455               | B v -> Y v  | CLKAND2X2 |  0.191 |   0.742 |    2.691 | 
     | u_account_balance/g13473               |             | NOR2BX2   |  0.000 |   0.742 |    2.691 | 
     | u_account_balance/g13473               | AN v -> Y v | NOR2BX2   |  0.213 |   0.955 |    2.904 | 
     | u_account_balance/g13478               |             | AO22XL    |  0.000 |   0.955 |    2.904 | 
     | u_account_balance/g13478               | A1 v -> Y v | AO22XL    |  0.171 |   1.127 |    3.075 | 
     | u_account_balance/g13254               |             | NOR2XL    |  0.000 |   1.127 |    3.075 | 
     | u_account_balance/g13254               | B v -> Y ^  | NOR2XL    |  0.075 |   1.202 |    3.150 | 
     | u_account_balance/g13228               |             | NAND2XL   |  0.000 |   1.202 |    3.150 | 
     | u_account_balance/g13228               | B ^ -> Y v  | NAND2XL   |  0.088 |   1.290 |    3.239 | 
     | u_account_balance/g13205               |             | NOR3X1    |  0.000 |   1.290 |    3.239 | 
     | u_account_balance/g13205               | C v -> Y ^  | NOR3X1    |  0.135 |   1.426 |    3.374 | 
     | u_account_balance/g13199               |             | AND2XL    |  0.000 |   1.426 |    3.374 | 
     | u_account_balance/g13199               | B ^ -> Y ^  | AND2XL    |  0.150 |   1.576 |    3.524 | 
     | u_account_balance/g13187               |             | NAND2X1   |  0.000 |   1.576 |    3.524 | 
     | u_account_balance/g13187               | A ^ -> Y v  | NAND2X1   |  0.112 |   1.688 |    3.636 | 
     | u_account_balance/g13184               |             | OR4X1     |  0.000 |   1.688 |    3.636 | 
     | u_account_balance/g13184               | D v -> Y v  | OR4X1     |  0.292 |   1.979 |    3.928 | 
     | u_account_balance/g13179               |             | OR2X1     |  0.000 |   1.979 |    3.928 | 
     | u_account_balance/g13179               | B v -> Y v  | OR2X1     |  0.195 |   2.175 |    4.123 | 
     | u_account_balance/g13170               |             | NAND2X1   |  0.000 |   2.175 |    4.123 | 
     | u_account_balance/g13170               | B v -> Y ^  | NAND2X1   |  0.080 |   2.255 |    4.204 | 
     | u_account_balance/g4361                |             | OR2X1     |  0.000 |   2.255 |    4.204 | 
     | u_account_balance/g4361                | B ^ -> Y ^  | OR2X1     |  0.128 |   2.383 |    4.332 | 
     | u_account_balance/g4357                |             | NAND2XL   |  0.000 |   2.383 |    4.332 | 
     | u_account_balance/g4357                | B ^ -> Y v  | NAND2XL   |  0.115 |   2.498 |    4.447 | 
     | u_account_balance/g4343                |             | NAND2XL   |  0.000 |   2.498 |    4.447 | 
     | u_account_balance/g4343                | A v -> Y ^  | NAND2XL   |  0.270 |   2.768 |    4.717 | 
     | u_account_balance/g4304                |             | AO22XL    |  0.000 |   2.768 |    4.717 | 
     | u_account_balance/g4304                | A0 ^ -> Y ^ | AO22XL    |  0.190 |   2.958 |    4.906 | 
     | u_account_balance/balance_db_reg[2][7] |             | SDFFQX1   |  0.000 |   2.958 |    4.906 | 
     +------------------------------------------------------------------------------------------------+ 
     Clock Rise Edge                      0.000
     + Source Insertion Delay             0.010
     = Beginpoint Arrival Time            0.010
     Other End Path:
     +----------------------------------------------------------------------------------------+ 
     |                Instance                |  Arc  |  Cell   | Retime | Arrival | Required | 
     |                                        |       |         |  Delay |  Time   |   Time   | 
     |----------------------------------------+-------+---------+--------+---------+----------| 
     |                                        | clk ^ |         |        |   0.010 |   -1.938 | 
     | u_account_balance/balance_db_reg[2][7] |       | SDFFQX1 |  0.000 |   0.010 |   -1.938 | 
     +----------------------------------------------------------------------------------------+ 
Path 40: MET Setup Check with Pin u_account_balance/balance_db_reg[2][11]/CK 
Endpoint:   u_account_balance/balance_db_reg[2][11]/D (^) checked with  leading 
edge of 'clk'
Beginpoint: u_vehicle_interface/id_to_check_reg[3]/Q  (^) triggered by  leading 
edge of 'clk'
Path Groups: {clk}
Analysis View: view1
Retime Analysis { Data Path-Slew }
Other End Arrival Time          0.010
- Setup                         0.294
+ Phase Shift                   5.200
- Uncertainty                   0.010
= Required Time                 4.906
- Arrival Time                  2.934
= Slack Time                    1.972
= Slack Time(original)          1.910
     Clock Rise Edge                      0.000
     + Source Insertion Delay             0.010
     = Beginpoint Arrival Time            0.010
     Timing Path:
     +-------------------------------------------------------------------------------------------------+ 
     |                Instance                 |     Arc     |   Cell    | Retime | Arrival | Required | 
     |                                         |             |           |  Delay |  Time   |   Time   | 
     |-----------------------------------------+-------------+-----------+--------+---------+----------| 
     |                                         | clk ^       |           |        |   0.010 |    1.982 | 
     | u_vehicle_interface/id_to_check_reg[3]  |             | SDFFQX1   |  0.000 |   0.010 |    1.982 | 
     | u_vehicle_interface/id_to_check_reg[3]  | CK ^ -> Q ^ | SDFFQX1   |  0.300 |   0.310 |    2.283 | 
     | g222                                    |             | BUFX6     |  0.000 |   0.310 |    2.283 | 
     | g222                                    | A ^ -> Y ^  | BUFX6     |  0.176 |   0.487 |    2.459 | 
     | u_account_balance/g13463                |             | INVX8     |  0.000 |   0.487 |    2.459 | 
     | u_account_balance/g13463                | A ^ -> Y v  | INVX8     |  0.065 |   0.551 |    2.524 | 
     | u_account_balance/g13455                |             | CLKAND2X2 |  0.000 |   0.551 |    2.524 | 
     | u_account_balance/g13455                | B v -> Y v  | CLKAND2X2 |  0.191 |   0.742 |    2.715 | 
     | u_account_balance/g13473                |             | NOR2BX2   |  0.000 |   0.742 |    2.715 | 
     | u_account_balance/g13473                | AN v -> Y v | NOR2BX2   |  0.213 |   0.955 |    2.928 | 
     | u_account_balance/g13478                |             | AO22XL    |  0.000 |   0.955 |    2.928 | 
     | u_account_balance/g13478                | A1 v -> Y v | AO22XL    |  0.149 |   1.104 |    3.076 | 
     | u_account_balance/g13254                |             | NOR2XL    |  0.000 |   1.104 |    3.076 | 
     | u_account_balance/g13254                | B v -> Y ^  | NOR2XL    |  0.074 |   1.178 |    3.150 | 
     | u_account_balance/g13228                |             | NAND2XL   |  0.000 |   1.178 |    3.150 | 
     | u_account_balance/g13228                | B ^ -> Y v  | NAND2XL   |  0.088 |   1.266 |    3.239 | 
     | u_account_balance/g13205                |             | NOR3X1    |  0.000 |   1.266 |    3.239 | 
     | u_account_balance/g13205                | C v -> Y ^  | NOR3X1    |  0.135 |   1.402 |    3.374 | 
     | u_account_balance/g13199                |             | AND2XL    |  0.000 |   1.402 |    3.374 | 
     | u_account_balance/g13199                | B ^ -> Y ^  | AND2XL    |  0.150 |   1.552 |    3.524 | 
     | u_account_balance/g13187                |             | NAND2X1   |  0.000 |   1.552 |    3.524 | 
     | u_account_balance/g13187                | A ^ -> Y v  | NAND2X1   |  0.112 |   1.664 |    3.636 | 
     | u_account_balance/g13184                |             | OR4X1     |  0.000 |   1.664 |    3.636 | 
     | u_account_balance/g13184                | D v -> Y v  | OR4X1     |  0.292 |   1.955 |    3.928 | 
     | u_account_balance/g13179                |             | OR2X1     |  0.000 |   1.955 |    3.928 | 
     | u_account_balance/g13179                | B v -> Y v  | OR2X1     |  0.195 |   2.151 |    4.123 | 
     | u_account_balance/g13170                |             | NAND2X1   |  0.000 |   2.151 |    4.123 | 
     | u_account_balance/g13170                | B v -> Y ^  | NAND2X1   |  0.080 |   2.231 |    4.204 | 
     | u_account_balance/g4361                 |             | OR2X1     |  0.000 |   2.231 |    4.204 | 
     | u_account_balance/g4361                 | B ^ -> Y ^  | OR2X1     |  0.128 |   2.359 |    4.331 | 
     | u_account_balance/g4357                 |             | NAND2XL   |  0.000 |   2.359 |    4.331 | 
     | u_account_balance/g4357                 | B ^ -> Y v  | NAND2XL   |  0.115 |   2.474 |    4.447 | 
     | u_account_balance/g4343                 |             | NAND2XL   |  0.000 |   2.474 |    4.447 | 
     | u_account_balance/g4343                 | A v -> Y ^  | NAND2XL   |  0.270 |   2.744 |    4.717 | 
     | u_account_balance/g4307                 |             | AO22XL    |  0.000 |   2.744 |    4.717 | 
     | u_account_balance/g4307                 | A0 ^ -> Y ^ | AO22XL    |  0.190 |   2.934 |    4.906 | 
     | u_account_balance/balance_db_reg[2][11] |             | SDFFQX1   |  0.000 |   2.934 |    4.906 | 
     +-------------------------------------------------------------------------------------------------+ 
     Clock Rise Edge                      0.000
     + Source Insertion Delay             0.010
     = Beginpoint Arrival Time            0.010
     Other End Path:
     +-----------------------------------------------------------------------------------------+ 
     |                Instance                 |  Arc  |  Cell   | Retime | Arrival | Required | 
     |                                         |       |         |  Delay |  Time   |   Time   | 
     |-----------------------------------------+-------+---------+--------+---------+----------| 
     |                                         | clk ^ |         |        |   0.010 |   -1.962 | 
     | u_account_balance/balance_db_reg[2][11] |       | SDFFQX1 |  0.000 |   0.010 |   -1.962 | 
     +-----------------------------------------------------------------------------------------+ 
Path 41: MET Setup Check with Pin u_account_balance/balance_db_reg[2][9]/CK 
Endpoint:   u_account_balance/balance_db_reg[2][9]/D (^) checked with  leading 
edge of 'clk'
Beginpoint: u_vehicle_interface/id_to_check_reg[3]/Q (^) triggered by  leading 
edge of 'clk'
Path Groups: {clk}
Analysis View: view1
Retime Analysis { Data Path-Slew }
Other End Arrival Time          0.010
- Setup                         0.294
+ Phase Shift                   5.200
- Uncertainty                   0.010
= Required Time                 4.906
- Arrival Time                  2.934
= Slack Time                    1.972
= Slack Time(original)          1.910
     Clock Rise Edge                      0.000
     + Source Insertion Delay             0.010
     = Beginpoint Arrival Time            0.010
     Timing Path:
     +------------------------------------------------------------------------------------------------+ 
     |                Instance                |     Arc     |   Cell    | Retime | Arrival | Required | 
     |                                        |             |           |  Delay |  Time   |   Time   | 
     |----------------------------------------+-------------+-----------+--------+---------+----------| 
     |                                        | clk ^       |           |        |   0.010 |    1.982 | 
     | u_vehicle_interface/id_to_check_reg[3] |             | SDFFQX1   |  0.000 |   0.010 |    1.982 | 
     | u_vehicle_interface/id_to_check_reg[3] | CK ^ -> Q ^ | SDFFQX1   |  0.300 |   0.310 |    2.283 | 
     | g222                                   |             | BUFX6     |  0.000 |   0.310 |    2.283 | 
     | g222                                   | A ^ -> Y ^  | BUFX6     |  0.176 |   0.487 |    2.459 | 
     | u_account_balance/g13463               |             | INVX8     |  0.000 |   0.487 |    2.459 | 
     | u_account_balance/g13463               | A ^ -> Y v  | INVX8     |  0.065 |   0.551 |    2.524 | 
     | u_account_balance/g13455               |             | CLKAND2X2 |  0.000 |   0.551 |    2.524 | 
     | u_account_balance/g13455               | B v -> Y v  | CLKAND2X2 |  0.191 |   0.742 |    2.715 | 
     | u_account_balance/g13473               |             | NOR2BX2   |  0.000 |   0.742 |    2.715 | 
     | u_account_balance/g13473               | AN v -> Y v | NOR2BX2   |  0.213 |   0.955 |    2.928 | 
     | u_account_balance/g13478               |             | AO22XL    |  0.000 |   0.955 |    2.928 | 
     | u_account_balance/g13478               | A1 v -> Y v | AO22XL    |  0.149 |   1.104 |    3.076 | 
     | u_account_balance/g13254               |             | NOR2XL    |  0.000 |   1.104 |    3.076 | 
     | u_account_balance/g13254               | B v -> Y ^  | NOR2XL    |  0.074 |   1.178 |    3.150 | 
     | u_account_balance/g13228               |             | NAND2XL   |  0.000 |   1.178 |    3.150 | 
     | u_account_balance/g13228               | B ^ -> Y v  | NAND2XL   |  0.088 |   1.266 |    3.239 | 
     | u_account_balance/g13205               |             | NOR3X1    |  0.000 |   1.266 |    3.239 | 
     | u_account_balance/g13205               | C v -> Y ^  | NOR3X1    |  0.135 |   1.402 |    3.374 | 
     | u_account_balance/g13199               |             | AND2XL    |  0.000 |   1.402 |    3.374 | 
     | u_account_balance/g13199               | B ^ -> Y ^  | AND2XL    |  0.150 |   1.552 |    3.524 | 
     | u_account_balance/g13187               |             | NAND2X1   |  0.000 |   1.552 |    3.524 | 
     | u_account_balance/g13187               | A ^ -> Y v  | NAND2X1   |  0.112 |   1.664 |    3.636 | 
     | u_account_balance/g13184               |             | OR4X1     |  0.000 |   1.664 |    3.636 | 
     | u_account_balance/g13184               | D v -> Y v  | OR4X1     |  0.292 |   1.955 |    3.928 | 
     | u_account_balance/g13179               |             | OR2X1     |  0.000 |   1.955 |    3.928 | 
     | u_account_balance/g13179               | B v -> Y v  | OR2X1     |  0.195 |   2.151 |    4.123 | 
     | u_account_balance/g13170               |             | NAND2X1   |  0.000 |   2.151 |    4.123 | 
     | u_account_balance/g13170               | B v -> Y ^  | NAND2X1   |  0.080 |   2.231 |    4.204 | 
     | u_account_balance/g4361                |             | OR2X1     |  0.000 |   2.231 |    4.204 | 
     | u_account_balance/g4361                | B ^ -> Y ^  | OR2X1     |  0.128 |   2.359 |    4.331 | 
     | u_account_balance/g4357                |             | NAND2XL   |  0.000 |   2.359 |    4.331 | 
     | u_account_balance/g4357                | B ^ -> Y v  | NAND2XL   |  0.115 |   2.474 |    4.447 | 
     | u_account_balance/g4343                |             | NAND2XL   |  0.000 |   2.474 |    4.447 | 
     | u_account_balance/g4343                | A v -> Y ^  | NAND2XL   |  0.270 |   2.744 |    4.717 | 
     | u_account_balance/g4306                |             | AO22XL    |  0.000 |   2.744 |    4.717 | 
     | u_account_balance/g4306                | A0 ^ -> Y ^ | AO22XL    |  0.190 |   2.934 |    4.906 | 
     | u_account_balance/balance_db_reg[2][9] |             | SDFFQX1   |  0.000 |   2.934 |    4.906 | 
     +------------------------------------------------------------------------------------------------+ 
     Clock Rise Edge                      0.000
     + Source Insertion Delay             0.010
     = Beginpoint Arrival Time            0.010
     Other End Path:
     +----------------------------------------------------------------------------------------+ 
     |                Instance                |  Arc  |  Cell   | Retime | Arrival | Required | 
     |                                        |       |         |  Delay |  Time   |   Time   | 
     |----------------------------------------+-------+---------+--------+---------+----------| 
     |                                        | clk ^ |         |        |   0.010 |   -1.962 | 
     | u_account_balance/balance_db_reg[2][9] |       | SDFFQX1 |  0.000 |   0.010 |   -1.962 | 
     +----------------------------------------------------------------------------------------+ 
Path 42: MET Setup Check with Pin u_account_balance/balance_db_reg[2][7]/CK 
Endpoint:   u_account_balance/balance_db_reg[2][7]/D (^) checked with  leading 
edge of 'clk'
Beginpoint: u_vehicle_interface/id_to_check_reg[3]/Q (^) triggered by  leading 
edge of 'clk'
Path Groups: {clk}
Analysis View: view1
Retime Analysis { Data Path-Slew }
Other End Arrival Time          0.010
- Setup                         0.294
+ Phase Shift                   5.200
- Uncertainty                   0.010
= Required Time                 4.906
- Arrival Time                  2.934
= Slack Time                    1.972
= Slack Time(original)          1.910
     Clock Rise Edge                      0.000
     + Source Insertion Delay             0.010
     = Beginpoint Arrival Time            0.010
     Timing Path:
     +------------------------------------------------------------------------------------------------+ 
     |                Instance                |     Arc     |   Cell    | Retime | Arrival | Required | 
     |                                        |             |           |  Delay |  Time   |   Time   | 
     |----------------------------------------+-------------+-----------+--------+---------+----------| 
     |                                        | clk ^       |           |        |   0.010 |    1.982 | 
     | u_vehicle_interface/id_to_check_reg[3] |             | SDFFQX1   |  0.000 |   0.010 |    1.982 | 
     | u_vehicle_interface/id_to_check_reg[3] | CK ^ -> Q ^ | SDFFQX1   |  0.300 |   0.310 |    2.283 | 
     | g222                                   |             | BUFX6     |  0.000 |   0.310 |    2.283 | 
     | g222                                   | A ^ -> Y ^  | BUFX6     |  0.176 |   0.487 |    2.459 | 
     | u_account_balance/g13463               |             | INVX8     |  0.000 |   0.487 |    2.459 | 
     | u_account_balance/g13463               | A ^ -> Y v  | INVX8     |  0.065 |   0.551 |    2.524 | 
     | u_account_balance/g13455               |             | CLKAND2X2 |  0.000 |   0.551 |    2.524 | 
     | u_account_balance/g13455               | B v -> Y v  | CLKAND2X2 |  0.191 |   0.742 |    2.715 | 
     | u_account_balance/g13473               |             | NOR2BX2   |  0.000 |   0.742 |    2.715 | 
     | u_account_balance/g13473               | AN v -> Y v | NOR2BX2   |  0.213 |   0.955 |    2.928 | 
     | u_account_balance/g13478               |             | AO22XL    |  0.000 |   0.955 |    2.928 | 
     | u_account_balance/g13478               | A1 v -> Y v | AO22XL    |  0.149 |   1.104 |    3.076 | 
     | u_account_balance/g13254               |             | NOR2XL    |  0.000 |   1.104 |    3.076 | 
     | u_account_balance/g13254               | B v -> Y ^  | NOR2XL    |  0.074 |   1.178 |    3.150 | 
     | u_account_balance/g13228               |             | NAND2XL   |  0.000 |   1.178 |    3.150 | 
     | u_account_balance/g13228               | B ^ -> Y v  | NAND2XL   |  0.088 |   1.266 |    3.239 | 
     | u_account_balance/g13205               |             | NOR3X1    |  0.000 |   1.266 |    3.239 | 
     | u_account_balance/g13205               | C v -> Y ^  | NOR3X1    |  0.135 |   1.402 |    3.374 | 
     | u_account_balance/g13199               |             | AND2XL    |  0.000 |   1.402 |    3.374 | 
     | u_account_balance/g13199               | B ^ -> Y ^  | AND2XL    |  0.150 |   1.552 |    3.524 | 
     | u_account_balance/g13187               |             | NAND2X1   |  0.000 |   1.552 |    3.524 | 
     | u_account_balance/g13187               | A ^ -> Y v  | NAND2X1   |  0.112 |   1.664 |    3.636 | 
     | u_account_balance/g13184               |             | OR4X1     |  0.000 |   1.664 |    3.636 | 
     | u_account_balance/g13184               | D v -> Y v  | OR4X1     |  0.292 |   1.955 |    3.928 | 
     | u_account_balance/g13179               |             | OR2X1     |  0.000 |   1.955 |    3.928 | 
     | u_account_balance/g13179               | B v -> Y v  | OR2X1     |  0.195 |   2.151 |    4.123 | 
     | u_account_balance/g13170               |             | NAND2X1   |  0.000 |   2.151 |    4.123 | 
     | u_account_balance/g13170               | B v -> Y ^  | NAND2X1   |  0.080 |   2.231 |    4.204 | 
     | u_account_balance/g4361                |             | OR2X1     |  0.000 |   2.231 |    4.204 | 
     | u_account_balance/g4361                | B ^ -> Y ^  | OR2X1     |  0.128 |   2.359 |    4.331 | 
     | u_account_balance/g4357                |             | NAND2XL   |  0.000 |   2.359 |    4.331 | 
     | u_account_balance/g4357                | B ^ -> Y v  | NAND2XL   |  0.115 |   2.474 |    4.447 | 
     | u_account_balance/g4343                |             | NAND2XL   |  0.000 |   2.474 |    4.447 | 
     | u_account_balance/g4343                | A v -> Y ^  | NAND2XL   |  0.270 |   2.744 |    4.717 | 
     | u_account_balance/g4304                |             | AO22XL    |  0.000 |   2.744 |    4.717 | 
     | u_account_balance/g4304                | A0 ^ -> Y ^ | AO22XL    |  0.190 |   2.934 |    4.906 | 
     | u_account_balance/balance_db_reg[2][7] |             | SDFFQX1   |  0.000 |   2.934 |    4.906 | 
     +------------------------------------------------------------------------------------------------+ 
     Clock Rise Edge                      0.000
     + Source Insertion Delay             0.010
     = Beginpoint Arrival Time            0.010
     Other End Path:
     +----------------------------------------------------------------------------------------+ 
     |                Instance                |  Arc  |  Cell   | Retime | Arrival | Required | 
     |                                        |       |         |  Delay |  Time   |   Time   | 
     |----------------------------------------+-------+---------+--------+---------+----------| 
     |                                        | clk ^ |         |        |   0.010 |   -1.962 | 
     | u_account_balance/balance_db_reg[2][7] |       | SDFFQX1 |  0.000 |   0.010 |   -1.962 | 
     +----------------------------------------------------------------------------------------+ 
Path 43: MET Setup Check with Pin u_account_balance/balance_db_reg[2][11]/CK 
Endpoint:   u_account_balance/balance_db_reg[2][11]/D (^) checked with  leading 
edge of 'clk'
Beginpoint: u_vehicle_interface/id_to_check_reg[3]/Q  (v) triggered by  leading 
edge of 'clk'
Path Groups: {clk}
Analysis View: view1
Retime Analysis { Data Path-Slew }
Other End Arrival Time          0.010
- Setup                         0.299
+ Phase Shift                   5.200
- Uncertainty                   0.010
= Required Time                 4.901
- Arrival Time                  2.956
= Slack Time                    1.944
= Slack Time(original)          1.911
     Clock Rise Edge                      0.000
     + Source Insertion Delay             0.010
     = Beginpoint Arrival Time            0.010
     Timing Path:
     +-------------------------------------------------------------------------------------------------+ 
     |                Instance                 |     Arc     |   Cell    | Retime | Arrival | Required | 
     |                                         |             |           |  Delay |  Time   |   Time   | 
     |-----------------------------------------+-------------+-----------+--------+---------+----------| 
     |                                         | clk ^       |           |        |   0.010 |    1.954 | 
     | u_vehicle_interface/id_to_check_reg[3]  |             | SDFFQX1   |  0.000 |   0.010 |    1.954 | 
     | u_vehicle_interface/id_to_check_reg[3]  | CK ^ -> Q v | SDFFQX1   |  0.343 |   0.352 |    2.297 | 
     | g222                                    |             | BUFX6     |  0.000 |   0.352 |    2.297 | 
     | g222                                    | A v -> Y v  | BUFX6     |  0.172 |   0.524 |    2.469 | 
     | u_account_balance/g13484                |             | AO22XL    |  0.000 |   0.524 |    2.469 | 
     | u_account_balance/g13484                | A1 v -> Y v | AO22XL    |  0.167 |   0.691 |    2.635 | 
     | u_account_balance/g13352                |             | MXI2XL    |  0.000 |   0.691 |    2.635 | 
     | u_account_balance/g13352                | B v -> Y ^  | MXI2XL    |  0.121 |   0.812 |    2.756 | 
     | u_account_balance/g13247                |             | OAI22X1   |  0.000 |   0.812 |    2.756 | 
     | u_account_balance/g13247                | A1 ^ -> Y v | OAI22X1   |  0.127 |   0.939 |    2.883 | 
     | u_account_balance/g13221                |             | NOR2X2    |  0.000 |   0.939 |    2.883 | 
     | u_account_balance/g13221                | B v -> Y ^  | NOR2X2    |  0.087 |   1.026 |    2.970 | 
     | u_account_balance/g13474                |             | OAI2BB1X2 |  0.000 |   1.026 |    2.970 | 
     | u_account_balance/g13474                | B0 ^ -> Y v | OAI2BB1X2 |  0.113 |   1.139 |    3.084 | 
     | u_account_balance/g13202                |             | NOR2X2    |  0.000 |   1.139 |    3.084 | 
     | u_account_balance/g13202                | B v -> Y ^  | NOR2X2    |  0.113 |   1.252 |    3.197 | 
     | u_account_balance/g13194                |             | OAI21X1   |  0.000 |   1.252 |    3.197 | 
     | u_account_balance/g13194                | A1 ^ -> Y v | OAI21X1   |  0.122 |   1.374 |    3.319 | 
     | u_account_balance/g13192                |             | NOR2X1    |  0.000 |   1.374 |    3.319 | 
     | u_account_balance/g13192                | B v -> Y ^  | NOR2X1    |  0.159 |   1.533 |    3.478 | 
     | u_account_balance/g13187                |             | NAND2X1   |  0.000 |   1.533 |    3.478 | 
     | u_account_balance/g13187                | B ^ -> Y v  | NAND2X1   |  0.137 |   1.670 |    3.614 | 
     | u_account_balance/g13184                |             | OR4X1     |  0.000 |   1.670 |    3.614 | 
     | u_account_balance/g13184                | D v -> Y v  | OR4X1     |  0.296 |   1.966 |    3.911 | 
     | u_account_balance/g13179                |             | OR2X1     |  0.000 |   1.966 |    3.911 | 
     | u_account_balance/g13179                | B v -> Y v  | OR2X1     |  0.195 |   2.162 |    4.106 | 
     | u_account_balance/g13170                |             | NAND2X1   |  0.000 |   2.162 |    4.106 | 
     | u_account_balance/g13170                | B v -> Y ^  | NAND2X1   |  0.080 |   2.242 |    4.186 | 
     | u_account_balance/g4361                 |             | OR2X1     |  0.000 |   2.242 |    4.186 | 
     | u_account_balance/g4361                 | B ^ -> Y ^  | OR2X1     |  0.128 |   2.370 |    4.314 | 
     | u_account_balance/g4357                 |             | NAND2XL   |  0.000 |   2.370 |    4.314 | 
     | u_account_balance/g4357                 | B ^ -> Y v  | NAND2XL   |  0.115 |   2.485 |    4.429 | 
     | u_account_balance/g4343                 |             | NAND2XL   |  0.000 |   2.485 |    4.429 | 
     | u_account_balance/g4343                 | A v -> Y ^  | NAND2XL   |  0.270 |   2.755 |    4.700 | 
     | u_account_balance/g4307                 |             | AO22XL    |  0.000 |   2.755 |    4.700 | 
     | u_account_balance/g4307                 | A0 ^ -> Y ^ | AO22XL    |  0.201 |   2.956 |    4.901 | 
     | u_account_balance/balance_db_reg[2][11] |             | SDFFQX1   |  0.000 |   2.956 |    4.901 | 
     +-------------------------------------------------------------------------------------------------+ 
     Clock Rise Edge                      0.000
     + Source Insertion Delay             0.010
     = Beginpoint Arrival Time            0.010
     Other End Path:
     +-----------------------------------------------------------------------------------------+ 
     |                Instance                 |  Arc  |  Cell   | Retime | Arrival | Required | 
     |                                         |       |         |  Delay |  Time   |   Time   | 
     |-----------------------------------------+-------+---------+--------+---------+----------| 
     |                                         | clk ^ |         |        |   0.010 |   -1.934 | 
     | u_account_balance/balance_db_reg[2][11] |       | SDFFQX1 |  0.000 |   0.010 |   -1.934 | 
     +-----------------------------------------------------------------------------------------+ 
Path 44: MET Setup Check with Pin u_account_balance/balance_db_reg[2][9]/CK 
Endpoint:   u_account_balance/balance_db_reg[2][9]/D (^) checked with  leading 
edge of 'clk'
Beginpoint: u_vehicle_interface/id_to_check_reg[3]/Q (v) triggered by  leading 
edge of 'clk'
Path Groups: {clk}
Analysis View: view1
Retime Analysis { Data Path-Slew }
Other End Arrival Time          0.010
- Setup                         0.299
+ Phase Shift                   5.200
- Uncertainty                   0.010
= Required Time                 4.901
- Arrival Time                  2.956
= Slack Time                    1.944
= Slack Time(original)          1.911
     Clock Rise Edge                      0.000
     + Source Insertion Delay             0.010
     = Beginpoint Arrival Time            0.010
     Timing Path:
     +------------------------------------------------------------------------------------------------+ 
     |                Instance                |     Arc     |   Cell    | Retime | Arrival | Required | 
     |                                        |             |           |  Delay |  Time   |   Time   | 
     |----------------------------------------+-------------+-----------+--------+---------+----------| 
     |                                        | clk ^       |           |        |   0.010 |    1.954 | 
     | u_vehicle_interface/id_to_check_reg[3] |             | SDFFQX1   |  0.000 |   0.010 |    1.954 | 
     | u_vehicle_interface/id_to_check_reg[3] | CK ^ -> Q v | SDFFQX1   |  0.343 |   0.352 |    2.297 | 
     | g222                                   |             | BUFX6     |  0.000 |   0.352 |    2.297 | 
     | g222                                   | A v -> Y v  | BUFX6     |  0.172 |   0.524 |    2.469 | 
     | u_account_balance/g13484               |             | AO22XL    |  0.000 |   0.524 |    2.469 | 
     | u_account_balance/g13484               | A1 v -> Y v | AO22XL    |  0.167 |   0.691 |    2.635 | 
     | u_account_balance/g13352               |             | MXI2XL    |  0.000 |   0.691 |    2.635 | 
     | u_account_balance/g13352               | B v -> Y ^  | MXI2XL    |  0.121 |   0.812 |    2.756 | 
     | u_account_balance/g13247               |             | OAI22X1   |  0.000 |   0.812 |    2.756 | 
     | u_account_balance/g13247               | A1 ^ -> Y v | OAI22X1   |  0.127 |   0.939 |    2.883 | 
     | u_account_balance/g13221               |             | NOR2X2    |  0.000 |   0.939 |    2.883 | 
     | u_account_balance/g13221               | B v -> Y ^  | NOR2X2    |  0.087 |   1.026 |    2.970 | 
     | u_account_balance/g13474               |             | OAI2BB1X2 |  0.000 |   1.026 |    2.970 | 
     | u_account_balance/g13474               | B0 ^ -> Y v | OAI2BB1X2 |  0.113 |   1.139 |    3.084 | 
     | u_account_balance/g13202               |             | NOR2X2    |  0.000 |   1.139 |    3.084 | 
     | u_account_balance/g13202               | B v -> Y ^  | NOR2X2    |  0.113 |   1.252 |    3.197 | 
     | u_account_balance/g13194               |             | OAI21X1   |  0.000 |   1.252 |    3.197 | 
     | u_account_balance/g13194               | A1 ^ -> Y v | OAI21X1   |  0.122 |   1.374 |    3.319 | 
     | u_account_balance/g13192               |             | NOR2X1    |  0.000 |   1.374 |    3.319 | 
     | u_account_balance/g13192               | B v -> Y ^  | NOR2X1    |  0.159 |   1.533 |    3.478 | 
     | u_account_balance/g13187               |             | NAND2X1   |  0.000 |   1.533 |    3.478 | 
     | u_account_balance/g13187               | B ^ -> Y v  | NAND2X1   |  0.137 |   1.670 |    3.614 | 
     | u_account_balance/g13184               |             | OR4X1     |  0.000 |   1.670 |    3.614 | 
     | u_account_balance/g13184               | D v -> Y v  | OR4X1     |  0.296 |   1.966 |    3.911 | 
     | u_account_balance/g13179               |             | OR2X1     |  0.000 |   1.966 |    3.911 | 
     | u_account_balance/g13179               | B v -> Y v  | OR2X1     |  0.195 |   2.162 |    4.106 | 
     | u_account_balance/g13170               |             | NAND2X1   |  0.000 |   2.162 |    4.106 | 
     | u_account_balance/g13170               | B v -> Y ^  | NAND2X1   |  0.080 |   2.242 |    4.186 | 
     | u_account_balance/g4361                |             | OR2X1     |  0.000 |   2.242 |    4.186 | 
     | u_account_balance/g4361                | B ^ -> Y ^  | OR2X1     |  0.128 |   2.370 |    4.314 | 
     | u_account_balance/g4357                |             | NAND2XL   |  0.000 |   2.370 |    4.314 | 
     | u_account_balance/g4357                | B ^ -> Y v  | NAND2XL   |  0.115 |   2.485 |    4.429 | 
     | u_account_balance/g4343                |             | NAND2XL   |  0.000 |   2.485 |    4.429 | 
     | u_account_balance/g4343                | A v -> Y ^  | NAND2XL   |  0.270 |   2.755 |    4.700 | 
     | u_account_balance/g4306                |             | AO22XL    |  0.000 |   2.755 |    4.700 | 
     | u_account_balance/g4306                | A0 ^ -> Y ^ | AO22XL    |  0.201 |   2.956 |    4.901 | 
     | u_account_balance/balance_db_reg[2][9] |             | SDFFQX1   |  0.000 |   2.956 |    4.901 | 
     +------------------------------------------------------------------------------------------------+ 
     Clock Rise Edge                      0.000
     + Source Insertion Delay             0.010
     = Beginpoint Arrival Time            0.010
     Other End Path:
     +----------------------------------------------------------------------------------------+ 
     |                Instance                |  Arc  |  Cell   | Retime | Arrival | Required | 
     |                                        |       |         |  Delay |  Time   |   Time   | 
     |----------------------------------------+-------+---------+--------+---------+----------| 
     |                                        | clk ^ |         |        |   0.010 |   -1.934 | 
     | u_account_balance/balance_db_reg[2][9] |       | SDFFQX1 |  0.000 |   0.010 |   -1.934 | 
     +----------------------------------------------------------------------------------------+ 
Path 45: MET Setup Check with Pin u_account_balance/balance_db_reg[2][7]/CK 
Endpoint:   u_account_balance/balance_db_reg[2][7]/D (^) checked with  leading 
edge of 'clk'
Beginpoint: u_vehicle_interface/id_to_check_reg[3]/Q (v) triggered by  leading 
edge of 'clk'
Path Groups: {clk}
Analysis View: view1
Retime Analysis { Data Path-Slew }
Other End Arrival Time          0.010
- Setup                         0.299
+ Phase Shift                   5.200
- Uncertainty                   0.010
= Required Time                 4.901
- Arrival Time                  2.956
= Slack Time                    1.944
= Slack Time(original)          1.911
     Clock Rise Edge                      0.000
     + Source Insertion Delay             0.010
     = Beginpoint Arrival Time            0.010
     Timing Path:
     +------------------------------------------------------------------------------------------------+ 
     |                Instance                |     Arc     |   Cell    | Retime | Arrival | Required | 
     |                                        |             |           |  Delay |  Time   |   Time   | 
     |----------------------------------------+-------------+-----------+--------+---------+----------| 
     |                                        | clk ^       |           |        |   0.010 |    1.954 | 
     | u_vehicle_interface/id_to_check_reg[3] |             | SDFFQX1   |  0.000 |   0.010 |    1.954 | 
     | u_vehicle_interface/id_to_check_reg[3] | CK ^ -> Q v | SDFFQX1   |  0.343 |   0.352 |    2.297 | 
     | g222                                   |             | BUFX6     |  0.000 |   0.352 |    2.297 | 
     | g222                                   | A v -> Y v  | BUFX6     |  0.172 |   0.524 |    2.469 | 
     | u_account_balance/g13484               |             | AO22XL    |  0.000 |   0.524 |    2.469 | 
     | u_account_balance/g13484               | A1 v -> Y v | AO22XL    |  0.167 |   0.691 |    2.635 | 
     | u_account_balance/g13352               |             | MXI2XL    |  0.000 |   0.691 |    2.635 | 
     | u_account_balance/g13352               | B v -> Y ^  | MXI2XL    |  0.121 |   0.812 |    2.756 | 
     | u_account_balance/g13247               |             | OAI22X1   |  0.000 |   0.812 |    2.756 | 
     | u_account_balance/g13247               | A1 ^ -> Y v | OAI22X1   |  0.127 |   0.939 |    2.883 | 
     | u_account_balance/g13221               |             | NOR2X2    |  0.000 |   0.939 |    2.883 | 
     | u_account_balance/g13221               | B v -> Y ^  | NOR2X2    |  0.087 |   1.026 |    2.970 | 
     | u_account_balance/g13474               |             | OAI2BB1X2 |  0.000 |   1.026 |    2.970 | 
     | u_account_balance/g13474               | B0 ^ -> Y v | OAI2BB1X2 |  0.113 |   1.139 |    3.084 | 
     | u_account_balance/g13202               |             | NOR2X2    |  0.000 |   1.139 |    3.084 | 
     | u_account_balance/g13202               | B v -> Y ^  | NOR2X2    |  0.113 |   1.252 |    3.197 | 
     | u_account_balance/g13194               |             | OAI21X1   |  0.000 |   1.252 |    3.197 | 
     | u_account_balance/g13194               | A1 ^ -> Y v | OAI21X1   |  0.122 |   1.374 |    3.319 | 
     | u_account_balance/g13192               |             | NOR2X1    |  0.000 |   1.374 |    3.319 | 
     | u_account_balance/g13192               | B v -> Y ^  | NOR2X1    |  0.159 |   1.533 |    3.478 | 
     | u_account_balance/g13187               |             | NAND2X1   |  0.000 |   1.533 |    3.478 | 
     | u_account_balance/g13187               | B ^ -> Y v  | NAND2X1   |  0.137 |   1.670 |    3.614 | 
     | u_account_balance/g13184               |             | OR4X1     |  0.000 |   1.670 |    3.614 | 
     | u_account_balance/g13184               | D v -> Y v  | OR4X1     |  0.296 |   1.966 |    3.911 | 
     | u_account_balance/g13179               |             | OR2X1     |  0.000 |   1.966 |    3.911 | 
     | u_account_balance/g13179               | B v -> Y v  | OR2X1     |  0.195 |   2.162 |    4.106 | 
     | u_account_balance/g13170               |             | NAND2X1   |  0.000 |   2.162 |    4.106 | 
     | u_account_balance/g13170               | B v -> Y ^  | NAND2X1   |  0.080 |   2.242 |    4.186 | 
     | u_account_balance/g4361                |             | OR2X1     |  0.000 |   2.242 |    4.186 | 
     | u_account_balance/g4361                | B ^ -> Y ^  | OR2X1     |  0.128 |   2.370 |    4.314 | 
     | u_account_balance/g4357                |             | NAND2XL   |  0.000 |   2.370 |    4.314 | 
     | u_account_balance/g4357                | B ^ -> Y v  | NAND2XL   |  0.115 |   2.485 |    4.429 | 
     | u_account_balance/g4343                |             | NAND2XL   |  0.000 |   2.485 |    4.429 | 
     | u_account_balance/g4343                | A v -> Y ^  | NAND2XL   |  0.270 |   2.755 |    4.700 | 
     | u_account_balance/g4304                |             | AO22XL    |  0.000 |   2.755 |    4.700 | 
     | u_account_balance/g4304                | A0 ^ -> Y ^ | AO22XL    |  0.201 |   2.956 |    4.901 | 
     | u_account_balance/balance_db_reg[2][7] |             | SDFFQX1   |  0.000 |   2.956 |    4.901 | 
     +------------------------------------------------------------------------------------------------+ 
     Clock Rise Edge                      0.000
     + Source Insertion Delay             0.010
     = Beginpoint Arrival Time            0.010
     Other End Path:
     +----------------------------------------------------------------------------------------+ 
     |                Instance                |  Arc  |  Cell   | Retime | Arrival | Required | 
     |                                        |       |         |  Delay |  Time   |   Time   | 
     |----------------------------------------+-------+---------+--------+---------+----------| 
     |                                        | clk ^ |         |        |   0.010 |   -1.934 | 
     | u_account_balance/balance_db_reg[2][7] |       | SDFFQX1 |  0.000 |   0.010 |   -1.934 | 
     +----------------------------------------------------------------------------------------+ 
Path 46: MET Setup Check with Pin u_account_balance/balance_db_reg[2][11]/CK 
Endpoint:   u_account_balance/balance_db_reg[2][11]/D (^) checked with  leading 
edge of 'clk'
Beginpoint: u_vehicle_interface/id_to_check_reg[3]/Q  (v) triggered by  leading 
edge of 'clk'
Path Groups: {clk}
Analysis View: view1
Retime Analysis { Data Path-Slew }
Other End Arrival Time          0.010
- Setup                         0.299
+ Phase Shift                   5.200
- Uncertainty                   0.010
= Required Time                 4.901
- Arrival Time                  2.956
= Slack Time                    1.945
= Slack Time(original)          1.911
     Clock Rise Edge                      0.000
     + Source Insertion Delay             0.010
     = Beginpoint Arrival Time            0.010
     Timing Path:
     +-------------------------------------------------------------------------------------------------+ 
     |                Instance                 |     Arc     |   Cell    | Retime | Arrival | Required | 
     |                                         |             |           |  Delay |  Time   |   Time   | 
     |-----------------------------------------+-------------+-----------+--------+---------+----------| 
     |                                         | clk ^       |           |        |   0.010 |    1.955 | 
     | u_vehicle_interface/id_to_check_reg[3]  |             | SDFFQX1   |  0.000 |   0.010 |    1.955 | 
     | u_vehicle_interface/id_to_check_reg[3]  | CK ^ -> Q v | SDFFQX1   |  0.343 |   0.352 |    2.297 | 
     | g222                                    |             | BUFX6     |  0.000 |   0.352 |    2.297 | 
     | g222                                    | A v -> Y v  | BUFX6     |  0.172 |   0.524 |    2.469 | 
     | u_account_balance/g13483                |             | AO22XL    |  0.000 |   0.524 |    2.469 | 
     | u_account_balance/g13483                | A1 v -> Y v | AO22XL    |  0.167 |   0.692 |    2.637 | 
     | u_account_balance/g13352                |             | MXI2XL    |  0.000 |   0.692 |    2.637 | 
     | u_account_balance/g13352                | A v -> Y ^  | MXI2XL    |  0.120 |   0.812 |    2.757 | 
     | u_account_balance/g13247                |             | OAI22X1   |  0.000 |   0.812 |    2.757 | 
     | u_account_balance/g13247                | A1 ^ -> Y v | OAI22X1   |  0.127 |   0.938 |    2.883 | 
     | u_account_balance/g13221                |             | NOR2X2    |  0.000 |   0.938 |    2.883 | 
     | u_account_balance/g13221                | B v -> Y ^  | NOR2X2    |  0.087 |   1.025 |    2.970 | 
     | u_account_balance/g13474                |             | OAI2BB1X2 |  0.000 |   1.025 |    2.970 | 
     | u_account_balance/g13474                | B0 ^ -> Y v | OAI2BB1X2 |  0.113 |   1.139 |    3.084 | 
     | u_account_balance/g13202                |             | NOR2X2    |  0.000 |   1.139 |    3.084 | 
     | u_account_balance/g13202                | B v -> Y ^  | NOR2X2    |  0.113 |   1.252 |    3.197 | 
     | u_account_balance/g13194                |             | OAI21X1   |  0.000 |   1.252 |    3.197 | 
     | u_account_balance/g13194                | A1 ^ -> Y v | OAI21X1   |  0.122 |   1.374 |    3.319 | 
     | u_account_balance/g13192                |             | NOR2X1    |  0.000 |   1.374 |    3.319 | 
     | u_account_balance/g13192                | B v -> Y ^  | NOR2X1    |  0.159 |   1.533 |    3.478 | 
     | u_account_balance/g13187                |             | NAND2X1   |  0.000 |   1.533 |    3.478 | 
     | u_account_balance/g13187                | B ^ -> Y v  | NAND2X1   |  0.137 |   1.669 |    3.614 | 
     | u_account_balance/g13184                |             | OR4X1     |  0.000 |   1.669 |    3.614 | 
     | u_account_balance/g13184                | D v -> Y v  | OR4X1     |  0.296 |   1.966 |    3.911 | 
     | u_account_balance/g13179                |             | OR2X1     |  0.000 |   1.966 |    3.911 | 
     | u_account_balance/g13179                | B v -> Y v  | OR2X1     |  0.195 |   2.161 |    4.106 | 
     | u_account_balance/g13170                |             | NAND2X1   |  0.000 |   2.161 |    4.106 | 
     | u_account_balance/g13170                | B v -> Y ^  | NAND2X1   |  0.080 |   2.241 |    4.186 | 
     | u_account_balance/g4361                 |             | OR2X1     |  0.000 |   2.241 |    4.186 | 
     | u_account_balance/g4361                 | B ^ -> Y ^  | OR2X1     |  0.128 |   2.369 |    4.314 | 
     | u_account_balance/g4357                 |             | NAND2XL   |  0.000 |   2.369 |    4.314 | 
     | u_account_balance/g4357                 | B ^ -> Y v  | NAND2XL   |  0.115 |   2.484 |    4.429 | 
     | u_account_balance/g4343                 |             | NAND2XL   |  0.000 |   2.484 |    4.429 | 
     | u_account_balance/g4343                 | A v -> Y ^  | NAND2XL   |  0.270 |   2.755 |    4.700 | 
     | u_account_balance/g4307                 |             | AO22XL    |  0.000 |   2.755 |    4.700 | 
     | u_account_balance/g4307                 | A0 ^ -> Y ^ | AO22XL    |  0.201 |   2.956 |    4.901 | 
     | u_account_balance/balance_db_reg[2][11] |             | SDFFQX1   |  0.000 |   2.956 |    4.901 | 
     +-------------------------------------------------------------------------------------------------+ 
     Clock Rise Edge                      0.000
     + Source Insertion Delay             0.010
     = Beginpoint Arrival Time            0.010
     Other End Path:
     +-----------------------------------------------------------------------------------------+ 
     |                Instance                 |  Arc  |  Cell   | Retime | Arrival | Required | 
     |                                         |       |         |  Delay |  Time   |   Time   | 
     |-----------------------------------------+-------+---------+--------+---------+----------| 
     |                                         | clk ^ |         |        |   0.010 |   -1.935 | 
     | u_account_balance/balance_db_reg[2][11] |       | SDFFQX1 |  0.000 |   0.010 |   -1.935 | 
     +-----------------------------------------------------------------------------------------+ 
Path 47: MET Setup Check with Pin u_account_balance/balance_db_reg[2][11]/CK 
Endpoint:   u_account_balance/balance_db_reg[2][11]/D (^) checked with  leading 
edge of 'clk'
Beginpoint: u_vehicle_interface/id_to_check_reg[3]/Q  (^) triggered by  leading 
edge of 'clk'
Path Groups: {clk}
Analysis View: view1
Retime Analysis { Data Path-Slew }
Other End Arrival Time          0.010
- Setup                         0.299
+ Phase Shift                   5.200
- Uncertainty                   0.010
= Required Time                 4.901
- Arrival Time                  2.969
= Slack Time                    1.931
= Slack Time(original)          1.911
     Clock Rise Edge                      0.000
     + Source Insertion Delay             0.010
     = Beginpoint Arrival Time            0.010
     Timing Path:
     +-------------------------------------------------------------------------------------------------+ 
     |                Instance                 |     Arc     |   Cell    | Retime | Arrival | Required | 
     |                                         |             |           |  Delay |  Time   |   Time   | 
     |-----------------------------------------+-------------+-----------+--------+---------+----------| 
     |                                         | clk ^       |           |        |   0.010 |    1.941 | 
     | u_vehicle_interface/id_to_check_reg[3]  |             | SDFFQX1   |  0.000 |   0.010 |    1.941 | 
     | u_vehicle_interface/id_to_check_reg[3]  | CK ^ -> Q ^ | SDFFQX1   |  0.300 |   0.310 |    2.242 | 
     | g222                                    |             | BUFX6     |  0.000 |   0.310 |    2.242 | 
     | g222                                    | A ^ -> Y ^  | BUFX6     |  0.176 |   0.487 |    2.418 | 
     | u_account_balance/g13463                |             | INVX8     |  0.000 |   0.487 |    2.418 | 
     | u_account_balance/g13463                | A ^ -> Y v  | INVX8     |  0.065 |   0.551 |    2.483 | 
     | u_account_balance/g13455                |             | CLKAND2X2 |  0.000 |   0.551 |    2.483 | 
     | u_account_balance/g13455                | B v -> Y v  | CLKAND2X2 |  0.191 |   0.742 |    2.674 | 
     | u_account_balance/g13406                |             | AND2X1    |  0.000 |   0.742 |    2.674 | 
     | u_account_balance/g13406                | B v -> Y v  | AND2X1    |  0.218 |   0.960 |    2.891 | 
     | u_account_balance/g13479                |             | AOI22X1   |  0.000 |   0.960 |    2.891 | 
     | u_account_balance/g13479                | A1 v -> Y ^ | AOI22X1   |  0.134 |   1.094 |    3.025 | 
     | u_account_balance/g13222                |             | NAND2X1   |  0.000 |   1.094 |    3.025 | 
     | u_account_balance/g13222                | B ^ -> Y v  | NAND2X1   |  0.073 |   1.167 |    3.099 | 
     | u_account_balance/g13204                |             | AOI211X1  |  0.000 |   1.167 |    3.099 | 
     | u_account_balance/g13204                | C0 v -> Y ^ | AOI211X1  |  0.100 |   1.267 |    3.198 | 
     | u_account_balance/g13200                |             | NAND2XL   |  0.000 |   1.267 |    3.198 | 
     | u_account_balance/g13200                | A ^ -> Y v  | NAND2XL   |  0.117 |   1.383 |    3.315 | 
     | u_account_balance/g13192                |             | NOR2X1    |  0.000 |   1.383 |    3.315 | 
     | u_account_balance/g13192                | A v -> Y ^  | NOR2X1    |  0.163 |   1.546 |    3.478 | 
     | u_account_balance/g13187                |             | NAND2X1   |  0.000 |   1.546 |    3.478 | 
     | u_account_balance/g13187                | B ^ -> Y v  | NAND2X1   |  0.137 |   1.683 |    3.614 | 
     | u_account_balance/g13184                |             | OR4X1     |  0.000 |   1.683 |    3.614 | 
     | u_account_balance/g13184                | D v -> Y v  | OR4X1     |  0.296 |   1.979 |    3.911 | 
     | u_account_balance/g13179                |             | OR2X1     |  0.000 |   1.979 |    3.911 | 
     | u_account_balance/g13179                | B v -> Y v  | OR2X1     |  0.195 |   2.174 |    4.106 | 
     | u_account_balance/g13170                |             | NAND2X1   |  0.000 |   2.174 |    4.106 | 
     | u_account_balance/g13170                | B v -> Y ^  | NAND2X1   |  0.080 |   2.255 |    4.186 | 
     | u_account_balance/g4361                 |             | OR2X1     |  0.000 |   2.255 |    4.186 | 
     | u_account_balance/g4361                 | B ^ -> Y ^  | OR2X1     |  0.128 |   2.383 |    4.314 | 
     | u_account_balance/g4357                 |             | NAND2XL   |  0.000 |   2.383 |    4.314 | 
     | u_account_balance/g4357                 | B ^ -> Y v  | NAND2XL   |  0.115 |   2.498 |    4.429 | 
     | u_account_balance/g4343                 |             | NAND2XL   |  0.000 |   2.498 |    4.429 | 
     | u_account_balance/g4343                 | A v -> Y ^  | NAND2XL   |  0.270 |   2.768 |    4.700 | 
     | u_account_balance/g4307                 |             | AO22XL    |  0.000 |   2.768 |    4.700 | 
     | u_account_balance/g4307                 | A0 ^ -> Y ^ | AO22XL    |  0.201 |   2.969 |    4.901 | 
     | u_account_balance/balance_db_reg[2][11] |             | SDFFQX1   |  0.000 |   2.969 |    4.901 | 
     +-------------------------------------------------------------------------------------------------+ 
     Clock Rise Edge                      0.000
     + Source Insertion Delay             0.010
     = Beginpoint Arrival Time            0.010
     Other End Path:
     +-----------------------------------------------------------------------------------------+ 
     |                Instance                 |  Arc  |  Cell   | Retime | Arrival | Required | 
     |                                         |       |         |  Delay |  Time   |   Time   | 
     |-----------------------------------------+-------+---------+--------+---------+----------| 
     |                                         | clk ^ |         |        |   0.010 |   -1.921 | 
     | u_account_balance/balance_db_reg[2][11] |       | SDFFQX1 |  0.000 |   0.010 |   -1.921 | 
     +-----------------------------------------------------------------------------------------+ 
Path 48: MET Setup Check with Pin u_account_balance/balance_db_reg[2][9]/CK 
Endpoint:   u_account_balance/balance_db_reg[2][9]/D (^) checked with  leading 
edge of 'clk'
Beginpoint: u_vehicle_interface/id_to_check_reg[3]/Q (v) triggered by  leading 
edge of 'clk'
Path Groups: {clk}
Analysis View: view1
Retime Analysis { Data Path-Slew }
Other End Arrival Time          0.010
- Setup                         0.299
+ Phase Shift                   5.200
- Uncertainty                   0.010
= Required Time                 4.901
- Arrival Time                  2.956
= Slack Time                    1.945
= Slack Time(original)          1.911
     Clock Rise Edge                      0.000
     + Source Insertion Delay             0.010
     = Beginpoint Arrival Time            0.010
     Timing Path:
     +------------------------------------------------------------------------------------------------+ 
     |                Instance                |     Arc     |   Cell    | Retime | Arrival | Required | 
     |                                        |             |           |  Delay |  Time   |   Time   | 
     |----------------------------------------+-------------+-----------+--------+---------+----------| 
     |                                        | clk ^       |           |        |   0.010 |    1.955 | 
     | u_vehicle_interface/id_to_check_reg[3] |             | SDFFQX1   |  0.000 |   0.010 |    1.955 | 
     | u_vehicle_interface/id_to_check_reg[3] | CK ^ -> Q v | SDFFQX1   |  0.343 |   0.352 |    2.297 | 
     | g222                                   |             | BUFX6     |  0.000 |   0.352 |    2.297 | 
     | g222                                   | A v -> Y v  | BUFX6     |  0.172 |   0.524 |    2.469 | 
     | u_account_balance/g13483               |             | AO22XL    |  0.000 |   0.524 |    2.469 | 
     | u_account_balance/g13483               | A1 v -> Y v | AO22XL    |  0.167 |   0.692 |    2.637 | 
     | u_account_balance/g13352               |             | MXI2XL    |  0.000 |   0.692 |    2.637 | 
     | u_account_balance/g13352               | A v -> Y ^  | MXI2XL    |  0.120 |   0.812 |    2.757 | 
     | u_account_balance/g13247               |             | OAI22X1   |  0.000 |   0.812 |    2.757 | 
     | u_account_balance/g13247               | A1 ^ -> Y v | OAI22X1   |  0.127 |   0.938 |    2.883 | 
     | u_account_balance/g13221               |             | NOR2X2    |  0.000 |   0.938 |    2.883 | 
     | u_account_balance/g13221               | B v -> Y ^  | NOR2X2    |  0.087 |   1.025 |    2.970 | 
     | u_account_balance/g13474               |             | OAI2BB1X2 |  0.000 |   1.025 |    2.970 | 
     | u_account_balance/g13474               | B0 ^ -> Y v | OAI2BB1X2 |  0.113 |   1.139 |    3.084 | 
     | u_account_balance/g13202               |             | NOR2X2    |  0.000 |   1.139 |    3.084 | 
     | u_account_balance/g13202               | B v -> Y ^  | NOR2X2    |  0.113 |   1.252 |    3.197 | 
     | u_account_balance/g13194               |             | OAI21X1   |  0.000 |   1.252 |    3.197 | 
     | u_account_balance/g13194               | A1 ^ -> Y v | OAI21X1   |  0.122 |   1.374 |    3.319 | 
     | u_account_balance/g13192               |             | NOR2X1    |  0.000 |   1.374 |    3.319 | 
     | u_account_balance/g13192               | B v -> Y ^  | NOR2X1    |  0.159 |   1.533 |    3.478 | 
     | u_account_balance/g13187               |             | NAND2X1   |  0.000 |   1.533 |    3.478 | 
     | u_account_balance/g13187               | B ^ -> Y v  | NAND2X1   |  0.137 |   1.669 |    3.614 | 
     | u_account_balance/g13184               |             | OR4X1     |  0.000 |   1.669 |    3.614 | 
     | u_account_balance/g13184               | D v -> Y v  | OR4X1     |  0.296 |   1.966 |    3.911 | 
     | u_account_balance/g13179               |             | OR2X1     |  0.000 |   1.966 |    3.911 | 
     | u_account_balance/g13179               | B v -> Y v  | OR2X1     |  0.195 |   2.161 |    4.106 | 
     | u_account_balance/g13170               |             | NAND2X1   |  0.000 |   2.161 |    4.106 | 
     | u_account_balance/g13170               | B v -> Y ^  | NAND2X1   |  0.080 |   2.241 |    4.186 | 
     | u_account_balance/g4361                |             | OR2X1     |  0.000 |   2.241 |    4.186 | 
     | u_account_balance/g4361                | B ^ -> Y ^  | OR2X1     |  0.128 |   2.369 |    4.314 | 
     | u_account_balance/g4357                |             | NAND2XL   |  0.000 |   2.369 |    4.314 | 
     | u_account_balance/g4357                | B ^ -> Y v  | NAND2XL   |  0.115 |   2.484 |    4.429 | 
     | u_account_balance/g4343                |             | NAND2XL   |  0.000 |   2.484 |    4.429 | 
     | u_account_balance/g4343                | A v -> Y ^  | NAND2XL   |  0.270 |   2.755 |    4.700 | 
     | u_account_balance/g4306                |             | AO22XL    |  0.000 |   2.755 |    4.700 | 
     | u_account_balance/g4306                | A0 ^ -> Y ^ | AO22XL    |  0.201 |   2.956 |    4.901 | 
     | u_account_balance/balance_db_reg[2][9] |             | SDFFQX1   |  0.000 |   2.956 |    4.901 | 
     +------------------------------------------------------------------------------------------------+ 
     Clock Rise Edge                      0.000
     + Source Insertion Delay             0.010
     = Beginpoint Arrival Time            0.010
     Other End Path:
     +----------------------------------------------------------------------------------------+ 
     |                Instance                |  Arc  |  Cell   | Retime | Arrival | Required | 
     |                                        |       |         |  Delay |  Time   |   Time   | 
     |----------------------------------------+-------+---------+--------+---------+----------| 
     |                                        | clk ^ |         |        |   0.010 |   -1.935 | 
     | u_account_balance/balance_db_reg[2][9] |       | SDFFQX1 |  0.000 |   0.010 |   -1.935 | 
     +----------------------------------------------------------------------------------------+ 
Path 49: MET Setup Check with Pin u_account_balance/balance_db_reg[2][9]/CK 
Endpoint:   u_account_balance/balance_db_reg[2][9]/D (^) checked with  leading 
edge of 'clk'
Beginpoint: u_vehicle_interface/id_to_check_reg[3]/Q (^) triggered by  leading 
edge of 'clk'
Path Groups: {clk}
Analysis View: view1
Retime Analysis { Data Path-Slew }
Other End Arrival Time          0.010
- Setup                         0.299
+ Phase Shift                   5.200
- Uncertainty                   0.010
= Required Time                 4.901
- Arrival Time                  2.969
= Slack Time                    1.931
= Slack Time(original)          1.911
     Clock Rise Edge                      0.000
     + Source Insertion Delay             0.010
     = Beginpoint Arrival Time            0.010
     Timing Path:
     +------------------------------------------------------------------------------------------------+ 
     |                Instance                |     Arc     |   Cell    | Retime | Arrival | Required | 
     |                                        |             |           |  Delay |  Time   |   Time   | 
     |----------------------------------------+-------------+-----------+--------+---------+----------| 
     |                                        | clk ^       |           |        |   0.010 |    1.941 | 
     | u_vehicle_interface/id_to_check_reg[3] |             | SDFFQX1   |  0.000 |   0.010 |    1.941 | 
     | u_vehicle_interface/id_to_check_reg[3] | CK ^ -> Q ^ | SDFFQX1   |  0.300 |   0.310 |    2.242 | 
     | g222                                   |             | BUFX6     |  0.000 |   0.310 |    2.242 | 
     | g222                                   | A ^ -> Y ^  | BUFX6     |  0.176 |   0.487 |    2.418 | 
     | u_account_balance/g13463               |             | INVX8     |  0.000 |   0.487 |    2.418 | 
     | u_account_balance/g13463               | A ^ -> Y v  | INVX8     |  0.065 |   0.551 |    2.483 | 
     | u_account_balance/g13455               |             | CLKAND2X2 |  0.000 |   0.551 |    2.483 | 
     | u_account_balance/g13455               | B v -> Y v  | CLKAND2X2 |  0.191 |   0.742 |    2.674 | 
     | u_account_balance/g13406               |             | AND2X1    |  0.000 |   0.742 |    2.674 | 
     | u_account_balance/g13406               | B v -> Y v  | AND2X1    |  0.218 |   0.960 |    2.891 | 
     | u_account_balance/g13479               |             | AOI22X1   |  0.000 |   0.960 |    2.891 | 
     | u_account_balance/g13479               | A1 v -> Y ^ | AOI22X1   |  0.134 |   1.094 |    3.025 | 
     | u_account_balance/g13222               |             | NAND2X1   |  0.000 |   1.094 |    3.025 | 
     | u_account_balance/g13222               | B ^ -> Y v  | NAND2X1   |  0.073 |   1.167 |    3.099 | 
     | u_account_balance/g13204               |             | AOI211X1  |  0.000 |   1.167 |    3.099 | 
     | u_account_balance/g13204               | C0 v -> Y ^ | AOI211X1  |  0.100 |   1.267 |    3.198 | 
     | u_account_balance/g13200               |             | NAND2XL   |  0.000 |   1.267 |    3.198 | 
     | u_account_balance/g13200               | A ^ -> Y v  | NAND2XL   |  0.117 |   1.383 |    3.315 | 
     | u_account_balance/g13192               |             | NOR2X1    |  0.000 |   1.383 |    3.315 | 
     | u_account_balance/g13192               | A v -> Y ^  | NOR2X1    |  0.163 |   1.546 |    3.478 | 
     | u_account_balance/g13187               |             | NAND2X1   |  0.000 |   1.546 |    3.478 | 
     | u_account_balance/g13187               | B ^ -> Y v  | NAND2X1   |  0.137 |   1.683 |    3.614 | 
     | u_account_balance/g13184               |             | OR4X1     |  0.000 |   1.683 |    3.614 | 
     | u_account_balance/g13184               | D v -> Y v  | OR4X1     |  0.296 |   1.979 |    3.911 | 
     | u_account_balance/g13179               |             | OR2X1     |  0.000 |   1.979 |    3.911 | 
     | u_account_balance/g13179               | B v -> Y v  | OR2X1     |  0.195 |   2.174 |    4.106 | 
     | u_account_balance/g13170               |             | NAND2X1   |  0.000 |   2.174 |    4.106 | 
     | u_account_balance/g13170               | B v -> Y ^  | NAND2X1   |  0.080 |   2.255 |    4.186 | 
     | u_account_balance/g4361                |             | OR2X1     |  0.000 |   2.255 |    4.186 | 
     | u_account_balance/g4361                | B ^ -> Y ^  | OR2X1     |  0.128 |   2.383 |    4.314 | 
     | u_account_balance/g4357                |             | NAND2XL   |  0.000 |   2.383 |    4.314 | 
     | u_account_balance/g4357                | B ^ -> Y v  | NAND2XL   |  0.115 |   2.498 |    4.429 | 
     | u_account_balance/g4343                |             | NAND2XL   |  0.000 |   2.498 |    4.429 | 
     | u_account_balance/g4343                | A v -> Y ^  | NAND2XL   |  0.270 |   2.768 |    4.700 | 
     | u_account_balance/g4306                |             | AO22XL    |  0.000 |   2.768 |    4.700 | 
     | u_account_balance/g4306                | A0 ^ -> Y ^ | AO22XL    |  0.201 |   2.969 |    4.901 | 
     | u_account_balance/balance_db_reg[2][9] |             | SDFFQX1   |  0.000 |   2.969 |    4.901 | 
     +------------------------------------------------------------------------------------------------+ 
     Clock Rise Edge                      0.000
     + Source Insertion Delay             0.010
     = Beginpoint Arrival Time            0.010
     Other End Path:
     +----------------------------------------------------------------------------------------+ 
     |                Instance                |  Arc  |  Cell   | Retime | Arrival | Required | 
     |                                        |       |         |  Delay |  Time   |   Time   | 
     |----------------------------------------+-------+---------+--------+---------+----------| 
     |                                        | clk ^ |         |        |   0.010 |   -1.921 | 
     | u_account_balance/balance_db_reg[2][9] |       | SDFFQX1 |  0.000 |   0.010 |   -1.921 | 
     +----------------------------------------------------------------------------------------+ 
Path 50: MET Setup Check with Pin u_account_balance/balance_db_reg[2][7]/CK 
Endpoint:   u_account_balance/balance_db_reg[2][7]/D (^) checked with  leading 
edge of 'clk'
Beginpoint: u_vehicle_interface/id_to_check_reg[3]/Q (v) triggered by  leading 
edge of 'clk'
Path Groups: {clk}
Analysis View: view1
Retime Analysis { Data Path-Slew }
Other End Arrival Time          0.010
- Setup                         0.299
+ Phase Shift                   5.200
- Uncertainty                   0.010
= Required Time                 4.901
- Arrival Time                  2.956
= Slack Time                    1.945
= Slack Time(original)          1.911
     Clock Rise Edge                      0.000
     + Source Insertion Delay             0.010
     = Beginpoint Arrival Time            0.010
     Timing Path:
     +------------------------------------------------------------------------------------------------+ 
     |                Instance                |     Arc     |   Cell    | Retime | Arrival | Required | 
     |                                        |             |           |  Delay |  Time   |   Time   | 
     |----------------------------------------+-------------+-----------+--------+---------+----------| 
     |                                        | clk ^       |           |        |   0.010 |    1.955 | 
     | u_vehicle_interface/id_to_check_reg[3] |             | SDFFQX1   |  0.000 |   0.010 |    1.955 | 
     | u_vehicle_interface/id_to_check_reg[3] | CK ^ -> Q v | SDFFQX1   |  0.343 |   0.352 |    2.297 | 
     | g222                                   |             | BUFX6     |  0.000 |   0.352 |    2.297 | 
     | g222                                   | A v -> Y v  | BUFX6     |  0.172 |   0.524 |    2.469 | 
     | u_account_balance/g13483               |             | AO22XL    |  0.000 |   0.524 |    2.469 | 
     | u_account_balance/g13483               | A1 v -> Y v | AO22XL    |  0.167 |   0.692 |    2.637 | 
     | u_account_balance/g13352               |             | MXI2XL    |  0.000 |   0.692 |    2.637 | 
     | u_account_balance/g13352               | A v -> Y ^  | MXI2XL    |  0.120 |   0.812 |    2.757 | 
     | u_account_balance/g13247               |             | OAI22X1   |  0.000 |   0.812 |    2.757 | 
     | u_account_balance/g13247               | A1 ^ -> Y v | OAI22X1   |  0.127 |   0.938 |    2.883 | 
     | u_account_balance/g13221               |             | NOR2X2    |  0.000 |   0.938 |    2.883 | 
     | u_account_balance/g13221               | B v -> Y ^  | NOR2X2    |  0.087 |   1.025 |    2.970 | 
     | u_account_balance/g13474               |             | OAI2BB1X2 |  0.000 |   1.025 |    2.970 | 
     | u_account_balance/g13474               | B0 ^ -> Y v | OAI2BB1X2 |  0.113 |   1.139 |    3.084 | 
     | u_account_balance/g13202               |             | NOR2X2    |  0.000 |   1.139 |    3.084 | 
     | u_account_balance/g13202               | B v -> Y ^  | NOR2X2    |  0.113 |   1.252 |    3.197 | 
     | u_account_balance/g13194               |             | OAI21X1   |  0.000 |   1.252 |    3.197 | 
     | u_account_balance/g13194               | A1 ^ -> Y v | OAI21X1   |  0.122 |   1.374 |    3.319 | 
     | u_account_balance/g13192               |             | NOR2X1    |  0.000 |   1.374 |    3.319 | 
     | u_account_balance/g13192               | B v -> Y ^  | NOR2X1    |  0.159 |   1.533 |    3.478 | 
     | u_account_balance/g13187               |             | NAND2X1   |  0.000 |   1.533 |    3.478 | 
     | u_account_balance/g13187               | B ^ -> Y v  | NAND2X1   |  0.137 |   1.669 |    3.614 | 
     | u_account_balance/g13184               |             | OR4X1     |  0.000 |   1.669 |    3.614 | 
     | u_account_balance/g13184               | D v -> Y v  | OR4X1     |  0.296 |   1.966 |    3.911 | 
     | u_account_balance/g13179               |             | OR2X1     |  0.000 |   1.966 |    3.911 | 
     | u_account_balance/g13179               | B v -> Y v  | OR2X1     |  0.195 |   2.161 |    4.106 | 
     | u_account_balance/g13170               |             | NAND2X1   |  0.000 |   2.161 |    4.106 | 
     | u_account_balance/g13170               | B v -> Y ^  | NAND2X1   |  0.080 |   2.241 |    4.186 | 
     | u_account_balance/g4361                |             | OR2X1     |  0.000 |   2.241 |    4.186 | 
     | u_account_balance/g4361                | B ^ -> Y ^  | OR2X1     |  0.128 |   2.369 |    4.314 | 
     | u_account_balance/g4357                |             | NAND2XL   |  0.000 |   2.369 |    4.314 | 
     | u_account_balance/g4357                | B ^ -> Y v  | NAND2XL   |  0.115 |   2.484 |    4.429 | 
     | u_account_balance/g4343                |             | NAND2XL   |  0.000 |   2.484 |    4.429 | 
     | u_account_balance/g4343                | A v -> Y ^  | NAND2XL   |  0.270 |   2.755 |    4.700 | 
     | u_account_balance/g4304                |             | AO22XL    |  0.000 |   2.755 |    4.700 | 
     | u_account_balance/g4304                | A0 ^ -> Y ^ | AO22XL    |  0.201 |   2.956 |    4.901 | 
     | u_account_balance/balance_db_reg[2][7] |             | SDFFQX1   |  0.000 |   2.956 |    4.901 | 
     +------------------------------------------------------------------------------------------------+ 
     Clock Rise Edge                      0.000
     + Source Insertion Delay             0.010
     = Beginpoint Arrival Time            0.010
     Other End Path:
     +----------------------------------------------------------------------------------------+ 
     |                Instance                |  Arc  |  Cell   | Retime | Arrival | Required | 
     |                                        |       |         |  Delay |  Time   |   Time   | 
     |----------------------------------------+-------+---------+--------+---------+----------| 
     |                                        | clk ^ |         |        |   0.010 |   -1.935 | 
     | u_account_balance/balance_db_reg[2][7] |       | SDFFQX1 |  0.000 |   0.010 |   -1.935 | 
     +----------------------------------------------------------------------------------------+ 

