###############################################################
#  Generated by:      Cadence Tempus 20.10-p003_1
#  OS:                Linux x86_64(Host ID edatools-server2.iiitd.edu.in)
#  Generated on:      Mon Nov 17 01:57:27 2025
#  Design:            toll_gate
#  Command:           report_timing -retime path_slew_propagation -max_path 50 -nworst 50 -path_type full_clock > $report_dir/pba_area.rpt
###############################################################
Path 1: MET Setup Check with Pin u_account_balance/balance_db_reg[13][15]/CK 
Endpoint:   u_account_balance/balance_db_reg[13][15]/SE (v) checked with  leading edge of 'clk'
Beginpoint: u_vehicle_interface/id_to_check_reg[3]/Q    (v) triggered by  leading edge of 'clk'
Path Groups: {clk}
Retime Analysis { Data Path-Slew }
Other End Arrival Time          0.010
- Setup                         0.417
+ Phase Shift                   8.000
= Required Time                 7.593
- Arrival Time                  4.435
= Slack Time                    3.157
= Slack Time(original)          3.136
     Clock Rise Edge                      0.000
     + Source Insertion Delay             0.010
     = Beginpoint Arrival Time            0.010
     Timing Path:
      ------------------------------------------------------------------------------------------
      Instance                                  Arc          Cell      Retime  Arrival  Required  
                                                                       Delay   Time     Time  
      ------------------------------------------------------------------------------------------
      -                                         clk ^        -         -       0.010    3.167  
      u_vehicle_interface/id_to_check_reg[3]    -            DFFQX1    0.000   0.010    3.167  
      u_vehicle_interface/id_to_check_reg[3]    CK ^ -> Q v  DFFQX1    0.511   0.521    3.678  
      u_account_balance/g12166                  -            CLKINVX1  0.000   0.521    3.678  
      u_account_balance/g12166                  A v -> Y ^   CLKINVX1  0.515   1.036    4.193  
      u_account_balance/g12164                  -            AND2X1    0.000   1.036    4.193  
      u_account_balance/g12164                  B ^ -> Y ^   AND2X1    0.560   1.596    4.753  
      u_account_balance/g12159                  -            CLKINVX1  0.000   1.596    4.753  
      u_account_balance/g12159                  A ^ -> Y v   CLKINVX1  0.115   1.711    4.868  
      u_account_balance/g12147                  -            NOR2XL    0.000   1.711    4.868  
      u_account_balance/g12147                  B v -> Y ^   NOR2XL    0.444   2.155    5.312  
      u_account_balance/g12034                  -            AOI222XL  0.000   2.155    5.312  
      u_account_balance/g12034                  C0 ^ -> Y v  AOI222XL  0.134   2.289    5.446  
      u_account_balance/g11985                  -            NAND4XL   0.000   2.289    5.446  
      u_account_balance/g11985                  C v -> Y ^   NAND4XL   0.156   2.445    5.602  
      u_account_balance/g11968                  -            NOR2XL    0.000   2.445    5.602  
      u_account_balance/g11968                  B ^ -> Y v   NOR2XL    0.090   2.534    5.692  
      u_account_balance/g11965                  -            NOR3BX1   0.000   2.534    5.692  
      u_account_balance/g11965                  AN v -> Y v  NOR3BX1   0.131   2.665    5.822  
      u_account_balance/g11962                  -            NAND4BXL  0.000   2.665    5.822  
      u_account_balance/g11962                  D v -> Y ^   NAND4BXL  0.074   2.739    5.897  
      u_account_balance/g11960                  -            OAI21X1   0.000   2.739    5.897  
      u_account_balance/g11960                  A1 ^ -> Y v  OAI21X1   0.103   2.843    6.000  
      u_account_balance/g11959                  -            NOR2BX1   0.000   2.843    6.000  
      u_account_balance/g11959                  B v -> Y ^   NOR2BX1   0.155   2.997    6.155  
      u_account_balance/g3648                   -            NAND2XL   0.000   2.997    6.155  
      u_account_balance/g3648                   B ^ -> Y v   NAND2XL   0.269   3.266    6.424  
      u_account_balance/g3631                   -            NOR2XL    0.000   3.266    6.424  
      u_account_balance/g3631                   B v -> Y ^   NOR2XL    0.315   3.581    6.738  
      u_account_balance/g3623                   -            NAND3X1   0.000   3.581    6.738  
      u_account_balance/g3623                   A ^ -> Y v   NAND3X1   0.854   4.435    7.593  
      u_account_balance/balance_db_reg[13][15]  -            SDFFQX1   0.000   4.435    7.593  
      ------------------------------------------------------------------------------------------
     Clock Rise Edge                      0.000
     + Source Insertion Delay             0.010
     = Beginpoint Arrival Time            0.010
     Other End Path:
      -----------------------------------------------------------------------------------
      Instance                                  Arc    Cell     Retime  Arrival  Required  
                                                                Delay   Time     Time  
      -----------------------------------------------------------------------------------
      -                                         clk ^  -        -       0.010    -3.147  
      u_account_balance/balance_db_reg[13][15]  -      SDFFQX1  0.000   0.010    -3.147  
      -----------------------------------------------------------------------------------
Path 2: MET Setup Check with Pin u_account_balance/balance_db_reg[13][14]/CK 
Endpoint:   u_account_balance/balance_db_reg[13][14]/SE (v) checked with  leading edge of 'clk'
Beginpoint: u_vehicle_interface/id_to_check_reg[3]/Q    (v) triggered by  leading edge of 'clk'
Path Groups: {clk}
Retime Analysis { Data Path-Slew }
Other End Arrival Time          0.010
- Setup                         0.417
+ Phase Shift                   8.000
= Required Time                 7.593
- Arrival Time                  4.435
= Slack Time                    3.157
= Slack Time(original)          3.136
     Clock Rise Edge                      0.000
     + Source Insertion Delay             0.010
     = Beginpoint Arrival Time            0.010
     Timing Path:
      ------------------------------------------------------------------------------------------
      Instance                                  Arc          Cell      Retime  Arrival  Required  
                                                                       Delay   Time     Time  
      ------------------------------------------------------------------------------------------
      -                                         clk ^        -         -       0.010    3.167  
      u_vehicle_interface/id_to_check_reg[3]    -            DFFQX1    0.000   0.010    3.167  
      u_vehicle_interface/id_to_check_reg[3]    CK ^ -> Q v  DFFQX1    0.511   0.521    3.678  
      u_account_balance/g12166                  -            CLKINVX1  0.000   0.521    3.678  
      u_account_balance/g12166                  A v -> Y ^   CLKINVX1  0.515   1.036    4.193  
      u_account_balance/g12164                  -            AND2X1    0.000   1.036    4.193  
      u_account_balance/g12164                  B ^ -> Y ^   AND2X1    0.560   1.596    4.753  
      u_account_balance/g12159                  -            CLKINVX1  0.000   1.596    4.753  
      u_account_balance/g12159                  A ^ -> Y v   CLKINVX1  0.115   1.711    4.868  
      u_account_balance/g12147                  -            NOR2XL    0.000   1.711    4.868  
      u_account_balance/g12147                  B v -> Y ^   NOR2XL    0.444   2.155    5.312  
      u_account_balance/g12034                  -            AOI222XL  0.000   2.155    5.312  
      u_account_balance/g12034                  C0 ^ -> Y v  AOI222XL  0.134   2.289    5.446  
      u_account_balance/g11985                  -            NAND4XL   0.000   2.289    5.446  
      u_account_balance/g11985                  C v -> Y ^   NAND4XL   0.156   2.445    5.602  
      u_account_balance/g11968                  -            NOR2XL    0.000   2.445    5.602  
      u_account_balance/g11968                  B ^ -> Y v   NOR2XL    0.090   2.534    5.692  
      u_account_balance/g11965                  -            NOR3BX1   0.000   2.534    5.692  
      u_account_balance/g11965                  AN v -> Y v  NOR3BX1   0.131   2.665    5.822  
      u_account_balance/g11962                  -            NAND4BXL  0.000   2.665    5.822  
      u_account_balance/g11962                  D v -> Y ^   NAND4BXL  0.074   2.739    5.897  
      u_account_balance/g11960                  -            OAI21X1   0.000   2.739    5.897  
      u_account_balance/g11960                  A1 ^ -> Y v  OAI21X1   0.103   2.843    6.000  
      u_account_balance/g11959                  -            NOR2BX1   0.000   2.843    6.000  
      u_account_balance/g11959                  B v -> Y ^   NOR2BX1   0.155   2.997    6.155  
      u_account_balance/g3648                   -            NAND2XL   0.000   2.997    6.155  
      u_account_balance/g3648                   B ^ -> Y v   NAND2XL   0.269   3.266    6.424  
      u_account_balance/g3631                   -            NOR2XL    0.000   3.266    6.424  
      u_account_balance/g3631                   B v -> Y ^   NOR2XL    0.315   3.581    6.738  
      u_account_balance/g3623                   -            NAND3X1   0.000   3.581    6.738  
      u_account_balance/g3623                   A ^ -> Y v   NAND3X1   0.854   4.435    7.593  
      u_account_balance/balance_db_reg[13][14]  -            SDFFQX1   0.000   4.435    7.593  
      ------------------------------------------------------------------------------------------
     Clock Rise Edge                      0.000
     + Source Insertion Delay             0.010
     = Beginpoint Arrival Time            0.010
     Other End Path:
      -----------------------------------------------------------------------------------
      Instance                                  Arc    Cell     Retime  Arrival  Required  
                                                                Delay   Time     Time  
      -----------------------------------------------------------------------------------
      -                                         clk ^  -        -       0.010    -3.147  
      u_account_balance/balance_db_reg[13][14]  -      SDFFQX1  0.000   0.010    -3.147  
      -----------------------------------------------------------------------------------
Path 3: MET Setup Check with Pin u_account_balance/balance_db_reg[13][13]/CK 
Endpoint:   u_account_balance/balance_db_reg[13][13]/SE (v) checked with  leading edge of 'clk'
Beginpoint: u_vehicle_interface/id_to_check_reg[3]/Q    (v) triggered by  leading edge of 'clk'
Path Groups: {clk}
Retime Analysis { Data Path-Slew }
Other End Arrival Time          0.010
- Setup                         0.417
+ Phase Shift                   8.000
= Required Time                 7.593
- Arrival Time                  4.435
= Slack Time                    3.157
= Slack Time(original)          3.136
     Clock Rise Edge                      0.000
     + Source Insertion Delay             0.010
     = Beginpoint Arrival Time            0.010
     Timing Path:
      ------------------------------------------------------------------------------------------
      Instance                                  Arc          Cell      Retime  Arrival  Required  
                                                                       Delay   Time     Time  
      ------------------------------------------------------------------------------------------
      -                                         clk ^        -         -       0.010    3.167  
      u_vehicle_interface/id_to_check_reg[3]    -            DFFQX1    0.000   0.010    3.167  
      u_vehicle_interface/id_to_check_reg[3]    CK ^ -> Q v  DFFQX1    0.511   0.521    3.678  
      u_account_balance/g12166                  -            CLKINVX1  0.000   0.521    3.678  
      u_account_balance/g12166                  A v -> Y ^   CLKINVX1  0.515   1.036    4.193  
      u_account_balance/g12164                  -            AND2X1    0.000   1.036    4.193  
      u_account_balance/g12164                  B ^ -> Y ^   AND2X1    0.560   1.596    4.753  
      u_account_balance/g12159                  -            CLKINVX1  0.000   1.596    4.753  
      u_account_balance/g12159                  A ^ -> Y v   CLKINVX1  0.115   1.711    4.868  
      u_account_balance/g12147                  -            NOR2XL    0.000   1.711    4.868  
      u_account_balance/g12147                  B v -> Y ^   NOR2XL    0.444   2.155    5.312  
      u_account_balance/g12034                  -            AOI222XL  0.000   2.155    5.312  
      u_account_balance/g12034                  C0 ^ -> Y v  AOI222XL  0.134   2.289    5.446  
      u_account_balance/g11985                  -            NAND4XL   0.000   2.289    5.446  
      u_account_balance/g11985                  C v -> Y ^   NAND4XL   0.156   2.445    5.602  
      u_account_balance/g11968                  -            NOR2XL    0.000   2.445    5.602  
      u_account_balance/g11968                  B ^ -> Y v   NOR2XL    0.090   2.534    5.692  
      u_account_balance/g11965                  -            NOR3BX1   0.000   2.534    5.692  
      u_account_balance/g11965                  AN v -> Y v  NOR3BX1   0.131   2.665    5.822  
      u_account_balance/g11962                  -            NAND4BXL  0.000   2.665    5.822  
      u_account_balance/g11962                  D v -> Y ^   NAND4BXL  0.074   2.739    5.897  
      u_account_balance/g11960                  -            OAI21X1   0.000   2.739    5.897  
      u_account_balance/g11960                  A1 ^ -> Y v  OAI21X1   0.103   2.843    6.000  
      u_account_balance/g11959                  -            NOR2BX1   0.000   2.843    6.000  
      u_account_balance/g11959                  B v -> Y ^   NOR2BX1   0.155   2.997    6.155  
      u_account_balance/g3648                   -            NAND2XL   0.000   2.997    6.155  
      u_account_balance/g3648                   B ^ -> Y v   NAND2XL   0.269   3.266    6.424  
      u_account_balance/g3631                   -            NOR2XL    0.000   3.266    6.424  
      u_account_balance/g3631                   B v -> Y ^   NOR2XL    0.315   3.581    6.738  
      u_account_balance/g3623                   -            NAND3X1   0.000   3.581    6.738  
      u_account_balance/g3623                   A ^ -> Y v   NAND3X1   0.854   4.435    7.593  
      u_account_balance/balance_db_reg[13][13]  -            SDFFQX1   0.000   4.435    7.593  
      ------------------------------------------------------------------------------------------
     Clock Rise Edge                      0.000
     + Source Insertion Delay             0.010
     = Beginpoint Arrival Time            0.010
     Other End Path:
      -----------------------------------------------------------------------------------
      Instance                                  Arc    Cell     Retime  Arrival  Required  
                                                                Delay   Time     Time  
      -----------------------------------------------------------------------------------
      -                                         clk ^  -        -       0.010    -3.147  
      u_account_balance/balance_db_reg[13][13]  -      SDFFQX1  0.000   0.010    -3.147  
      -----------------------------------------------------------------------------------
Path 4: MET Setup Check with Pin u_account_balance/balance_db_reg[13][12]/CK 
Endpoint:   u_account_balance/balance_db_reg[13][12]/SE (v) checked with  leading edge of 'clk'
Beginpoint: u_vehicle_interface/id_to_check_reg[3]/Q    (v) triggered by  leading edge of 'clk'
Path Groups: {clk}
Retime Analysis { Data Path-Slew }
Other End Arrival Time          0.010
- Setup                         0.417
+ Phase Shift                   8.000
= Required Time                 7.593
- Arrival Time                  4.435
= Slack Time                    3.157
= Slack Time(original)          3.136
     Clock Rise Edge                      0.000
     + Source Insertion Delay             0.010
     = Beginpoint Arrival Time            0.010
     Timing Path:
      ------------------------------------------------------------------------------------------
      Instance                                  Arc          Cell      Retime  Arrival  Required  
                                                                       Delay   Time     Time  
      ------------------------------------------------------------------------------------------
      -                                         clk ^        -         -       0.010    3.167  
      u_vehicle_interface/id_to_check_reg[3]    -            DFFQX1    0.000   0.010    3.167  
      u_vehicle_interface/id_to_check_reg[3]    CK ^ -> Q v  DFFQX1    0.511   0.521    3.678  
      u_account_balance/g12166                  -            CLKINVX1  0.000   0.521    3.678  
      u_account_balance/g12166                  A v -> Y ^   CLKINVX1  0.515   1.036    4.193  
      u_account_balance/g12164                  -            AND2X1    0.000   1.036    4.193  
      u_account_balance/g12164                  B ^ -> Y ^   AND2X1    0.560   1.596    4.753  
      u_account_balance/g12159                  -            CLKINVX1  0.000   1.596    4.753  
      u_account_balance/g12159                  A ^ -> Y v   CLKINVX1  0.115   1.711    4.868  
      u_account_balance/g12147                  -            NOR2XL    0.000   1.711    4.868  
      u_account_balance/g12147                  B v -> Y ^   NOR2XL    0.444   2.155    5.312  
      u_account_balance/g12034                  -            AOI222XL  0.000   2.155    5.312  
      u_account_balance/g12034                  C0 ^ -> Y v  AOI222XL  0.134   2.289    5.446  
      u_account_balance/g11985                  -            NAND4XL   0.000   2.289    5.446  
      u_account_balance/g11985                  C v -> Y ^   NAND4XL   0.156   2.445    5.602  
      u_account_balance/g11968                  -            NOR2XL    0.000   2.445    5.602  
      u_account_balance/g11968                  B ^ -> Y v   NOR2XL    0.090   2.534    5.692  
      u_account_balance/g11965                  -            NOR3BX1   0.000   2.534    5.692  
      u_account_balance/g11965                  AN v -> Y v  NOR3BX1   0.131   2.665    5.822  
      u_account_balance/g11962                  -            NAND4BXL  0.000   2.665    5.822  
      u_account_balance/g11962                  D v -> Y ^   NAND4BXL  0.074   2.739    5.897  
      u_account_balance/g11960                  -            OAI21X1   0.000   2.739    5.897  
      u_account_balance/g11960                  A1 ^ -> Y v  OAI21X1   0.103   2.843    6.000  
      u_account_balance/g11959                  -            NOR2BX1   0.000   2.843    6.000  
      u_account_balance/g11959                  B v -> Y ^   NOR2BX1   0.155   2.997    6.155  
      u_account_balance/g3648                   -            NAND2XL   0.000   2.997    6.155  
      u_account_balance/g3648                   B ^ -> Y v   NAND2XL   0.269   3.266    6.424  
      u_account_balance/g3631                   -            NOR2XL    0.000   3.266    6.424  
      u_account_balance/g3631                   B v -> Y ^   NOR2XL    0.315   3.581    6.738  
      u_account_balance/g3623                   -            NAND3X1   0.000   3.581    6.738  
      u_account_balance/g3623                   A ^ -> Y v   NAND3X1   0.854   4.435    7.593  
      u_account_balance/balance_db_reg[13][12]  -            SDFFQX1   0.000   4.435    7.593  
      ------------------------------------------------------------------------------------------
     Clock Rise Edge                      0.000
     + Source Insertion Delay             0.010
     = Beginpoint Arrival Time            0.010
     Other End Path:
      -----------------------------------------------------------------------------------
      Instance                                  Arc    Cell     Retime  Arrival  Required  
                                                                Delay   Time     Time  
      -----------------------------------------------------------------------------------
      -                                         clk ^  -        -       0.010    -3.147  
      u_account_balance/balance_db_reg[13][12]  -      SDFFQX1  0.000   0.010    -3.147  
      -----------------------------------------------------------------------------------
Path 5: MET Setup Check with Pin u_account_balance/balance_db_reg[13][11]/CK 
Endpoint:   u_account_balance/balance_db_reg[13][11]/SE (v) checked with  leading edge of 'clk'
Beginpoint: u_vehicle_interface/id_to_check_reg[3]/Q    (v) triggered by  leading edge of 'clk'
Path Groups: {clk}
Retime Analysis { Data Path-Slew }
Other End Arrival Time          0.010
- Setup                         0.417
+ Phase Shift                   8.000
= Required Time                 7.593
- Arrival Time                  4.435
= Slack Time                    3.157
= Slack Time(original)          3.136
     Clock Rise Edge                      0.000
     + Source Insertion Delay             0.010
     = Beginpoint Arrival Time            0.010
     Timing Path:
      ------------------------------------------------------------------------------------------
      Instance                                  Arc          Cell      Retime  Arrival  Required  
                                                                       Delay   Time     Time  
      ------------------------------------------------------------------------------------------
      -                                         clk ^        -         -       0.010    3.167  
      u_vehicle_interface/id_to_check_reg[3]    -            DFFQX1    0.000   0.010    3.167  
      u_vehicle_interface/id_to_check_reg[3]    CK ^ -> Q v  DFFQX1    0.511   0.521    3.678  
      u_account_balance/g12166                  -            CLKINVX1  0.000   0.521    3.678  
      u_account_balance/g12166                  A v -> Y ^   CLKINVX1  0.515   1.036    4.193  
      u_account_balance/g12164                  -            AND2X1    0.000   1.036    4.193  
      u_account_balance/g12164                  B ^ -> Y ^   AND2X1    0.560   1.596    4.753  
      u_account_balance/g12159                  -            CLKINVX1  0.000   1.596    4.753  
      u_account_balance/g12159                  A ^ -> Y v   CLKINVX1  0.115   1.711    4.868  
      u_account_balance/g12147                  -            NOR2XL    0.000   1.711    4.868  
      u_account_balance/g12147                  B v -> Y ^   NOR2XL    0.444   2.155    5.312  
      u_account_balance/g12034                  -            AOI222XL  0.000   2.155    5.312  
      u_account_balance/g12034                  C0 ^ -> Y v  AOI222XL  0.134   2.289    5.446  
      u_account_balance/g11985                  -            NAND4XL   0.000   2.289    5.446  
      u_account_balance/g11985                  C v -> Y ^   NAND4XL   0.156   2.445    5.602  
      u_account_balance/g11968                  -            NOR2XL    0.000   2.445    5.602  
      u_account_balance/g11968                  B ^ -> Y v   NOR2XL    0.090   2.534    5.692  
      u_account_balance/g11965                  -            NOR3BX1   0.000   2.534    5.692  
      u_account_balance/g11965                  AN v -> Y v  NOR3BX1   0.131   2.665    5.822  
      u_account_balance/g11962                  -            NAND4BXL  0.000   2.665    5.822  
      u_account_balance/g11962                  D v -> Y ^   NAND4BXL  0.074   2.739    5.897  
      u_account_balance/g11960                  -            OAI21X1   0.000   2.739    5.897  
      u_account_balance/g11960                  A1 ^ -> Y v  OAI21X1   0.103   2.843    6.000  
      u_account_balance/g11959                  -            NOR2BX1   0.000   2.843    6.000  
      u_account_balance/g11959                  B v -> Y ^   NOR2BX1   0.155   2.997    6.155  
      u_account_balance/g3648                   -            NAND2XL   0.000   2.997    6.155  
      u_account_balance/g3648                   B ^ -> Y v   NAND2XL   0.269   3.266    6.424  
      u_account_balance/g3631                   -            NOR2XL    0.000   3.266    6.424  
      u_account_balance/g3631                   B v -> Y ^   NOR2XL    0.315   3.581    6.738  
      u_account_balance/g3623                   -            NAND3X1   0.000   3.581    6.738  
      u_account_balance/g3623                   A ^ -> Y v   NAND3X1   0.854   4.435    7.593  
      u_account_balance/balance_db_reg[13][11]  -            SDFFQX1   0.000   4.435    7.593  
      ------------------------------------------------------------------------------------------
     Clock Rise Edge                      0.000
     + Source Insertion Delay             0.010
     = Beginpoint Arrival Time            0.010
     Other End Path:
      -----------------------------------------------------------------------------------
      Instance                                  Arc    Cell     Retime  Arrival  Required  
                                                                Delay   Time     Time  
      -----------------------------------------------------------------------------------
      -                                         clk ^  -        -       0.010    -3.147  
      u_account_balance/balance_db_reg[13][11]  -      SDFFQX1  0.000   0.010    -3.147  
      -----------------------------------------------------------------------------------
Path 6: MET Setup Check with Pin u_account_balance/balance_db_reg[13][10]/CK 
Endpoint:   u_account_balance/balance_db_reg[13][10]/SE (v) checked with  leading edge of 'clk'
Beginpoint: u_vehicle_interface/id_to_check_reg[3]/Q    (v) triggered by  leading edge of 'clk'
Path Groups: {clk}
Retime Analysis { Data Path-Slew }
Other End Arrival Time          0.010
- Setup                         0.417
+ Phase Shift                   8.000
= Required Time                 7.593
- Arrival Time                  4.435
= Slack Time                    3.157
= Slack Time(original)          3.136
     Clock Rise Edge                      0.000
     + Source Insertion Delay             0.010
     = Beginpoint Arrival Time            0.010
     Timing Path:
      ------------------------------------------------------------------------------------------
      Instance                                  Arc          Cell      Retime  Arrival  Required  
                                                                       Delay   Time     Time  
      ------------------------------------------------------------------------------------------
      -                                         clk ^        -         -       0.010    3.167  
      u_vehicle_interface/id_to_check_reg[3]    -            DFFQX1    0.000   0.010    3.167  
      u_vehicle_interface/id_to_check_reg[3]    CK ^ -> Q v  DFFQX1    0.511   0.521    3.678  
      u_account_balance/g12166                  -            CLKINVX1  0.000   0.521    3.678  
      u_account_balance/g12166                  A v -> Y ^   CLKINVX1  0.515   1.036    4.193  
      u_account_balance/g12164                  -            AND2X1    0.000   1.036    4.193  
      u_account_balance/g12164                  B ^ -> Y ^   AND2X1    0.560   1.596    4.753  
      u_account_balance/g12159                  -            CLKINVX1  0.000   1.596    4.753  
      u_account_balance/g12159                  A ^ -> Y v   CLKINVX1  0.115   1.711    4.868  
      u_account_balance/g12147                  -            NOR2XL    0.000   1.711    4.868  
      u_account_balance/g12147                  B v -> Y ^   NOR2XL    0.444   2.155    5.312  
      u_account_balance/g12034                  -            AOI222XL  0.000   2.155    5.312  
      u_account_balance/g12034                  C0 ^ -> Y v  AOI222XL  0.134   2.289    5.446  
      u_account_balance/g11985                  -            NAND4XL   0.000   2.289    5.446  
      u_account_balance/g11985                  C v -> Y ^   NAND4XL   0.156   2.445    5.602  
      u_account_balance/g11968                  -            NOR2XL    0.000   2.445    5.602  
      u_account_balance/g11968                  B ^ -> Y v   NOR2XL    0.090   2.534    5.692  
      u_account_balance/g11965                  -            NOR3BX1   0.000   2.534    5.692  
      u_account_balance/g11965                  AN v -> Y v  NOR3BX1   0.131   2.665    5.822  
      u_account_balance/g11962                  -            NAND4BXL  0.000   2.665    5.822  
      u_account_balance/g11962                  D v -> Y ^   NAND4BXL  0.074   2.739    5.897  
      u_account_balance/g11960                  -            OAI21X1   0.000   2.739    5.897  
      u_account_balance/g11960                  A1 ^ -> Y v  OAI21X1   0.103   2.843    6.000  
      u_account_balance/g11959                  -            NOR2BX1   0.000   2.843    6.000  
      u_account_balance/g11959                  B v -> Y ^   NOR2BX1   0.155   2.997    6.155  
      u_account_balance/g3648                   -            NAND2XL   0.000   2.997    6.155  
      u_account_balance/g3648                   B ^ -> Y v   NAND2XL   0.269   3.266    6.424  
      u_account_balance/g3631                   -            NOR2XL    0.000   3.266    6.424  
      u_account_balance/g3631                   B v -> Y ^   NOR2XL    0.315   3.581    6.738  
      u_account_balance/g3623                   -            NAND3X1   0.000   3.581    6.738  
      u_account_balance/g3623                   A ^ -> Y v   NAND3X1   0.854   4.435    7.593  
      u_account_balance/balance_db_reg[13][10]  -            SDFFQX1   0.000   4.435    7.593  
      ------------------------------------------------------------------------------------------
     Clock Rise Edge                      0.000
     + Source Insertion Delay             0.010
     = Beginpoint Arrival Time            0.010
     Other End Path:
      -----------------------------------------------------------------------------------
      Instance                                  Arc    Cell     Retime  Arrival  Required  
                                                                Delay   Time     Time  
      -----------------------------------------------------------------------------------
      -                                         clk ^  -        -       0.010    -3.147  
      u_account_balance/balance_db_reg[13][10]  -      SDFFQX1  0.000   0.010    -3.147  
      -----------------------------------------------------------------------------------
Path 7: MET Setup Check with Pin u_account_balance/balance_db_reg[13][9]/CK 
Endpoint:   u_account_balance/balance_db_reg[13][9]/SE (v) checked with  leading edge of 'clk'
Beginpoint: u_vehicle_interface/id_to_check_reg[3]/Q   (v) triggered by  leading edge of 'clk'
Path Groups: {clk}
Retime Analysis { Data Path-Slew }
Other End Arrival Time          0.010
- Setup                         0.417
+ Phase Shift                   8.000
= Required Time                 7.593
- Arrival Time                  4.435
= Slack Time                    3.157
= Slack Time(original)          3.136
     Clock Rise Edge                      0.000
     + Source Insertion Delay             0.010
     = Beginpoint Arrival Time            0.010
     Timing Path:
      -----------------------------------------------------------------------------------------
      Instance                                 Arc          Cell      Retime  Arrival  Required  
                                                                      Delay   Time     Time  
      -----------------------------------------------------------------------------------------
      -                                        clk ^        -         -       0.010    3.167  
      u_vehicle_interface/id_to_check_reg[3]   -            DFFQX1    0.000   0.010    3.167  
      u_vehicle_interface/id_to_check_reg[3]   CK ^ -> Q v  DFFQX1    0.511   0.521    3.678  
      u_account_balance/g12166                 -            CLKINVX1  0.000   0.521    3.678  
      u_account_balance/g12166                 A v -> Y ^   CLKINVX1  0.515   1.036    4.193  
      u_account_balance/g12164                 -            AND2X1    0.000   1.036    4.193  
      u_account_balance/g12164                 B ^ -> Y ^   AND2X1    0.560   1.596    4.753  
      u_account_balance/g12159                 -            CLKINVX1  0.000   1.596    4.753  
      u_account_balance/g12159                 A ^ -> Y v   CLKINVX1  0.115   1.711    4.868  
      u_account_balance/g12147                 -            NOR2XL    0.000   1.711    4.868  
      u_account_balance/g12147                 B v -> Y ^   NOR2XL    0.444   2.155    5.312  
      u_account_balance/g12034                 -            AOI222XL  0.000   2.155    5.312  
      u_account_balance/g12034                 C0 ^ -> Y v  AOI222XL  0.134   2.289    5.446  
      u_account_balance/g11985                 -            NAND4XL   0.000   2.289    5.446  
      u_account_balance/g11985                 C v -> Y ^   NAND4XL   0.156   2.445    5.602  
      u_account_balance/g11968                 -            NOR2XL    0.000   2.445    5.602  
      u_account_balance/g11968                 B ^ -> Y v   NOR2XL    0.090   2.534    5.692  
      u_account_balance/g11965                 -            NOR3BX1   0.000   2.534    5.692  
      u_account_balance/g11965                 AN v -> Y v  NOR3BX1   0.131   2.665    5.822  
      u_account_balance/g11962                 -            NAND4BXL  0.000   2.665    5.822  
      u_account_balance/g11962                 D v -> Y ^   NAND4BXL  0.074   2.739    5.897  
      u_account_balance/g11960                 -            OAI21X1   0.000   2.739    5.897  
      u_account_balance/g11960                 A1 ^ -> Y v  OAI21X1   0.103   2.843    6.000  
      u_account_balance/g11959                 -            NOR2BX1   0.000   2.843    6.000  
      u_account_balance/g11959                 B v -> Y ^   NOR2BX1   0.155   2.997    6.155  
      u_account_balance/g3648                  -            NAND2XL   0.000   2.997    6.155  
      u_account_balance/g3648                  B ^ -> Y v   NAND2XL   0.269   3.266    6.424  
      u_account_balance/g3631                  -            NOR2XL    0.000   3.266    6.424  
      u_account_balance/g3631                  B v -> Y ^   NOR2XL    0.315   3.581    6.738  
      u_account_balance/g3623                  -            NAND3X1   0.000   3.581    6.738  
      u_account_balance/g3623                  A ^ -> Y v   NAND3X1   0.854   4.435    7.593  
      u_account_balance/balance_db_reg[13][9]  -            SDFFQX1   0.000   4.435    7.593  
      -----------------------------------------------------------------------------------------
     Clock Rise Edge                      0.000
     + Source Insertion Delay             0.010
     = Beginpoint Arrival Time            0.010
     Other End Path:
      ----------------------------------------------------------------------------------
      Instance                                 Arc    Cell     Retime  Arrival  Required  
                                                               Delay   Time     Time  
      ----------------------------------------------------------------------------------
      -                                        clk ^  -        -       0.010    -3.147  
      u_account_balance/balance_db_reg[13][9]  -      SDFFQX1  0.000   0.010    -3.147  
      ----------------------------------------------------------------------------------
Path 8: MET Setup Check with Pin u_account_balance/balance_db_reg[13][8]/CK 
Endpoint:   u_account_balance/balance_db_reg[13][8]/SE (v) checked with  leading edge of 'clk'
Beginpoint: u_vehicle_interface/id_to_check_reg[3]/Q   (v) triggered by  leading edge of 'clk'
Path Groups: {clk}
Retime Analysis { Data Path-Slew }
Other End Arrival Time          0.010
- Setup                         0.417
+ Phase Shift                   8.000
= Required Time                 7.593
- Arrival Time                  4.435
= Slack Time                    3.157
= Slack Time(original)          3.136
     Clock Rise Edge                      0.000
     + Source Insertion Delay             0.010
     = Beginpoint Arrival Time            0.010
     Timing Path:
      -----------------------------------------------------------------------------------------
      Instance                                 Arc          Cell      Retime  Arrival  Required  
                                                                      Delay   Time     Time  
      -----------------------------------------------------------------------------------------
      -                                        clk ^        -         -       0.010    3.167  
      u_vehicle_interface/id_to_check_reg[3]   -            DFFQX1    0.000   0.010    3.167  
      u_vehicle_interface/id_to_check_reg[3]   CK ^ -> Q v  DFFQX1    0.511   0.521    3.678  
      u_account_balance/g12166                 -            CLKINVX1  0.000   0.521    3.678  
      u_account_balance/g12166                 A v -> Y ^   CLKINVX1  0.515   1.036    4.193  
      u_account_balance/g12164                 -            AND2X1    0.000   1.036    4.193  
      u_account_balance/g12164                 B ^ -> Y ^   AND2X1    0.560   1.596    4.753  
      u_account_balance/g12159                 -            CLKINVX1  0.000   1.596    4.753  
      u_account_balance/g12159                 A ^ -> Y v   CLKINVX1  0.115   1.711    4.868  
      u_account_balance/g12147                 -            NOR2XL    0.000   1.711    4.868  
      u_account_balance/g12147                 B v -> Y ^   NOR2XL    0.444   2.155    5.312  
      u_account_balance/g12034                 -            AOI222XL  0.000   2.155    5.312  
      u_account_balance/g12034                 C0 ^ -> Y v  AOI222XL  0.134   2.289    5.446  
      u_account_balance/g11985                 -            NAND4XL   0.000   2.289    5.446  
      u_account_balance/g11985                 C v -> Y ^   NAND4XL   0.156   2.445    5.602  
      u_account_balance/g11968                 -            NOR2XL    0.000   2.445    5.602  
      u_account_balance/g11968                 B ^ -> Y v   NOR2XL    0.090   2.534    5.692  
      u_account_balance/g11965                 -            NOR3BX1   0.000   2.534    5.692  
      u_account_balance/g11965                 AN v -> Y v  NOR3BX1   0.131   2.665    5.822  
      u_account_balance/g11962                 -            NAND4BXL  0.000   2.665    5.822  
      u_account_balance/g11962                 D v -> Y ^   NAND4BXL  0.074   2.739    5.897  
      u_account_balance/g11960                 -            OAI21X1   0.000   2.739    5.897  
      u_account_balance/g11960                 A1 ^ -> Y v  OAI21X1   0.103   2.843    6.000  
      u_account_balance/g11959                 -            NOR2BX1   0.000   2.843    6.000  
      u_account_balance/g11959                 B v -> Y ^   NOR2BX1   0.155   2.997    6.155  
      u_account_balance/g3648                  -            NAND2XL   0.000   2.997    6.155  
      u_account_balance/g3648                  B ^ -> Y v   NAND2XL   0.269   3.266    6.424  
      u_account_balance/g3631                  -            NOR2XL    0.000   3.266    6.424  
      u_account_balance/g3631                  B v -> Y ^   NOR2XL    0.315   3.581    6.738  
      u_account_balance/g3623                  -            NAND3X1   0.000   3.581    6.738  
      u_account_balance/g3623                  A ^ -> Y v   NAND3X1   0.854   4.435    7.593  
      u_account_balance/balance_db_reg[13][8]  -            SDFFQX1   0.000   4.435    7.593  
      -----------------------------------------------------------------------------------------
     Clock Rise Edge                      0.000
     + Source Insertion Delay             0.010
     = Beginpoint Arrival Time            0.010
     Other End Path:
      ----------------------------------------------------------------------------------
      Instance                                 Arc    Cell     Retime  Arrival  Required  
                                                               Delay   Time     Time  
      ----------------------------------------------------------------------------------
      -                                        clk ^  -        -       0.010    -3.147  
      u_account_balance/balance_db_reg[13][8]  -      SDFFQX1  0.000   0.010    -3.147  
      ----------------------------------------------------------------------------------
Path 9: MET Setup Check with Pin u_account_balance/balance_db_reg[13][7]/CK 
Endpoint:   u_account_balance/balance_db_reg[13][7]/SE (v) checked with  leading edge of 'clk'
Beginpoint: u_vehicle_interface/id_to_check_reg[3]/Q   (v) triggered by  leading edge of 'clk'
Path Groups: {clk}
Retime Analysis { Data Path-Slew }
Other End Arrival Time          0.010
- Setup                         0.417
+ Phase Shift                   8.000
= Required Time                 7.593
- Arrival Time                  4.435
= Slack Time                    3.157
= Slack Time(original)          3.136
     Clock Rise Edge                      0.000
     + Source Insertion Delay             0.010
     = Beginpoint Arrival Time            0.010
     Timing Path:
      -----------------------------------------------------------------------------------------
      Instance                                 Arc          Cell      Retime  Arrival  Required  
                                                                      Delay   Time     Time  
      -----------------------------------------------------------------------------------------
      -                                        clk ^        -         -       0.010    3.167  
      u_vehicle_interface/id_to_check_reg[3]   -            DFFQX1    0.000   0.010    3.167  
      u_vehicle_interface/id_to_check_reg[3]   CK ^ -> Q v  DFFQX1    0.511   0.521    3.678  
      u_account_balance/g12166                 -            CLKINVX1  0.000   0.521    3.678  
      u_account_balance/g12166                 A v -> Y ^   CLKINVX1  0.515   1.036    4.193  
      u_account_balance/g12164                 -            AND2X1    0.000   1.036    4.193  
      u_account_balance/g12164                 B ^ -> Y ^   AND2X1    0.560   1.596    4.753  
      u_account_balance/g12159                 -            CLKINVX1  0.000   1.596    4.753  
      u_account_balance/g12159                 A ^ -> Y v   CLKINVX1  0.115   1.711    4.868  
      u_account_balance/g12147                 -            NOR2XL    0.000   1.711    4.868  
      u_account_balance/g12147                 B v -> Y ^   NOR2XL    0.444   2.155    5.312  
      u_account_balance/g12034                 -            AOI222XL  0.000   2.155    5.312  
      u_account_balance/g12034                 C0 ^ -> Y v  AOI222XL  0.134   2.289    5.446  
      u_account_balance/g11985                 -            NAND4XL   0.000   2.289    5.446  
      u_account_balance/g11985                 C v -> Y ^   NAND4XL   0.156   2.445    5.602  
      u_account_balance/g11968                 -            NOR2XL    0.000   2.445    5.602  
      u_account_balance/g11968                 B ^ -> Y v   NOR2XL    0.090   2.534    5.692  
      u_account_balance/g11965                 -            NOR3BX1   0.000   2.534    5.692  
      u_account_balance/g11965                 AN v -> Y v  NOR3BX1   0.131   2.665    5.822  
      u_account_balance/g11962                 -            NAND4BXL  0.000   2.665    5.822  
      u_account_balance/g11962                 D v -> Y ^   NAND4BXL  0.074   2.739    5.897  
      u_account_balance/g11960                 -            OAI21X1   0.000   2.739    5.897  
      u_account_balance/g11960                 A1 ^ -> Y v  OAI21X1   0.103   2.843    6.000  
      u_account_balance/g11959                 -            NOR2BX1   0.000   2.843    6.000  
      u_account_balance/g11959                 B v -> Y ^   NOR2BX1   0.155   2.997    6.155  
      u_account_balance/g3648                  -            NAND2XL   0.000   2.997    6.155  
      u_account_balance/g3648                  B ^ -> Y v   NAND2XL   0.269   3.266    6.424  
      u_account_balance/g3631                  -            NOR2XL    0.000   3.266    6.424  
      u_account_balance/g3631                  B v -> Y ^   NOR2XL    0.315   3.581    6.738  
      u_account_balance/g3623                  -            NAND3X1   0.000   3.581    6.738  
      u_account_balance/g3623                  A ^ -> Y v   NAND3X1   0.854   4.435    7.593  
      u_account_balance/balance_db_reg[13][7]  -            SDFFQX1   0.000   4.435    7.593  
      -----------------------------------------------------------------------------------------
     Clock Rise Edge                      0.000
     + Source Insertion Delay             0.010
     = Beginpoint Arrival Time            0.010
     Other End Path:
      ----------------------------------------------------------------------------------
      Instance                                 Arc    Cell     Retime  Arrival  Required  
                                                               Delay   Time     Time  
      ----------------------------------------------------------------------------------
      -                                        clk ^  -        -       0.010    -3.147  
      u_account_balance/balance_db_reg[13][7]  -      SDFFQX1  0.000   0.010    -3.147  
      ----------------------------------------------------------------------------------
Path 10: MET Setup Check with Pin u_account_balance/balance_db_reg[13][6]/CK 
Endpoint:   u_account_balance/balance_db_reg[13][6]/SE (v) checked with  leading edge of 'clk'
Beginpoint: u_vehicle_interface/id_to_check_reg[3]/Q   (v) triggered by  leading edge of 'clk'
Path Groups: {clk}
Retime Analysis { Data Path-Slew }
Other End Arrival Time          0.010
- Setup                         0.417
+ Phase Shift                   8.000
= Required Time                 7.593
- Arrival Time                  4.435
= Slack Time                    3.157
= Slack Time(original)          3.136
     Clock Rise Edge                      0.000
     + Source Insertion Delay             0.010
     = Beginpoint Arrival Time            0.010
     Timing Path:
      -----------------------------------------------------------------------------------------
      Instance                                 Arc          Cell      Retime  Arrival  Required  
                                                                      Delay   Time     Time  
      -----------------------------------------------------------------------------------------
      -                                        clk ^        -         -       0.010    3.167  
      u_vehicle_interface/id_to_check_reg[3]   -            DFFQX1    0.000   0.010    3.167  
      u_vehicle_interface/id_to_check_reg[3]   CK ^ -> Q v  DFFQX1    0.511   0.521    3.678  
      u_account_balance/g12166                 -            CLKINVX1  0.000   0.521    3.678  
      u_account_balance/g12166                 A v -> Y ^   CLKINVX1  0.515   1.036    4.193  
      u_account_balance/g12164                 -            AND2X1    0.000   1.036    4.193  
      u_account_balance/g12164                 B ^ -> Y ^   AND2X1    0.560   1.596    4.753  
      u_account_balance/g12159                 -            CLKINVX1  0.000   1.596    4.753  
      u_account_balance/g12159                 A ^ -> Y v   CLKINVX1  0.115   1.711    4.868  
      u_account_balance/g12147                 -            NOR2XL    0.000   1.711    4.868  
      u_account_balance/g12147                 B v -> Y ^   NOR2XL    0.444   2.155    5.312  
      u_account_balance/g12034                 -            AOI222XL  0.000   2.155    5.312  
      u_account_balance/g12034                 C0 ^ -> Y v  AOI222XL  0.134   2.289    5.446  
      u_account_balance/g11985                 -            NAND4XL   0.000   2.289    5.446  
      u_account_balance/g11985                 C v -> Y ^   NAND4XL   0.156   2.445    5.602  
      u_account_balance/g11968                 -            NOR2XL    0.000   2.445    5.602  
      u_account_balance/g11968                 B ^ -> Y v   NOR2XL    0.090   2.534    5.692  
      u_account_balance/g11965                 -            NOR3BX1   0.000   2.534    5.692  
      u_account_balance/g11965                 AN v -> Y v  NOR3BX1   0.131   2.665    5.822  
      u_account_balance/g11962                 -            NAND4BXL  0.000   2.665    5.822  
      u_account_balance/g11962                 D v -> Y ^   NAND4BXL  0.074   2.739    5.897  
      u_account_balance/g11960                 -            OAI21X1   0.000   2.739    5.897  
      u_account_balance/g11960                 A1 ^ -> Y v  OAI21X1   0.103   2.843    6.000  
      u_account_balance/g11959                 -            NOR2BX1   0.000   2.843    6.000  
      u_account_balance/g11959                 B v -> Y ^   NOR2BX1   0.155   2.997    6.155  
      u_account_balance/g3648                  -            NAND2XL   0.000   2.997    6.155  
      u_account_balance/g3648                  B ^ -> Y v   NAND2XL   0.269   3.266    6.424  
      u_account_balance/g3631                  -            NOR2XL    0.000   3.266    6.424  
      u_account_balance/g3631                  B v -> Y ^   NOR2XL    0.315   3.581    6.738  
      u_account_balance/g3623                  -            NAND3X1   0.000   3.581    6.738  
      u_account_balance/g3623                  A ^ -> Y v   NAND3X1   0.854   4.435    7.593  
      u_account_balance/balance_db_reg[13][6]  -            SDFFQX1   0.000   4.435    7.593  
      -----------------------------------------------------------------------------------------
     Clock Rise Edge                      0.000
     + Source Insertion Delay             0.010
     = Beginpoint Arrival Time            0.010
     Other End Path:
      ----------------------------------------------------------------------------------
      Instance                                 Arc    Cell     Retime  Arrival  Required  
                                                               Delay   Time     Time  
      ----------------------------------------------------------------------------------
      -                                        clk ^  -        -       0.010    -3.147  
      u_account_balance/balance_db_reg[13][6]  -      SDFFQX1  0.000   0.010    -3.147  
      ----------------------------------------------------------------------------------
Path 11: MET Setup Check with Pin u_account_balance/balance_db_reg[13][5]/CK 
Endpoint:   u_account_balance/balance_db_reg[13][5]/SE (v) checked with  leading edge of 'clk'
Beginpoint: u_vehicle_interface/id_to_check_reg[3]/Q   (v) triggered by  leading edge of 'clk'
Path Groups: {clk}
Retime Analysis { Data Path-Slew }
Other End Arrival Time          0.010
- Setup                         0.417
+ Phase Shift                   8.000
= Required Time                 7.593
- Arrival Time                  4.435
= Slack Time                    3.157
= Slack Time(original)          3.136
     Clock Rise Edge                      0.000
     + Source Insertion Delay             0.010
     = Beginpoint Arrival Time            0.010
     Timing Path:
      -----------------------------------------------------------------------------------------
      Instance                                 Arc          Cell      Retime  Arrival  Required  
                                                                      Delay   Time     Time  
      -----------------------------------------------------------------------------------------
      -                                        clk ^        -         -       0.010    3.167  
      u_vehicle_interface/id_to_check_reg[3]   -            DFFQX1    0.000   0.010    3.167  
      u_vehicle_interface/id_to_check_reg[3]   CK ^ -> Q v  DFFQX1    0.511   0.521    3.678  
      u_account_balance/g12166                 -            CLKINVX1  0.000   0.521    3.678  
      u_account_balance/g12166                 A v -> Y ^   CLKINVX1  0.515   1.036    4.193  
      u_account_balance/g12164                 -            AND2X1    0.000   1.036    4.193  
      u_account_balance/g12164                 B ^ -> Y ^   AND2X1    0.560   1.596    4.753  
      u_account_balance/g12159                 -            CLKINVX1  0.000   1.596    4.753  
      u_account_balance/g12159                 A ^ -> Y v   CLKINVX1  0.115   1.711    4.868  
      u_account_balance/g12147                 -            NOR2XL    0.000   1.711    4.868  
      u_account_balance/g12147                 B v -> Y ^   NOR2XL    0.444   2.155    5.312  
      u_account_balance/g12034                 -            AOI222XL  0.000   2.155    5.312  
      u_account_balance/g12034                 C0 ^ -> Y v  AOI222XL  0.134   2.289    5.446  
      u_account_balance/g11985                 -            NAND4XL   0.000   2.289    5.446  
      u_account_balance/g11985                 C v -> Y ^   NAND4XL   0.156   2.445    5.602  
      u_account_balance/g11968                 -            NOR2XL    0.000   2.445    5.602  
      u_account_balance/g11968                 B ^ -> Y v   NOR2XL    0.090   2.534    5.692  
      u_account_balance/g11965                 -            NOR3BX1   0.000   2.534    5.692  
      u_account_balance/g11965                 AN v -> Y v  NOR3BX1   0.131   2.665    5.822  
      u_account_balance/g11962                 -            NAND4BXL  0.000   2.665    5.822  
      u_account_balance/g11962                 D v -> Y ^   NAND4BXL  0.074   2.739    5.897  
      u_account_balance/g11960                 -            OAI21X1   0.000   2.739    5.897  
      u_account_balance/g11960                 A1 ^ -> Y v  OAI21X1   0.103   2.843    6.000  
      u_account_balance/g11959                 -            NOR2BX1   0.000   2.843    6.000  
      u_account_balance/g11959                 B v -> Y ^   NOR2BX1   0.155   2.997    6.155  
      u_account_balance/g3648                  -            NAND2XL   0.000   2.997    6.155  
      u_account_balance/g3648                  B ^ -> Y v   NAND2XL   0.269   3.266    6.424  
      u_account_balance/g3631                  -            NOR2XL    0.000   3.266    6.424  
      u_account_balance/g3631                  B v -> Y ^   NOR2XL    0.315   3.581    6.738  
      u_account_balance/g3623                  -            NAND3X1   0.000   3.581    6.738  
      u_account_balance/g3623                  A ^ -> Y v   NAND3X1   0.854   4.435    7.593  
      u_account_balance/balance_db_reg[13][5]  -            SDFFQX1   0.000   4.435    7.593  
      -----------------------------------------------------------------------------------------
     Clock Rise Edge                      0.000
     + Source Insertion Delay             0.010
     = Beginpoint Arrival Time            0.010
     Other End Path:
      ----------------------------------------------------------------------------------
      Instance                                 Arc    Cell     Retime  Arrival  Required  
                                                               Delay   Time     Time  
      ----------------------------------------------------------------------------------
      -                                        clk ^  -        -       0.010    -3.147  
      u_account_balance/balance_db_reg[13][5]  -      SDFFQX1  0.000   0.010    -3.147  
      ----------------------------------------------------------------------------------
Path 12: MET Setup Check with Pin u_account_balance/balance_db_reg[13][4]/CK 
Endpoint:   u_account_balance/balance_db_reg[13][4]/SE (v) checked with  leading edge of 'clk'
Beginpoint: u_vehicle_interface/id_to_check_reg[3]/Q   (v) triggered by  leading edge of 'clk'
Path Groups: {clk}
Retime Analysis { Data Path-Slew }
Other End Arrival Time          0.010
- Setup                         0.417
+ Phase Shift                   8.000
= Required Time                 7.593
- Arrival Time                  4.435
= Slack Time                    3.157
= Slack Time(original)          3.136
     Clock Rise Edge                      0.000
     + Source Insertion Delay             0.010
     = Beginpoint Arrival Time            0.010
     Timing Path:
      -----------------------------------------------------------------------------------------
      Instance                                 Arc          Cell      Retime  Arrival  Required  
                                                                      Delay   Time     Time  
      -----------------------------------------------------------------------------------------
      -                                        clk ^        -         -       0.010    3.167  
      u_vehicle_interface/id_to_check_reg[3]   -            DFFQX1    0.000   0.010    3.167  
      u_vehicle_interface/id_to_check_reg[3]   CK ^ -> Q v  DFFQX1    0.511   0.521    3.678  
      u_account_balance/g12166                 -            CLKINVX1  0.000   0.521    3.678  
      u_account_balance/g12166                 A v -> Y ^   CLKINVX1  0.515   1.036    4.193  
      u_account_balance/g12164                 -            AND2X1    0.000   1.036    4.193  
      u_account_balance/g12164                 B ^ -> Y ^   AND2X1    0.560   1.596    4.753  
      u_account_balance/g12159                 -            CLKINVX1  0.000   1.596    4.753  
      u_account_balance/g12159                 A ^ -> Y v   CLKINVX1  0.115   1.711    4.868  
      u_account_balance/g12147                 -            NOR2XL    0.000   1.711    4.868  
      u_account_balance/g12147                 B v -> Y ^   NOR2XL    0.444   2.155    5.312  
      u_account_balance/g12034                 -            AOI222XL  0.000   2.155    5.312  
      u_account_balance/g12034                 C0 ^ -> Y v  AOI222XL  0.134   2.289    5.446  
      u_account_balance/g11985                 -            NAND4XL   0.000   2.289    5.446  
      u_account_balance/g11985                 C v -> Y ^   NAND4XL   0.156   2.445    5.602  
      u_account_balance/g11968                 -            NOR2XL    0.000   2.445    5.602  
      u_account_balance/g11968                 B ^ -> Y v   NOR2XL    0.090   2.534    5.692  
      u_account_balance/g11965                 -            NOR3BX1   0.000   2.534    5.692  
      u_account_balance/g11965                 AN v -> Y v  NOR3BX1   0.131   2.665    5.822  
      u_account_balance/g11962                 -            NAND4BXL  0.000   2.665    5.822  
      u_account_balance/g11962                 D v -> Y ^   NAND4BXL  0.074   2.739    5.897  
      u_account_balance/g11960                 -            OAI21X1   0.000   2.739    5.897  
      u_account_balance/g11960                 A1 ^ -> Y v  OAI21X1   0.103   2.843    6.000  
      u_account_balance/g11959                 -            NOR2BX1   0.000   2.843    6.000  
      u_account_balance/g11959                 B v -> Y ^   NOR2BX1   0.155   2.997    6.155  
      u_account_balance/g3648                  -            NAND2XL   0.000   2.997    6.155  
      u_account_balance/g3648                  B ^ -> Y v   NAND2XL   0.269   3.266    6.424  
      u_account_balance/g3631                  -            NOR2XL    0.000   3.266    6.424  
      u_account_balance/g3631                  B v -> Y ^   NOR2XL    0.315   3.581    6.738  
      u_account_balance/g3623                  -            NAND3X1   0.000   3.581    6.738  
      u_account_balance/g3623                  A ^ -> Y v   NAND3X1   0.854   4.435    7.593  
      u_account_balance/balance_db_reg[13][4]  -            SDFFQX1   0.000   4.435    7.593  
      -----------------------------------------------------------------------------------------
     Clock Rise Edge                      0.000
     + Source Insertion Delay             0.010
     = Beginpoint Arrival Time            0.010
     Other End Path:
      ----------------------------------------------------------------------------------
      Instance                                 Arc    Cell     Retime  Arrival  Required  
                                                               Delay   Time     Time  
      ----------------------------------------------------------------------------------
      -                                        clk ^  -        -       0.010    -3.147  
      u_account_balance/balance_db_reg[13][4]  -      SDFFQX1  0.000   0.010    -3.147  
      ----------------------------------------------------------------------------------
Path 13: MET Setup Check with Pin u_account_balance/balance_db_reg[13][3]/CK 
Endpoint:   u_account_balance/balance_db_reg[13][3]/SE (v) checked with  leading edge of 'clk'
Beginpoint: u_vehicle_interface/id_to_check_reg[3]/Q   (v) triggered by  leading edge of 'clk'
Path Groups: {clk}
Retime Analysis { Data Path-Slew }
Other End Arrival Time          0.010
- Setup                         0.417
+ Phase Shift                   8.000
= Required Time                 7.593
- Arrival Time                  4.435
= Slack Time                    3.157
= Slack Time(original)          3.136
     Clock Rise Edge                      0.000
     + Source Insertion Delay             0.010
     = Beginpoint Arrival Time            0.010
     Timing Path:
      -----------------------------------------------------------------------------------------
      Instance                                 Arc          Cell      Retime  Arrival  Required  
                                                                      Delay   Time     Time  
      -----------------------------------------------------------------------------------------
      -                                        clk ^        -         -       0.010    3.167  
      u_vehicle_interface/id_to_check_reg[3]   -            DFFQX1    0.000   0.010    3.167  
      u_vehicle_interface/id_to_check_reg[3]   CK ^ -> Q v  DFFQX1    0.511   0.521    3.678  
      u_account_balance/g12166                 -            CLKINVX1  0.000   0.521    3.678  
      u_account_balance/g12166                 A v -> Y ^   CLKINVX1  0.515   1.036    4.193  
      u_account_balance/g12164                 -            AND2X1    0.000   1.036    4.193  
      u_account_balance/g12164                 B ^ -> Y ^   AND2X1    0.560   1.596    4.753  
      u_account_balance/g12159                 -            CLKINVX1  0.000   1.596    4.753  
      u_account_balance/g12159                 A ^ -> Y v   CLKINVX1  0.115   1.711    4.868  
      u_account_balance/g12147                 -            NOR2XL    0.000   1.711    4.868  
      u_account_balance/g12147                 B v -> Y ^   NOR2XL    0.444   2.155    5.312  
      u_account_balance/g12034                 -            AOI222XL  0.000   2.155    5.312  
      u_account_balance/g12034                 C0 ^ -> Y v  AOI222XL  0.134   2.289    5.446  
      u_account_balance/g11985                 -            NAND4XL   0.000   2.289    5.446  
      u_account_balance/g11985                 C v -> Y ^   NAND4XL   0.156   2.445    5.602  
      u_account_balance/g11968                 -            NOR2XL    0.000   2.445    5.602  
      u_account_balance/g11968                 B ^ -> Y v   NOR2XL    0.090   2.534    5.692  
      u_account_balance/g11965                 -            NOR3BX1   0.000   2.534    5.692  
      u_account_balance/g11965                 AN v -> Y v  NOR3BX1   0.131   2.665    5.822  
      u_account_balance/g11962                 -            NAND4BXL  0.000   2.665    5.822  
      u_account_balance/g11962                 D v -> Y ^   NAND4BXL  0.074   2.739    5.897  
      u_account_balance/g11960                 -            OAI21X1   0.000   2.739    5.897  
      u_account_balance/g11960                 A1 ^ -> Y v  OAI21X1   0.103   2.843    6.000  
      u_account_balance/g11959                 -            NOR2BX1   0.000   2.843    6.000  
      u_account_balance/g11959                 B v -> Y ^   NOR2BX1   0.155   2.997    6.155  
      u_account_balance/g3648                  -            NAND2XL   0.000   2.997    6.155  
      u_account_balance/g3648                  B ^ -> Y v   NAND2XL   0.269   3.266    6.424  
      u_account_balance/g3631                  -            NOR2XL    0.000   3.266    6.424  
      u_account_balance/g3631                  B v -> Y ^   NOR2XL    0.315   3.581    6.738  
      u_account_balance/g3623                  -            NAND3X1   0.000   3.581    6.738  
      u_account_balance/g3623                  A ^ -> Y v   NAND3X1   0.854   4.435    7.593  
      u_account_balance/balance_db_reg[13][3]  -            SDFFQX1   0.000   4.435    7.593  
      -----------------------------------------------------------------------------------------
     Clock Rise Edge                      0.000
     + Source Insertion Delay             0.010
     = Beginpoint Arrival Time            0.010
     Other End Path:
      ----------------------------------------------------------------------------------
      Instance                                 Arc    Cell     Retime  Arrival  Required  
                                                               Delay   Time     Time  
      ----------------------------------------------------------------------------------
      -                                        clk ^  -        -       0.010    -3.147  
      u_account_balance/balance_db_reg[13][3]  -      SDFFQX1  0.000   0.010    -3.147  
      ----------------------------------------------------------------------------------
Path 14: MET Setup Check with Pin u_account_balance/balance_db_reg[13][2]/CK 
Endpoint:   u_account_balance/balance_db_reg[13][2]/SE (v) checked with  leading edge of 'clk'
Beginpoint: u_vehicle_interface/id_to_check_reg[3]/Q   (v) triggered by  leading edge of 'clk'
Path Groups: {clk}
Retime Analysis { Data Path-Slew }
Other End Arrival Time          0.010
- Setup                         0.417
+ Phase Shift                   8.000
= Required Time                 7.593
- Arrival Time                  4.435
= Slack Time                    3.157
= Slack Time(original)          3.136
     Clock Rise Edge                      0.000
     + Source Insertion Delay             0.010
     = Beginpoint Arrival Time            0.010
     Timing Path:
      -----------------------------------------------------------------------------------------
      Instance                                 Arc          Cell      Retime  Arrival  Required  
                                                                      Delay   Time     Time  
      -----------------------------------------------------------------------------------------
      -                                        clk ^        -         -       0.010    3.167  
      u_vehicle_interface/id_to_check_reg[3]   -            DFFQX1    0.000   0.010    3.167  
      u_vehicle_interface/id_to_check_reg[3]   CK ^ -> Q v  DFFQX1    0.511   0.521    3.678  
      u_account_balance/g12166                 -            CLKINVX1  0.000   0.521    3.678  
      u_account_balance/g12166                 A v -> Y ^   CLKINVX1  0.515   1.036    4.193  
      u_account_balance/g12164                 -            AND2X1    0.000   1.036    4.193  
      u_account_balance/g12164                 B ^ -> Y ^   AND2X1    0.560   1.596    4.753  
      u_account_balance/g12159                 -            CLKINVX1  0.000   1.596    4.753  
      u_account_balance/g12159                 A ^ -> Y v   CLKINVX1  0.115   1.711    4.868  
      u_account_balance/g12147                 -            NOR2XL    0.000   1.711    4.868  
      u_account_balance/g12147                 B v -> Y ^   NOR2XL    0.444   2.155    5.312  
      u_account_balance/g12034                 -            AOI222XL  0.000   2.155    5.312  
      u_account_balance/g12034                 C0 ^ -> Y v  AOI222XL  0.134   2.289    5.446  
      u_account_balance/g11985                 -            NAND4XL   0.000   2.289    5.446  
      u_account_balance/g11985                 C v -> Y ^   NAND4XL   0.156   2.445    5.602  
      u_account_balance/g11968                 -            NOR2XL    0.000   2.445    5.602  
      u_account_balance/g11968                 B ^ -> Y v   NOR2XL    0.090   2.534    5.692  
      u_account_balance/g11965                 -            NOR3BX1   0.000   2.534    5.692  
      u_account_balance/g11965                 AN v -> Y v  NOR3BX1   0.131   2.665    5.822  
      u_account_balance/g11962                 -            NAND4BXL  0.000   2.665    5.822  
      u_account_balance/g11962                 D v -> Y ^   NAND4BXL  0.074   2.739    5.897  
      u_account_balance/g11960                 -            OAI21X1   0.000   2.739    5.897  
      u_account_balance/g11960                 A1 ^ -> Y v  OAI21X1   0.103   2.843    6.000  
      u_account_balance/g11959                 -            NOR2BX1   0.000   2.843    6.000  
      u_account_balance/g11959                 B v -> Y ^   NOR2BX1   0.155   2.997    6.155  
      u_account_balance/g3648                  -            NAND2XL   0.000   2.997    6.155  
      u_account_balance/g3648                  B ^ -> Y v   NAND2XL   0.269   3.266    6.424  
      u_account_balance/g3631                  -            NOR2XL    0.000   3.266    6.424  
      u_account_balance/g3631                  B v -> Y ^   NOR2XL    0.315   3.581    6.738  
      u_account_balance/g3623                  -            NAND3X1   0.000   3.581    6.738  
      u_account_balance/g3623                  A ^ -> Y v   NAND3X1   0.854   4.435    7.593  
      u_account_balance/balance_db_reg[13][2]  -            SDFFQX1   0.000   4.435    7.593  
      -----------------------------------------------------------------------------------------
     Clock Rise Edge                      0.000
     + Source Insertion Delay             0.010
     = Beginpoint Arrival Time            0.010
     Other End Path:
      ----------------------------------------------------------------------------------
      Instance                                 Arc    Cell     Retime  Arrival  Required  
                                                               Delay   Time     Time  
      ----------------------------------------------------------------------------------
      -                                        clk ^  -        -       0.010    -3.147  
      u_account_balance/balance_db_reg[13][2]  -      SDFFQX1  0.000   0.010    -3.147  
      ----------------------------------------------------------------------------------
Path 15: MET Setup Check with Pin u_account_balance/balance_db_reg[13][1]/CK 
Endpoint:   u_account_balance/balance_db_reg[13][1]/SE (v) checked with  leading edge of 'clk'
Beginpoint: u_vehicle_interface/id_to_check_reg[3]/Q   (v) triggered by  leading edge of 'clk'
Path Groups: {clk}
Retime Analysis { Data Path-Slew }
Other End Arrival Time          0.010
- Setup                         0.417
+ Phase Shift                   8.000
= Required Time                 7.593
- Arrival Time                  4.435
= Slack Time                    3.157
= Slack Time(original)          3.136
     Clock Rise Edge                      0.000
     + Source Insertion Delay             0.010
     = Beginpoint Arrival Time            0.010
     Timing Path:
      -----------------------------------------------------------------------------------------
      Instance                                 Arc          Cell      Retime  Arrival  Required  
                                                                      Delay   Time     Time  
      -----------------------------------------------------------------------------------------
      -                                        clk ^        -         -       0.010    3.167  
      u_vehicle_interface/id_to_check_reg[3]   -            DFFQX1    0.000   0.010    3.167  
      u_vehicle_interface/id_to_check_reg[3]   CK ^ -> Q v  DFFQX1    0.511   0.521    3.678  
      u_account_balance/g12166                 -            CLKINVX1  0.000   0.521    3.678  
      u_account_balance/g12166                 A v -> Y ^   CLKINVX1  0.515   1.036    4.193  
      u_account_balance/g12164                 -            AND2X1    0.000   1.036    4.193  
      u_account_balance/g12164                 B ^ -> Y ^   AND2X1    0.560   1.596    4.753  
      u_account_balance/g12159                 -            CLKINVX1  0.000   1.596    4.753  
      u_account_balance/g12159                 A ^ -> Y v   CLKINVX1  0.115   1.711    4.868  
      u_account_balance/g12147                 -            NOR2XL    0.000   1.711    4.868  
      u_account_balance/g12147                 B v -> Y ^   NOR2XL    0.444   2.155    5.312  
      u_account_balance/g12034                 -            AOI222XL  0.000   2.155    5.312  
      u_account_balance/g12034                 C0 ^ -> Y v  AOI222XL  0.134   2.289    5.446  
      u_account_balance/g11985                 -            NAND4XL   0.000   2.289    5.446  
      u_account_balance/g11985                 C v -> Y ^   NAND4XL   0.156   2.445    5.602  
      u_account_balance/g11968                 -            NOR2XL    0.000   2.445    5.602  
      u_account_balance/g11968                 B ^ -> Y v   NOR2XL    0.090   2.534    5.692  
      u_account_balance/g11965                 -            NOR3BX1   0.000   2.534    5.692  
      u_account_balance/g11965                 AN v -> Y v  NOR3BX1   0.131   2.665    5.822  
      u_account_balance/g11962                 -            NAND4BXL  0.000   2.665    5.822  
      u_account_balance/g11962                 D v -> Y ^   NAND4BXL  0.074   2.739    5.897  
      u_account_balance/g11960                 -            OAI21X1   0.000   2.739    5.897  
      u_account_balance/g11960                 A1 ^ -> Y v  OAI21X1   0.103   2.843    6.000  
      u_account_balance/g11959                 -            NOR2BX1   0.000   2.843    6.000  
      u_account_balance/g11959                 B v -> Y ^   NOR2BX1   0.155   2.997    6.155  
      u_account_balance/g3648                  -            NAND2XL   0.000   2.997    6.155  
      u_account_balance/g3648                  B ^ -> Y v   NAND2XL   0.269   3.266    6.424  
      u_account_balance/g3631                  -            NOR2XL    0.000   3.266    6.424  
      u_account_balance/g3631                  B v -> Y ^   NOR2XL    0.315   3.581    6.738  
      u_account_balance/g3623                  -            NAND3X1   0.000   3.581    6.738  
      u_account_balance/g3623                  A ^ -> Y v   NAND3X1   0.854   4.435    7.593  
      u_account_balance/balance_db_reg[13][1]  -            SDFFQX1   0.000   4.435    7.593  
      -----------------------------------------------------------------------------------------
     Clock Rise Edge                      0.000
     + Source Insertion Delay             0.010
     = Beginpoint Arrival Time            0.010
     Other End Path:
      ----------------------------------------------------------------------------------
      Instance                                 Arc    Cell     Retime  Arrival  Required  
                                                               Delay   Time     Time  
      ----------------------------------------------------------------------------------
      -                                        clk ^  -        -       0.010    -3.147  
      u_account_balance/balance_db_reg[13][1]  -      SDFFQX1  0.000   0.010    -3.147  
      ----------------------------------------------------------------------------------
Path 16: MET Setup Check with Pin u_account_balance/balance_db_reg[11][15]/CK 
Endpoint:   u_account_balance/balance_db_reg[11][15]/SE (v) checked with  leading edge of 'clk'
Beginpoint: u_vehicle_interface/id_to_check_reg[3]/Q    (v) triggered by  leading edge of 'clk'
Path Groups: {clk}
Retime Analysis { Data Path-Slew }
Other End Arrival Time          0.010
- Setup                         0.417
+ Phase Shift                   8.000
= Required Time                 7.593
- Arrival Time                  4.435
= Slack Time                    3.157
= Slack Time(original)          3.136
     Clock Rise Edge                      0.000
     + Source Insertion Delay             0.010
     = Beginpoint Arrival Time            0.010
     Timing Path:
      ------------------------------------------------------------------------------------------
      Instance                                  Arc          Cell      Retime  Arrival  Required  
                                                                       Delay   Time     Time  
      ------------------------------------------------------------------------------------------
      -                                         clk ^        -         -       0.010    3.167  
      u_vehicle_interface/id_to_check_reg[3]    -            DFFQX1    0.000   0.010    3.167  
      u_vehicle_interface/id_to_check_reg[3]    CK ^ -> Q v  DFFQX1    0.511   0.521    3.679  
      u_account_balance/g12166                  -            CLKINVX1  0.000   0.521    3.679  
      u_account_balance/g12166                  A v -> Y ^   CLKINVX1  0.515   1.036    4.193  
      u_account_balance/g12164                  -            AND2X1    0.000   1.036    4.193  
      u_account_balance/g12164                  B ^ -> Y ^   AND2X1    0.560   1.596    4.753  
      u_account_balance/g12159                  -            CLKINVX1  0.000   1.596    4.753  
      u_account_balance/g12159                  A ^ -> Y v   CLKINVX1  0.115   1.711    4.868  
      u_account_balance/g12147                  -            NOR2XL    0.000   1.711    4.868  
      u_account_balance/g12147                  B v -> Y ^   NOR2XL    0.444   2.155    5.312  
      u_account_balance/g12034                  -            AOI222XL  0.000   2.155    5.312  
      u_account_balance/g12034                  C0 ^ -> Y v  AOI222XL  0.134   2.289    5.446  
      u_account_balance/g11985                  -            NAND4XL   0.000   2.289    5.446  
      u_account_balance/g11985                  C v -> Y ^   NAND4XL   0.156   2.445    5.602  
      u_account_balance/g11968                  -            NOR2XL    0.000   2.445    5.602  
      u_account_balance/g11968                  B ^ -> Y v   NOR2XL    0.090   2.534    5.692  
      u_account_balance/g11965                  -            NOR3BX1   0.000   2.534    5.692  
      u_account_balance/g11965                  AN v -> Y v  NOR3BX1   0.131   2.665    5.822  
      u_account_balance/g11962                  -            NAND4BXL  0.000   2.665    5.822  
      u_account_balance/g11962                  D v -> Y ^   NAND4BXL  0.074   2.739    5.897  
      u_account_balance/g11960                  -            OAI21X1   0.000   2.739    5.897  
      u_account_balance/g11960                  A1 ^ -> Y v  OAI21X1   0.103   2.843    6.000  
      u_account_balance/g11959                  -            NOR2BX1   0.000   2.843    6.000  
      u_account_balance/g11959                  B v -> Y ^   NOR2BX1   0.155   2.997    6.155  
      u_account_balance/g3648                   -            NAND2XL   0.000   2.997    6.155  
      u_account_balance/g3648                   B ^ -> Y v   NAND2XL   0.269   3.266    6.424  
      u_account_balance/g3631                   -            NOR2XL    0.000   3.266    6.424  
      u_account_balance/g3631                   B v -> Y ^   NOR2XL    0.315   3.581    6.738  
      u_account_balance/g3624                   -            NAND3X1   0.000   3.581    6.738  
      u_account_balance/g3624                   A ^ -> Y v   NAND3X1   0.854   4.435    7.593  
      u_account_balance/balance_db_reg[11][15]  -            SDFFQX1   0.000   4.435    7.593  
      ------------------------------------------------------------------------------------------
     Clock Rise Edge                      0.000
     + Source Insertion Delay             0.010
     = Beginpoint Arrival Time            0.010
     Other End Path:
      -----------------------------------------------------------------------------------
      Instance                                  Arc    Cell     Retime  Arrival  Required  
                                                                Delay   Time     Time  
      -----------------------------------------------------------------------------------
      -                                         clk ^  -        -       0.010    -3.147  
      u_account_balance/balance_db_reg[11][15]  -      SDFFQX1  0.000   0.010    -3.147  
      -----------------------------------------------------------------------------------
Path 17: MET Setup Check with Pin u_account_balance/balance_db_reg[11][14]/CK 
Endpoint:   u_account_balance/balance_db_reg[11][14]/SE (v) checked with  leading edge of 'clk'
Beginpoint: u_vehicle_interface/id_to_check_reg[3]/Q    (v) triggered by  leading edge of 'clk'
Path Groups: {clk}
Retime Analysis { Data Path-Slew }
Other End Arrival Time          0.010
- Setup                         0.417
+ Phase Shift                   8.000
= Required Time                 7.593
- Arrival Time                  4.435
= Slack Time                    3.157
= Slack Time(original)          3.136
     Clock Rise Edge                      0.000
     + Source Insertion Delay             0.010
     = Beginpoint Arrival Time            0.010
     Timing Path:
      ------------------------------------------------------------------------------------------
      Instance                                  Arc          Cell      Retime  Arrival  Required  
                                                                       Delay   Time     Time  
      ------------------------------------------------------------------------------------------
      -                                         clk ^        -         -       0.010    3.167  
      u_vehicle_interface/id_to_check_reg[3]    -            DFFQX1    0.000   0.010    3.167  
      u_vehicle_interface/id_to_check_reg[3]    CK ^ -> Q v  DFFQX1    0.511   0.521    3.679  
      u_account_balance/g12166                  -            CLKINVX1  0.000   0.521    3.679  
      u_account_balance/g12166                  A v -> Y ^   CLKINVX1  0.515   1.036    4.193  
      u_account_balance/g12164                  -            AND2X1    0.000   1.036    4.193  
      u_account_balance/g12164                  B ^ -> Y ^   AND2X1    0.560   1.596    4.753  
      u_account_balance/g12159                  -            CLKINVX1  0.000   1.596    4.753  
      u_account_balance/g12159                  A ^ -> Y v   CLKINVX1  0.115   1.711    4.868  
      u_account_balance/g12147                  -            NOR2XL    0.000   1.711    4.868  
      u_account_balance/g12147                  B v -> Y ^   NOR2XL    0.444   2.155    5.312  
      u_account_balance/g12034                  -            AOI222XL  0.000   2.155    5.312  
      u_account_balance/g12034                  C0 ^ -> Y v  AOI222XL  0.134   2.289    5.446  
      u_account_balance/g11985                  -            NAND4XL   0.000   2.289    5.446  
      u_account_balance/g11985                  C v -> Y ^   NAND4XL   0.156   2.445    5.602  
      u_account_balance/g11968                  -            NOR2XL    0.000   2.445    5.602  
      u_account_balance/g11968                  B ^ -> Y v   NOR2XL    0.090   2.534    5.692  
      u_account_balance/g11965                  -            NOR3BX1   0.000   2.534    5.692  
      u_account_balance/g11965                  AN v -> Y v  NOR3BX1   0.131   2.665    5.822  
      u_account_balance/g11962                  -            NAND4BXL  0.000   2.665    5.822  
      u_account_balance/g11962                  D v -> Y ^   NAND4BXL  0.074   2.739    5.897  
      u_account_balance/g11960                  -            OAI21X1   0.000   2.739    5.897  
      u_account_balance/g11960                  A1 ^ -> Y v  OAI21X1   0.103   2.843    6.000  
      u_account_balance/g11959                  -            NOR2BX1   0.000   2.843    6.000  
      u_account_balance/g11959                  B v -> Y ^   NOR2BX1   0.155   2.997    6.155  
      u_account_balance/g3648                   -            NAND2XL   0.000   2.997    6.155  
      u_account_balance/g3648                   B ^ -> Y v   NAND2XL   0.269   3.266    6.424  
      u_account_balance/g3631                   -            NOR2XL    0.000   3.266    6.424  
      u_account_balance/g3631                   B v -> Y ^   NOR2XL    0.315   3.581    6.738  
      u_account_balance/g3624                   -            NAND3X1   0.000   3.581    6.738  
      u_account_balance/g3624                   A ^ -> Y v   NAND3X1   0.854   4.435    7.593  
      u_account_balance/balance_db_reg[11][14]  -            SDFFQX1   0.000   4.435    7.593  
      ------------------------------------------------------------------------------------------
     Clock Rise Edge                      0.000
     + Source Insertion Delay             0.010
     = Beginpoint Arrival Time            0.010
     Other End Path:
      -----------------------------------------------------------------------------------
      Instance                                  Arc    Cell     Retime  Arrival  Required  
                                                                Delay   Time     Time  
      -----------------------------------------------------------------------------------
      -                                         clk ^  -        -       0.010    -3.147  
      u_account_balance/balance_db_reg[11][14]  -      SDFFQX1  0.000   0.010    -3.147  
      -----------------------------------------------------------------------------------
Path 18: MET Setup Check with Pin u_account_balance/balance_db_reg[11][13]/CK 
Endpoint:   u_account_balance/balance_db_reg[11][13]/SE (v) checked with  leading edge of 'clk'
Beginpoint: u_vehicle_interface/id_to_check_reg[3]/Q    (v) triggered by  leading edge of 'clk'
Path Groups: {clk}
Retime Analysis { Data Path-Slew }
Other End Arrival Time          0.010
- Setup                         0.417
+ Phase Shift                   8.000
= Required Time                 7.593
- Arrival Time                  4.435
= Slack Time                    3.157
= Slack Time(original)          3.136
     Clock Rise Edge                      0.000
     + Source Insertion Delay             0.010
     = Beginpoint Arrival Time            0.010
     Timing Path:
      ------------------------------------------------------------------------------------------
      Instance                                  Arc          Cell      Retime  Arrival  Required  
                                                                       Delay   Time     Time  
      ------------------------------------------------------------------------------------------
      -                                         clk ^        -         -       0.010    3.167  
      u_vehicle_interface/id_to_check_reg[3]    -            DFFQX1    0.000   0.010    3.167  
      u_vehicle_interface/id_to_check_reg[3]    CK ^ -> Q v  DFFQX1    0.511   0.521    3.679  
      u_account_balance/g12166                  -            CLKINVX1  0.000   0.521    3.679  
      u_account_balance/g12166                  A v -> Y ^   CLKINVX1  0.515   1.036    4.193  
      u_account_balance/g12164                  -            AND2X1    0.000   1.036    4.193  
      u_account_balance/g12164                  B ^ -> Y ^   AND2X1    0.560   1.596    4.753  
      u_account_balance/g12159                  -            CLKINVX1  0.000   1.596    4.753  
      u_account_balance/g12159                  A ^ -> Y v   CLKINVX1  0.115   1.711    4.868  
      u_account_balance/g12147                  -            NOR2XL    0.000   1.711    4.868  
      u_account_balance/g12147                  B v -> Y ^   NOR2XL    0.444   2.155    5.312  
      u_account_balance/g12034                  -            AOI222XL  0.000   2.155    5.312  
      u_account_balance/g12034                  C0 ^ -> Y v  AOI222XL  0.134   2.289    5.446  
      u_account_balance/g11985                  -            NAND4XL   0.000   2.289    5.446  
      u_account_balance/g11985                  C v -> Y ^   NAND4XL   0.156   2.445    5.602  
      u_account_balance/g11968                  -            NOR2XL    0.000   2.445    5.602  
      u_account_balance/g11968                  B ^ -> Y v   NOR2XL    0.090   2.534    5.692  
      u_account_balance/g11965                  -            NOR3BX1   0.000   2.534    5.692  
      u_account_balance/g11965                  AN v -> Y v  NOR3BX1   0.131   2.665    5.822  
      u_account_balance/g11962                  -            NAND4BXL  0.000   2.665    5.822  
      u_account_balance/g11962                  D v -> Y ^   NAND4BXL  0.074   2.739    5.897  
      u_account_balance/g11960                  -            OAI21X1   0.000   2.739    5.897  
      u_account_balance/g11960                  A1 ^ -> Y v  OAI21X1   0.103   2.843    6.000  
      u_account_balance/g11959                  -            NOR2BX1   0.000   2.843    6.000  
      u_account_balance/g11959                  B v -> Y ^   NOR2BX1   0.155   2.997    6.155  
      u_account_balance/g3648                   -            NAND2XL   0.000   2.997    6.155  
      u_account_balance/g3648                   B ^ -> Y v   NAND2XL   0.269   3.266    6.424  
      u_account_balance/g3631                   -            NOR2XL    0.000   3.266    6.424  
      u_account_balance/g3631                   B v -> Y ^   NOR2XL    0.315   3.581    6.738  
      u_account_balance/g3624                   -            NAND3X1   0.000   3.581    6.738  
      u_account_balance/g3624                   A ^ -> Y v   NAND3X1   0.854   4.435    7.593  
      u_account_balance/balance_db_reg[11][13]  -            SDFFQX1   0.000   4.435    7.593  
      ------------------------------------------------------------------------------------------
     Clock Rise Edge                      0.000
     + Source Insertion Delay             0.010
     = Beginpoint Arrival Time            0.010
     Other End Path:
      -----------------------------------------------------------------------------------
      Instance                                  Arc    Cell     Retime  Arrival  Required  
                                                                Delay   Time     Time  
      -----------------------------------------------------------------------------------
      -                                         clk ^  -        -       0.010    -3.147  
      u_account_balance/balance_db_reg[11][13]  -      SDFFQX1  0.000   0.010    -3.147  
      -----------------------------------------------------------------------------------
Path 19: MET Setup Check with Pin u_account_balance/balance_db_reg[11][12]/CK 
Endpoint:   u_account_balance/balance_db_reg[11][12]/SE (v) checked with  leading edge of 'clk'
Beginpoint: u_vehicle_interface/id_to_check_reg[3]/Q    (v) triggered by  leading edge of 'clk'
Path Groups: {clk}
Retime Analysis { Data Path-Slew }
Other End Arrival Time          0.010
- Setup                         0.417
+ Phase Shift                   8.000
= Required Time                 7.593
- Arrival Time                  4.435
= Slack Time                    3.157
= Slack Time(original)          3.136
     Clock Rise Edge                      0.000
     + Source Insertion Delay             0.010
     = Beginpoint Arrival Time            0.010
     Timing Path:
      ------------------------------------------------------------------------------------------
      Instance                                  Arc          Cell      Retime  Arrival  Required  
                                                                       Delay   Time     Time  
      ------------------------------------------------------------------------------------------
      -                                         clk ^        -         -       0.010    3.167  
      u_vehicle_interface/id_to_check_reg[3]    -            DFFQX1    0.000   0.010    3.167  
      u_vehicle_interface/id_to_check_reg[3]    CK ^ -> Q v  DFFQX1    0.511   0.521    3.679  
      u_account_balance/g12166                  -            CLKINVX1  0.000   0.521    3.679  
      u_account_balance/g12166                  A v -> Y ^   CLKINVX1  0.515   1.036    4.193  
      u_account_balance/g12164                  -            AND2X1    0.000   1.036    4.193  
      u_account_balance/g12164                  B ^ -> Y ^   AND2X1    0.560   1.596    4.753  
      u_account_balance/g12159                  -            CLKINVX1  0.000   1.596    4.753  
      u_account_balance/g12159                  A ^ -> Y v   CLKINVX1  0.115   1.711    4.868  
      u_account_balance/g12147                  -            NOR2XL    0.000   1.711    4.868  
      u_account_balance/g12147                  B v -> Y ^   NOR2XL    0.444   2.155    5.312  
      u_account_balance/g12034                  -            AOI222XL  0.000   2.155    5.312  
      u_account_balance/g12034                  C0 ^ -> Y v  AOI222XL  0.134   2.289    5.446  
      u_account_balance/g11985                  -            NAND4XL   0.000   2.289    5.446  
      u_account_balance/g11985                  C v -> Y ^   NAND4XL   0.156   2.445    5.602  
      u_account_balance/g11968                  -            NOR2XL    0.000   2.445    5.602  
      u_account_balance/g11968                  B ^ -> Y v   NOR2XL    0.090   2.534    5.692  
      u_account_balance/g11965                  -            NOR3BX1   0.000   2.534    5.692  
      u_account_balance/g11965                  AN v -> Y v  NOR3BX1   0.131   2.665    5.822  
      u_account_balance/g11962                  -            NAND4BXL  0.000   2.665    5.822  
      u_account_balance/g11962                  D v -> Y ^   NAND4BXL  0.074   2.739    5.897  
      u_account_balance/g11960                  -            OAI21X1   0.000   2.739    5.897  
      u_account_balance/g11960                  A1 ^ -> Y v  OAI21X1   0.103   2.843    6.000  
      u_account_balance/g11959                  -            NOR2BX1   0.000   2.843    6.000  
      u_account_balance/g11959                  B v -> Y ^   NOR2BX1   0.155   2.997    6.155  
      u_account_balance/g3648                   -            NAND2XL   0.000   2.997    6.155  
      u_account_balance/g3648                   B ^ -> Y v   NAND2XL   0.269   3.266    6.424  
      u_account_balance/g3631                   -            NOR2XL    0.000   3.266    6.424  
      u_account_balance/g3631                   B v -> Y ^   NOR2XL    0.315   3.581    6.738  
      u_account_balance/g3624                   -            NAND3X1   0.000   3.581    6.738  
      u_account_balance/g3624                   A ^ -> Y v   NAND3X1   0.854   4.435    7.593  
      u_account_balance/balance_db_reg[11][12]  -            SDFFQX1   0.000   4.435    7.593  
      ------------------------------------------------------------------------------------------
     Clock Rise Edge                      0.000
     + Source Insertion Delay             0.010
     = Beginpoint Arrival Time            0.010
     Other End Path:
      -----------------------------------------------------------------------------------
      Instance                                  Arc    Cell     Retime  Arrival  Required  
                                                                Delay   Time     Time  
      -----------------------------------------------------------------------------------
      -                                         clk ^  -        -       0.010    -3.147  
      u_account_balance/balance_db_reg[11][12]  -      SDFFQX1  0.000   0.010    -3.147  
      -----------------------------------------------------------------------------------
Path 20: MET Setup Check with Pin u_account_balance/balance_db_reg[11][11]/CK 
Endpoint:   u_account_balance/balance_db_reg[11][11]/SE (v) checked with  leading edge of 'clk'
Beginpoint: u_vehicle_interface/id_to_check_reg[3]/Q    (v) triggered by  leading edge of 'clk'
Path Groups: {clk}
Retime Analysis { Data Path-Slew }
Other End Arrival Time          0.010
- Setup                         0.417
+ Phase Shift                   8.000
= Required Time                 7.593
- Arrival Time                  4.435
= Slack Time                    3.157
= Slack Time(original)          3.136
     Clock Rise Edge                      0.000
     + Source Insertion Delay             0.010
     = Beginpoint Arrival Time            0.010
     Timing Path:
      ------------------------------------------------------------------------------------------
      Instance                                  Arc          Cell      Retime  Arrival  Required  
                                                                       Delay   Time     Time  
      ------------------------------------------------------------------------------------------
      -                                         clk ^        -         -       0.010    3.167  
      u_vehicle_interface/id_to_check_reg[3]    -            DFFQX1    0.000   0.010    3.167  
      u_vehicle_interface/id_to_check_reg[3]    CK ^ -> Q v  DFFQX1    0.511   0.521    3.679  
      u_account_balance/g12166                  -            CLKINVX1  0.000   0.521    3.679  
      u_account_balance/g12166                  A v -> Y ^   CLKINVX1  0.515   1.036    4.193  
      u_account_balance/g12164                  -            AND2X1    0.000   1.036    4.193  
      u_account_balance/g12164                  B ^ -> Y ^   AND2X1    0.560   1.596    4.753  
      u_account_balance/g12159                  -            CLKINVX1  0.000   1.596    4.753  
      u_account_balance/g12159                  A ^ -> Y v   CLKINVX1  0.115   1.711    4.868  
      u_account_balance/g12147                  -            NOR2XL    0.000   1.711    4.868  
      u_account_balance/g12147                  B v -> Y ^   NOR2XL    0.444   2.155    5.312  
      u_account_balance/g12034                  -            AOI222XL  0.000   2.155    5.312  
      u_account_balance/g12034                  C0 ^ -> Y v  AOI222XL  0.134   2.289    5.446  
      u_account_balance/g11985                  -            NAND4XL   0.000   2.289    5.446  
      u_account_balance/g11985                  C v -> Y ^   NAND4XL   0.156   2.445    5.602  
      u_account_balance/g11968                  -            NOR2XL    0.000   2.445    5.602  
      u_account_balance/g11968                  B ^ -> Y v   NOR2XL    0.090   2.534    5.692  
      u_account_balance/g11965                  -            NOR3BX1   0.000   2.534    5.692  
      u_account_balance/g11965                  AN v -> Y v  NOR3BX1   0.131   2.665    5.822  
      u_account_balance/g11962                  -            NAND4BXL  0.000   2.665    5.822  
      u_account_balance/g11962                  D v -> Y ^   NAND4BXL  0.074   2.739    5.897  
      u_account_balance/g11960                  -            OAI21X1   0.000   2.739    5.897  
      u_account_balance/g11960                  A1 ^ -> Y v  OAI21X1   0.103   2.843    6.000  
      u_account_balance/g11959                  -            NOR2BX1   0.000   2.843    6.000  
      u_account_balance/g11959                  B v -> Y ^   NOR2BX1   0.155   2.997    6.155  
      u_account_balance/g3648                   -            NAND2XL   0.000   2.997    6.155  
      u_account_balance/g3648                   B ^ -> Y v   NAND2XL   0.269   3.266    6.424  
      u_account_balance/g3631                   -            NOR2XL    0.000   3.266    6.424  
      u_account_balance/g3631                   B v -> Y ^   NOR2XL    0.315   3.581    6.738  
      u_account_balance/g3624                   -            NAND3X1   0.000   3.581    6.738  
      u_account_balance/g3624                   A ^ -> Y v   NAND3X1   0.854   4.435    7.593  
      u_account_balance/balance_db_reg[11][11]  -            SDFFQX1   0.000   4.435    7.593  
      ------------------------------------------------------------------------------------------
     Clock Rise Edge                      0.000
     + Source Insertion Delay             0.010
     = Beginpoint Arrival Time            0.010
     Other End Path:
      -----------------------------------------------------------------------------------
      Instance                                  Arc    Cell     Retime  Arrival  Required  
                                                                Delay   Time     Time  
      -----------------------------------------------------------------------------------
      -                                         clk ^  -        -       0.010    -3.147  
      u_account_balance/balance_db_reg[11][11]  -      SDFFQX1  0.000   0.010    -3.147  
      -----------------------------------------------------------------------------------
Path 21: MET Setup Check with Pin u_account_balance/balance_db_reg[11][10]/CK 
Endpoint:   u_account_balance/balance_db_reg[11][10]/SE (v) checked with  leading edge of 'clk'
Beginpoint: u_vehicle_interface/id_to_check_reg[3]/Q    (v) triggered by  leading edge of 'clk'
Path Groups: {clk}
Retime Analysis { Data Path-Slew }
Other End Arrival Time          0.010
- Setup                         0.417
+ Phase Shift                   8.000
= Required Time                 7.593
- Arrival Time                  4.435
= Slack Time                    3.157
= Slack Time(original)          3.136
     Clock Rise Edge                      0.000
     + Source Insertion Delay             0.010
     = Beginpoint Arrival Time            0.010
     Timing Path:
      ------------------------------------------------------------------------------------------
      Instance                                  Arc          Cell      Retime  Arrival  Required  
                                                                       Delay   Time     Time  
      ------------------------------------------------------------------------------------------
      -                                         clk ^        -         -       0.010    3.167  
      u_vehicle_interface/id_to_check_reg[3]    -            DFFQX1    0.000   0.010    3.167  
      u_vehicle_interface/id_to_check_reg[3]    CK ^ -> Q v  DFFQX1    0.511   0.521    3.679  
      u_account_balance/g12166                  -            CLKINVX1  0.000   0.521    3.679  
      u_account_balance/g12166                  A v -> Y ^   CLKINVX1  0.515   1.036    4.193  
      u_account_balance/g12164                  -            AND2X1    0.000   1.036    4.193  
      u_account_balance/g12164                  B ^ -> Y ^   AND2X1    0.560   1.596    4.753  
      u_account_balance/g12159                  -            CLKINVX1  0.000   1.596    4.753  
      u_account_balance/g12159                  A ^ -> Y v   CLKINVX1  0.115   1.711    4.868  
      u_account_balance/g12147                  -            NOR2XL    0.000   1.711    4.868  
      u_account_balance/g12147                  B v -> Y ^   NOR2XL    0.444   2.155    5.312  
      u_account_balance/g12034                  -            AOI222XL  0.000   2.155    5.312  
      u_account_balance/g12034                  C0 ^ -> Y v  AOI222XL  0.134   2.289    5.446  
      u_account_balance/g11985                  -            NAND4XL   0.000   2.289    5.446  
      u_account_balance/g11985                  C v -> Y ^   NAND4XL   0.156   2.445    5.602  
      u_account_balance/g11968                  -            NOR2XL    0.000   2.445    5.602  
      u_account_balance/g11968                  B ^ -> Y v   NOR2XL    0.090   2.534    5.692  
      u_account_balance/g11965                  -            NOR3BX1   0.000   2.534    5.692  
      u_account_balance/g11965                  AN v -> Y v  NOR3BX1   0.131   2.665    5.822  
      u_account_balance/g11962                  -            NAND4BXL  0.000   2.665    5.822  
      u_account_balance/g11962                  D v -> Y ^   NAND4BXL  0.074   2.739    5.897  
      u_account_balance/g11960                  -            OAI21X1   0.000   2.739    5.897  
      u_account_balance/g11960                  A1 ^ -> Y v  OAI21X1   0.103   2.843    6.000  
      u_account_balance/g11959                  -            NOR2BX1   0.000   2.843    6.000  
      u_account_balance/g11959                  B v -> Y ^   NOR2BX1   0.155   2.997    6.155  
      u_account_balance/g3648                   -            NAND2XL   0.000   2.997    6.155  
      u_account_balance/g3648                   B ^ -> Y v   NAND2XL   0.269   3.266    6.424  
      u_account_balance/g3631                   -            NOR2XL    0.000   3.266    6.424  
      u_account_balance/g3631                   B v -> Y ^   NOR2XL    0.315   3.581    6.738  
      u_account_balance/g3624                   -            NAND3X1   0.000   3.581    6.738  
      u_account_balance/g3624                   A ^ -> Y v   NAND3X1   0.854   4.435    7.593  
      u_account_balance/balance_db_reg[11][10]  -            SDFFQX1   0.000   4.435    7.593  
      ------------------------------------------------------------------------------------------
     Clock Rise Edge                      0.000
     + Source Insertion Delay             0.010
     = Beginpoint Arrival Time            0.010
     Other End Path:
      -----------------------------------------------------------------------------------
      Instance                                  Arc    Cell     Retime  Arrival  Required  
                                                                Delay   Time     Time  
      -----------------------------------------------------------------------------------
      -                                         clk ^  -        -       0.010    -3.147  
      u_account_balance/balance_db_reg[11][10]  -      SDFFQX1  0.000   0.010    -3.147  
      -----------------------------------------------------------------------------------
Path 22: MET Setup Check with Pin u_account_balance/balance_db_reg[11][9]/CK 
Endpoint:   u_account_balance/balance_db_reg[11][9]/SE (v) checked with  leading edge of 'clk'
Beginpoint: u_vehicle_interface/id_to_check_reg[3]/Q   (v) triggered by  leading edge of 'clk'
Path Groups: {clk}
Retime Analysis { Data Path-Slew }
Other End Arrival Time          0.010
- Setup                         0.417
+ Phase Shift                   8.000
= Required Time                 7.593
- Arrival Time                  4.435
= Slack Time                    3.157
= Slack Time(original)          3.136
     Clock Rise Edge                      0.000
     + Source Insertion Delay             0.010
     = Beginpoint Arrival Time            0.010
     Timing Path:
      -----------------------------------------------------------------------------------------
      Instance                                 Arc          Cell      Retime  Arrival  Required  
                                                                      Delay   Time     Time  
      -----------------------------------------------------------------------------------------
      -                                        clk ^        -         -       0.010    3.167  
      u_vehicle_interface/id_to_check_reg[3]   -            DFFQX1    0.000   0.010    3.167  
      u_vehicle_interface/id_to_check_reg[3]   CK ^ -> Q v  DFFQX1    0.511   0.521    3.679  
      u_account_balance/g12166                 -            CLKINVX1  0.000   0.521    3.679  
      u_account_balance/g12166                 A v -> Y ^   CLKINVX1  0.515   1.036    4.193  
      u_account_balance/g12164                 -            AND2X1    0.000   1.036    4.193  
      u_account_balance/g12164                 B ^ -> Y ^   AND2X1    0.560   1.596    4.753  
      u_account_balance/g12159                 -            CLKINVX1  0.000   1.596    4.753  
      u_account_balance/g12159                 A ^ -> Y v   CLKINVX1  0.115   1.711    4.868  
      u_account_balance/g12147                 -            NOR2XL    0.000   1.711    4.868  
      u_account_balance/g12147                 B v -> Y ^   NOR2XL    0.444   2.155    5.312  
      u_account_balance/g12034                 -            AOI222XL  0.000   2.155    5.312  
      u_account_balance/g12034                 C0 ^ -> Y v  AOI222XL  0.134   2.289    5.446  
      u_account_balance/g11985                 -            NAND4XL   0.000   2.289    5.446  
      u_account_balance/g11985                 C v -> Y ^   NAND4XL   0.156   2.445    5.602  
      u_account_balance/g11968                 -            NOR2XL    0.000   2.445    5.602  
      u_account_balance/g11968                 B ^ -> Y v   NOR2XL    0.090   2.534    5.692  
      u_account_balance/g11965                 -            NOR3BX1   0.000   2.534    5.692  
      u_account_balance/g11965                 AN v -> Y v  NOR3BX1   0.131   2.665    5.822  
      u_account_balance/g11962                 -            NAND4BXL  0.000   2.665    5.822  
      u_account_balance/g11962                 D v -> Y ^   NAND4BXL  0.074   2.739    5.897  
      u_account_balance/g11960                 -            OAI21X1   0.000   2.739    5.897  
      u_account_balance/g11960                 A1 ^ -> Y v  OAI21X1   0.103   2.843    6.000  
      u_account_balance/g11959                 -            NOR2BX1   0.000   2.843    6.000  
      u_account_balance/g11959                 B v -> Y ^   NOR2BX1   0.155   2.997    6.155  
      u_account_balance/g3648                  -            NAND2XL   0.000   2.997    6.155  
      u_account_balance/g3648                  B ^ -> Y v   NAND2XL   0.269   3.266    6.424  
      u_account_balance/g3631                  -            NOR2XL    0.000   3.266    6.424  
      u_account_balance/g3631                  B v -> Y ^   NOR2XL    0.315   3.581    6.738  
      u_account_balance/g3624                  -            NAND3X1   0.000   3.581    6.738  
      u_account_balance/g3624                  A ^ -> Y v   NAND3X1   0.854   4.435    7.593  
      u_account_balance/balance_db_reg[11][9]  -            SDFFQX1   0.000   4.435    7.593  
      -----------------------------------------------------------------------------------------
     Clock Rise Edge                      0.000
     + Source Insertion Delay             0.010
     = Beginpoint Arrival Time            0.010
     Other End Path:
      ----------------------------------------------------------------------------------
      Instance                                 Arc    Cell     Retime  Arrival  Required  
                                                               Delay   Time     Time  
      ----------------------------------------------------------------------------------
      -                                        clk ^  -        -       0.010    -3.147  
      u_account_balance/balance_db_reg[11][9]  -      SDFFQX1  0.000   0.010    -3.147  
      ----------------------------------------------------------------------------------
Path 23: MET Setup Check with Pin u_account_balance/balance_db_reg[11][8]/CK 
Endpoint:   u_account_balance/balance_db_reg[11][8]/SE (v) checked with  leading edge of 'clk'
Beginpoint: u_vehicle_interface/id_to_check_reg[3]/Q   (v) triggered by  leading edge of 'clk'
Path Groups: {clk}
Retime Analysis { Data Path-Slew }
Other End Arrival Time          0.010
- Setup                         0.417
+ Phase Shift                   8.000
= Required Time                 7.593
- Arrival Time                  4.435
= Slack Time                    3.157
= Slack Time(original)          3.136
     Clock Rise Edge                      0.000
     + Source Insertion Delay             0.010
     = Beginpoint Arrival Time            0.010
     Timing Path:
      -----------------------------------------------------------------------------------------
      Instance                                 Arc          Cell      Retime  Arrival  Required  
                                                                      Delay   Time     Time  
      -----------------------------------------------------------------------------------------
      -                                        clk ^        -         -       0.010    3.167  
      u_vehicle_interface/id_to_check_reg[3]   -            DFFQX1    0.000   0.010    3.167  
      u_vehicle_interface/id_to_check_reg[3]   CK ^ -> Q v  DFFQX1    0.511   0.521    3.679  
      u_account_balance/g12166                 -            CLKINVX1  0.000   0.521    3.679  
      u_account_balance/g12166                 A v -> Y ^   CLKINVX1  0.515   1.036    4.193  
      u_account_balance/g12164                 -            AND2X1    0.000   1.036    4.193  
      u_account_balance/g12164                 B ^ -> Y ^   AND2X1    0.560   1.596    4.753  
      u_account_balance/g12159                 -            CLKINVX1  0.000   1.596    4.753  
      u_account_balance/g12159                 A ^ -> Y v   CLKINVX1  0.115   1.711    4.868  
      u_account_balance/g12147                 -            NOR2XL    0.000   1.711    4.868  
      u_account_balance/g12147                 B v -> Y ^   NOR2XL    0.444   2.155    5.312  
      u_account_balance/g12034                 -            AOI222XL  0.000   2.155    5.312  
      u_account_balance/g12034                 C0 ^ -> Y v  AOI222XL  0.134   2.289    5.446  
      u_account_balance/g11985                 -            NAND4XL   0.000   2.289    5.446  
      u_account_balance/g11985                 C v -> Y ^   NAND4XL   0.156   2.445    5.602  
      u_account_balance/g11968                 -            NOR2XL    0.000   2.445    5.602  
      u_account_balance/g11968                 B ^ -> Y v   NOR2XL    0.090   2.534    5.692  
      u_account_balance/g11965                 -            NOR3BX1   0.000   2.534    5.692  
      u_account_balance/g11965                 AN v -> Y v  NOR3BX1   0.131   2.665    5.822  
      u_account_balance/g11962                 -            NAND4BXL  0.000   2.665    5.822  
      u_account_balance/g11962                 D v -> Y ^   NAND4BXL  0.074   2.739    5.897  
      u_account_balance/g11960                 -            OAI21X1   0.000   2.739    5.897  
      u_account_balance/g11960                 A1 ^ -> Y v  OAI21X1   0.103   2.843    6.000  
      u_account_balance/g11959                 -            NOR2BX1   0.000   2.843    6.000  
      u_account_balance/g11959                 B v -> Y ^   NOR2BX1   0.155   2.997    6.155  
      u_account_balance/g3648                  -            NAND2XL   0.000   2.997    6.155  
      u_account_balance/g3648                  B ^ -> Y v   NAND2XL   0.269   3.266    6.424  
      u_account_balance/g3631                  -            NOR2XL    0.000   3.266    6.424  
      u_account_balance/g3631                  B v -> Y ^   NOR2XL    0.315   3.581    6.738  
      u_account_balance/g3624                  -            NAND3X1   0.000   3.581    6.738  
      u_account_balance/g3624                  A ^ -> Y v   NAND3X1   0.854   4.435    7.593  
      u_account_balance/balance_db_reg[11][8]  -            SDFFQX1   0.000   4.435    7.593  
      -----------------------------------------------------------------------------------------
     Clock Rise Edge                      0.000
     + Source Insertion Delay             0.010
     = Beginpoint Arrival Time            0.010
     Other End Path:
      ----------------------------------------------------------------------------------
      Instance                                 Arc    Cell     Retime  Arrival  Required  
                                                               Delay   Time     Time  
      ----------------------------------------------------------------------------------
      -                                        clk ^  -        -       0.010    -3.147  
      u_account_balance/balance_db_reg[11][8]  -      SDFFQX1  0.000   0.010    -3.147  
      ----------------------------------------------------------------------------------
Path 24: MET Setup Check with Pin u_account_balance/balance_db_reg[11][7]/CK 
Endpoint:   u_account_balance/balance_db_reg[11][7]/SE (v) checked with  leading edge of 'clk'
Beginpoint: u_vehicle_interface/id_to_check_reg[3]/Q   (v) triggered by  leading edge of 'clk'
Path Groups: {clk}
Retime Analysis { Data Path-Slew }
Other End Arrival Time          0.010
- Setup                         0.417
+ Phase Shift                   8.000
= Required Time                 7.593
- Arrival Time                  4.435
= Slack Time                    3.157
= Slack Time(original)          3.136
     Clock Rise Edge                      0.000
     + Source Insertion Delay             0.010
     = Beginpoint Arrival Time            0.010
     Timing Path:
      -----------------------------------------------------------------------------------------
      Instance                                 Arc          Cell      Retime  Arrival  Required  
                                                                      Delay   Time     Time  
      -----------------------------------------------------------------------------------------
      -                                        clk ^        -         -       0.010    3.167  
      u_vehicle_interface/id_to_check_reg[3]   -            DFFQX1    0.000   0.010    3.167  
      u_vehicle_interface/id_to_check_reg[3]   CK ^ -> Q v  DFFQX1    0.511   0.521    3.679  
      u_account_balance/g12166                 -            CLKINVX1  0.000   0.521    3.679  
      u_account_balance/g12166                 A v -> Y ^   CLKINVX1  0.515   1.036    4.193  
      u_account_balance/g12164                 -            AND2X1    0.000   1.036    4.193  
      u_account_balance/g12164                 B ^ -> Y ^   AND2X1    0.560   1.596    4.753  
      u_account_balance/g12159                 -            CLKINVX1  0.000   1.596    4.753  
      u_account_balance/g12159                 A ^ -> Y v   CLKINVX1  0.115   1.711    4.868  
      u_account_balance/g12147                 -            NOR2XL    0.000   1.711    4.868  
      u_account_balance/g12147                 B v -> Y ^   NOR2XL    0.444   2.155    5.312  
      u_account_balance/g12034                 -            AOI222XL  0.000   2.155    5.312  
      u_account_balance/g12034                 C0 ^ -> Y v  AOI222XL  0.134   2.289    5.446  
      u_account_balance/g11985                 -            NAND4XL   0.000   2.289    5.446  
      u_account_balance/g11985                 C v -> Y ^   NAND4XL   0.156   2.445    5.602  
      u_account_balance/g11968                 -            NOR2XL    0.000   2.445    5.602  
      u_account_balance/g11968                 B ^ -> Y v   NOR2XL    0.090   2.534    5.692  
      u_account_balance/g11965                 -            NOR3BX1   0.000   2.534    5.692  
      u_account_balance/g11965                 AN v -> Y v  NOR3BX1   0.131   2.665    5.822  
      u_account_balance/g11962                 -            NAND4BXL  0.000   2.665    5.822  
      u_account_balance/g11962                 D v -> Y ^   NAND4BXL  0.074   2.739    5.897  
      u_account_balance/g11960                 -            OAI21X1   0.000   2.739    5.897  
      u_account_balance/g11960                 A1 ^ -> Y v  OAI21X1   0.103   2.843    6.000  
      u_account_balance/g11959                 -            NOR2BX1   0.000   2.843    6.000  
      u_account_balance/g11959                 B v -> Y ^   NOR2BX1   0.155   2.997    6.155  
      u_account_balance/g3648                  -            NAND2XL   0.000   2.997    6.155  
      u_account_balance/g3648                  B ^ -> Y v   NAND2XL   0.269   3.266    6.424  
      u_account_balance/g3631                  -            NOR2XL    0.000   3.266    6.424  
      u_account_balance/g3631                  B v -> Y ^   NOR2XL    0.315   3.581    6.738  
      u_account_balance/g3624                  -            NAND3X1   0.000   3.581    6.738  
      u_account_balance/g3624                  A ^ -> Y v   NAND3X1   0.854   4.435    7.593  
      u_account_balance/balance_db_reg[11][7]  -            SDFFQX1   0.000   4.435    7.593  
      -----------------------------------------------------------------------------------------
     Clock Rise Edge                      0.000
     + Source Insertion Delay             0.010
     = Beginpoint Arrival Time            0.010
     Other End Path:
      ----------------------------------------------------------------------------------
      Instance                                 Arc    Cell     Retime  Arrival  Required  
                                                               Delay   Time     Time  
      ----------------------------------------------------------------------------------
      -                                        clk ^  -        -       0.010    -3.147  
      u_account_balance/balance_db_reg[11][7]  -      SDFFQX1  0.000   0.010    -3.147  
      ----------------------------------------------------------------------------------
Path 25: MET Setup Check with Pin u_account_balance/balance_db_reg[11][6]/CK 
Endpoint:   u_account_balance/balance_db_reg[11][6]/SE (v) checked with  leading edge of 'clk'
Beginpoint: u_vehicle_interface/id_to_check_reg[3]/Q   (v) triggered by  leading edge of 'clk'
Path Groups: {clk}
Retime Analysis { Data Path-Slew }
Other End Arrival Time          0.010
- Setup                         0.417
+ Phase Shift                   8.000
= Required Time                 7.593
- Arrival Time                  4.435
= Slack Time                    3.157
= Slack Time(original)          3.136
     Clock Rise Edge                      0.000
     + Source Insertion Delay             0.010
     = Beginpoint Arrival Time            0.010
     Timing Path:
      -----------------------------------------------------------------------------------------
      Instance                                 Arc          Cell      Retime  Arrival  Required  
                                                                      Delay   Time     Time  
      -----------------------------------------------------------------------------------------
      -                                        clk ^        -         -       0.010    3.167  
      u_vehicle_interface/id_to_check_reg[3]   -            DFFQX1    0.000   0.010    3.167  
      u_vehicle_interface/id_to_check_reg[3]   CK ^ -> Q v  DFFQX1    0.511   0.521    3.679  
      u_account_balance/g12166                 -            CLKINVX1  0.000   0.521    3.679  
      u_account_balance/g12166                 A v -> Y ^   CLKINVX1  0.515   1.036    4.193  
      u_account_balance/g12164                 -            AND2X1    0.000   1.036    4.193  
      u_account_balance/g12164                 B ^ -> Y ^   AND2X1    0.560   1.596    4.753  
      u_account_balance/g12159                 -            CLKINVX1  0.000   1.596    4.753  
      u_account_balance/g12159                 A ^ -> Y v   CLKINVX1  0.115   1.711    4.868  
      u_account_balance/g12147                 -            NOR2XL    0.000   1.711    4.868  
      u_account_balance/g12147                 B v -> Y ^   NOR2XL    0.444   2.155    5.312  
      u_account_balance/g12034                 -            AOI222XL  0.000   2.155    5.312  
      u_account_balance/g12034                 C0 ^ -> Y v  AOI222XL  0.134   2.289    5.446  
      u_account_balance/g11985                 -            NAND4XL   0.000   2.289    5.446  
      u_account_balance/g11985                 C v -> Y ^   NAND4XL   0.156   2.445    5.602  
      u_account_balance/g11968                 -            NOR2XL    0.000   2.445    5.602  
      u_account_balance/g11968                 B ^ -> Y v   NOR2XL    0.090   2.534    5.692  
      u_account_balance/g11965                 -            NOR3BX1   0.000   2.534    5.692  
      u_account_balance/g11965                 AN v -> Y v  NOR3BX1   0.131   2.665    5.822  
      u_account_balance/g11962                 -            NAND4BXL  0.000   2.665    5.822  
      u_account_balance/g11962                 D v -> Y ^   NAND4BXL  0.074   2.739    5.897  
      u_account_balance/g11960                 -            OAI21X1   0.000   2.739    5.897  
      u_account_balance/g11960                 A1 ^ -> Y v  OAI21X1   0.103   2.843    6.000  
      u_account_balance/g11959                 -            NOR2BX1   0.000   2.843    6.000  
      u_account_balance/g11959                 B v -> Y ^   NOR2BX1   0.155   2.997    6.155  
      u_account_balance/g3648                  -            NAND2XL   0.000   2.997    6.155  
      u_account_balance/g3648                  B ^ -> Y v   NAND2XL   0.269   3.266    6.424  
      u_account_balance/g3631                  -            NOR2XL    0.000   3.266    6.424  
      u_account_balance/g3631                  B v -> Y ^   NOR2XL    0.315   3.581    6.738  
      u_account_balance/g3624                  -            NAND3X1   0.000   3.581    6.738  
      u_account_balance/g3624                  A ^ -> Y v   NAND3X1   0.854   4.435    7.593  
      u_account_balance/balance_db_reg[11][6]  -            SDFFQX1   0.000   4.435    7.593  
      -----------------------------------------------------------------------------------------
     Clock Rise Edge                      0.000
     + Source Insertion Delay             0.010
     = Beginpoint Arrival Time            0.010
     Other End Path:
      ----------------------------------------------------------------------------------
      Instance                                 Arc    Cell     Retime  Arrival  Required  
                                                               Delay   Time     Time  
      ----------------------------------------------------------------------------------
      -                                        clk ^  -        -       0.010    -3.147  
      u_account_balance/balance_db_reg[11][6]  -      SDFFQX1  0.000   0.010    -3.147  
      ----------------------------------------------------------------------------------
Path 26: MET Setup Check with Pin u_account_balance/balance_db_reg[11][5]/CK 
Endpoint:   u_account_balance/balance_db_reg[11][5]/SE (v) checked with  leading edge of 'clk'
Beginpoint: u_vehicle_interface/id_to_check_reg[3]/Q   (v) triggered by  leading edge of 'clk'
Path Groups: {clk}
Retime Analysis { Data Path-Slew }
Other End Arrival Time          0.010
- Setup                         0.417
+ Phase Shift                   8.000
= Required Time                 7.593
- Arrival Time                  4.435
= Slack Time                    3.157
= Slack Time(original)          3.136
     Clock Rise Edge                      0.000
     + Source Insertion Delay             0.010
     = Beginpoint Arrival Time            0.010
     Timing Path:
      -----------------------------------------------------------------------------------------
      Instance                                 Arc          Cell      Retime  Arrival  Required  
                                                                      Delay   Time     Time  
      -----------------------------------------------------------------------------------------
      -                                        clk ^        -         -       0.010    3.167  
      u_vehicle_interface/id_to_check_reg[3]   -            DFFQX1    0.000   0.010    3.167  
      u_vehicle_interface/id_to_check_reg[3]   CK ^ -> Q v  DFFQX1    0.511   0.521    3.679  
      u_account_balance/g12166                 -            CLKINVX1  0.000   0.521    3.679  
      u_account_balance/g12166                 A v -> Y ^   CLKINVX1  0.515   1.036    4.193  
      u_account_balance/g12164                 -            AND2X1    0.000   1.036    4.193  
      u_account_balance/g12164                 B ^ -> Y ^   AND2X1    0.560   1.596    4.753  
      u_account_balance/g12159                 -            CLKINVX1  0.000   1.596    4.753  
      u_account_balance/g12159                 A ^ -> Y v   CLKINVX1  0.115   1.711    4.868  
      u_account_balance/g12147                 -            NOR2XL    0.000   1.711    4.868  
      u_account_balance/g12147                 B v -> Y ^   NOR2XL    0.444   2.155    5.312  
      u_account_balance/g12034                 -            AOI222XL  0.000   2.155    5.312  
      u_account_balance/g12034                 C0 ^ -> Y v  AOI222XL  0.134   2.289    5.446  
      u_account_balance/g11985                 -            NAND4XL   0.000   2.289    5.446  
      u_account_balance/g11985                 C v -> Y ^   NAND4XL   0.156   2.445    5.602  
      u_account_balance/g11968                 -            NOR2XL    0.000   2.445    5.602  
      u_account_balance/g11968                 B ^ -> Y v   NOR2XL    0.090   2.534    5.692  
      u_account_balance/g11965                 -            NOR3BX1   0.000   2.534    5.692  
      u_account_balance/g11965                 AN v -> Y v  NOR3BX1   0.131   2.665    5.822  
      u_account_balance/g11962                 -            NAND4BXL  0.000   2.665    5.822  
      u_account_balance/g11962                 D v -> Y ^   NAND4BXL  0.074   2.739    5.897  
      u_account_balance/g11960                 -            OAI21X1   0.000   2.739    5.897  
      u_account_balance/g11960                 A1 ^ -> Y v  OAI21X1   0.103   2.843    6.000  
      u_account_balance/g11959                 -            NOR2BX1   0.000   2.843    6.000  
      u_account_balance/g11959                 B v -> Y ^   NOR2BX1   0.155   2.997    6.155  
      u_account_balance/g3648                  -            NAND2XL   0.000   2.997    6.155  
      u_account_balance/g3648                  B ^ -> Y v   NAND2XL   0.269   3.266    6.424  
      u_account_balance/g3631                  -            NOR2XL    0.000   3.266    6.424  
      u_account_balance/g3631                  B v -> Y ^   NOR2XL    0.315   3.581    6.738  
      u_account_balance/g3624                  -            NAND3X1   0.000   3.581    6.738  
      u_account_balance/g3624                  A ^ -> Y v   NAND3X1   0.854   4.435    7.593  
      u_account_balance/balance_db_reg[11][5]  -            SDFFQX1   0.000   4.435    7.593  
      -----------------------------------------------------------------------------------------
     Clock Rise Edge                      0.000
     + Source Insertion Delay             0.010
     = Beginpoint Arrival Time            0.010
     Other End Path:
      ----------------------------------------------------------------------------------
      Instance                                 Arc    Cell     Retime  Arrival  Required  
                                                               Delay   Time     Time  
      ----------------------------------------------------------------------------------
      -                                        clk ^  -        -       0.010    -3.147  
      u_account_balance/balance_db_reg[11][5]  -      SDFFQX1  0.000   0.010    -3.147  
      ----------------------------------------------------------------------------------
Path 27: MET Setup Check with Pin u_account_balance/balance_db_reg[11][4]/CK 
Endpoint:   u_account_balance/balance_db_reg[11][4]/SE (v) checked with  leading edge of 'clk'
Beginpoint: u_vehicle_interface/id_to_check_reg[3]/Q   (v) triggered by  leading edge of 'clk'
Path Groups: {clk}
Retime Analysis { Data Path-Slew }
Other End Arrival Time          0.010
- Setup                         0.417
+ Phase Shift                   8.000
= Required Time                 7.593
- Arrival Time                  4.435
= Slack Time                    3.157
= Slack Time(original)          3.136
     Clock Rise Edge                      0.000
     + Source Insertion Delay             0.010
     = Beginpoint Arrival Time            0.010
     Timing Path:
      -----------------------------------------------------------------------------------------
      Instance                                 Arc          Cell      Retime  Arrival  Required  
                                                                      Delay   Time     Time  
      -----------------------------------------------------------------------------------------
      -                                        clk ^        -         -       0.010    3.167  
      u_vehicle_interface/id_to_check_reg[3]   -            DFFQX1    0.000   0.010    3.167  
      u_vehicle_interface/id_to_check_reg[3]   CK ^ -> Q v  DFFQX1    0.511   0.521    3.679  
      u_account_balance/g12166                 -            CLKINVX1  0.000   0.521    3.679  
      u_account_balance/g12166                 A v -> Y ^   CLKINVX1  0.515   1.036    4.193  
      u_account_balance/g12164                 -            AND2X1    0.000   1.036    4.193  
      u_account_balance/g12164                 B ^ -> Y ^   AND2X1    0.560   1.596    4.753  
      u_account_balance/g12159                 -            CLKINVX1  0.000   1.596    4.753  
      u_account_balance/g12159                 A ^ -> Y v   CLKINVX1  0.115   1.711    4.868  
      u_account_balance/g12147                 -            NOR2XL    0.000   1.711    4.868  
      u_account_balance/g12147                 B v -> Y ^   NOR2XL    0.444   2.155    5.312  
      u_account_balance/g12034                 -            AOI222XL  0.000   2.155    5.312  
      u_account_balance/g12034                 C0 ^ -> Y v  AOI222XL  0.134   2.289    5.446  
      u_account_balance/g11985                 -            NAND4XL   0.000   2.289    5.446  
      u_account_balance/g11985                 C v -> Y ^   NAND4XL   0.156   2.445    5.602  
      u_account_balance/g11968                 -            NOR2XL    0.000   2.445    5.602  
      u_account_balance/g11968                 B ^ -> Y v   NOR2XL    0.090   2.534    5.692  
      u_account_balance/g11965                 -            NOR3BX1   0.000   2.534    5.692  
      u_account_balance/g11965                 AN v -> Y v  NOR3BX1   0.131   2.665    5.822  
      u_account_balance/g11962                 -            NAND4BXL  0.000   2.665    5.822  
      u_account_balance/g11962                 D v -> Y ^   NAND4BXL  0.074   2.739    5.897  
      u_account_balance/g11960                 -            OAI21X1   0.000   2.739    5.897  
      u_account_balance/g11960                 A1 ^ -> Y v  OAI21X1   0.103   2.843    6.000  
      u_account_balance/g11959                 -            NOR2BX1   0.000   2.843    6.000  
      u_account_balance/g11959                 B v -> Y ^   NOR2BX1   0.155   2.997    6.155  
      u_account_balance/g3648                  -            NAND2XL   0.000   2.997    6.155  
      u_account_balance/g3648                  B ^ -> Y v   NAND2XL   0.269   3.266    6.424  
      u_account_balance/g3631                  -            NOR2XL    0.000   3.266    6.424  
      u_account_balance/g3631                  B v -> Y ^   NOR2XL    0.315   3.581    6.738  
      u_account_balance/g3624                  -            NAND3X1   0.000   3.581    6.738  
      u_account_balance/g3624                  A ^ -> Y v   NAND3X1   0.854   4.435    7.593  
      u_account_balance/balance_db_reg[11][4]  -            SDFFQX1   0.000   4.435    7.593  
      -----------------------------------------------------------------------------------------
     Clock Rise Edge                      0.000
     + Source Insertion Delay             0.010
     = Beginpoint Arrival Time            0.010
     Other End Path:
      ----------------------------------------------------------------------------------
      Instance                                 Arc    Cell     Retime  Arrival  Required  
                                                               Delay   Time     Time  
      ----------------------------------------------------------------------------------
      -                                        clk ^  -        -       0.010    -3.147  
      u_account_balance/balance_db_reg[11][4]  -      SDFFQX1  0.000   0.010    -3.147  
      ----------------------------------------------------------------------------------
Path 28: MET Setup Check with Pin u_account_balance/balance_db_reg[11][3]/CK 
Endpoint:   u_account_balance/balance_db_reg[11][3]/SE (v) checked with  leading edge of 'clk'
Beginpoint: u_vehicle_interface/id_to_check_reg[3]/Q   (v) triggered by  leading edge of 'clk'
Path Groups: {clk}
Retime Analysis { Data Path-Slew }
Other End Arrival Time          0.010
- Setup                         0.417
+ Phase Shift                   8.000
= Required Time                 7.593
- Arrival Time                  4.435
= Slack Time                    3.157
= Slack Time(original)          3.136
     Clock Rise Edge                      0.000
     + Source Insertion Delay             0.010
     = Beginpoint Arrival Time            0.010
     Timing Path:
      -----------------------------------------------------------------------------------------
      Instance                                 Arc          Cell      Retime  Arrival  Required  
                                                                      Delay   Time     Time  
      -----------------------------------------------------------------------------------------
      -                                        clk ^        -         -       0.010    3.167  
      u_vehicle_interface/id_to_check_reg[3]   -            DFFQX1    0.000   0.010    3.167  
      u_vehicle_interface/id_to_check_reg[3]   CK ^ -> Q v  DFFQX1    0.511   0.521    3.679  
      u_account_balance/g12166                 -            CLKINVX1  0.000   0.521    3.679  
      u_account_balance/g12166                 A v -> Y ^   CLKINVX1  0.515   1.036    4.193  
      u_account_balance/g12164                 -            AND2X1    0.000   1.036    4.193  
      u_account_balance/g12164                 B ^ -> Y ^   AND2X1    0.560   1.596    4.753  
      u_account_balance/g12159                 -            CLKINVX1  0.000   1.596    4.753  
      u_account_balance/g12159                 A ^ -> Y v   CLKINVX1  0.115   1.711    4.868  
      u_account_balance/g12147                 -            NOR2XL    0.000   1.711    4.868  
      u_account_balance/g12147                 B v -> Y ^   NOR2XL    0.444   2.155    5.312  
      u_account_balance/g12034                 -            AOI222XL  0.000   2.155    5.312  
      u_account_balance/g12034                 C0 ^ -> Y v  AOI222XL  0.134   2.289    5.446  
      u_account_balance/g11985                 -            NAND4XL   0.000   2.289    5.446  
      u_account_balance/g11985                 C v -> Y ^   NAND4XL   0.156   2.445    5.602  
      u_account_balance/g11968                 -            NOR2XL    0.000   2.445    5.602  
      u_account_balance/g11968                 B ^ -> Y v   NOR2XL    0.090   2.534    5.692  
      u_account_balance/g11965                 -            NOR3BX1   0.000   2.534    5.692  
      u_account_balance/g11965                 AN v -> Y v  NOR3BX1   0.131   2.665    5.822  
      u_account_balance/g11962                 -            NAND4BXL  0.000   2.665    5.822  
      u_account_balance/g11962                 D v -> Y ^   NAND4BXL  0.074   2.739    5.897  
      u_account_balance/g11960                 -            OAI21X1   0.000   2.739    5.897  
      u_account_balance/g11960                 A1 ^ -> Y v  OAI21X1   0.103   2.843    6.000  
      u_account_balance/g11959                 -            NOR2BX1   0.000   2.843    6.000  
      u_account_balance/g11959                 B v -> Y ^   NOR2BX1   0.155   2.997    6.155  
      u_account_balance/g3648                  -            NAND2XL   0.000   2.997    6.155  
      u_account_balance/g3648                  B ^ -> Y v   NAND2XL   0.269   3.266    6.424  
      u_account_balance/g3631                  -            NOR2XL    0.000   3.266    6.424  
      u_account_balance/g3631                  B v -> Y ^   NOR2XL    0.315   3.581    6.738  
      u_account_balance/g3624                  -            NAND3X1   0.000   3.581    6.738  
      u_account_balance/g3624                  A ^ -> Y v   NAND3X1   0.854   4.435    7.593  
      u_account_balance/balance_db_reg[11][3]  -            SDFFQX1   0.000   4.435    7.593  
      -----------------------------------------------------------------------------------------
     Clock Rise Edge                      0.000
     + Source Insertion Delay             0.010
     = Beginpoint Arrival Time            0.010
     Other End Path:
      ----------------------------------------------------------------------------------
      Instance                                 Arc    Cell     Retime  Arrival  Required  
                                                               Delay   Time     Time  
      ----------------------------------------------------------------------------------
      -                                        clk ^  -        -       0.010    -3.147  
      u_account_balance/balance_db_reg[11][3]  -      SDFFQX1  0.000   0.010    -3.147  
      ----------------------------------------------------------------------------------
Path 29: MET Setup Check with Pin u_account_balance/balance_db_reg[11][2]/CK 
Endpoint:   u_account_balance/balance_db_reg[11][2]/SE (v) checked with  leading edge of 'clk'
Beginpoint: u_vehicle_interface/id_to_check_reg[3]/Q   (v) triggered by  leading edge of 'clk'
Path Groups: {clk}
Retime Analysis { Data Path-Slew }
Other End Arrival Time          0.010
- Setup                         0.417
+ Phase Shift                   8.000
= Required Time                 7.593
- Arrival Time                  4.435
= Slack Time                    3.157
= Slack Time(original)          3.136
     Clock Rise Edge                      0.000
     + Source Insertion Delay             0.010
     = Beginpoint Arrival Time            0.010
     Timing Path:
      -----------------------------------------------------------------------------------------
      Instance                                 Arc          Cell      Retime  Arrival  Required  
                                                                      Delay   Time     Time  
      -----------------------------------------------------------------------------------------
      -                                        clk ^        -         -       0.010    3.167  
      u_vehicle_interface/id_to_check_reg[3]   -            DFFQX1    0.000   0.010    3.167  
      u_vehicle_interface/id_to_check_reg[3]   CK ^ -> Q v  DFFQX1    0.511   0.521    3.679  
      u_account_balance/g12166                 -            CLKINVX1  0.000   0.521    3.679  
      u_account_balance/g12166                 A v -> Y ^   CLKINVX1  0.515   1.036    4.193  
      u_account_balance/g12164                 -            AND2X1    0.000   1.036    4.193  
      u_account_balance/g12164                 B ^ -> Y ^   AND2X1    0.560   1.596    4.753  
      u_account_balance/g12159                 -            CLKINVX1  0.000   1.596    4.753  
      u_account_balance/g12159                 A ^ -> Y v   CLKINVX1  0.115   1.711    4.868  
      u_account_balance/g12147                 -            NOR2XL    0.000   1.711    4.868  
      u_account_balance/g12147                 B v -> Y ^   NOR2XL    0.444   2.155    5.312  
      u_account_balance/g12034                 -            AOI222XL  0.000   2.155    5.312  
      u_account_balance/g12034                 C0 ^ -> Y v  AOI222XL  0.134   2.289    5.446  
      u_account_balance/g11985                 -            NAND4XL   0.000   2.289    5.446  
      u_account_balance/g11985                 C v -> Y ^   NAND4XL   0.156   2.445    5.602  
      u_account_balance/g11968                 -            NOR2XL    0.000   2.445    5.602  
      u_account_balance/g11968                 B ^ -> Y v   NOR2XL    0.090   2.534    5.692  
      u_account_balance/g11965                 -            NOR3BX1   0.000   2.534    5.692  
      u_account_balance/g11965                 AN v -> Y v  NOR3BX1   0.131   2.665    5.822  
      u_account_balance/g11962                 -            NAND4BXL  0.000   2.665    5.822  
      u_account_balance/g11962                 D v -> Y ^   NAND4BXL  0.074   2.739    5.897  
      u_account_balance/g11960                 -            OAI21X1   0.000   2.739    5.897  
      u_account_balance/g11960                 A1 ^ -> Y v  OAI21X1   0.103   2.843    6.000  
      u_account_balance/g11959                 -            NOR2BX1   0.000   2.843    6.000  
      u_account_balance/g11959                 B v -> Y ^   NOR2BX1   0.155   2.997    6.155  
      u_account_balance/g3648                  -            NAND2XL   0.000   2.997    6.155  
      u_account_balance/g3648                  B ^ -> Y v   NAND2XL   0.269   3.266    6.424  
      u_account_balance/g3631                  -            NOR2XL    0.000   3.266    6.424  
      u_account_balance/g3631                  B v -> Y ^   NOR2XL    0.315   3.581    6.738  
      u_account_balance/g3624                  -            NAND3X1   0.000   3.581    6.738  
      u_account_balance/g3624                  A ^ -> Y v   NAND3X1   0.854   4.435    7.593  
      u_account_balance/balance_db_reg[11][2]  -            SDFFQX1   0.000   4.435    7.593  
      -----------------------------------------------------------------------------------------
     Clock Rise Edge                      0.000
     + Source Insertion Delay             0.010
     = Beginpoint Arrival Time            0.010
     Other End Path:
      ----------------------------------------------------------------------------------
      Instance                                 Arc    Cell     Retime  Arrival  Required  
                                                               Delay   Time     Time  
      ----------------------------------------------------------------------------------
      -                                        clk ^  -        -       0.010    -3.147  
      u_account_balance/balance_db_reg[11][2]  -      SDFFQX1  0.000   0.010    -3.147  
      ----------------------------------------------------------------------------------
Path 30: MET Setup Check with Pin u_account_balance/balance_db_reg[11][1]/CK 
Endpoint:   u_account_balance/balance_db_reg[11][1]/SE (v) checked with  leading edge of 'clk'
Beginpoint: u_vehicle_interface/id_to_check_reg[3]/Q   (v) triggered by  leading edge of 'clk'
Path Groups: {clk}
Retime Analysis { Data Path-Slew }
Other End Arrival Time          0.010
- Setup                         0.417
+ Phase Shift                   8.000
= Required Time                 7.593
- Arrival Time                  4.435
= Slack Time                    3.157
= Slack Time(original)          3.136
     Clock Rise Edge                      0.000
     + Source Insertion Delay             0.010
     = Beginpoint Arrival Time            0.010
     Timing Path:
      -----------------------------------------------------------------------------------------
      Instance                                 Arc          Cell      Retime  Arrival  Required  
                                                                      Delay   Time     Time  
      -----------------------------------------------------------------------------------------
      -                                        clk ^        -         -       0.010    3.167  
      u_vehicle_interface/id_to_check_reg[3]   -            DFFQX1    0.000   0.010    3.167  
      u_vehicle_interface/id_to_check_reg[3]   CK ^ -> Q v  DFFQX1    0.511   0.521    3.679  
      u_account_balance/g12166                 -            CLKINVX1  0.000   0.521    3.679  
      u_account_balance/g12166                 A v -> Y ^   CLKINVX1  0.515   1.036    4.193  
      u_account_balance/g12164                 -            AND2X1    0.000   1.036    4.193  
      u_account_balance/g12164                 B ^ -> Y ^   AND2X1    0.560   1.596    4.753  
      u_account_balance/g12159                 -            CLKINVX1  0.000   1.596    4.753  
      u_account_balance/g12159                 A ^ -> Y v   CLKINVX1  0.115   1.711    4.868  
      u_account_balance/g12147                 -            NOR2XL    0.000   1.711    4.868  
      u_account_balance/g12147                 B v -> Y ^   NOR2XL    0.444   2.155    5.312  
      u_account_balance/g12034                 -            AOI222XL  0.000   2.155    5.312  
      u_account_balance/g12034                 C0 ^ -> Y v  AOI222XL  0.134   2.289    5.446  
      u_account_balance/g11985                 -            NAND4XL   0.000   2.289    5.446  
      u_account_balance/g11985                 C v -> Y ^   NAND4XL   0.156   2.445    5.602  
      u_account_balance/g11968                 -            NOR2XL    0.000   2.445    5.602  
      u_account_balance/g11968                 B ^ -> Y v   NOR2XL    0.090   2.534    5.692  
      u_account_balance/g11965                 -            NOR3BX1   0.000   2.534    5.692  
      u_account_balance/g11965                 AN v -> Y v  NOR3BX1   0.131   2.665    5.822  
      u_account_balance/g11962                 -            NAND4BXL  0.000   2.665    5.822  
      u_account_balance/g11962                 D v -> Y ^   NAND4BXL  0.074   2.739    5.897  
      u_account_balance/g11960                 -            OAI21X1   0.000   2.739    5.897  
      u_account_balance/g11960                 A1 ^ -> Y v  OAI21X1   0.103   2.843    6.000  
      u_account_balance/g11959                 -            NOR2BX1   0.000   2.843    6.000  
      u_account_balance/g11959                 B v -> Y ^   NOR2BX1   0.155   2.997    6.155  
      u_account_balance/g3648                  -            NAND2XL   0.000   2.997    6.155  
      u_account_balance/g3648                  B ^ -> Y v   NAND2XL   0.269   3.266    6.424  
      u_account_balance/g3631                  -            NOR2XL    0.000   3.266    6.424  
      u_account_balance/g3631                  B v -> Y ^   NOR2XL    0.315   3.581    6.738  
      u_account_balance/g3624                  -            NAND3X1   0.000   3.581    6.738  
      u_account_balance/g3624                  A ^ -> Y v   NAND3X1   0.854   4.435    7.593  
      u_account_balance/balance_db_reg[11][1]  -            SDFFQX1   0.000   4.435    7.593  
      -----------------------------------------------------------------------------------------
     Clock Rise Edge                      0.000
     + Source Insertion Delay             0.010
     = Beginpoint Arrival Time            0.010
     Other End Path:
      ----------------------------------------------------------------------------------
      Instance                                 Arc    Cell     Retime  Arrival  Required  
                                                               Delay   Time     Time  
      ----------------------------------------------------------------------------------
      -                                        clk ^  -        -       0.010    -3.147  
      u_account_balance/balance_db_reg[11][1]  -      SDFFQX1  0.000   0.010    -3.147  
      ----------------------------------------------------------------------------------
Path 31: MET Setup Check with Pin u_account_balance/balance_db_reg[15][15]/CK 
Endpoint:   u_account_balance/balance_db_reg[15][15]/SE (v) checked with  leading edge of 'clk'
Beginpoint: u_vehicle_interface/id_to_check_reg[3]/Q    (v) triggered by  leading edge of 'clk'
Path Groups: {clk}
Retime Analysis { Data Path-Slew }
Other End Arrival Time          0.010
- Setup                         0.417
+ Phase Shift                   8.000
= Required Time                 7.593
- Arrival Time                  4.435
= Slack Time                    3.157
= Slack Time(original)          3.136
     Clock Rise Edge                      0.000
     + Source Insertion Delay             0.010
     = Beginpoint Arrival Time            0.010
     Timing Path:
      ------------------------------------------------------------------------------------------
      Instance                                  Arc          Cell      Retime  Arrival  Required  
                                                                       Delay   Time     Time  
      ------------------------------------------------------------------------------------------
      -                                         clk ^        -         -       0.010    3.167  
      u_vehicle_interface/id_to_check_reg[3]    -            DFFQX1    0.000   0.010    3.167  
      u_vehicle_interface/id_to_check_reg[3]    CK ^ -> Q v  DFFQX1    0.511   0.521    3.678  
      u_account_balance/g12166                  -            CLKINVX1  0.000   0.521    3.678  
      u_account_balance/g12166                  A v -> Y ^   CLKINVX1  0.515   1.036    4.193  
      u_account_balance/g12164                  -            AND2X1    0.000   1.036    4.193  
      u_account_balance/g12164                  B ^ -> Y ^   AND2X1    0.560   1.596    4.753  
      u_account_balance/g12159                  -            CLKINVX1  0.000   1.596    4.753  
      u_account_balance/g12159                  A ^ -> Y v   CLKINVX1  0.115   1.711    4.868  
      u_account_balance/g12147                  -            NOR2XL    0.000   1.711    4.868  
      u_account_balance/g12147                  B v -> Y ^   NOR2XL    0.444   2.155    5.312  
      u_account_balance/g12034                  -            AOI222XL  0.000   2.155    5.312  
      u_account_balance/g12034                  C0 ^ -> Y v  AOI222XL  0.134   2.289    5.446  
      u_account_balance/g11985                  -            NAND4XL   0.000   2.289    5.446  
      u_account_balance/g11985                  C v -> Y ^   NAND4XL   0.156   2.445    5.602  
      u_account_balance/g11968                  -            NOR2XL    0.000   2.445    5.602  
      u_account_balance/g11968                  B ^ -> Y v   NOR2XL    0.090   2.534    5.692  
      u_account_balance/g11965                  -            NOR3BX1   0.000   2.534    5.692  
      u_account_balance/g11965                  AN v -> Y v  NOR3BX1   0.131   2.665    5.822  
      u_account_balance/g11962                  -            NAND4BXL  0.000   2.665    5.822  
      u_account_balance/g11962                  D v -> Y ^   NAND4BXL  0.074   2.739    5.897  
      u_account_balance/g11960                  -            OAI21X1   0.000   2.739    5.897  
      u_account_balance/g11960                  A1 ^ -> Y v  OAI21X1   0.103   2.843    6.000  
      u_account_balance/g11959                  -            NOR2BX1   0.000   2.843    6.000  
      u_account_balance/g11959                  B v -> Y ^   NOR2BX1   0.155   2.997    6.155  
      u_account_balance/g3648                   -            NAND2XL   0.000   2.997    6.155  
      u_account_balance/g3648                   B ^ -> Y v   NAND2XL   0.269   3.266    6.424  
      u_account_balance/g3631                   -            NOR2XL    0.000   3.266    6.424  
      u_account_balance/g3631                   B v -> Y ^   NOR2XL    0.315   3.581    6.738  
      u_account_balance/g3620                   -            NAND3X1   0.000   3.581    6.738  
      u_account_balance/g3620                   A ^ -> Y v   NAND3X1   0.854   4.435    7.593  
      u_account_balance/balance_db_reg[15][15]  -            SDFFQX1   0.000   4.435    7.593  
      ------------------------------------------------------------------------------------------
     Clock Rise Edge                      0.000
     + Source Insertion Delay             0.010
     = Beginpoint Arrival Time            0.010
     Other End Path:
      -----------------------------------------------------------------------------------
      Instance                                  Arc    Cell     Retime  Arrival  Required  
                                                                Delay   Time     Time  
      -----------------------------------------------------------------------------------
      -                                         clk ^  -        -       0.010    -3.147  
      u_account_balance/balance_db_reg[15][15]  -      SDFFQX1  0.000   0.010    -3.147  
      -----------------------------------------------------------------------------------
Path 32: MET Setup Check with Pin u_account_balance/balance_db_reg[15][14]/CK 
Endpoint:   u_account_balance/balance_db_reg[15][14]/SE (v) checked with  leading edge of 'clk'
Beginpoint: u_vehicle_interface/id_to_check_reg[3]/Q    (v) triggered by  leading edge of 'clk'
Path Groups: {clk}
Retime Analysis { Data Path-Slew }
Other End Arrival Time          0.010
- Setup                         0.417
+ Phase Shift                   8.000
= Required Time                 7.593
- Arrival Time                  4.435
= Slack Time                    3.157
= Slack Time(original)          3.136
     Clock Rise Edge                      0.000
     + Source Insertion Delay             0.010
     = Beginpoint Arrival Time            0.010
     Timing Path:
      ------------------------------------------------------------------------------------------
      Instance                                  Arc          Cell      Retime  Arrival  Required  
                                                                       Delay   Time     Time  
      ------------------------------------------------------------------------------------------
      -                                         clk ^        -         -       0.010    3.167  
      u_vehicle_interface/id_to_check_reg[3]    -            DFFQX1    0.000   0.010    3.167  
      u_vehicle_interface/id_to_check_reg[3]    CK ^ -> Q v  DFFQX1    0.511   0.521    3.678  
      u_account_balance/g12166                  -            CLKINVX1  0.000   0.521    3.678  
      u_account_balance/g12166                  A v -> Y ^   CLKINVX1  0.515   1.036    4.193  
      u_account_balance/g12164                  -            AND2X1    0.000   1.036    4.193  
      u_account_balance/g12164                  B ^ -> Y ^   AND2X1    0.560   1.596    4.753  
      u_account_balance/g12159                  -            CLKINVX1  0.000   1.596    4.753  
      u_account_balance/g12159                  A ^ -> Y v   CLKINVX1  0.115   1.711    4.868  
      u_account_balance/g12147                  -            NOR2XL    0.000   1.711    4.868  
      u_account_balance/g12147                  B v -> Y ^   NOR2XL    0.444   2.155    5.312  
      u_account_balance/g12034                  -            AOI222XL  0.000   2.155    5.312  
      u_account_balance/g12034                  C0 ^ -> Y v  AOI222XL  0.134   2.289    5.446  
      u_account_balance/g11985                  -            NAND4XL   0.000   2.289    5.446  
      u_account_balance/g11985                  C v -> Y ^   NAND4XL   0.156   2.445    5.602  
      u_account_balance/g11968                  -            NOR2XL    0.000   2.445    5.602  
      u_account_balance/g11968                  B ^ -> Y v   NOR2XL    0.090   2.534    5.692  
      u_account_balance/g11965                  -            NOR3BX1   0.000   2.534    5.692  
      u_account_balance/g11965                  AN v -> Y v  NOR3BX1   0.131   2.665    5.822  
      u_account_balance/g11962                  -            NAND4BXL  0.000   2.665    5.822  
      u_account_balance/g11962                  D v -> Y ^   NAND4BXL  0.074   2.739    5.897  
      u_account_balance/g11960                  -            OAI21X1   0.000   2.739    5.897  
      u_account_balance/g11960                  A1 ^ -> Y v  OAI21X1   0.103   2.843    6.000  
      u_account_balance/g11959                  -            NOR2BX1   0.000   2.843    6.000  
      u_account_balance/g11959                  B v -> Y ^   NOR2BX1   0.155   2.997    6.155  
      u_account_balance/g3648                   -            NAND2XL   0.000   2.997    6.155  
      u_account_balance/g3648                   B ^ -> Y v   NAND2XL   0.269   3.266    6.424  
      u_account_balance/g3631                   -            NOR2XL    0.000   3.266    6.424  
      u_account_balance/g3631                   B v -> Y ^   NOR2XL    0.315   3.581    6.738  
      u_account_balance/g3620                   -            NAND3X1   0.000   3.581    6.738  
      u_account_balance/g3620                   A ^ -> Y v   NAND3X1   0.854   4.435    7.593  
      u_account_balance/balance_db_reg[15][14]  -            SDFFQX1   0.000   4.435    7.593  
      ------------------------------------------------------------------------------------------
     Clock Rise Edge                      0.000
     + Source Insertion Delay             0.010
     = Beginpoint Arrival Time            0.010
     Other End Path:
      -----------------------------------------------------------------------------------
      Instance                                  Arc    Cell     Retime  Arrival  Required  
                                                                Delay   Time     Time  
      -----------------------------------------------------------------------------------
      -                                         clk ^  -        -       0.010    -3.147  
      u_account_balance/balance_db_reg[15][14]  -      SDFFQX1  0.000   0.010    -3.147  
      -----------------------------------------------------------------------------------
Path 33: MET Setup Check with Pin u_account_balance/balance_db_reg[15][13]/CK 
Endpoint:   u_account_balance/balance_db_reg[15][13]/SE (v) checked with  leading edge of 'clk'
Beginpoint: u_vehicle_interface/id_to_check_reg[3]/Q    (v) triggered by  leading edge of 'clk'
Path Groups: {clk}
Retime Analysis { Data Path-Slew }
Other End Arrival Time          0.010
- Setup                         0.417
+ Phase Shift                   8.000
= Required Time                 7.593
- Arrival Time                  4.435
= Slack Time                    3.157
= Slack Time(original)          3.136
     Clock Rise Edge                      0.000
     + Source Insertion Delay             0.010
     = Beginpoint Arrival Time            0.010
     Timing Path:
      ------------------------------------------------------------------------------------------
      Instance                                  Arc          Cell      Retime  Arrival  Required  
                                                                       Delay   Time     Time  
      ------------------------------------------------------------------------------------------
      -                                         clk ^        -         -       0.010    3.167  
      u_vehicle_interface/id_to_check_reg[3]    -            DFFQX1    0.000   0.010    3.167  
      u_vehicle_interface/id_to_check_reg[3]    CK ^ -> Q v  DFFQX1    0.511   0.521    3.678  
      u_account_balance/g12166                  -            CLKINVX1  0.000   0.521    3.678  
      u_account_balance/g12166                  A v -> Y ^   CLKINVX1  0.515   1.036    4.193  
      u_account_balance/g12164                  -            AND2X1    0.000   1.036    4.193  
      u_account_balance/g12164                  B ^ -> Y ^   AND2X1    0.560   1.596    4.753  
      u_account_balance/g12159                  -            CLKINVX1  0.000   1.596    4.753  
      u_account_balance/g12159                  A ^ -> Y v   CLKINVX1  0.115   1.711    4.868  
      u_account_balance/g12147                  -            NOR2XL    0.000   1.711    4.868  
      u_account_balance/g12147                  B v -> Y ^   NOR2XL    0.444   2.155    5.312  
      u_account_balance/g12034                  -            AOI222XL  0.000   2.155    5.312  
      u_account_balance/g12034                  C0 ^ -> Y v  AOI222XL  0.134   2.289    5.446  
      u_account_balance/g11985                  -            NAND4XL   0.000   2.289    5.446  
      u_account_balance/g11985                  C v -> Y ^   NAND4XL   0.156   2.445    5.602  
      u_account_balance/g11968                  -            NOR2XL    0.000   2.445    5.602  
      u_account_balance/g11968                  B ^ -> Y v   NOR2XL    0.090   2.534    5.692  
      u_account_balance/g11965                  -            NOR3BX1   0.000   2.534    5.692  
      u_account_balance/g11965                  AN v -> Y v  NOR3BX1   0.131   2.665    5.822  
      u_account_balance/g11962                  -            NAND4BXL  0.000   2.665    5.822  
      u_account_balance/g11962                  D v -> Y ^   NAND4BXL  0.074   2.739    5.897  
      u_account_balance/g11960                  -            OAI21X1   0.000   2.739    5.897  
      u_account_balance/g11960                  A1 ^ -> Y v  OAI21X1   0.103   2.843    6.000  
      u_account_balance/g11959                  -            NOR2BX1   0.000   2.843    6.000  
      u_account_balance/g11959                  B v -> Y ^   NOR2BX1   0.155   2.997    6.155  
      u_account_balance/g3648                   -            NAND2XL   0.000   2.997    6.155  
      u_account_balance/g3648                   B ^ -> Y v   NAND2XL   0.269   3.266    6.424  
      u_account_balance/g3631                   -            NOR2XL    0.000   3.266    6.424  
      u_account_balance/g3631                   B v -> Y ^   NOR2XL    0.315   3.581    6.738  
      u_account_balance/g3620                   -            NAND3X1   0.000   3.581    6.738  
      u_account_balance/g3620                   A ^ -> Y v   NAND3X1   0.854   4.435    7.593  
      u_account_balance/balance_db_reg[15][13]  -            SDFFQX1   0.000   4.435    7.593  
      ------------------------------------------------------------------------------------------
     Clock Rise Edge                      0.000
     + Source Insertion Delay             0.010
     = Beginpoint Arrival Time            0.010
     Other End Path:
      -----------------------------------------------------------------------------------
      Instance                                  Arc    Cell     Retime  Arrival  Required  
                                                                Delay   Time     Time  
      -----------------------------------------------------------------------------------
      -                                         clk ^  -        -       0.010    -3.147  
      u_account_balance/balance_db_reg[15][13]  -      SDFFQX1  0.000   0.010    -3.147  
      -----------------------------------------------------------------------------------
Path 34: MET Setup Check with Pin u_account_balance/balance_db_reg[15][12]/CK 
Endpoint:   u_account_balance/balance_db_reg[15][12]/SE (v) checked with  leading edge of 'clk'
Beginpoint: u_vehicle_interface/id_to_check_reg[3]/Q    (v) triggered by  leading edge of 'clk'
Path Groups: {clk}
Retime Analysis { Data Path-Slew }
Other End Arrival Time          0.010
- Setup                         0.417
+ Phase Shift                   8.000
= Required Time                 7.593
- Arrival Time                  4.435
= Slack Time                    3.157
= Slack Time(original)          3.136
     Clock Rise Edge                      0.000
     + Source Insertion Delay             0.010
     = Beginpoint Arrival Time            0.010
     Timing Path:
      ------------------------------------------------------------------------------------------
      Instance                                  Arc          Cell      Retime  Arrival  Required  
                                                                       Delay   Time     Time  
      ------------------------------------------------------------------------------------------
      -                                         clk ^        -         -       0.010    3.167  
      u_vehicle_interface/id_to_check_reg[3]    -            DFFQX1    0.000   0.010    3.167  
      u_vehicle_interface/id_to_check_reg[3]    CK ^ -> Q v  DFFQX1    0.511   0.521    3.678  
      u_account_balance/g12166                  -            CLKINVX1  0.000   0.521    3.678  
      u_account_balance/g12166                  A v -> Y ^   CLKINVX1  0.515   1.036    4.193  
      u_account_balance/g12164                  -            AND2X1    0.000   1.036    4.193  
      u_account_balance/g12164                  B ^ -> Y ^   AND2X1    0.560   1.596    4.753  
      u_account_balance/g12159                  -            CLKINVX1  0.000   1.596    4.753  
      u_account_balance/g12159                  A ^ -> Y v   CLKINVX1  0.115   1.711    4.868  
      u_account_balance/g12147                  -            NOR2XL    0.000   1.711    4.868  
      u_account_balance/g12147                  B v -> Y ^   NOR2XL    0.444   2.155    5.312  
      u_account_balance/g12034                  -            AOI222XL  0.000   2.155    5.312  
      u_account_balance/g12034                  C0 ^ -> Y v  AOI222XL  0.134   2.289    5.446  
      u_account_balance/g11985                  -            NAND4XL   0.000   2.289    5.446  
      u_account_balance/g11985                  C v -> Y ^   NAND4XL   0.156   2.445    5.602  
      u_account_balance/g11968                  -            NOR2XL    0.000   2.445    5.602  
      u_account_balance/g11968                  B ^ -> Y v   NOR2XL    0.090   2.534    5.692  
      u_account_balance/g11965                  -            NOR3BX1   0.000   2.534    5.692  
      u_account_balance/g11965                  AN v -> Y v  NOR3BX1   0.131   2.665    5.822  
      u_account_balance/g11962                  -            NAND4BXL  0.000   2.665    5.822  
      u_account_balance/g11962                  D v -> Y ^   NAND4BXL  0.074   2.739    5.897  
      u_account_balance/g11960                  -            OAI21X1   0.000   2.739    5.897  
      u_account_balance/g11960                  A1 ^ -> Y v  OAI21X1   0.103   2.843    6.000  
      u_account_balance/g11959                  -            NOR2BX1   0.000   2.843    6.000  
      u_account_balance/g11959                  B v -> Y ^   NOR2BX1   0.155   2.997    6.155  
      u_account_balance/g3648                   -            NAND2XL   0.000   2.997    6.155  
      u_account_balance/g3648                   B ^ -> Y v   NAND2XL   0.269   3.266    6.424  
      u_account_balance/g3631                   -            NOR2XL    0.000   3.266    6.424  
      u_account_balance/g3631                   B v -> Y ^   NOR2XL    0.315   3.581    6.738  
      u_account_balance/g3620                   -            NAND3X1   0.000   3.581    6.738  
      u_account_balance/g3620                   A ^ -> Y v   NAND3X1   0.854   4.435    7.593  
      u_account_balance/balance_db_reg[15][12]  -            SDFFQX1   0.000   4.435    7.593  
      ------------------------------------------------------------------------------------------
     Clock Rise Edge                      0.000
     + Source Insertion Delay             0.010
     = Beginpoint Arrival Time            0.010
     Other End Path:
      -----------------------------------------------------------------------------------
      Instance                                  Arc    Cell     Retime  Arrival  Required  
                                                                Delay   Time     Time  
      -----------------------------------------------------------------------------------
      -                                         clk ^  -        -       0.010    -3.147  
      u_account_balance/balance_db_reg[15][12]  -      SDFFQX1  0.000   0.010    -3.147  
      -----------------------------------------------------------------------------------
Path 35: MET Setup Check with Pin u_account_balance/balance_db_reg[15][11]/CK 
Endpoint:   u_account_balance/balance_db_reg[15][11]/SE (v) checked with  leading edge of 'clk'
Beginpoint: u_vehicle_interface/id_to_check_reg[3]/Q    (v) triggered by  leading edge of 'clk'
Path Groups: {clk}
Retime Analysis { Data Path-Slew }
Other End Arrival Time          0.010
- Setup                         0.417
+ Phase Shift                   8.000
= Required Time                 7.593
- Arrival Time                  4.435
= Slack Time                    3.157
= Slack Time(original)          3.136
     Clock Rise Edge                      0.000
     + Source Insertion Delay             0.010
     = Beginpoint Arrival Time            0.010
     Timing Path:
      ------------------------------------------------------------------------------------------
      Instance                                  Arc          Cell      Retime  Arrival  Required  
                                                                       Delay   Time     Time  
      ------------------------------------------------------------------------------------------
      -                                         clk ^        -         -       0.010    3.167  
      u_vehicle_interface/id_to_check_reg[3]    -            DFFQX1    0.000   0.010    3.167  
      u_vehicle_interface/id_to_check_reg[3]    CK ^ -> Q v  DFFQX1    0.511   0.521    3.678  
      u_account_balance/g12166                  -            CLKINVX1  0.000   0.521    3.678  
      u_account_balance/g12166                  A v -> Y ^   CLKINVX1  0.515   1.036    4.193  
      u_account_balance/g12164                  -            AND2X1    0.000   1.036    4.193  
      u_account_balance/g12164                  B ^ -> Y ^   AND2X1    0.560   1.596    4.753  
      u_account_balance/g12159                  -            CLKINVX1  0.000   1.596    4.753  
      u_account_balance/g12159                  A ^ -> Y v   CLKINVX1  0.115   1.711    4.868  
      u_account_balance/g12147                  -            NOR2XL    0.000   1.711    4.868  
      u_account_balance/g12147                  B v -> Y ^   NOR2XL    0.444   2.155    5.312  
      u_account_balance/g12034                  -            AOI222XL  0.000   2.155    5.312  
      u_account_balance/g12034                  C0 ^ -> Y v  AOI222XL  0.134   2.289    5.446  
      u_account_balance/g11985                  -            NAND4XL   0.000   2.289    5.446  
      u_account_balance/g11985                  C v -> Y ^   NAND4XL   0.156   2.445    5.602  
      u_account_balance/g11968                  -            NOR2XL    0.000   2.445    5.602  
      u_account_balance/g11968                  B ^ -> Y v   NOR2XL    0.090   2.534    5.692  
      u_account_balance/g11965                  -            NOR3BX1   0.000   2.534    5.692  
      u_account_balance/g11965                  AN v -> Y v  NOR3BX1   0.131   2.665    5.822  
      u_account_balance/g11962                  -            NAND4BXL  0.000   2.665    5.822  
      u_account_balance/g11962                  D v -> Y ^   NAND4BXL  0.074   2.739    5.897  
      u_account_balance/g11960                  -            OAI21X1   0.000   2.739    5.897  
      u_account_balance/g11960                  A1 ^ -> Y v  OAI21X1   0.103   2.843    6.000  
      u_account_balance/g11959                  -            NOR2BX1   0.000   2.843    6.000  
      u_account_balance/g11959                  B v -> Y ^   NOR2BX1   0.155   2.997    6.155  
      u_account_balance/g3648                   -            NAND2XL   0.000   2.997    6.155  
      u_account_balance/g3648                   B ^ -> Y v   NAND2XL   0.269   3.266    6.424  
      u_account_balance/g3631                   -            NOR2XL    0.000   3.266    6.424  
      u_account_balance/g3631                   B v -> Y ^   NOR2XL    0.315   3.581    6.738  
      u_account_balance/g3620                   -            NAND3X1   0.000   3.581    6.738  
      u_account_balance/g3620                   A ^ -> Y v   NAND3X1   0.854   4.435    7.593  
      u_account_balance/balance_db_reg[15][11]  -            SDFFQX1   0.000   4.435    7.593  
      ------------------------------------------------------------------------------------------
     Clock Rise Edge                      0.000
     + Source Insertion Delay             0.010
     = Beginpoint Arrival Time            0.010
     Other End Path:
      -----------------------------------------------------------------------------------
      Instance                                  Arc    Cell     Retime  Arrival  Required  
                                                                Delay   Time     Time  
      -----------------------------------------------------------------------------------
      -                                         clk ^  -        -       0.010    -3.147  
      u_account_balance/balance_db_reg[15][11]  -      SDFFQX1  0.000   0.010    -3.147  
      -----------------------------------------------------------------------------------
Path 36: MET Setup Check with Pin u_account_balance/balance_db_reg[15][10]/CK 
Endpoint:   u_account_balance/balance_db_reg[15][10]/SE (v) checked with  leading edge of 'clk'
Beginpoint: u_vehicle_interface/id_to_check_reg[3]/Q    (v) triggered by  leading edge of 'clk'
Path Groups: {clk}
Retime Analysis { Data Path-Slew }
Other End Arrival Time          0.010
- Setup                         0.417
+ Phase Shift                   8.000
= Required Time                 7.593
- Arrival Time                  4.435
= Slack Time                    3.157
= Slack Time(original)          3.136
     Clock Rise Edge                      0.000
     + Source Insertion Delay             0.010
     = Beginpoint Arrival Time            0.010
     Timing Path:
      ------------------------------------------------------------------------------------------
      Instance                                  Arc          Cell      Retime  Arrival  Required  
                                                                       Delay   Time     Time  
      ------------------------------------------------------------------------------------------
      -                                         clk ^        -         -       0.010    3.167  
      u_vehicle_interface/id_to_check_reg[3]    -            DFFQX1    0.000   0.010    3.167  
      u_vehicle_interface/id_to_check_reg[3]    CK ^ -> Q v  DFFQX1    0.511   0.521    3.678  
      u_account_balance/g12166                  -            CLKINVX1  0.000   0.521    3.678  
      u_account_balance/g12166                  A v -> Y ^   CLKINVX1  0.515   1.036    4.193  
      u_account_balance/g12164                  -            AND2X1    0.000   1.036    4.193  
      u_account_balance/g12164                  B ^ -> Y ^   AND2X1    0.560   1.596    4.753  
      u_account_balance/g12159                  -            CLKINVX1  0.000   1.596    4.753  
      u_account_balance/g12159                  A ^ -> Y v   CLKINVX1  0.115   1.711    4.868  
      u_account_balance/g12147                  -            NOR2XL    0.000   1.711    4.868  
      u_account_balance/g12147                  B v -> Y ^   NOR2XL    0.444   2.155    5.312  
      u_account_balance/g12034                  -            AOI222XL  0.000   2.155    5.312  
      u_account_balance/g12034                  C0 ^ -> Y v  AOI222XL  0.134   2.289    5.446  
      u_account_balance/g11985                  -            NAND4XL   0.000   2.289    5.446  
      u_account_balance/g11985                  C v -> Y ^   NAND4XL   0.156   2.445    5.602  
      u_account_balance/g11968                  -            NOR2XL    0.000   2.445    5.602  
      u_account_balance/g11968                  B ^ -> Y v   NOR2XL    0.090   2.534    5.692  
      u_account_balance/g11965                  -            NOR3BX1   0.000   2.534    5.692  
      u_account_balance/g11965                  AN v -> Y v  NOR3BX1   0.131   2.665    5.822  
      u_account_balance/g11962                  -            NAND4BXL  0.000   2.665    5.822  
      u_account_balance/g11962                  D v -> Y ^   NAND4BXL  0.074   2.739    5.897  
      u_account_balance/g11960                  -            OAI21X1   0.000   2.739    5.897  
      u_account_balance/g11960                  A1 ^ -> Y v  OAI21X1   0.103   2.843    6.000  
      u_account_balance/g11959                  -            NOR2BX1   0.000   2.843    6.000  
      u_account_balance/g11959                  B v -> Y ^   NOR2BX1   0.155   2.997    6.155  
      u_account_balance/g3648                   -            NAND2XL   0.000   2.997    6.155  
      u_account_balance/g3648                   B ^ -> Y v   NAND2XL   0.269   3.266    6.424  
      u_account_balance/g3631                   -            NOR2XL    0.000   3.266    6.424  
      u_account_balance/g3631                   B v -> Y ^   NOR2XL    0.315   3.581    6.738  
      u_account_balance/g3620                   -            NAND3X1   0.000   3.581    6.738  
      u_account_balance/g3620                   A ^ -> Y v   NAND3X1   0.854   4.435    7.593  
      u_account_balance/balance_db_reg[15][10]  -            SDFFQX1   0.000   4.435    7.593  
      ------------------------------------------------------------------------------------------
     Clock Rise Edge                      0.000
     + Source Insertion Delay             0.010
     = Beginpoint Arrival Time            0.010
     Other End Path:
      -----------------------------------------------------------------------------------
      Instance                                  Arc    Cell     Retime  Arrival  Required  
                                                                Delay   Time     Time  
      -----------------------------------------------------------------------------------
      -                                         clk ^  -        -       0.010    -3.147  
      u_account_balance/balance_db_reg[15][10]  -      SDFFQX1  0.000   0.010    -3.147  
      -----------------------------------------------------------------------------------
Path 37: MET Setup Check with Pin u_account_balance/balance_db_reg[15][9]/CK 
Endpoint:   u_account_balance/balance_db_reg[15][9]/SE (v) checked with  leading edge of 'clk'
Beginpoint: u_vehicle_interface/id_to_check_reg[3]/Q   (v) triggered by  leading edge of 'clk'
Path Groups: {clk}
Retime Analysis { Data Path-Slew }
Other End Arrival Time          0.010
- Setup                         0.417
+ Phase Shift                   8.000
= Required Time                 7.593
- Arrival Time                  4.435
= Slack Time                    3.157
= Slack Time(original)          3.136
     Clock Rise Edge                      0.000
     + Source Insertion Delay             0.010
     = Beginpoint Arrival Time            0.010
     Timing Path:
      -----------------------------------------------------------------------------------------
      Instance                                 Arc          Cell      Retime  Arrival  Required  
                                                                      Delay   Time     Time  
      -----------------------------------------------------------------------------------------
      -                                        clk ^        -         -       0.010    3.167  
      u_vehicle_interface/id_to_check_reg[3]   -            DFFQX1    0.000   0.010    3.167  
      u_vehicle_interface/id_to_check_reg[3]   CK ^ -> Q v  DFFQX1    0.511   0.521    3.678  
      u_account_balance/g12166                 -            CLKINVX1  0.000   0.521    3.678  
      u_account_balance/g12166                 A v -> Y ^   CLKINVX1  0.515   1.036    4.193  
      u_account_balance/g12164                 -            AND2X1    0.000   1.036    4.193  
      u_account_balance/g12164                 B ^ -> Y ^   AND2X1    0.560   1.596    4.753  
      u_account_balance/g12159                 -            CLKINVX1  0.000   1.596    4.753  
      u_account_balance/g12159                 A ^ -> Y v   CLKINVX1  0.115   1.711    4.868  
      u_account_balance/g12147                 -            NOR2XL    0.000   1.711    4.868  
      u_account_balance/g12147                 B v -> Y ^   NOR2XL    0.444   2.155    5.312  
      u_account_balance/g12034                 -            AOI222XL  0.000   2.155    5.312  
      u_account_balance/g12034                 C0 ^ -> Y v  AOI222XL  0.134   2.289    5.446  
      u_account_balance/g11985                 -            NAND4XL   0.000   2.289    5.446  
      u_account_balance/g11985                 C v -> Y ^   NAND4XL   0.156   2.445    5.602  
      u_account_balance/g11968                 -            NOR2XL    0.000   2.445    5.602  
      u_account_balance/g11968                 B ^ -> Y v   NOR2XL    0.090   2.534    5.692  
      u_account_balance/g11965                 -            NOR3BX1   0.000   2.534    5.692  
      u_account_balance/g11965                 AN v -> Y v  NOR3BX1   0.131   2.665    5.822  
      u_account_balance/g11962                 -            NAND4BXL  0.000   2.665    5.822  
      u_account_balance/g11962                 D v -> Y ^   NAND4BXL  0.074   2.739    5.897  
      u_account_balance/g11960                 -            OAI21X1   0.000   2.739    5.897  
      u_account_balance/g11960                 A1 ^ -> Y v  OAI21X1   0.103   2.843    6.000  
      u_account_balance/g11959                 -            NOR2BX1   0.000   2.843    6.000  
      u_account_balance/g11959                 B v -> Y ^   NOR2BX1   0.155   2.997    6.155  
      u_account_balance/g3648                  -            NAND2XL   0.000   2.997    6.155  
      u_account_balance/g3648                  B ^ -> Y v   NAND2XL   0.269   3.266    6.424  
      u_account_balance/g3631                  -            NOR2XL    0.000   3.266    6.424  
      u_account_balance/g3631                  B v -> Y ^   NOR2XL    0.315   3.581    6.738  
      u_account_balance/g3620                  -            NAND3X1   0.000   3.581    6.738  
      u_account_balance/g3620                  A ^ -> Y v   NAND3X1   0.854   4.435    7.593  
      u_account_balance/balance_db_reg[15][9]  -            SDFFQX1   0.000   4.435    7.593  
      -----------------------------------------------------------------------------------------
     Clock Rise Edge                      0.000
     + Source Insertion Delay             0.010
     = Beginpoint Arrival Time            0.010
     Other End Path:
      ----------------------------------------------------------------------------------
      Instance                                 Arc    Cell     Retime  Arrival  Required  
                                                               Delay   Time     Time  
      ----------------------------------------------------------------------------------
      -                                        clk ^  -        -       0.010    -3.147  
      u_account_balance/balance_db_reg[15][9]  -      SDFFQX1  0.000   0.010    -3.147  
      ----------------------------------------------------------------------------------
Path 38: MET Setup Check with Pin u_account_balance/balance_db_reg[15][8]/CK 
Endpoint:   u_account_balance/balance_db_reg[15][8]/SE (v) checked with  leading edge of 'clk'
Beginpoint: u_vehicle_interface/id_to_check_reg[3]/Q   (v) triggered by  leading edge of 'clk'
Path Groups: {clk}
Retime Analysis { Data Path-Slew }
Other End Arrival Time          0.010
- Setup                         0.417
+ Phase Shift                   8.000
= Required Time                 7.593
- Arrival Time                  4.435
= Slack Time                    3.157
= Slack Time(original)          3.136
     Clock Rise Edge                      0.000
     + Source Insertion Delay             0.010
     = Beginpoint Arrival Time            0.010
     Timing Path:
      -----------------------------------------------------------------------------------------
      Instance                                 Arc          Cell      Retime  Arrival  Required  
                                                                      Delay   Time     Time  
      -----------------------------------------------------------------------------------------
      -                                        clk ^        -         -       0.010    3.167  
      u_vehicle_interface/id_to_check_reg[3]   -            DFFQX1    0.000   0.010    3.167  
      u_vehicle_interface/id_to_check_reg[3]   CK ^ -> Q v  DFFQX1    0.511   0.521    3.678  
      u_account_balance/g12166                 -            CLKINVX1  0.000   0.521    3.678  
      u_account_balance/g12166                 A v -> Y ^   CLKINVX1  0.515   1.036    4.193  
      u_account_balance/g12164                 -            AND2X1    0.000   1.036    4.193  
      u_account_balance/g12164                 B ^ -> Y ^   AND2X1    0.560   1.596    4.753  
      u_account_balance/g12159                 -            CLKINVX1  0.000   1.596    4.753  
      u_account_balance/g12159                 A ^ -> Y v   CLKINVX1  0.115   1.711    4.868  
      u_account_balance/g12147                 -            NOR2XL    0.000   1.711    4.868  
      u_account_balance/g12147                 B v -> Y ^   NOR2XL    0.444   2.155    5.312  
      u_account_balance/g12034                 -            AOI222XL  0.000   2.155    5.312  
      u_account_balance/g12034                 C0 ^ -> Y v  AOI222XL  0.134   2.289    5.446  
      u_account_balance/g11985                 -            NAND4XL   0.000   2.289    5.446  
      u_account_balance/g11985                 C v -> Y ^   NAND4XL   0.156   2.445    5.602  
      u_account_balance/g11968                 -            NOR2XL    0.000   2.445    5.602  
      u_account_balance/g11968                 B ^ -> Y v   NOR2XL    0.090   2.534    5.692  
      u_account_balance/g11965                 -            NOR3BX1   0.000   2.534    5.692  
      u_account_balance/g11965                 AN v -> Y v  NOR3BX1   0.131   2.665    5.822  
      u_account_balance/g11962                 -            NAND4BXL  0.000   2.665    5.822  
      u_account_balance/g11962                 D v -> Y ^   NAND4BXL  0.074   2.739    5.897  
      u_account_balance/g11960                 -            OAI21X1   0.000   2.739    5.897  
      u_account_balance/g11960                 A1 ^ -> Y v  OAI21X1   0.103   2.843    6.000  
      u_account_balance/g11959                 -            NOR2BX1   0.000   2.843    6.000  
      u_account_balance/g11959                 B v -> Y ^   NOR2BX1   0.155   2.997    6.155  
      u_account_balance/g3648                  -            NAND2XL   0.000   2.997    6.155  
      u_account_balance/g3648                  B ^ -> Y v   NAND2XL   0.269   3.266    6.424  
      u_account_balance/g3631                  -            NOR2XL    0.000   3.266    6.424  
      u_account_balance/g3631                  B v -> Y ^   NOR2XL    0.315   3.581    6.738  
      u_account_balance/g3620                  -            NAND3X1   0.000   3.581    6.738  
      u_account_balance/g3620                  A ^ -> Y v   NAND3X1   0.854   4.435    7.593  
      u_account_balance/balance_db_reg[15][8]  -            SDFFQX1   0.000   4.435    7.593  
      -----------------------------------------------------------------------------------------
     Clock Rise Edge                      0.000
     + Source Insertion Delay             0.010
     = Beginpoint Arrival Time            0.010
     Other End Path:
      ----------------------------------------------------------------------------------
      Instance                                 Arc    Cell     Retime  Arrival  Required  
                                                               Delay   Time     Time  
      ----------------------------------------------------------------------------------
      -                                        clk ^  -        -       0.010    -3.147  
      u_account_balance/balance_db_reg[15][8]  -      SDFFQX1  0.000   0.010    -3.147  
      ----------------------------------------------------------------------------------
Path 39: MET Setup Check with Pin u_account_balance/balance_db_reg[15][7]/CK 
Endpoint:   u_account_balance/balance_db_reg[15][7]/SE (v) checked with  leading edge of 'clk'
Beginpoint: u_vehicle_interface/id_to_check_reg[3]/Q   (v) triggered by  leading edge of 'clk'
Path Groups: {clk}
Retime Analysis { Data Path-Slew }
Other End Arrival Time          0.010
- Setup                         0.417
+ Phase Shift                   8.000
= Required Time                 7.593
- Arrival Time                  4.435
= Slack Time                    3.157
= Slack Time(original)          3.136
     Clock Rise Edge                      0.000
     + Source Insertion Delay             0.010
     = Beginpoint Arrival Time            0.010
     Timing Path:
      -----------------------------------------------------------------------------------------
      Instance                                 Arc          Cell      Retime  Arrival  Required  
                                                                      Delay   Time     Time  
      -----------------------------------------------------------------------------------------
      -                                        clk ^        -         -       0.010    3.167  
      u_vehicle_interface/id_to_check_reg[3]   -            DFFQX1    0.000   0.010    3.167  
      u_vehicle_interface/id_to_check_reg[3]   CK ^ -> Q v  DFFQX1    0.511   0.521    3.678  
      u_account_balance/g12166                 -            CLKINVX1  0.000   0.521    3.678  
      u_account_balance/g12166                 A v -> Y ^   CLKINVX1  0.515   1.036    4.193  
      u_account_balance/g12164                 -            AND2X1    0.000   1.036    4.193  
      u_account_balance/g12164                 B ^ -> Y ^   AND2X1    0.560   1.596    4.753  
      u_account_balance/g12159                 -            CLKINVX1  0.000   1.596    4.753  
      u_account_balance/g12159                 A ^ -> Y v   CLKINVX1  0.115   1.711    4.868  
      u_account_balance/g12147                 -            NOR2XL    0.000   1.711    4.868  
      u_account_balance/g12147                 B v -> Y ^   NOR2XL    0.444   2.155    5.312  
      u_account_balance/g12034                 -            AOI222XL  0.000   2.155    5.312  
      u_account_balance/g12034                 C0 ^ -> Y v  AOI222XL  0.134   2.289    5.446  
      u_account_balance/g11985                 -            NAND4XL   0.000   2.289    5.446  
      u_account_balance/g11985                 C v -> Y ^   NAND4XL   0.156   2.445    5.602  
      u_account_balance/g11968                 -            NOR2XL    0.000   2.445    5.602  
      u_account_balance/g11968                 B ^ -> Y v   NOR2XL    0.090   2.534    5.692  
      u_account_balance/g11965                 -            NOR3BX1   0.000   2.534    5.692  
      u_account_balance/g11965                 AN v -> Y v  NOR3BX1   0.131   2.665    5.822  
      u_account_balance/g11962                 -            NAND4BXL  0.000   2.665    5.822  
      u_account_balance/g11962                 D v -> Y ^   NAND4BXL  0.074   2.739    5.897  
      u_account_balance/g11960                 -            OAI21X1   0.000   2.739    5.897  
      u_account_balance/g11960                 A1 ^ -> Y v  OAI21X1   0.103   2.843    6.000  
      u_account_balance/g11959                 -            NOR2BX1   0.000   2.843    6.000  
      u_account_balance/g11959                 B v -> Y ^   NOR2BX1   0.155   2.997    6.155  
      u_account_balance/g3648                  -            NAND2XL   0.000   2.997    6.155  
      u_account_balance/g3648                  B ^ -> Y v   NAND2XL   0.269   3.266    6.424  
      u_account_balance/g3631                  -            NOR2XL    0.000   3.266    6.424  
      u_account_balance/g3631                  B v -> Y ^   NOR2XL    0.315   3.581    6.738  
      u_account_balance/g3620                  -            NAND3X1   0.000   3.581    6.738  
      u_account_balance/g3620                  A ^ -> Y v   NAND3X1   0.854   4.435    7.593  
      u_account_balance/balance_db_reg[15][7]  -            SDFFQX1   0.000   4.435    7.593  
      -----------------------------------------------------------------------------------------
     Clock Rise Edge                      0.000
     + Source Insertion Delay             0.010
     = Beginpoint Arrival Time            0.010
     Other End Path:
      ----------------------------------------------------------------------------------
      Instance                                 Arc    Cell     Retime  Arrival  Required  
                                                               Delay   Time     Time  
      ----------------------------------------------------------------------------------
      -                                        clk ^  -        -       0.010    -3.147  
      u_account_balance/balance_db_reg[15][7]  -      SDFFQX1  0.000   0.010    -3.147  
      ----------------------------------------------------------------------------------
Path 40: MET Setup Check with Pin u_account_balance/balance_db_reg[15][6]/CK 
Endpoint:   u_account_balance/balance_db_reg[15][6]/SE (v) checked with  leading edge of 'clk'
Beginpoint: u_vehicle_interface/id_to_check_reg[3]/Q   (v) triggered by  leading edge of 'clk'
Path Groups: {clk}
Retime Analysis { Data Path-Slew }
Other End Arrival Time          0.010
- Setup                         0.417
+ Phase Shift                   8.000
= Required Time                 7.593
- Arrival Time                  4.435
= Slack Time                    3.157
= Slack Time(original)          3.136
     Clock Rise Edge                      0.000
     + Source Insertion Delay             0.010
     = Beginpoint Arrival Time            0.010
     Timing Path:
      -----------------------------------------------------------------------------------------
      Instance                                 Arc          Cell      Retime  Arrival  Required  
                                                                      Delay   Time     Time  
      -----------------------------------------------------------------------------------------
      -                                        clk ^        -         -       0.010    3.167  
      u_vehicle_interface/id_to_check_reg[3]   -            DFFQX1    0.000   0.010    3.167  
      u_vehicle_interface/id_to_check_reg[3]   CK ^ -> Q v  DFFQX1    0.511   0.521    3.678  
      u_account_balance/g12166                 -            CLKINVX1  0.000   0.521    3.678  
      u_account_balance/g12166                 A v -> Y ^   CLKINVX1  0.515   1.036    4.193  
      u_account_balance/g12164                 -            AND2X1    0.000   1.036    4.193  
      u_account_balance/g12164                 B ^ -> Y ^   AND2X1    0.560   1.596    4.753  
      u_account_balance/g12159                 -            CLKINVX1  0.000   1.596    4.753  
      u_account_balance/g12159                 A ^ -> Y v   CLKINVX1  0.115   1.711    4.868  
      u_account_balance/g12147                 -            NOR2XL    0.000   1.711    4.868  
      u_account_balance/g12147                 B v -> Y ^   NOR2XL    0.444   2.155    5.312  
      u_account_balance/g12034                 -            AOI222XL  0.000   2.155    5.312  
      u_account_balance/g12034                 C0 ^ -> Y v  AOI222XL  0.134   2.289    5.446  
      u_account_balance/g11985                 -            NAND4XL   0.000   2.289    5.446  
      u_account_balance/g11985                 C v -> Y ^   NAND4XL   0.156   2.445    5.602  
      u_account_balance/g11968                 -            NOR2XL    0.000   2.445    5.602  
      u_account_balance/g11968                 B ^ -> Y v   NOR2XL    0.090   2.534    5.692  
      u_account_balance/g11965                 -            NOR3BX1   0.000   2.534    5.692  
      u_account_balance/g11965                 AN v -> Y v  NOR3BX1   0.131   2.665    5.822  
      u_account_balance/g11962                 -            NAND4BXL  0.000   2.665    5.822  
      u_account_balance/g11962                 D v -> Y ^   NAND4BXL  0.074   2.739    5.897  
      u_account_balance/g11960                 -            OAI21X1   0.000   2.739    5.897  
      u_account_balance/g11960                 A1 ^ -> Y v  OAI21X1   0.103   2.843    6.000  
      u_account_balance/g11959                 -            NOR2BX1   0.000   2.843    6.000  
      u_account_balance/g11959                 B v -> Y ^   NOR2BX1   0.155   2.997    6.155  
      u_account_balance/g3648                  -            NAND2XL   0.000   2.997    6.155  
      u_account_balance/g3648                  B ^ -> Y v   NAND2XL   0.269   3.266    6.424  
      u_account_balance/g3631                  -            NOR2XL    0.000   3.266    6.424  
      u_account_balance/g3631                  B v -> Y ^   NOR2XL    0.315   3.581    6.738  
      u_account_balance/g3620                  -            NAND3X1   0.000   3.581    6.738  
      u_account_balance/g3620                  A ^ -> Y v   NAND3X1   0.854   4.435    7.593  
      u_account_balance/balance_db_reg[15][6]  -            SDFFQX1   0.000   4.435    7.593  
      -----------------------------------------------------------------------------------------
     Clock Rise Edge                      0.000
     + Source Insertion Delay             0.010
     = Beginpoint Arrival Time            0.010
     Other End Path:
      ----------------------------------------------------------------------------------
      Instance                                 Arc    Cell     Retime  Arrival  Required  
                                                               Delay   Time     Time  
      ----------------------------------------------------------------------------------
      -                                        clk ^  -        -       0.010    -3.147  
      u_account_balance/balance_db_reg[15][6]  -      SDFFQX1  0.000   0.010    -3.147  
      ----------------------------------------------------------------------------------
Path 41: MET Setup Check with Pin u_account_balance/balance_db_reg[15][5]/CK 
Endpoint:   u_account_balance/balance_db_reg[15][5]/SE (v) checked with  leading edge of 'clk'
Beginpoint: u_vehicle_interface/id_to_check_reg[3]/Q   (v) triggered by  leading edge of 'clk'
Path Groups: {clk}
Retime Analysis { Data Path-Slew }
Other End Arrival Time          0.010
- Setup                         0.417
+ Phase Shift                   8.000
= Required Time                 7.593
- Arrival Time                  4.435
= Slack Time                    3.157
= Slack Time(original)          3.136
     Clock Rise Edge                      0.000
     + Source Insertion Delay             0.010
     = Beginpoint Arrival Time            0.010
     Timing Path:
      -----------------------------------------------------------------------------------------
      Instance                                 Arc          Cell      Retime  Arrival  Required  
                                                                      Delay   Time     Time  
      -----------------------------------------------------------------------------------------
      -                                        clk ^        -         -       0.010    3.167  
      u_vehicle_interface/id_to_check_reg[3]   -            DFFQX1    0.000   0.010    3.167  
      u_vehicle_interface/id_to_check_reg[3]   CK ^ -> Q v  DFFQX1    0.511   0.521    3.678  
      u_account_balance/g12166                 -            CLKINVX1  0.000   0.521    3.678  
      u_account_balance/g12166                 A v -> Y ^   CLKINVX1  0.515   1.036    4.193  
      u_account_balance/g12164                 -            AND2X1    0.000   1.036    4.193  
      u_account_balance/g12164                 B ^ -> Y ^   AND2X1    0.560   1.596    4.753  
      u_account_balance/g12159                 -            CLKINVX1  0.000   1.596    4.753  
      u_account_balance/g12159                 A ^ -> Y v   CLKINVX1  0.115   1.711    4.868  
      u_account_balance/g12147                 -            NOR2XL    0.000   1.711    4.868  
      u_account_balance/g12147                 B v -> Y ^   NOR2XL    0.444   2.155    5.312  
      u_account_balance/g12034                 -            AOI222XL  0.000   2.155    5.312  
      u_account_balance/g12034                 C0 ^ -> Y v  AOI222XL  0.134   2.289    5.446  
      u_account_balance/g11985                 -            NAND4XL   0.000   2.289    5.446  
      u_account_balance/g11985                 C v -> Y ^   NAND4XL   0.156   2.445    5.602  
      u_account_balance/g11968                 -            NOR2XL    0.000   2.445    5.602  
      u_account_balance/g11968                 B ^ -> Y v   NOR2XL    0.090   2.534    5.692  
      u_account_balance/g11965                 -            NOR3BX1   0.000   2.534    5.692  
      u_account_balance/g11965                 AN v -> Y v  NOR3BX1   0.131   2.665    5.822  
      u_account_balance/g11962                 -            NAND4BXL  0.000   2.665    5.822  
      u_account_balance/g11962                 D v -> Y ^   NAND4BXL  0.074   2.739    5.897  
      u_account_balance/g11960                 -            OAI21X1   0.000   2.739    5.897  
      u_account_balance/g11960                 A1 ^ -> Y v  OAI21X1   0.103   2.843    6.000  
      u_account_balance/g11959                 -            NOR2BX1   0.000   2.843    6.000  
      u_account_balance/g11959                 B v -> Y ^   NOR2BX1   0.155   2.997    6.155  
      u_account_balance/g3648                  -            NAND2XL   0.000   2.997    6.155  
      u_account_balance/g3648                  B ^ -> Y v   NAND2XL   0.269   3.266    6.424  
      u_account_balance/g3631                  -            NOR2XL    0.000   3.266    6.424  
      u_account_balance/g3631                  B v -> Y ^   NOR2XL    0.315   3.581    6.738  
      u_account_balance/g3620                  -            NAND3X1   0.000   3.581    6.738  
      u_account_balance/g3620                  A ^ -> Y v   NAND3X1   0.854   4.435    7.593  
      u_account_balance/balance_db_reg[15][5]  -            SDFFQX1   0.000   4.435    7.593  
      -----------------------------------------------------------------------------------------
     Clock Rise Edge                      0.000
     + Source Insertion Delay             0.010
     = Beginpoint Arrival Time            0.010
     Other End Path:
      ----------------------------------------------------------------------------------
      Instance                                 Arc    Cell     Retime  Arrival  Required  
                                                               Delay   Time     Time  
      ----------------------------------------------------------------------------------
      -                                        clk ^  -        -       0.010    -3.147  
      u_account_balance/balance_db_reg[15][5]  -      SDFFQX1  0.000   0.010    -3.147  
      ----------------------------------------------------------------------------------
Path 42: MET Setup Check with Pin u_account_balance/balance_db_reg[15][4]/CK 
Endpoint:   u_account_balance/balance_db_reg[15][4]/SE (v) checked with  leading edge of 'clk'
Beginpoint: u_vehicle_interface/id_to_check_reg[3]/Q   (v) triggered by  leading edge of 'clk'
Path Groups: {clk}
Retime Analysis { Data Path-Slew }
Other End Arrival Time          0.010
- Setup                         0.417
+ Phase Shift                   8.000
= Required Time                 7.593
- Arrival Time                  4.435
= Slack Time                    3.157
= Slack Time(original)          3.136
     Clock Rise Edge                      0.000
     + Source Insertion Delay             0.010
     = Beginpoint Arrival Time            0.010
     Timing Path:
      -----------------------------------------------------------------------------------------
      Instance                                 Arc          Cell      Retime  Arrival  Required  
                                                                      Delay   Time     Time  
      -----------------------------------------------------------------------------------------
      -                                        clk ^        -         -       0.010    3.167  
      u_vehicle_interface/id_to_check_reg[3]   -            DFFQX1    0.000   0.010    3.167  
      u_vehicle_interface/id_to_check_reg[3]   CK ^ -> Q v  DFFQX1    0.511   0.521    3.678  
      u_account_balance/g12166                 -            CLKINVX1  0.000   0.521    3.678  
      u_account_balance/g12166                 A v -> Y ^   CLKINVX1  0.515   1.036    4.193  
      u_account_balance/g12164                 -            AND2X1    0.000   1.036    4.193  
      u_account_balance/g12164                 B ^ -> Y ^   AND2X1    0.560   1.596    4.753  
      u_account_balance/g12159                 -            CLKINVX1  0.000   1.596    4.753  
      u_account_balance/g12159                 A ^ -> Y v   CLKINVX1  0.115   1.711    4.868  
      u_account_balance/g12147                 -            NOR2XL    0.000   1.711    4.868  
      u_account_balance/g12147                 B v -> Y ^   NOR2XL    0.444   2.155    5.312  
      u_account_balance/g12034                 -            AOI222XL  0.000   2.155    5.312  
      u_account_balance/g12034                 C0 ^ -> Y v  AOI222XL  0.134   2.289    5.446  
      u_account_balance/g11985                 -            NAND4XL   0.000   2.289    5.446  
      u_account_balance/g11985                 C v -> Y ^   NAND4XL   0.156   2.445    5.602  
      u_account_balance/g11968                 -            NOR2XL    0.000   2.445    5.602  
      u_account_balance/g11968                 B ^ -> Y v   NOR2XL    0.090   2.534    5.692  
      u_account_balance/g11965                 -            NOR3BX1   0.000   2.534    5.692  
      u_account_balance/g11965                 AN v -> Y v  NOR3BX1   0.131   2.665    5.822  
      u_account_balance/g11962                 -            NAND4BXL  0.000   2.665    5.822  
      u_account_balance/g11962                 D v -> Y ^   NAND4BXL  0.074   2.739    5.897  
      u_account_balance/g11960                 -            OAI21X1   0.000   2.739    5.897  
      u_account_balance/g11960                 A1 ^ -> Y v  OAI21X1   0.103   2.843    6.000  
      u_account_balance/g11959                 -            NOR2BX1   0.000   2.843    6.000  
      u_account_balance/g11959                 B v -> Y ^   NOR2BX1   0.155   2.997    6.155  
      u_account_balance/g3648                  -            NAND2XL   0.000   2.997    6.155  
      u_account_balance/g3648                  B ^ -> Y v   NAND2XL   0.269   3.266    6.424  
      u_account_balance/g3631                  -            NOR2XL    0.000   3.266    6.424  
      u_account_balance/g3631                  B v -> Y ^   NOR2XL    0.315   3.581    6.738  
      u_account_balance/g3620                  -            NAND3X1   0.000   3.581    6.738  
      u_account_balance/g3620                  A ^ -> Y v   NAND3X1   0.854   4.435    7.593  
      u_account_balance/balance_db_reg[15][4]  -            SDFFQX1   0.000   4.435    7.593  
      -----------------------------------------------------------------------------------------
     Clock Rise Edge                      0.000
     + Source Insertion Delay             0.010
     = Beginpoint Arrival Time            0.010
     Other End Path:
      ----------------------------------------------------------------------------------
      Instance                                 Arc    Cell     Retime  Arrival  Required  
                                                               Delay   Time     Time  
      ----------------------------------------------------------------------------------
      -                                        clk ^  -        -       0.010    -3.147  
      u_account_balance/balance_db_reg[15][4]  -      SDFFQX1  0.000   0.010    -3.147  
      ----------------------------------------------------------------------------------
Path 43: MET Setup Check with Pin u_account_balance/balance_db_reg[15][3]/CK 
Endpoint:   u_account_balance/balance_db_reg[15][3]/SE (v) checked with  leading edge of 'clk'
Beginpoint: u_vehicle_interface/id_to_check_reg[3]/Q   (v) triggered by  leading edge of 'clk'
Path Groups: {clk}
Retime Analysis { Data Path-Slew }
Other End Arrival Time          0.010
- Setup                         0.417
+ Phase Shift                   8.000
= Required Time                 7.593
- Arrival Time                  4.435
= Slack Time                    3.157
= Slack Time(original)          3.136
     Clock Rise Edge                      0.000
     + Source Insertion Delay             0.010
     = Beginpoint Arrival Time            0.010
     Timing Path:
      -----------------------------------------------------------------------------------------
      Instance                                 Arc          Cell      Retime  Arrival  Required  
                                                                      Delay   Time     Time  
      -----------------------------------------------------------------------------------------
      -                                        clk ^        -         -       0.010    3.167  
      u_vehicle_interface/id_to_check_reg[3]   -            DFFQX1    0.000   0.010    3.167  
      u_vehicle_interface/id_to_check_reg[3]   CK ^ -> Q v  DFFQX1    0.511   0.521    3.678  
      u_account_balance/g12166                 -            CLKINVX1  0.000   0.521    3.678  
      u_account_balance/g12166                 A v -> Y ^   CLKINVX1  0.515   1.036    4.193  
      u_account_balance/g12164                 -            AND2X1    0.000   1.036    4.193  
      u_account_balance/g12164                 B ^ -> Y ^   AND2X1    0.560   1.596    4.753  
      u_account_balance/g12159                 -            CLKINVX1  0.000   1.596    4.753  
      u_account_balance/g12159                 A ^ -> Y v   CLKINVX1  0.115   1.711    4.868  
      u_account_balance/g12147                 -            NOR2XL    0.000   1.711    4.868  
      u_account_balance/g12147                 B v -> Y ^   NOR2XL    0.444   2.155    5.312  
      u_account_balance/g12034                 -            AOI222XL  0.000   2.155    5.312  
      u_account_balance/g12034                 C0 ^ -> Y v  AOI222XL  0.134   2.289    5.446  
      u_account_balance/g11985                 -            NAND4XL   0.000   2.289    5.446  
      u_account_balance/g11985                 C v -> Y ^   NAND4XL   0.156   2.445    5.602  
      u_account_balance/g11968                 -            NOR2XL    0.000   2.445    5.602  
      u_account_balance/g11968                 B ^ -> Y v   NOR2XL    0.090   2.534    5.692  
      u_account_balance/g11965                 -            NOR3BX1   0.000   2.534    5.692  
      u_account_balance/g11965                 AN v -> Y v  NOR3BX1   0.131   2.665    5.822  
      u_account_balance/g11962                 -            NAND4BXL  0.000   2.665    5.822  
      u_account_balance/g11962                 D v -> Y ^   NAND4BXL  0.074   2.739    5.897  
      u_account_balance/g11960                 -            OAI21X1   0.000   2.739    5.897  
      u_account_balance/g11960                 A1 ^ -> Y v  OAI21X1   0.103   2.843    6.000  
      u_account_balance/g11959                 -            NOR2BX1   0.000   2.843    6.000  
      u_account_balance/g11959                 B v -> Y ^   NOR2BX1   0.155   2.997    6.155  
      u_account_balance/g3648                  -            NAND2XL   0.000   2.997    6.155  
      u_account_balance/g3648                  B ^ -> Y v   NAND2XL   0.269   3.266    6.424  
      u_account_balance/g3631                  -            NOR2XL    0.000   3.266    6.424  
      u_account_balance/g3631                  B v -> Y ^   NOR2XL    0.315   3.581    6.738  
      u_account_balance/g3620                  -            NAND3X1   0.000   3.581    6.738  
      u_account_balance/g3620                  A ^ -> Y v   NAND3X1   0.854   4.435    7.593  
      u_account_balance/balance_db_reg[15][3]  -            SDFFQX1   0.000   4.435    7.593  
      -----------------------------------------------------------------------------------------
     Clock Rise Edge                      0.000
     + Source Insertion Delay             0.010
     = Beginpoint Arrival Time            0.010
     Other End Path:
      ----------------------------------------------------------------------------------
      Instance                                 Arc    Cell     Retime  Arrival  Required  
                                                               Delay   Time     Time  
      ----------------------------------------------------------------------------------
      -                                        clk ^  -        -       0.010    -3.147  
      u_account_balance/balance_db_reg[15][3]  -      SDFFQX1  0.000   0.010    -3.147  
      ----------------------------------------------------------------------------------
Path 44: MET Setup Check with Pin u_account_balance/balance_db_reg[15][2]/CK 
Endpoint:   u_account_balance/balance_db_reg[15][2]/SE (v) checked with  leading edge of 'clk'
Beginpoint: u_vehicle_interface/id_to_check_reg[3]/Q   (v) triggered by  leading edge of 'clk'
Path Groups: {clk}
Retime Analysis { Data Path-Slew }
Other End Arrival Time          0.010
- Setup                         0.417
+ Phase Shift                   8.000
= Required Time                 7.593
- Arrival Time                  4.435
= Slack Time                    3.157
= Slack Time(original)          3.136
     Clock Rise Edge                      0.000
     + Source Insertion Delay             0.010
     = Beginpoint Arrival Time            0.010
     Timing Path:
      -----------------------------------------------------------------------------------------
      Instance                                 Arc          Cell      Retime  Arrival  Required  
                                                                      Delay   Time     Time  
      -----------------------------------------------------------------------------------------
      -                                        clk ^        -         -       0.010    3.167  
      u_vehicle_interface/id_to_check_reg[3]   -            DFFQX1    0.000   0.010    3.167  
      u_vehicle_interface/id_to_check_reg[3]   CK ^ -> Q v  DFFQX1    0.511   0.521    3.678  
      u_account_balance/g12166                 -            CLKINVX1  0.000   0.521    3.678  
      u_account_balance/g12166                 A v -> Y ^   CLKINVX1  0.515   1.036    4.193  
      u_account_balance/g12164                 -            AND2X1    0.000   1.036    4.193  
      u_account_balance/g12164                 B ^ -> Y ^   AND2X1    0.560   1.596    4.753  
      u_account_balance/g12159                 -            CLKINVX1  0.000   1.596    4.753  
      u_account_balance/g12159                 A ^ -> Y v   CLKINVX1  0.115   1.711    4.868  
      u_account_balance/g12147                 -            NOR2XL    0.000   1.711    4.868  
      u_account_balance/g12147                 B v -> Y ^   NOR2XL    0.444   2.155    5.312  
      u_account_balance/g12034                 -            AOI222XL  0.000   2.155    5.312  
      u_account_balance/g12034                 C0 ^ -> Y v  AOI222XL  0.134   2.289    5.446  
      u_account_balance/g11985                 -            NAND4XL   0.000   2.289    5.446  
      u_account_balance/g11985                 C v -> Y ^   NAND4XL   0.156   2.445    5.602  
      u_account_balance/g11968                 -            NOR2XL    0.000   2.445    5.602  
      u_account_balance/g11968                 B ^ -> Y v   NOR2XL    0.090   2.534    5.692  
      u_account_balance/g11965                 -            NOR3BX1   0.000   2.534    5.692  
      u_account_balance/g11965                 AN v -> Y v  NOR3BX1   0.131   2.665    5.822  
      u_account_balance/g11962                 -            NAND4BXL  0.000   2.665    5.822  
      u_account_balance/g11962                 D v -> Y ^   NAND4BXL  0.074   2.739    5.897  
      u_account_balance/g11960                 -            OAI21X1   0.000   2.739    5.897  
      u_account_balance/g11960                 A1 ^ -> Y v  OAI21X1   0.103   2.843    6.000  
      u_account_balance/g11959                 -            NOR2BX1   0.000   2.843    6.000  
      u_account_balance/g11959                 B v -> Y ^   NOR2BX1   0.155   2.997    6.155  
      u_account_balance/g3648                  -            NAND2XL   0.000   2.997    6.155  
      u_account_balance/g3648                  B ^ -> Y v   NAND2XL   0.269   3.266    6.424  
      u_account_balance/g3631                  -            NOR2XL    0.000   3.266    6.424  
      u_account_balance/g3631                  B v -> Y ^   NOR2XL    0.315   3.581    6.738  
      u_account_balance/g3620                  -            NAND3X1   0.000   3.581    6.738  
      u_account_balance/g3620                  A ^ -> Y v   NAND3X1   0.854   4.435    7.593  
      u_account_balance/balance_db_reg[15][2]  -            SDFFQX1   0.000   4.435    7.593  
      -----------------------------------------------------------------------------------------
     Clock Rise Edge                      0.000
     + Source Insertion Delay             0.010
     = Beginpoint Arrival Time            0.010
     Other End Path:
      ----------------------------------------------------------------------------------
      Instance                                 Arc    Cell     Retime  Arrival  Required  
                                                               Delay   Time     Time  
      ----------------------------------------------------------------------------------
      -                                        clk ^  -        -       0.010    -3.147  
      u_account_balance/balance_db_reg[15][2]  -      SDFFQX1  0.000   0.010    -3.147  
      ----------------------------------------------------------------------------------
Path 45: MET Setup Check with Pin u_account_balance/balance_db_reg[15][1]/CK 
Endpoint:   u_account_balance/balance_db_reg[15][1]/SE (v) checked with  leading edge of 'clk'
Beginpoint: u_vehicle_interface/id_to_check_reg[3]/Q   (v) triggered by  leading edge of 'clk'
Path Groups: {clk}
Retime Analysis { Data Path-Slew }
Other End Arrival Time          0.010
- Setup                         0.417
+ Phase Shift                   8.000
= Required Time                 7.593
- Arrival Time                  4.435
= Slack Time                    3.157
= Slack Time(original)          3.136
     Clock Rise Edge                      0.000
     + Source Insertion Delay             0.010
     = Beginpoint Arrival Time            0.010
     Timing Path:
      -----------------------------------------------------------------------------------------
      Instance                                 Arc          Cell      Retime  Arrival  Required  
                                                                      Delay   Time     Time  
      -----------------------------------------------------------------------------------------
      -                                        clk ^        -         -       0.010    3.167  
      u_vehicle_interface/id_to_check_reg[3]   -            DFFQX1    0.000   0.010    3.167  
      u_vehicle_interface/id_to_check_reg[3]   CK ^ -> Q v  DFFQX1    0.511   0.521    3.678  
      u_account_balance/g12166                 -            CLKINVX1  0.000   0.521    3.678  
      u_account_balance/g12166                 A v -> Y ^   CLKINVX1  0.515   1.036    4.193  
      u_account_balance/g12164                 -            AND2X1    0.000   1.036    4.193  
      u_account_balance/g12164                 B ^ -> Y ^   AND2X1    0.560   1.596    4.753  
      u_account_balance/g12159                 -            CLKINVX1  0.000   1.596    4.753  
      u_account_balance/g12159                 A ^ -> Y v   CLKINVX1  0.115   1.711    4.868  
      u_account_balance/g12147                 -            NOR2XL    0.000   1.711    4.868  
      u_account_balance/g12147                 B v -> Y ^   NOR2XL    0.444   2.155    5.312  
      u_account_balance/g12034                 -            AOI222XL  0.000   2.155    5.312  
      u_account_balance/g12034                 C0 ^ -> Y v  AOI222XL  0.134   2.289    5.446  
      u_account_balance/g11985                 -            NAND4XL   0.000   2.289    5.446  
      u_account_balance/g11985                 C v -> Y ^   NAND4XL   0.156   2.445    5.602  
      u_account_balance/g11968                 -            NOR2XL    0.000   2.445    5.602  
      u_account_balance/g11968                 B ^ -> Y v   NOR2XL    0.090   2.534    5.692  
      u_account_balance/g11965                 -            NOR3BX1   0.000   2.534    5.692  
      u_account_balance/g11965                 AN v -> Y v  NOR3BX1   0.131   2.665    5.822  
      u_account_balance/g11962                 -            NAND4BXL  0.000   2.665    5.822  
      u_account_balance/g11962                 D v -> Y ^   NAND4BXL  0.074   2.739    5.897  
      u_account_balance/g11960                 -            OAI21X1   0.000   2.739    5.897  
      u_account_balance/g11960                 A1 ^ -> Y v  OAI21X1   0.103   2.843    6.000  
      u_account_balance/g11959                 -            NOR2BX1   0.000   2.843    6.000  
      u_account_balance/g11959                 B v -> Y ^   NOR2BX1   0.155   2.997    6.155  
      u_account_balance/g3648                  -            NAND2XL   0.000   2.997    6.155  
      u_account_balance/g3648                  B ^ -> Y v   NAND2XL   0.269   3.266    6.424  
      u_account_balance/g3631                  -            NOR2XL    0.000   3.266    6.424  
      u_account_balance/g3631                  B v -> Y ^   NOR2XL    0.315   3.581    6.738  
      u_account_balance/g3620                  -            NAND3X1   0.000   3.581    6.738  
      u_account_balance/g3620                  A ^ -> Y v   NAND3X1   0.854   4.435    7.593  
      u_account_balance/balance_db_reg[15][1]  -            SDFFQX1   0.000   4.435    7.593  
      -----------------------------------------------------------------------------------------
     Clock Rise Edge                      0.000
     + Source Insertion Delay             0.010
     = Beginpoint Arrival Time            0.010
     Other End Path:
      ----------------------------------------------------------------------------------
      Instance                                 Arc    Cell     Retime  Arrival  Required  
                                                               Delay   Time     Time  
      ----------------------------------------------------------------------------------
      -                                        clk ^  -        -       0.010    -3.147  
      u_account_balance/balance_db_reg[15][1]  -      SDFFQX1  0.000   0.010    -3.147  
      ----------------------------------------------------------------------------------
Path 46: MET Setup Check with Pin u_account_balance/balance_db_reg[13][15]/CK 
Endpoint:   u_account_balance/balance_db_reg[13][15]/SE (v) checked with  leading edge of 'clk'
Beginpoint: u_vehicle_interface/id_to_check_reg[3]/Q    (v) triggered by  leading edge of 'clk'
Path Groups: {clk}
Retime Analysis { Data Path-Slew }
Other End Arrival Time          0.010
- Setup                         0.417
+ Phase Shift                   8.000
= Required Time                 7.593
- Arrival Time                  4.399
= Slack Time                    3.194
= Slack Time(original)          3.161
     Clock Rise Edge                      0.000
     + Source Insertion Delay             0.010
     = Beginpoint Arrival Time            0.010
     Timing Path:
      ------------------------------------------------------------------------------------------
      Instance                                  Arc          Cell      Retime  Arrival  Required  
                                                                       Delay   Time     Time  
      ------------------------------------------------------------------------------------------
      -                                         clk ^        -         -       0.010    3.204  
      u_vehicle_interface/id_to_check_reg[3]    -            DFFQX1    0.000   0.010    3.204  
      u_vehicle_interface/id_to_check_reg[3]    CK ^ -> Q v  DFFQX1    0.511   0.521    3.715  
      u_account_balance/g12166                  -            CLKINVX1  0.000   0.521    3.715  
      u_account_balance/g12166                  A v -> Y ^   CLKINVX1  0.515   1.036    4.230  
      u_account_balance/g12164                  -            AND2X1    0.000   1.036    4.230  
      u_account_balance/g12164                  B ^ -> Y ^   AND2X1    0.560   1.596    4.790  
      u_account_balance/g12159                  -            CLKINVX1  0.000   1.596    4.790  
      u_account_balance/g12159                  A ^ -> Y v   CLKINVX1  0.115   1.711    4.905  
      u_account_balance/g12147                  -            NOR2XL    0.000   1.711    4.905  
      u_account_balance/g12147                  B v -> Y ^   NOR2XL    0.444   2.155    5.349  
      u_account_balance/g11993                  -            AOI211X1  0.000   2.155    5.349  
      u_account_balance/g11993                  A1 ^ -> Y v  AOI211X1  0.162   2.317    5.511  
      u_account_balance/g11979                  -            OAI211X1  0.000   2.317    5.511  
      u_account_balance/g11979                  C0 v -> Y ^  OAI211X1  0.098   2.415    5.609  
      u_account_balance/g11968                  -            NOR2XL    0.000   2.415    5.609  
      u_account_balance/g11968                  A ^ -> Y v   NOR2XL    0.085   2.499    5.693  
      u_account_balance/g11965                  -            NOR3BX1   0.000   2.499    5.693  
      u_account_balance/g11965                  AN v -> Y v  NOR3BX1   0.129   2.628    5.822  
      u_account_balance/g11962                  -            NAND4BXL  0.000   2.628    5.822  
      u_account_balance/g11962                  D v -> Y ^   NAND4BXL  0.074   2.703    5.897  
      u_account_balance/g11960                  -            OAI21X1   0.000   2.703    5.897  
      u_account_balance/g11960                  A1 ^ -> Y v  OAI21X1   0.103   2.806    6.000  
      u_account_balance/g11959                  -            NOR2BX1   0.000   2.806    6.000  
      u_account_balance/g11959                  B v -> Y ^   NOR2BX1   0.155   2.961    6.155  
      u_account_balance/g3648                   -            NAND2XL   0.000   2.961    6.155  
      u_account_balance/g3648                   B ^ -> Y v   NAND2XL   0.269   3.230    6.423  
      u_account_balance/g3631                   -            NOR2XL    0.000   3.230    6.423  
      u_account_balance/g3631                   B v -> Y ^   NOR2XL    0.315   3.544    6.738  
      u_account_balance/g3623                   -            NAND3X1   0.000   3.544    6.738  
      u_account_balance/g3623                   A ^ -> Y v   NAND3X1   0.854   4.399    7.593  
      u_account_balance/balance_db_reg[13][15]  -            SDFFQX1   0.000   4.399    7.593  
      ------------------------------------------------------------------------------------------
     Clock Rise Edge                      0.000
     + Source Insertion Delay             0.010
     = Beginpoint Arrival Time            0.010
     Other End Path:
      -----------------------------------------------------------------------------------
      Instance                                  Arc    Cell     Retime  Arrival  Required  
                                                                Delay   Time     Time  
      -----------------------------------------------------------------------------------
      -                                         clk ^  -        -       0.010    -3.184  
      u_account_balance/balance_db_reg[13][15]  -      SDFFQX1  0.000   0.010    -3.184  
      -----------------------------------------------------------------------------------
Path 47: MET Setup Check with Pin u_account_balance/balance_db_reg[13][14]/CK 
Endpoint:   u_account_balance/balance_db_reg[13][14]/SE (v) checked with  leading edge of 'clk'
Beginpoint: u_vehicle_interface/id_to_check_reg[3]/Q    (v) triggered by  leading edge of 'clk'
Path Groups: {clk}
Retime Analysis { Data Path-Slew }
Other End Arrival Time          0.010
- Setup                         0.417
+ Phase Shift                   8.000
= Required Time                 7.593
- Arrival Time                  4.399
= Slack Time                    3.194
= Slack Time(original)          3.161
     Clock Rise Edge                      0.000
     + Source Insertion Delay             0.010
     = Beginpoint Arrival Time            0.010
     Timing Path:
      ------------------------------------------------------------------------------------------
      Instance                                  Arc          Cell      Retime  Arrival  Required  
                                                                       Delay   Time     Time  
      ------------------------------------------------------------------------------------------
      -                                         clk ^        -         -       0.010    3.204  
      u_vehicle_interface/id_to_check_reg[3]    -            DFFQX1    0.000   0.010    3.204  
      u_vehicle_interface/id_to_check_reg[3]    CK ^ -> Q v  DFFQX1    0.511   0.521    3.715  
      u_account_balance/g12166                  -            CLKINVX1  0.000   0.521    3.715  
      u_account_balance/g12166                  A v -> Y ^   CLKINVX1  0.515   1.036    4.230  
      u_account_balance/g12164                  -            AND2X1    0.000   1.036    4.230  
      u_account_balance/g12164                  B ^ -> Y ^   AND2X1    0.560   1.596    4.790  
      u_account_balance/g12159                  -            CLKINVX1  0.000   1.596    4.790  
      u_account_balance/g12159                  A ^ -> Y v   CLKINVX1  0.115   1.711    4.905  
      u_account_balance/g12147                  -            NOR2XL    0.000   1.711    4.905  
      u_account_balance/g12147                  B v -> Y ^   NOR2XL    0.444   2.155    5.349  
      u_account_balance/g11993                  -            AOI211X1  0.000   2.155    5.349  
      u_account_balance/g11993                  A1 ^ -> Y v  AOI211X1  0.162   2.317    5.511  
      u_account_balance/g11979                  -            OAI211X1  0.000   2.317    5.511  
      u_account_balance/g11979                  C0 v -> Y ^  OAI211X1  0.098   2.415    5.609  
      u_account_balance/g11968                  -            NOR2XL    0.000   2.415    5.609  
      u_account_balance/g11968                  A ^ -> Y v   NOR2XL    0.085   2.499    5.693  
      u_account_balance/g11965                  -            NOR3BX1   0.000   2.499    5.693  
      u_account_balance/g11965                  AN v -> Y v  NOR3BX1   0.129   2.628    5.822  
      u_account_balance/g11962                  -            NAND4BXL  0.000   2.628    5.822  
      u_account_balance/g11962                  D v -> Y ^   NAND4BXL  0.074   2.703    5.897  
      u_account_balance/g11960                  -            OAI21X1   0.000   2.703    5.897  
      u_account_balance/g11960                  A1 ^ -> Y v  OAI21X1   0.103   2.806    6.000  
      u_account_balance/g11959                  -            NOR2BX1   0.000   2.806    6.000  
      u_account_balance/g11959                  B v -> Y ^   NOR2BX1   0.155   2.961    6.155  
      u_account_balance/g3648                   -            NAND2XL   0.000   2.961    6.155  
      u_account_balance/g3648                   B ^ -> Y v   NAND2XL   0.269   3.230    6.423  
      u_account_balance/g3631                   -            NOR2XL    0.000   3.230    6.423  
      u_account_balance/g3631                   B v -> Y ^   NOR2XL    0.315   3.544    6.738  
      u_account_balance/g3623                   -            NAND3X1   0.000   3.544    6.738  
      u_account_balance/g3623                   A ^ -> Y v   NAND3X1   0.854   4.399    7.593  
      u_account_balance/balance_db_reg[13][14]  -            SDFFQX1   0.000   4.399    7.593  
      ------------------------------------------------------------------------------------------
     Clock Rise Edge                      0.000
     + Source Insertion Delay             0.010
     = Beginpoint Arrival Time            0.010
     Other End Path:
      -----------------------------------------------------------------------------------
      Instance                                  Arc    Cell     Retime  Arrival  Required  
                                                                Delay   Time     Time  
      -----------------------------------------------------------------------------------
      -                                         clk ^  -        -       0.010    -3.184  
      u_account_balance/balance_db_reg[13][14]  -      SDFFQX1  0.000   0.010    -3.184  
      -----------------------------------------------------------------------------------
Path 48: MET Setup Check with Pin u_account_balance/balance_db_reg[13][13]/CK 
Endpoint:   u_account_balance/balance_db_reg[13][13]/SE (v) checked with  leading edge of 'clk'
Beginpoint: u_vehicle_interface/id_to_check_reg[3]/Q    (v) triggered by  leading edge of 'clk'
Path Groups: {clk}
Retime Analysis { Data Path-Slew }
Other End Arrival Time          0.010
- Setup                         0.417
+ Phase Shift                   8.000
= Required Time                 7.593
- Arrival Time                  4.399
= Slack Time                    3.194
= Slack Time(original)          3.161
     Clock Rise Edge                      0.000
     + Source Insertion Delay             0.010
     = Beginpoint Arrival Time            0.010
     Timing Path:
      ------------------------------------------------------------------------------------------
      Instance                                  Arc          Cell      Retime  Arrival  Required  
                                                                       Delay   Time     Time  
      ------------------------------------------------------------------------------------------
      -                                         clk ^        -         -       0.010    3.204  
      u_vehicle_interface/id_to_check_reg[3]    -            DFFQX1    0.000   0.010    3.204  
      u_vehicle_interface/id_to_check_reg[3]    CK ^ -> Q v  DFFQX1    0.511   0.521    3.715  
      u_account_balance/g12166                  -            CLKINVX1  0.000   0.521    3.715  
      u_account_balance/g12166                  A v -> Y ^   CLKINVX1  0.515   1.036    4.230  
      u_account_balance/g12164                  -            AND2X1    0.000   1.036    4.230  
      u_account_balance/g12164                  B ^ -> Y ^   AND2X1    0.560   1.596    4.790  
      u_account_balance/g12159                  -            CLKINVX1  0.000   1.596    4.790  
      u_account_balance/g12159                  A ^ -> Y v   CLKINVX1  0.115   1.711    4.905  
      u_account_balance/g12147                  -            NOR2XL    0.000   1.711    4.905  
      u_account_balance/g12147                  B v -> Y ^   NOR2XL    0.444   2.155    5.349  
      u_account_balance/g11993                  -            AOI211X1  0.000   2.155    5.349  
      u_account_balance/g11993                  A1 ^ -> Y v  AOI211X1  0.162   2.317    5.511  
      u_account_balance/g11979                  -            OAI211X1  0.000   2.317    5.511  
      u_account_balance/g11979                  C0 v -> Y ^  OAI211X1  0.098   2.415    5.609  
      u_account_balance/g11968                  -            NOR2XL    0.000   2.415    5.609  
      u_account_balance/g11968                  A ^ -> Y v   NOR2XL    0.085   2.499    5.693  
      u_account_balance/g11965                  -            NOR3BX1   0.000   2.499    5.693  
      u_account_balance/g11965                  AN v -> Y v  NOR3BX1   0.129   2.628    5.822  
      u_account_balance/g11962                  -            NAND4BXL  0.000   2.628    5.822  
      u_account_balance/g11962                  D v -> Y ^   NAND4BXL  0.074   2.703    5.897  
      u_account_balance/g11960                  -            OAI21X1   0.000   2.703    5.897  
      u_account_balance/g11960                  A1 ^ -> Y v  OAI21X1   0.103   2.806    6.000  
      u_account_balance/g11959                  -            NOR2BX1   0.000   2.806    6.000  
      u_account_balance/g11959                  B v -> Y ^   NOR2BX1   0.155   2.961    6.155  
      u_account_balance/g3648                   -            NAND2XL   0.000   2.961    6.155  
      u_account_balance/g3648                   B ^ -> Y v   NAND2XL   0.269   3.230    6.423  
      u_account_balance/g3631                   -            NOR2XL    0.000   3.230    6.423  
      u_account_balance/g3631                   B v -> Y ^   NOR2XL    0.315   3.544    6.738  
      u_account_balance/g3623                   -            NAND3X1   0.000   3.544    6.738  
      u_account_balance/g3623                   A ^ -> Y v   NAND3X1   0.854   4.399    7.593  
      u_account_balance/balance_db_reg[13][13]  -            SDFFQX1   0.000   4.399    7.593  
      ------------------------------------------------------------------------------------------
     Clock Rise Edge                      0.000
     + Source Insertion Delay             0.010
     = Beginpoint Arrival Time            0.010
     Other End Path:
      -----------------------------------------------------------------------------------
      Instance                                  Arc    Cell     Retime  Arrival  Required  
                                                                Delay   Time     Time  
      -----------------------------------------------------------------------------------
      -                                         clk ^  -        -       0.010    -3.184  
      u_account_balance/balance_db_reg[13][13]  -      SDFFQX1  0.000   0.010    -3.184  
      -----------------------------------------------------------------------------------
Path 49: MET Setup Check with Pin u_account_balance/balance_db_reg[13][12]/CK 
Endpoint:   u_account_balance/balance_db_reg[13][12]/SE (v) checked with  leading edge of 'clk'
Beginpoint: u_vehicle_interface/id_to_check_reg[3]/Q    (v) triggered by  leading edge of 'clk'
Path Groups: {clk}
Retime Analysis { Data Path-Slew }
Other End Arrival Time          0.010
- Setup                         0.417
+ Phase Shift                   8.000
= Required Time                 7.593
- Arrival Time                  4.399
= Slack Time                    3.194
= Slack Time(original)          3.161
     Clock Rise Edge                      0.000
     + Source Insertion Delay             0.010
     = Beginpoint Arrival Time            0.010
     Timing Path:
      ------------------------------------------------------------------------------------------
      Instance                                  Arc          Cell      Retime  Arrival  Required  
                                                                       Delay   Time     Time  
      ------------------------------------------------------------------------------------------
      -                                         clk ^        -         -       0.010    3.204  
      u_vehicle_interface/id_to_check_reg[3]    -            DFFQX1    0.000   0.010    3.204  
      u_vehicle_interface/id_to_check_reg[3]    CK ^ -> Q v  DFFQX1    0.511   0.521    3.715  
      u_account_balance/g12166                  -            CLKINVX1  0.000   0.521    3.715  
      u_account_balance/g12166                  A v -> Y ^   CLKINVX1  0.515   1.036    4.230  
      u_account_balance/g12164                  -            AND2X1    0.000   1.036    4.230  
      u_account_balance/g12164                  B ^ -> Y ^   AND2X1    0.560   1.596    4.790  
      u_account_balance/g12159                  -            CLKINVX1  0.000   1.596    4.790  
      u_account_balance/g12159                  A ^ -> Y v   CLKINVX1  0.115   1.711    4.905  
      u_account_balance/g12147                  -            NOR2XL    0.000   1.711    4.905  
      u_account_balance/g12147                  B v -> Y ^   NOR2XL    0.444   2.155    5.349  
      u_account_balance/g11993                  -            AOI211X1  0.000   2.155    5.349  
      u_account_balance/g11993                  A1 ^ -> Y v  AOI211X1  0.162   2.317    5.511  
      u_account_balance/g11979                  -            OAI211X1  0.000   2.317    5.511  
      u_account_balance/g11979                  C0 v -> Y ^  OAI211X1  0.098   2.415    5.609  
      u_account_balance/g11968                  -            NOR2XL    0.000   2.415    5.609  
      u_account_balance/g11968                  A ^ -> Y v   NOR2XL    0.085   2.499    5.693  
      u_account_balance/g11965                  -            NOR3BX1   0.000   2.499    5.693  
      u_account_balance/g11965                  AN v -> Y v  NOR3BX1   0.129   2.628    5.822  
      u_account_balance/g11962                  -            NAND4BXL  0.000   2.628    5.822  
      u_account_balance/g11962                  D v -> Y ^   NAND4BXL  0.074   2.703    5.897  
      u_account_balance/g11960                  -            OAI21X1   0.000   2.703    5.897  
      u_account_balance/g11960                  A1 ^ -> Y v  OAI21X1   0.103   2.806    6.000  
      u_account_balance/g11959                  -            NOR2BX1   0.000   2.806    6.000  
      u_account_balance/g11959                  B v -> Y ^   NOR2BX1   0.155   2.961    6.155  
      u_account_balance/g3648                   -            NAND2XL   0.000   2.961    6.155  
      u_account_balance/g3648                   B ^ -> Y v   NAND2XL   0.269   3.230    6.423  
      u_account_balance/g3631                   -            NOR2XL    0.000   3.230    6.423  
      u_account_balance/g3631                   B v -> Y ^   NOR2XL    0.315   3.544    6.738  
      u_account_balance/g3623                   -            NAND3X1   0.000   3.544    6.738  
      u_account_balance/g3623                   A ^ -> Y v   NAND3X1   0.854   4.399    7.593  
      u_account_balance/balance_db_reg[13][12]  -            SDFFQX1   0.000   4.399    7.593  
      ------------------------------------------------------------------------------------------
     Clock Rise Edge                      0.000
     + Source Insertion Delay             0.010
     = Beginpoint Arrival Time            0.010
     Other End Path:
      -----------------------------------------------------------------------------------
      Instance                                  Arc    Cell     Retime  Arrival  Required  
                                                                Delay   Time     Time  
      -----------------------------------------------------------------------------------
      -                                         clk ^  -        -       0.010    -3.184  
      u_account_balance/balance_db_reg[13][12]  -      SDFFQX1  0.000   0.010    -3.184  
      -----------------------------------------------------------------------------------
Path 50: MET Setup Check with Pin u_account_balance/balance_db_reg[13][11]/CK 
Endpoint:   u_account_balance/balance_db_reg[13][11]/SE (v) checked with  leading edge of 'clk'
Beginpoint: u_vehicle_interface/id_to_check_reg[3]/Q    (v) triggered by  leading edge of 'clk'
Path Groups: {clk}
Retime Analysis { Data Path-Slew }
Other End Arrival Time          0.010
- Setup                         0.417
+ Phase Shift                   8.000
= Required Time                 7.593
- Arrival Time                  4.399
= Slack Time                    3.194
= Slack Time(original)          3.161
     Clock Rise Edge                      0.000
     + Source Insertion Delay             0.010
     = Beginpoint Arrival Time            0.010
     Timing Path:
      ------------------------------------------------------------------------------------------
      Instance                                  Arc          Cell      Retime  Arrival  Required  
                                                                       Delay   Time     Time  
      ------------------------------------------------------------------------------------------
      -                                         clk ^        -         -       0.010    3.204  
      u_vehicle_interface/id_to_check_reg[3]    -            DFFQX1    0.000   0.010    3.204  
      u_vehicle_interface/id_to_check_reg[3]    CK ^ -> Q v  DFFQX1    0.511   0.521    3.715  
      u_account_balance/g12166                  -            CLKINVX1  0.000   0.521    3.715  
      u_account_balance/g12166                  A v -> Y ^   CLKINVX1  0.515   1.036    4.230  
      u_account_balance/g12164                  -            AND2X1    0.000   1.036    4.230  
      u_account_balance/g12164                  B ^ -> Y ^   AND2X1    0.560   1.596    4.790  
      u_account_balance/g12159                  -            CLKINVX1  0.000   1.596    4.790  
      u_account_balance/g12159                  A ^ -> Y v   CLKINVX1  0.115   1.711    4.905  
      u_account_balance/g12147                  -            NOR2XL    0.000   1.711    4.905  
      u_account_balance/g12147                  B v -> Y ^   NOR2XL    0.444   2.155    5.349  
      u_account_balance/g11993                  -            AOI211X1  0.000   2.155    5.349  
      u_account_balance/g11993                  A1 ^ -> Y v  AOI211X1  0.162   2.317    5.511  
      u_account_balance/g11979                  -            OAI211X1  0.000   2.317    5.511  
      u_account_balance/g11979                  C0 v -> Y ^  OAI211X1  0.098   2.415    5.609  
      u_account_balance/g11968                  -            NOR2XL    0.000   2.415    5.609  
      u_account_balance/g11968                  A ^ -> Y v   NOR2XL    0.085   2.499    5.693  
      u_account_balance/g11965                  -            NOR3BX1   0.000   2.499    5.693  
      u_account_balance/g11965                  AN v -> Y v  NOR3BX1   0.129   2.628    5.822  
      u_account_balance/g11962                  -            NAND4BXL  0.000   2.628    5.822  
      u_account_balance/g11962                  D v -> Y ^   NAND4BXL  0.074   2.703    5.897  
      u_account_balance/g11960                  -            OAI21X1   0.000   2.703    5.897  
      u_account_balance/g11960                  A1 ^ -> Y v  OAI21X1   0.103   2.806    6.000  
      u_account_balance/g11959                  -            NOR2BX1   0.000   2.806    6.000  
      u_account_balance/g11959                  B v -> Y ^   NOR2BX1   0.155   2.961    6.155  
      u_account_balance/g3648                   -            NAND2XL   0.000   2.961    6.155  
      u_account_balance/g3648                   B ^ -> Y v   NAND2XL   0.269   3.230    6.423  
      u_account_balance/g3631                   -            NOR2XL    0.000   3.230    6.423  
      u_account_balance/g3631                   B v -> Y ^   NOR2XL    0.315   3.544    6.738  
      u_account_balance/g3623                   -            NAND3X1   0.000   3.544    6.738  
      u_account_balance/g3623                   A ^ -> Y v   NAND3X1   0.854   4.399    7.593  
      u_account_balance/balance_db_reg[13][11]  -            SDFFQX1   0.000   4.399    7.593  
      ------------------------------------------------------------------------------------------
     Clock Rise Edge                      0.000
     + Source Insertion Delay             0.010
     = Beginpoint Arrival Time            0.010
     Other End Path:
      -----------------------------------------------------------------------------------
      Instance                                  Arc    Cell     Retime  Arrival  Required  
                                                                Delay   Time     Time  
      -----------------------------------------------------------------------------------
      -                                         clk ^  -        -       0.010    -3.184  
      u_account_balance/balance_db_reg[13][11]  -      SDFFQX1  0.000   0.010    -3.184  
      -----------------------------------------------------------------------------------

